proyecto_id,titulo,publicacion_fecha,anio,tipo,autor,relevante,dominio,tema,orientacion,saliencia,fuente_etiqueta,flag_revision,notas
HCDN092434,"DECLARAR DE INTERES CIENTIFICO EL DESARROLLO CONJUNTO DE LA UBA Y LA UNIVERSIDAD DE OXFORD, REFERIDO A TECNICAS DE NANOTECNOLOGIA PARA LOGRAR UN ALUMINIO DURO COMO EL ACERO.",2008-03-04T00:00:00,2008,DECLARACION,"CAMAÑO, DANTE ALBERTO",false,ninguno,,,,corpus,no,acero incidental
HCDN092511,PEDIDO DE INFORMES AL PODER EJECUTIVO SOBRE LA DISMINUCION EN LA PRODUCCION DE CARNE EN EL PERIODO 2006 - 2007.,2008-03-05T00:00:00,2008,RESOLUCION,"BIANCHI, IVANA MARIA",false,ninguno,,,,corpus,no,
HCDN092667,"EXPRESAR RECHAZO POR LAS AMENAZAS E INTIMIDACIONES DEL SECRETARIO DE COMERCIO INTERIOR A LA ""CAMARA DE INDUSTRIA Y COMERCIO DE CARNES DE LA REPUBLICA ARGENTINA - CICCRA -"".",2008-03-10T00:00:00,2008,RESOLUCION,"GARCIA HAMILTON, JOSE IGNACIO",false,ninguno,,,,corpus,no,
HCDN092867,"PROGRAMA DE NORMALIZACION DEL COMERCIO DE CARNE BOVINA: OBJETIVO, CORTES, ENVASADO, PLAN GANADERO NACIONAL, SANCIONES.",2008-03-13T00:00:00,2008,LEY,"MORINI, PEDRO JUAN",false,ninguno,,,,corpus,no,
HCDN092979,"MARCO LEGAL PARA LA PRODUCCION, EL PROCESAMIENTO Y LA COMERCIALIZACION DE CARNES VACUNAS (REPRODUCCION DEL EXPEDIENTE 2031-D-06).",2008-03-17T00:00:00,2008,LEY,"PINEDO, FEDERICO",false,ninguno,,,,corpus,no,
HCDN093102,"CUOTA HILTON, CRITERIOS PARA LA ASIGNACION DE CUPOS DE EXPORTACION DE CORTES ENFRIADOS DE CARNE BOVINA: OBJETO, AUTORIDAD DE APLICACION, CUPO MAXIMO, PLAZOS SANCIONES.",2008-03-27T00:00:00,2008,LEY,"CANTERO GUTIERREZ, ALBERTO",true,B,comercio_ue_sectorial,administrativa_neutra,relacionada,corpus,no,regimen de asignacion del cupo Hilton
HCDN093195,"CREACION DEL PROGRAMA FEDERAL DE PROMOCION DE LA GANADERIA BOVINA: CREACION DEL CONSEJO FEDERAL DE LA GANADERIA BOVINA, BENEFICIARIOS, INCENTIVOS FISCALES, RETENCIONES A LAS EXPORTACIONES DE CARNE VACUNA: MAXIMO DEL 5 %, CREACION DEL FONDO FEDERAL DE DESARROLLO DE LA GANADERIA BOVINA, CADUCIDAD DE LOS BENEFICIOS PROMOCIONALES, PLAZOS DE PRESENTACION DE PROYECTOS DE INVERSION.",2008-03-31T00:00:00,2008,LEY,"LUSQUIÑOS, LUIS BERNARDO",false,ninguno,,,,corpus,no,
HCDN093429,"IMPUESTO AL VALOR AGREGADO (IVA), 23349: MODIFICACION DEL ARTICULO 28, SOBRE REDUCCION DE LA ALICUOTA A PRODUCTOS FITOSANITARIOS Y SEMILLAS AL 10,5 %.",2008-04-08T00:00:00,2008,LEY,"FERRO, FRANCISCO JOSE",false,ninguno,,,,corpus,no,
HCDN093479,CREACION DEL CARGO DE ENLACE PARLAMENTARIO EN EL AMBITO DEL CONGRESO DE LA NACION EN LAS AREAS MERCOSUR Y RELACIONES EXTERIORES Y CULTO (REPRODUCCION DEL EXPEDIENTE 6923-D-06).,2008-04-09T00:00:00,2008,LEY,"SOLANAS, RAUL PATRICIO",true,C,mercosur_institucional,administrativa_neutra,relacionada,corpus,no,enlace parlamentario Mercosur
HCDN093772,"DECLARAR DE INTERES DE LA H CAMARA EL ""V ENCUENTRO DE LENGUAS DEL MERCOSUR Y PRIMER ENCUENTRO INTERNACIONAL DE REGIONES ITALIANAS"", A REALIZARSE DEL 10 AL 13 DE SEPTIEMBRE DE 2008 EN LA PROVINCIA DEL CHACO.",2008-04-15T00:00:00,2008,RESOLUCION,"DAMILANO GRIVARELLO, VIVIANA MONICA",false,ninguno,,,,corpus,no,evento
HCDN094656,"APROBACION DEL PROTOCOLO SOBRE TRASLADO DE PERSONAS SUJETAS A REGIMENES ESPECIALES (COMPLEMENTARIO AL ACUERDO SOBRE TRASLADO DE PERSONAS CONDENADAS, ENTRE LOS ESTADOS PARTES DEL MERCOSUR Y LA REPUBLICA DE BOLIVIA Y LA REPUBLICA DE CHILE), SUSCRIPTO EN ASUNCION, REPUBLICA DEL PARAGUAY, EL 20 DE JUNIO DE 2005.",2008-04-15T00:00:00,2008,MENSAJE Y PROYECTO DE LEY,"FERNANDEZ DE KIRCHNER, CRISTINA",true,C,mercosur_institucional,administrativa_neutra,relacionada,corpus,no,protocolo del bloque (traslado condenados)
HCDN093790,"CREACION DE FONDOS NACIONALES ESPECIFICOS PARA EL FORTALECIMIENTO DE LA PRODUCCION CITRICOLA, APICOLA Y ARROCERA: CREACION DEL FONDO NACIONAL DE FORTALECIMIENTO DE LA PRODUCCION CITRICOLA (FONPROCI), CREACION DEL FONDO NACIONAL DE FORTALECIMIENTO DE LA PRODUCCION APICOLA (FONPROAPI), CREACION DEL FONDO NACIONAL DE FORTALECIMIENTO DE LA PRODUCCION ARROCERA (FONPROARR), RECURSOS, CONTROL.",2008-04-16T00:00:00,2008,LEY,"CREMER DE BUSTI, MARIA CRISTINA",false,ninguno,,,,corpus,no,
HCDN093801,"DECLARAR DE INTERES CULTURAL EL DOCUMENTAL ""CARNE VIVA"" DE MARCELO GOYENECHE, QUE MUESTRA LA LUCHA DE LOS OBREROS DEL FRIGORIFICO LISANDRO DE LA TORRE.",2008-04-16T00:00:00,2008,RESOLUCION,"RECALDE, HECTOR PEDRO",false,ninguno,,,,corpus,no,
HCDN094027,"PEDIDO DE INFORMES AL PODER EJECUTIVO SOBRE LOS CUPOS ADJUDICADOS PARA EXPORTACION DE CARNE SEGUN LA RESOLUCION 935/06 DEL MINISTERIO DE ECONOMIA Y PRODUCCION, DESDE EL 1 DE JUNIO DE 2007 AL 31 DE MARZO DE 2008.",2008-04-18T00:00:00,2008,RESOLUCION,"FERRO, FRANCISCO JOSE",true,B,comercio_ue_sectorial,administrativa_neutra,relacionada,corpus,si,Res. 935/06 = regimen de cupos Hilton; UE implicita por referente
HCDN094035,"DECLARAR DE INTERES LEGISLATIVO EL ""SEXTO SALON INTERNACIONAL DE TECNOLOGIA VITIVINICOLA Y ARBORICOLA ""SITEVI MERCOSUR 2008"", A REALIZARSE DEL 13 AL 16 DE MAYO DE 2008 EN LA PROVINCIA DE MENDOZA.",2008-04-18T00:00:00,2008,RESOLUCION,"FADEL, PATRICIA SUSANA",false,ninguno,,,,corpus,no,evento
HCDN094039,PEDIDO DE INFORMES AL PODER EJECUTIVO SOBRE LA SUSPENSION DE LAS EXPORTACIONES DE CARNE VACUNA.,2008-04-18T00:00:00,2008,RESOLUCION,"CUSINATO, GUSTAVO",false,ninguno,,,,corpus,si,cierre exportador carne (sonda)
HCDN094229,"DECLARAR DE INTERES DE LA H CAMARA EL ""16 CONGRESO INTERPROVINCIAL, 8 NACIONAL E INTERNACIONAL Y 4 DEL MERCOSUR DE ENTIDADES VECINALES"", A REALIZARSE DEL 25 AL 27 DE ABRIL DE 2008 EN LA CIUDAD DE RIO CUARTO, PROVINCIA DE CORDOBA.",2008-04-24T00:00:00,2008,DECLARACION,"GONZALEZ, NANCY SUSANA",false,ninguno,,,,corpus,no,evento
HCDN094366,EXPRESAR BENEPLACITO POR LA DESIGNACION DE LA PROVINCIA DE TUCUMAN COMO SEDE DE LA CUMBRE DE JEFES DE ESTADO DEL MERCOSUR Y PAISES ASOCIADOS.,2008-04-28T00:00:00,2008,DECLARACION,"DIAZ, SUSANA ELADIA",true,C,mercosur_institucional,administrativa_neutra,relacionada,corpus,no,sede de cumbre
HCDN094431,CREACION DE LA UNIDAD DE ENLACE CON EL PARLAMENTO DEL MERCOSUR EN EL AMBITO DE LA HONORABLE CAMARA DE DIPUTADOS DE LA NACION.,2008-04-30T00:00:00,2008,RESOLUCION,"ROSSI, AGUSTIN OSCAR",true,C,mercosur_institucional,administrativa_neutra,relacionada,corpus,no,unidad de enlace con Parlasur
HCDN094482,"EXPRESAR PREOCUPACION POR EL CIERRE DE LAS EXPORTACIONES DE LA DENOMINADA ""CUOTA HILTON"".",2008-05-02T00:00:00,2008,DECLARACION,"FERRO, FRANCISCO JOSE",true,B,comercio_ue_sectorial,pro_liberalizacion,relacionada,corpus,no,
HCDN094533,"COMERCIO DE CARNE VACUNA: RESTABLECER LAS REGULACIONES ESTABLECIDAS POR LA LEY 21740, DE CREACION DE LA JUNTA NACIONAL DE CARNES.",2008-05-05T00:00:00,2008,LEY,"MACALUSE, EDUARDO GABRIEL",false,ninguno,,,,corpus,no,
HCDN094743,SOLICITAR AL PODER EJECUTIVO DISPONGA LOS CONTROLES NECESARIOS EN LAS MEDICIONES Y EL COBRO DE MULTAS A CAMIONES PROVENIENTES DEL BRASIL Y DEL PARAGUAY EN LA RUTA 14 DEL MERCOSUR.,2008-05-07T00:00:00,2008,DECLARACION,"CAMAÑO, DANTE ALBERTO",false,ninguno,,,,corpus,si,ruta 14 toponimo; fiscalizacion vial domestica
HCDN094768,"CREACION DE LOS ""PREMIOS MERCOSUR A LAS CIENCIAS"" EN EL AMBITO DEL MINISTERIO DE CIENCIA, TECNOLOGIA E INNOVACION PRODUCTIVA.",2008-05-08T00:00:00,2008,LEY,"GRIBAUDO, CHRISTIAN ALEJANDRO",false,ninguno,,,,corpus,si,premio nacional con nombre Mercosur
HCDN094773,EMISION DE UN CARNE UNICO DE TRANSPORTE GRATUITO PARA UTILIZACION POR PERSONAS CON DISCAPACIDAD.,2008-05-08T00:00:00,2008,LEY,"BELOUS, NELIDA",false,ninguno,,,,corpus,no,carne = carnet
HCDN095022,EXPRESAR APOYO AL DESARROLLO DE LA CADENA DE GANADO Y CARNES BOVINAS.,2008-05-13T00:00:00,2008,RESOLUCION,"PERIE, HUGO RUBEN",false,ninguno,,,,corpus,no,
HCDN095321,"REGIMEN DE PROMOCION PARA LA PRODUCCION DE TARTAGO DESTINADO A LA FABRICACION DE BIOCOMBUSTIBLE: VIGENCIA DE 15 AÑOS, CREACION DEL REGISTRO DE PRODUCTORES DE TARTAGO.",2008-05-20T00:00:00,2008,LEY,"DIEZ, MARIA INES",false,ninguno,,,,corpus,no,
HCDN095325,SOLICITAR AL PODER EJECUTIVO DISPONGA LA REGLAMENTACION DE LA LEY 26331 DE PRESUPUESTOS MINIMOS DE PROTECCION AMBIENTAL DE LOS BOSQUES NATIVOS.,2008-05-20T00:00:00,2008,RESOLUCION,"GARCIA, SUSANA ROSA",true,D,eudr_trazabilidad_forestal,administrativa_neutra,relacionada,corpus,si,OTBN 26331 sustantiva
HCDN095569,"DECLARAR DE INTERES DE LA H CAMARA EL ""CURSO DE CARNE BOVINA. MODULO III"", A REALIZARSE EL 30 DE MAYO DE 2008 EN LA CIUDAD AUTONOMA DE BUENOS AIRES.",2008-05-27T00:00:00,2008,RESOLUCION,"FERRO, FRANCISCO JOSE",false,ninguno,,,,corpus,no,evento
HCDN095570,"DECLARAR DE INTERES DE LA H CAMARA LAS ""JORNADAS TECNICAS DE BIENESTAR ANIMAL EN BOVINOS DE CARNE"", A REALIZARSE EL 28 DE MAYO DE 2008 EN LA CIUDAD AUTONOMA DE BUENOS AIRES.",2008-05-27T00:00:00,2008,RESOLUCION,"FERRO, FRANCISCO JOSE",false,ninguno,,,,corpus,no,evento
HCDN096122,"SOLICITAR AL PODER EJECUTIVO DISPONGA DECLARAR DE INTERES NACIONAL LA ""CUMBRE DE JEFES DE ESTADO DEL MERCOSUR"", A REALIZARSE LOS DIAS 30 DE JUNIO Y 1 DE JULIO DE 2008 EN LA CIUDAD CAPITAL DE LA PROVINCIA DE TUCUMAN.",2008-06-09T00:00:00,2008,RESOLUCION,"ALFARO, GERMAN ENRIQUE",true,C,mercosur_institucional,administrativa_neutra,relacionada,corpus,no,cumbre oficial
HCDN096123,"SOLICITAR AL PODER EJECUTIVO DISPONGA LA REGLAMENTACION DE LA LEY 26331, DE PRESUPUESTOS MINIMOS PARA PROTECCION DE LOS BOSQUES NATIVOS.",2008-06-10T00:00:00,2008,RESOLUCION,"FABRIS, LUCIANO RAFAEL",true,D,eudr_trazabilidad_forestal,administrativa_neutra,relacionada,corpus,si,OTBN 26331
HCDN096290,"SOLICITAR AL PODER EJECUTIVO DISPONGA OTORGAR LOS BENEFICIOS ENMARCADOS EN LA LEY 26093, DE REGULACION Y PROMOCION PARA LA PRODUCCION Y USO SUSTENTABLE DE BIOCOMBUSTIBLES, TENDIENTES A IMPULSAR EL DESARROLLO DE LOS CULTIVOS ENERGETICOS.",2008-06-12T00:00:00,2008,DECLARACION,"ACOSTA, MARIA JULIA",false,ninguno,,,,corpus,no,
HCDN096292,"DECLARAR DE INTERES DE LA H CAMARA EL ""4 FORO EDUCATIVO MERCOSUR, EDUCACION Y CIUDADANIA EN UN NUEVO ESCENARIO REGIONAL"", A REALIZARSE LOS DIAS 12 Y 13 DE JUNIO DE 2008 EN LA CIUDAD AUTONOMA DE BUENOS AIRES.",2008-06-12T00:00:00,2008,DECLARACION,"BALADRON, MANUEL JUSTO",false,ninguno,,,,corpus,si,foro educativo Mercosur: oficialidad no verificable desde el titulo
HCDN096379,"MEDICAMENTOS, REGIMEN DE IDENTIFICACION POR RADIO FRECUENCIA Y TRAZABILIDAD.",2008-06-13T00:00:00,2008,LEY,"MARTIARENA, MARIO HUMBERTO",false,ninguno,,,,corpus,no,trazabilidad medicamentos
HCDN096387,"DECLARAR DE INTERES DE LA H CAMARA LA PROXIMA REUNION DEL CONSEJO MERCADO COMUN - CMC - Y LA CUMBRE DE PRESIDENTES DE LOS PAISES MIEMBROS DEL MERCOSUR, A REALIZARSE LOS DIAS 30 DE JUNIO Y 1 DE JULIO DE 2008, RESPECTIVAMENTE, EN LA CIUDAD DE SAN MIGUEL DE TUCUMAN.",2008-06-13T00:00:00,2008,RESOLUCION,"SALIM, JUAN ARTURO",true,C,mercosur_institucional,administrativa_neutra,relacionada,corpus,no,CMC + cumbre
HCDN096450,"POSICIONES ARANCELARIAS PARA CEREALES Y OLEAGINOSAS, RESOLUCION MEYP 64/08: DEROGACION.",2008-06-19T00:00:00,2008,LEY,"TORRONTEGUI, MARIA ANGELICA",false,ninguno,,,,corpus,no,NCM cereales
HCDN096500,"EXPRESAR REPUDIO POR LA LEY DE EXPULSION DE EXTRANJEROS EN SITUACION IRREGULAR, QUE FUERA APROBADA EL DIA 18 DE JUNIO DE 2008 EN EL ""PARLAMENTO DE LA UNION EUROPEA - UE -"".",2008-06-20T00:00:00,2008,DECLARACION,"LINARES, MARIA VIRGINIA",false,ninguno,,,,corpus,si,directiva retorno UE: birregional no comercial
HCDN096529,REINTEGRO A LA EXPORTACION EXTRAZONA ASIGNADO A LAS POSICIONES ARANCELARIAS DE LA NOMENCLATURA COMUN DEL MERCOSUR PARA PRODUCTOS ORIGINARIOS DE LA PROVINCIA DE SAN JUAN: INCREMENTO DE LAS ALICUOTAS DE REINTEGROS.,2008-06-23T00:00:00,2008,LEY,"CASELLES, GRACIELA MARIA",false,ninguno,,,,corpus,no,NCM reintegros
HCDN098116,"PEDIDO DE INFORMES AL PODER EJECUTIVO SOBRE RESOLUCION REMITIDA POR LA AUDITORIA GENERAL DE LA NACION REFERENTES A LOS ESTADOS FINANCIEROS AL 31 DE DICIEMBRE DE 2006, CORRESPONDIENTES AL PROYECTO BOSQUES NATIVOS Y AREAS PROTEGIDAS - CONVENIO DE PRESTAMO 4085-AR BIRF.",2008-06-23T00:00:00,2008,RESOLUCION,PARLAMENTARIA MIXTA REVISORA DE CUENTAS,false,ninguno,,,,corpus,no,auditoria contable bosques BIRF
HCDN096591,"EXPRESAR DESAGRADO POR EL INCUMPLIMIENTO DE LA ""CUOTA HILTON"" ASIGNADA PARA EL PRESENTE PERIODO.",2008-06-25T00:00:00,2008,DECLARACION,"FERRO, FRANCISCO JOSE",true,B,comercio_ue_sectorial,pro_liberalizacion,relacionada,corpus,no,
HCDN096655,"CREACION DEL FONDO NACIONAL CITRICOLA PARA LAS PROVINCIAS DE ENTRE RIOS, CORRIENTES, MISIONES, BUENOS AIRES, FORMOSA, CHACO, SANTA FE, TUCUMAN, SALTA, JUJUY, CATAMARCA, SANTIAGO DEL ESTERO Y LA RIOJA: DESTINO, INTEGRACION, DISTRIBUCION.",2008-06-26T00:00:00,2008,LEY,"CARMONA, MARIA ARACELI",false,ninguno,,,,corpus,no,
HCDN096659,DERECHOS DE EXPORTACION A LAS MERCADERIAS COMPRENDIDAS EN LAS POSICIONES ARANCELARIAS DE LA NOMENCLATURA COMUN DEL MERCOSUR -NCM-.,2008-06-26T00:00:00,2008,LEY,"HEREDIA, ARTURO MIGUEL",false,ninguno,,,,corpus,no,NCM
HCDN096667,"DERECHOS DE EXPORTACION; SE FIJA ALICUOTA MAXIMA DEL 20 % PARA LOS PRODUCTOS CEREALEROS, DEL 23% PARA LOS OLEAGINOSOS Y DEL 27% PARA LA SOJA, COMPRENDIDOS EN LAS POSICIONES ARANCELARIAS DE LA NOMENCLATURA COMUN DEL MERCOSUR.",2008-06-26T00:00:00,2008,LEY,"ARBO, JOSE AMEGHINO",false,ninguno,,,,corpus,no,NCM retenciones
HCDN096750,FIESTAS POPULARES DE CARNESTOLENDAS O CARNAVAL: SE INSTITUYEN COMO DIAS NO LABORABLES EL LUNES Y MARTES INMEDIATAMENTE ANTERIORES AL MIERCOLES DE CENIZA; DEROGACION DE LA PARTE PERTINENTE DEL DECRETO 21329/76.,2008-06-30T00:00:00,2008,LEY,"LEDESMA, JULIO RUBEN",false,ninguno,,,,corpus,no,carnestolendas
HCDN096785,SOLICITAR AL PODER EJECUTIVO DISPONGA LAS MEDIDAS NECESARIAS PARA GARANTIZAR QUE LOS CORTES DE CARNE DE CONSUMO INTERNO NO SE VEAN AFECTADOS POR LOS PRECIOS DEL MERCADO INTERNACIONAL.,2008-07-01T00:00:00,2008,RESOLUCION,"DIAZ, SUSANA ELADIA",false,ninguno,,,,corpus,no,
HCDN096787,"ADHERIR A LA ""DECLARACION EN DEFENSA DE LOS DERECHOS HUMANOS DE LOS MIGRANTES - MERCO SUL/PM/DECL. 10/2008"", ADOPTADO POR EL PARLAMENTO DEL MERCOSUR EL DIA 27 DE JUNIO DE 2008 EN SAN MIGUEL DE TUCUMAN, EN RECHAZO A LA DENOMINADA ""DIRECTIVA RETORNO"" DE LA UNION EUROPEA.",2008-07-01T00:00:00,2008,RESOLUCION,"TORRONTEGUI, MARIA ANGELICA",true,C,mercosur_institucional,administrativa_neutra,relacionada,corpus,si,declaracion del Parlasur vs directiva retorno UE; materia migratoria
HCDN096875,"DECLARAR DE INTERES DE LA H CAMARA LA ""CUARTA FERIA DE ECONOMIA SOLIDARIA DEL MERCOSUR"", A REALIZARSE DEL 11 AL 13 DE JULIO DE 2008 EN LA CIUDAD DE SANTA MARIA, ESTADO DE RIO GRANDE DO SUL, REPUBLICA FEDERATIVA DEL BRASIL.",2008-07-02T00:00:00,2008,RESOLUCION,"PERIE, JULIA ARGENTINA",false,ninguno,,,,corpus,no,feria
HCDN096920,EXPRESAR PREOCUPACION POR LOS TERMINOS DE LA LEY SOBRE DIRECTIVA DE RETORNO DE EXTRANJEROS APROBADA POR EL PARLAMENTO DE LA UNION EUROPEA.,2008-07-03T00:00:00,2008,DECLARACION,"ZANCADA, PABLO V.",false,ninguno,,,,corpus,si,directiva retorno UE: birregional no comercial
HCDN097043,"EXPRESAR BENEPLACITO POR LA DISTINCION OTORGADA AL ESCRITOR URUGUAYO, EDUARDO GALEANO, COMO CIUDADANO ILUSTRE DEL MERCOSUR.",2008-07-08T00:00:00,2008,DECLARACION,"PERIE, JULIA ARGENTINA",false,ninguno,,,,corpus,no,honorifico
HCDN097108,"DECLARAR DE INTERES DE LA H CAMARA EL IV ENCUENTRO EDUCATIVO - CULTURAL ""IV FERIA DE CIENCIA, CULTURA E INNOVACION TECNOLOGICA DEL MERCOSUR, PAISES ASOCIADOS E INVITADOS"", A REALIZARSE DEL 8 AL 12 DE SEPTIEMBRE DE 2008 EN LA CIUDAD CAPITAL DE LA PROVINCIA DE MISIONES.",2008-07-14T00:00:00,2008,RESOLUCION,"LEVERBERG, STELLA MARIS",false,ninguno,,,,corpus,no,feria
HCDN097119,"DECLARAR DE INTERES DE LA H CAMARA EL LIBRO ""INTRODUCCION AL SISTEMA STEEL FRAMING. CONSTRUYENDO PERFILES DE ACERO GALVANIZADO LIVIANO"", DEL ARQUITECTO ESTEBAN JAUREGUI.",2008-07-14T00:00:00,2008,DECLARACION,"RAIMUNDI, CARLOS",false,ninguno,,,,corpus,no,acero incidental
HCDN097148,EXPRESAR REPUDIO POR EL DICTADO DE LA LEY PARA LA EXPULSION DE INMIGRANTES CLANDESTINOS DE LA UNION EUROPEA APROBADA EL 18 DE JUNIO DE 2008 EN ESTRASBURGO.,2008-07-16T00:00:00,2008,DECLARACION,"GENEM, AMANDA SUSANA",false,ninguno,,,,corpus,si,directiva retorno UE
HCDN097266,"EXPRESAR BENEPLACITO HABERSE DECLARADO A EDUARDO GALEANO ""CIUDADANO ILUSTRE DEL MERCOSUR"", EL DIA 3 DE JULIO DE 2008 EN MONTEVIDEO, URUGUAY .",2008-07-24T00:00:00,2008,RESOLUCION,"GALANTINI, EDUARDO LEONEL",false,ninguno,,,,corpus,no,honorifico
HCDN097273,"DECLARAR DE INTERES DE LA H. CAMARA EL ""V CONVENGO DI LINGUE DEL MERCOSUR E PRIMO INCONTRO INTERNAZIONALE DELLE REGIONI: PACE, DEMOCRACIA E SOLIDARIETA"", A REALIZARSE ENTRE DEL 10 AL 13 DE SETIEMBRE DE 2008, EN LA CIUDAD CAPITAL DE LA PROVINCIA DEL CHACO.",2008-07-24T00:00:00,2008,RESOLUCION,"FABRIS, LUCIANO RAFAEL",false,ninguno,,,,corpus,no,evento
HCDN097295,"ELECCION DE LOS FUTUROS INTEGRANTES DEL PARLAMENTO DEL MERCOSUR: MODIFICACION DE LA LEY 19945, CODIGO ELECTORAL NACIONAL, INCORPORACION DEL CAPITULO IV, AL TITULO VII.",2008-07-25T00:00:00,2008,LEY,"ALFARO, GERMAN ENRIQUE",true,C,mercosur_institucional,administrativa_neutra,relacionada,corpus,no,eleccion Parlasur
HCDN097372,"PEDIDO DE INFORMES AL PODER EJECUTIVO SOBRE LA REGLAMENTACION DE LA LEY 26331, DE PRESUPUESTOS MINIMOS DE PROTECCION AMBIENTAL DE LOS BOSQUES NATIVOS.",2008-07-29T00:00:00,2008,RESOLUCION,"BONASSO, MIGUEL LUIS",true,D,eudr_trazabilidad_forestal,administrativa_neutra,relacionada,corpus,si,OTBN 26331
HCDN097546,"SOLICITAR AL PODER EJECUTIVO DISPONGA PROPONER AL CONSEJO DEL MERCADO COMUN DEL MERCOSUR, SE DECLARE A LOS DOCTORES RAUL RICARDO ALFONSIN Y JOSE SARNEY ""CIUDADANOS ILUSTRES DEL MERCOSUR"".",2008-07-31T00:00:00,2008,DECLARACION,"AZCOITI, PEDRO JOSE",false,ninguno,,,,corpus,no,honorifico (adjudicado en piloto)
HCDN097522,MADERA ASERRADA: EXIMICION DEL PAGO DEL DERECHO DE EXPORTACION A LAS MERCADERIAS COMPRENDIDAS EN LA PARTIDA ARANCELARIA DE LA NOMENCLATURA COMUN DEL MERCOSUR NCM 44.07.,2008-08-01T00:00:00,2008,LEY,"BIANCO, LIA FABIOLA",false,ninguno,,,,corpus,si,NCM madera: retenciones domesticas pero sector forestal
HCDN097678,PEDIDO DE INFORMES AL PODER EJECUTIVO SOBRE EL INCUMPLIMIENTO DEL ENVIO DE LA CUOTA HILTON A EUROPA.,2008-08-13T00:00:00,2008,RESOLUCION,"MORINI, PEDRO JUAN",true,B,comercio_ue_sectorial,administrativa_neutra,relacionada,corpus,no,Hilton a Europa
HCDN097683,"DECLARAR DE INTERES DE LA H CAMARA DE DIPUTADOS EL ""CURSO DE EXTENSION: IDENTIFICACION Y TRAZABILIDAD DE AGROALIMENTOS E INSUMOS"", A INICIARSE EL DIA 19 DE AGOSTO DE 2008 EN LA CIUDAD AUTONOMA DE BUENOS AIRES.",2008-08-13T00:00:00,2008,RESOLUCION,"FERRO, FRANCISCO JOSE",false,ninguno,,,,corpus,no,curso trazabilidad = evento (regla 3)
HCDN097850,"PEDIDO DE INFORMES AL PODER EJECUTIVO SOBRE EL CONOCIMIENTO DE UN PROYECTO DE CONSTRUCCION DE UNA REPRESA EN EL ARROYO AYUI GRANDE EN MERCEDES, PROVINCIA DE CORRIENTES, PARA CREAR UN LAGO ARTIFICIAL DESTINADO A LA EXPLOTACION AGRICOLA, Y SI EN BASE AL REFERIDO PROYECTO SE HAN HECHO GESTIONES EN RELACION CON LA APLICACION DE LA LEY 26331, DE PRESUPUESTOS MINIMOS DE PROTECCION AMBIENTAL DE LOS BOSQUES NATIVOS.",2008-08-19T00:00:00,2008,RESOLUCION,"IRRAZABAL, JUAN MANUEL",true,D,eudr_trazabilidad_forestal,administrativa_neutra,relacionada,corpus,si,aplicacion 26331 a caso Ayui
HCDN097918,MODIFICACION DEL REINTEGRO A LA EXPORTACION EXTRAZONA (R.E.) ASIGNADO A LAS POSICIONES ARANCELARIAS DE LA NOMENCLATURA COMUN DEL MERCOSUR (NCM) DE DIVERSOS PRODUCTOS Y MERCADERIAS QUE SE ELABORAN EN LA PROVINCIA DE SAN JUAN.,2008-08-21T00:00:00,2008,LEY,"CASELLES, GRACIELA MARIA",false,ninguno,,,,corpus,no,NCM reintegros
HCDN097988,PEDIDO DE INFORMES AL PODER EJECUTIVO SOBRE EL ESTADO DEL TRAMITE DE INGRESO AL MERCOSUR COMO MIEMBRO PLENO DE LA REPUBLICA BOLIVARIANA DE VENEZUELA.,2008-08-22T00:00:00,2008,RESOLUCION,"OBIGLIO, JULIAN MARTIN",true,C,mercosur_institucional,administrativa_neutra,relacionada,corpus,no,adhesion Venezuela
HCDN098039,SOLICITAR AL PODER EJECUTIVO DISPONGA LA ELABORACION DE UNA NUEVA MODALIDAD DE CONTENIDOS BASICOS COMUNES DE LA EDUCACION SECUNDARIA CON ORIENTACION EN INTEGRACION REGIONAL ENFOCADA EN EL MERCOSUR.,2008-08-25T00:00:00,2008,DECLARACION,"RAIMUNDI, CARLOS",true,C,mercosur_institucional,administrativa_neutra,relacionada,corpus,si,contenidos educativos sobre el bloque
HCDN098403,PEDIDO DE INFORMES AL PODER EJECUTIVO SOBRE LA EXPORTACION DE CARNES VACUNAS.,2008-09-02T00:00:00,2008,RESOLUCION,"BIANCHI, IVANA MARIA",false,ninguno,,,,corpus,si,exportacion carnes generica (sonda)
HCDN098532,"MEDIACION Y CONCILIACION, LEY 24573, EXTENSION INDEFINIDA DE SU VIGENCIA: MODIFICACION DEL ARTICULO 30, FACULTAR AL PODER EJECUTIVO PARA ESTABLECER ARANCELES Y HONORARIOS.",2008-09-04T00:00:00,2008,LEY,"TORRONTEGUI, MARIA ANGELICA",false,ninguno,,,,corpus,no,aranceles honorarios
HCDN098533,PROHIBICION DE PARTICIPACION DE JOVENES EN EVENTOS DE MODA CON INDICE DE MASA CORPORAL (IMC) INFERIOR AL ACEPTADO POR LA ORGANIZACION MUNDIAL DE LA SALUD (OMC).,2008-09-04T00:00:00,2008,LEY,"SOLANAS, RAUL PATRICIO",false,ninguno,,,,corpus,no,OMC = typo por OMS
HCDN098769,"DECLARAR DE INTERES DE LA H CAMARA EL ""SEMINARIO DE CARNES DIFERENCIADAS Y NO TRADICIONALES: TECNO FIDTA 2008"", A REALIZARSE EL DIA 25 DE SEPTIEMBRE DE 2008 EN LA CIUDAD AUTONOMA DE BUENOS AIRES.",2008-09-09T00:00:00,2008,RESOLUCION,"FERRO, FRANCISCO JOSE",false,ninguno,,,,corpus,no,evento
HCDN098770,"DECLARAR DE INTERES DE LA H CAMARA EL ""III SEMINARIO INTERNACIONAL INTEGRACION DE LA CADENA DE VALOR DE LA CARNE BOVINA: MERCADO Y OPORTUNIDADES"", A REALIZARSE DEL 22 AL 27 DE SEPTIEMBRE DE 2008 EN LA CIUDAD AUTONOMA DE BUENOS AIRES.",2008-09-09T00:00:00,2008,RESOLUCION,"FERRO, FRANCISCO JOSE",false,ninguno,,,,corpus,no,evento
HCDN099112,"CREACION DEL PLAN ESTRATEGICO NACIONAL DE PROMOCION Y DESARROLLO DEL SISTEMA AGROALIMENTARIO ""CARNES ARGENTINAS DE ALTA CALIDAD"".",2008-09-18T00:00:00,2008,LEY,"CANTERO GUTIERREZ, ALBERTO",false,ninguno,,,,corpus,si,plan carnes alta calidad: promocion domestica Hilton-adyacente
HCDN099155,"PEDIDO DE INFORMES AL PODER EJECUTIVO SOBRE UNA POSIBLE RESOLUCION POR LA CUAL SE CREARIA UN REGISTRO GENERAL DE OPERADORES PARA LAS CADENAS AGROALIMENTARIAS DE CARNES, GRANOS, LECHE Y AVES, POR PARTE DE LA OFICINA NACIONAL DE CONTROL COMERCIAL AGROPECUARIO - ONCCA -.",2008-09-19T00:00:00,2008,RESOLUCION,"VIALE, LISANDRO ALFREDO",false,ninguno,,,,corpus,no,registro ONCCA (adjudicado no relevante)
HCDN099335,PROMOCION DE LA EXPORTACION DE CARNES BOVINAS.,2008-09-23T00:00:00,2008,LEY,"CREMER DE BUSTI, MARIA CRISTINA",false,ninguno,,,,corpus,si,promocion de exportacion de carnes (sonda)
HCDN099357,"DECLARAR DE INTERES DE LA H CAMARA EL ""SEMINARIO: PAUTAS PARA EL MEJORAMIENTO DE LA CALIDAD DE LA CARNE BOVINA"", A REALIZARSE EL DIA 26 DE SEPTIEMBRE DE 2008 EN LA CIUDAD AUTONOMA DE BUENOS AIRES.",2008-09-23T00:00:00,2008,RESOLUCION,"FERRO, FRANCISCO JOSE",false,ninguno,,,,corpus,no,evento
HCDN099495,"SOLICITAR AL PODER EJECUTIVO DISPONGA LA CREACION DE UN PROGRAMA QUE ESTABLEZCA LA ""CAPITAL CULTURAL DEL MERCOSUR"", A SER DESIGNADA ANUALMENTE, Y POSTULAR PARA EL 2010 A LA CIUDAD DE BUENOS AIRES Y EN 2016 A LA CIUDAD DE SAN MIGUEL DE TUCUMAN.",2008-09-25T00:00:00,2008,RESOLUCION,"IGLESIAS, FERNANDO ADOLFO",true,C,mercosur_institucional,administrativa_neutra,relacionada,corpus,si,Capital Cultural del Mercosur: institucionalidad cultural del bloque
HCDN099991,"DERECHOS DE EXPORTACION E IMPORTACION: ESTABLECIMIENTO SEGUN LO NORMADO POR LOS ARTICULOS 4, 9, 17, 52 Y 75 DE LA CONSTITUCION NACIONAL; PORCENTAJES PARA GRANOS, CARNES, FRUTAS Y LACTEOS; CREACION DE UNA COMISION BICAMERAL PERMANENTE PARA EL ANALISIS DE LOS DERECHOS DE EXPORTACION E IMPORTACION.",2008-10-07T00:00:00,2008,LEY,"RODRIGUEZ, MARCELA VIRGINIA",false,ninguno,,,,corpus,no,derechos de exportacion domesticos
HCDN100036,EXPRESAR CONSENTIMIENTO Y APROBACION AL GOBIERNO NACIONAL POR LA MEDIDA DE RESTABLECER LA RECIPROCIDAD EN LA ASIGNACION DE UNA TASA DE SOLICITUD DE INGRESO A LOS CIUDADANOS DE LOS PAISES QUE EXIGEN QUE LOS ARGENTINOS TRAMITEN VISAS COMO ARANCELES ESPECIALES PARA INGRESAR EN SUS TERRITORIOS.,2008-10-08T00:00:00,2008,RESOLUCION,"PERIE, JULIA ARGENTINA",false,ninguno,,,,corpus,no,visas
HCDN100043,"DECLARAR DE INTERES DE LA H CAMARA LAS ""XIV JORNADAS NACIONALES DE EXTENSION RURAL Y VI DEL MERCOSUR"", A REALIZARSE DEL 8 AL 10 DE OCTUBRE DE 2008 EN LA PROVINCIA DE TUCUMAN.",2008-10-08T00:00:00,2008,RESOLUCION,"FERRO, FRANCISCO JOSE",false,ninguno,,,,corpus,no,evento
HCDN100063,LEY PARA EXPORTACIONES PARA CONSUMO DE DESPERDICIOS DE COBRE Y ALUMINIO COMPRENDIDAS EN POSICIONES ARANCELARIAS DE LA NOMENCLATURA COMUN DEL MERCOSUR.,2008-10-08T00:00:00,2008,MENSAJE Y PROYECTO DE LEY,"FERNANDEZ DE KIRCHNER, CRISTINA",false,ninguno,,,,corpus,no,NCM
HCDN100142,"PEDIDO DE INFORMES AL PODER EJECUTIVO SOBRE LA PREEXISTENCIA DE UN PROTOCOLO ENTRE LA REPUBLICA FEDERATIVA DEL BRASIL Y LA UNION EUROPEA, A FIRMARSE EN BRUSELAS EN EL MES DE DICIEMBRE DE 2008.",2008-10-14T00:00:00,2008,RESOLUCION,"MONTOYA, JORGE LUCIANO",true,C,mercosur_institucional,administrativa_neutra,relacionada,corpus,si,protocolo Brasil-UE: disciplina del bloque ante bilateralismo
HCDN100202,"EXPRESAR BENEPLACITO POR LA JORNADA DE CAPACITACION ""EL GUARANI EN EL AULA. EL GUARANI, IDIOMA OFICIAL DEL MERCOSUR"", A REALIZARSE EL DIA 25 DE OCTUBRE DE 2008 EN ITUZAINGO, PROVINCIA DE CORRIENTES.",2008-10-15T00:00:00,2008,RESOLUCION,"GALANTINI, EDUARDO LEONEL",false,ninguno,,,,corpus,no,jornada guarani = evento
HCDN100290,"DECLARAR DE INTERES DE LA H CAMARA LA ""TERCERA EDICION: GANADOS Y CARNES REGION CENTRO 2008"", A REALIZARSE EL 23 DE OCTUBRE DE 2008 EN LA CIUDAD CAPITAL DE LA PROVINCIA DE CORDOBA.",2008-10-16T00:00:00,2008,RESOLUCION,"FERRO, FRANCISCO JOSE",false,ninguno,,,,corpus,no,evento
HCDN100298,"SOLICITAR AL PODER EJECUTIVO DISPONGA LAS MEDIDAS CONDUCENTES A REGLAMENTAR LA LEY 26331, DE PRESUPUESTOS MINIMOS DE PROTECCION AMBIENTAL DE BOSQUES NATIVOS.",2008-10-16T00:00:00,2008,DECLARACION,"CORTINA, ROY",true,D,eudr_trazabilidad_forestal,administrativa_neutra,relacionada,corpus,si,OTBN 26331
HCDN100311,"DECLARAR DE INTERES DE LA HONORABLE CAMARA DE DIPUTADOS DE LA NACION EL ""XIV CONGRESO LATINOAMERICANO DE FOLKLORE DEL MERCOSUR"" Y LAS XVIII JORNADAS NACIONALES DE FOLKLORE ""DEL ATLANTICO AL PACIFICO"", A REALIZARSE DEL 25 AL 28 DE NOVIEMBRE DE 2008, EN LA CIUDAD AUTONOMA DE BUENOS AIRES.",2008-10-17T00:00:00,2008,RESOLUCION,"LINARES, MARIA VIRGINIA",false,ninguno,,,,corpus,no,evento
HCDN100451,"EXPRESAR BENEPLACITO POR LA CERTIFICACION COMO ""RECONOCIMIENTO DE EXCELENCIA DE LA UNESCO PARA PRODUCTOS ARTESANALES DEL MERCOSUR"", OTORGADA AL ORFEBRE JUAN ALFREDO ORTEGA, ORIUNDO DE LA PROVINCIA DE SALTA, EN VIRTUD DE SU OBRA ""CRUCIFIJO Y PECTORAL"".",2008-10-24T00:00:00,2008,DECLARACION,"VILARIÑO, JOSE ANTONIO",false,ninguno,,,,corpus,no,honorifico/nombre
HCDN100684,"DECLARAR DE INTERES DE LA HONORABLE CAMARA LA ""I EDICION DEL FESTIVAL DEL MERCOSUR"", EN EL MARCO DE LA ""34 EDICION NACIONAL DEL FESTIVAL DE LA MUSICA DEL LITORAL"", A REALIZARSE DEL 27 AL 29 DE NOVIEMBRE DE 2008, EN LA PROVINCIA DE MISIONES.",2008-11-05T00:00:00,2008,DECLARACION,"PERIE, JULIA ARGENTINA",false,ninguno,,,,corpus,no,festival
HCDN101794,"PEDIDO DE INFORMES AL PODER EJECUTIVO SOBRE RESOLUCIONES REMITIDAS POR LA AUDITORIA GENERAL DE LA NACION REFERENTES A LOS ESTADOS FINANCIEROS AL 31 DE DICIEMBRE DE 2007, CORRESPONDIENTES AL PROYECTO BOSQUES NATIVOS Y AREAS PROTEGIDAS, CONVENIO DE PRESTAMO 4085-AR BIRF (0183-OV-08) Y AL PROYECTO PNUD ARG/99/011 MANEJO Y CONSERVACION DE LOS BOSQUES NATIVOS, CONVENIO DE PRESTAMO 4085-AR BIRF (0191-OV-08).",2008-11-07T00:00:00,2008,RESOLUCION,PARLAMENTARIA MIXTA REVISORA DE CUENTAS,false,ninguno,,,,corpus,no,auditoria contable bosques BIRF
HCDN100978,"DECLARAR DE INTERES DE LA HONORABLE CAMARA EL ""X CONGRESO ARGENTINO DE INGENIERIA RURAL Y II DEL MERCOSUR"", A REALIZARSE DEL 1 AL 4 DE SEPTIEMBRE DE 2009, EN ROSARIO, PROVINCIA DE SANTA FE.",2008-11-18T00:00:00,2008,RESOLUCION,"ROSSI, AGUSTIN OSCAR",false,ninguno,,,,corpus,no,evento
HCDN101002,EXPRESAR PREOCUPACION POR LA DEFORESTACION DE BOSQUES NATIVOS EN LA PROVINCIA DE SALTA.,2008-11-19T00:00:00,2008,RESOLUCION,"LLANOS, EDITH OLGA",true,D,eudr_trazabilidad_forestal,administrativa_neutra,relacionada,corpus,no,deforestacion Salta (desmontes)
HCDN101071,PEDIDO DE INFORMES AL PODER EJECUTIVO SOBRE LA NOMINA DE LAS PLANTAS HABILITADAS PARA LA PRODUCCION DE BIOCOMBUSTIBLES.,2008-11-25T00:00:00,2008,RESOLUCION,"GARCIA, SUSANA ROSA",false,ninguno,,,,corpus,no,
HCDN101299,"ESTABLECER QUE EL PRECIO GUIA DE BASE UTILIZADO PARA EL CALCULO DE LOS ARANCELES APLICABLES AL AZUCAR, SE CALCULARA SEGUN EL PRECIO MAYORISTA DE LOS PAISES: REPUBLICA FEDERATIVA DEL BRASIL, REPUBLICA DE COLOMBIA, REPUBLICA DE CHILE Y LOS ESTADOS UNIDOS MEXICANOS.",2008-12-04T00:00:00,2008,LEY,"DATO, ALFREDO CARLOS",false,ninguno,,,,corpus,no,arancel azucar referencia
HCDN101556,"REGIMEN PROMOCIONAL PARA LA INVESTIGACION, DESARROLLO, GENERACION Y USO DE BIOCOMBUSTIBLES Y DERIVADOS OLEOQUIMICOS, LEY 26093: SUSTITUCION DE LOS ARTICULOS 7 (PORCENTAJES DE MEZCLA DEL GASOIL Y DIESEL OIL CON BIODIESEL) Y 8 (PORCENTAJES DE MEZCLA DE LAS NAFTAS CON BIOETANOL).",2008-12-16T00:00:00,2008,LEY,"LUSQUIÑOS, LUIS BERNARDO",false,ninguno,,,,corpus,no,mezcla biodiesel
HCDN101557,PROHIBICION TEMPORARIA Y PARCIAL DE IMPORTACION DE BIENES Y SERVICIOS CUYO ABASTECIMIENTO DEL MERCADO INTERNO ESTE ASEGURADO POR EMPRESAS NACIONALES EXCEPTUANDO LOS BIENES PROVENIENTES DE PAISES DEL MERCOSUR.,2008-12-16T00:00:00,2008,LEY,"SOLANAS, RAUL PATRICIO",true,C,mercosur_institucional,proteccionista_defensiva,relacionada,corpus,si,prohibicion importaciones con excepcion Mercosur
HCDN102504,"SOLICITAR AL PODER EJECUTIVO DISPONGA LA REGLAMENTACION DE LA LEY 26331, DE ""PRESUPUESTOS MINIMOS DE PROTECCION AMBIENTAL DE LOS BOSQUES NATIVOS"".",2009-02-04T00:00:00,2009,RESOLUCION,"SESMA, LAURA JUDITH",true,D,eudr_trazabilidad_forestal,administrativa_neutra,relacionada,corpus,si,OTBN 26331
HCDN102687,"RESTRICCIONES NO SANITARIAS A LAS EXPORTACIONES DE CARNE FRESCA DE BOVINO Y MENUDENCIAS, SUSPENDERLAS POR CIENTO OCHENTA DIAS.",2009-02-18T00:00:00,2009,LEY,"MARTIN, MARIA ELENA",false,ninguno,,,,corpus,si,restricciones export carne (sonda)
HCDN103082,SOLICITAR AL PODER EJECUTIVO DISPONGA LAS MEDIDAS NECESARIAS PARA QUE LOS PASOS FRONTERIZOS ACTUEN EN FORMA INTEGRADA CON LOS PAISES MIEMBROS DEL MERCOSUR Y SUS ASOCIADOS.,2009-03-02T00:00:00,2009,RESOLUCION,"OBIGLIO, JULIAN MARTIN",true,C,mercosur_institucional,administrativa_neutra,relacionada,corpus,no,pasos fronterizos integrados
HCDN103291,PEDIDO DE INFORMES AL PODER EJECUTIVO SOBRE LAS POLITICAS Y SUBVENCIONES A LOS BIOCOMBUSTIBLES.,2009-03-03T00:00:00,2009,RESOLUCION,"BIANCHI, IVANA MARIA",false,ninguno,,,,corpus,no,
HCDN103304,"DECLARAR DE INTERES DE LA H CAMARA LA ""PRIMER CONFERENCIA INTERNACIONAL SOBRE IDENTIFICACION Y TRAZABILIDAD DE LOS ANIMALES"", A REALIZARSE LOS DIAS 23 Y 25 DE MARZO DE 2009 EN LA PROVINCIA DE BUENOS AIRES.",2009-03-03T00:00:00,2009,RESOLUCION,"FERRO, FRANCISCO JOSE",false,ninguno,,,,corpus,no,conferencia trazabilidad = evento
HCDN103487,"DECLARAR DE INTERES DE LA H CAMARA LA REDUCCION DEL CINCUENTA POR CIENTO A POSICIONES ARANCELARIAS DE LA ""NOMENCLATURA COMUN DEL MERCOSUR NCM"", CORRESPONDIENTE A LAS EXPORTACIONES DE OLIVOS.",2009-03-04T00:00:00,2009,DECLARACION,"PERIE, HUGO RUBEN",false,ninguno,,,,corpus,no,NCM olivos
HCDN103488,"DECLARAR DE INTERES DE LA H CAMARA LA REDUCCION DEL 5 AL 2,5 POR CIENTO A POSICIONES ARANCELARIAS DE LA ""NOMENCLATURA COMUN DEL MERCOSUR NCM"", CORRESPONDIENTE A LAS EXPORTACIONES DE PRODUCTOS HORTICOLAS PROVENIENTES DE LA PROVINCIA DE BUENOS AIRES.",2009-03-04T00:00:00,2009,DECLARACION,"PERIE, HUGO RUBEN",false,ninguno,,,,corpus,no,NCM horticolas
HCDN103489,"DECLARAR DE INTERES DE LA H CAMARA LA REDUCCION DEL CINCUENTA POR CIENTO A POSICIONES ARANCELARIAS DE LA ""NOMENCLATURA COMUN DEL MERCOSUR NCM"", CORRESPONDIENTE A LAS EXPORTACIONES DE PAPA.",2009-03-04T00:00:00,2009,DECLARACION,"PERIE, HUGO RUBEN",false,ninguno,,,,corpus,no,NCM papa
HCDN103491,"DECLARAR DE INTERES DE LA H CAMARA LA REDUCCION DEL CINCO AL DOS COMA CINCO POR CIENTO A POSICIONES ARANCELARIAS DE LA ""NOMENCLATURA COMUN DEL MERCOSUR NCM"", CORRESPONDIENTE A LAS EXPORTACIONES DE PRODUCCIONES DE UVA FRESCA Y PAPA.",2009-03-04T00:00:00,2009,DECLARACION,"PERIE, HUGO RUBEN",false,ninguno,,,,corpus,no,NCM uva/papa
HCDN103495,"DECLARAR DE INTERES DE LA H CAMARA LA REDUCCION DEL 5 AL 2,5 POR CIENTO A POSICIONES ARANCELARIAS DE LA ""NOMENCLATURA COMUN DEL MERCOSUR NCM"" APLICADO A LAS EXPORTACIONES DE ARANDANOS.",2009-03-04T00:00:00,2009,DECLARACION,"PERIE, HUGO RUBEN",false,ninguno,,,,corpus,no,NCM arandanos
HCDN103496,"DECLARAR DE INTERES DE LA H CAMARA LA REDUCCION DEL 50 POR CIENTO A POSICIONES ARANCELARIAS DE LA ""NOMENCLATURA COMUN DEL MERCOSUR NCM"" APLICADO A LAS EXPORTACIONES DE CEREZAS.",2009-03-04T00:00:00,2009,DECLARACION,"PERIE, HUGO RUBEN",false,ninguno,,,,corpus,no,NCM cerezas
HCDN103497,"DECLARAR DE INTERES DE LA H CAMARA LA REDUCCION DEL 50 POR CIENTO A POSICIONES ARANCELARIAS DE LA ""NOMENCLATURA COMUN DEL MERCOSUR NCM"" APLICADO A LAS EXPORTACIONES DE CITRICOS.",2009-03-04T00:00:00,2009,DECLARACION,"PERIE, HUGO RUBEN",false,ninguno,,,,corpus,no,NCM citricos
HCDN103498,"DECLARAR DE INTERES DE LA H CAMARA LA REDUCCION DEL 50 POR CIENTO A POSICIONES ARANCELARIAS DE LA ""NOMENCLATURA COMUN DEL MERCOSUR NCM"" APLICADO A LAS EXPORTACIONES DE FRUTALES DE CAROZO.",2009-03-04T00:00:00,2009,DECLARACION,"PERIE, HUGO RUBEN",false,ninguno,,,,corpus,no,NCM carozo
HCDN103499,"DECLARAR DE INTERES DE LA H CAMARA LA REDUCCION DEL 50 POR CIENTO A POSICIONES ARANCELARIAS DE LA ""NOMENCLATURA COMUN DEL MERCOSUR NCM"" APLICADO A LAS EXPORTACIONES DE FRUTAS DE PEPITA.",2009-03-04T00:00:00,2009,DECLARACION,"PERIE, HUGO RUBEN",false,ninguno,,,,corpus,no,NCM pepita
HCDN103500,"DECLARAR DE INTERES DE LA H CAMARA LA REDUCCION DEL 50 POR CIENTO A POSICIONES ARANCELARIAS DE LA ""NOMENCLATURA COMUN DEL MERCOSUR NCM"" APLICADO A LAS EXPORTACIONES DE CEBOLLAS.",2009-03-04T00:00:00,2009,DECLARACION,"PERIE, HUGO RUBEN",false,ninguno,,,,corpus,no,NCM cebollas
HCDN103501,"DECLARAR DE INTERES DE LA H CAMARA LA REDUCCION DEL 50 POR CIENTO A POSICIONES ARANCELARIAS DE LA ""NOMENCLATURA COMUN DEL MERCOSUR NCM"" APLICADO A LAS EXPORTACIONES DE LEGUMBRES.",2009-03-04T00:00:00,2009,DECLARACION,"PERIE, HUGO RUBEN",false,ninguno,,,,corpus,no,NCM legumbres
HCDN103693,PRIORIZAR EN LA AGENDA DE LA REPUBLICA ARGENTINA PARA LA PROXIMA REUNION CUMBRE DEL MERCOSUR LA FIRMA DEL PACTO POR LA INFANCIA Y ADOLESCENCIA EN EL MERCOSUR.,2009-03-06T00:00:00,2009,LEY,"FABRIS, LUCIANO RAFAEL",true,C,mercosur_institucional,administrativa_neutra,relacionada,corpus,si,agenda de cumbre; materia infancia
HCDN103732,"CREACION DEL CARNE ESCOLAR NACIONAL (CEN): USO OBLIGATORIO, CREACION DE LA COMISION FISCALIZADORA PERMANENTE DEL CEN (REPRODUCCION DEL EXPEDIENTE 6054-D-06).",2009-03-10T00:00:00,2009,LEY,"MARTINEZ GARBINO, EMILIO RAUL",false,ninguno,,,,corpus,no,carne = carnet escolar
HCDN103806,"EXPRESAR RECHAZO POR LOS INCREMENTOS EN LOS ARANCELES Y FORMULARIOS PARA EL TRASLADO DE GANADO DISPUESTO POR RESOLUCIONES DEL SENASA 135, 136 Y 137/09.",2009-03-11T00:00:00,2009,RESOLUCION,"LINARES, MARIA VIRGINIA",false,ninguno,,,,corpus,no,tasas SENASA
HCDN103837,"DERECHOS DE EXPORTACION PARA DISTINTAS VARIEDADES DE TRIGO, MAIZ, GIRASOL Y SORGO: ALICUOTA 0 % PARA LOS COMPRENDIDOS DENTRO DE LAS POSICIONES ARANCELARIAS DE LA NOMENCLATURA COMUN DEL MERCOSUR; FIJACION DE DIFERENTES ALICUOTAS PARA LA SOJA EN FUNCION DE LA CANTIDAD DE TONELADAS DE PRODUCCION; DEROGACION DE LOS ARTICULOS 755 Y 756 DEL CODIGO ADUANERO (LEY 22415); MODIFICACION DEL ARTICULO 28 DE LA LEY 23349 (IMPUESTO AL VALOR AGREGADO).",2009-03-11T00:00:00,2009,LEY,"DALLA FONTANA, ARIEL RAUL ARMANDO",false,ninguno,,,,corpus,no,NCM retenciones
HCDN104251,CREACION DEL SISTEMA UNICO DE CORTES DE CARNES BOVINAS PARA SU COMERCIALIZACION: OBJETO (REPRODUCCION DEL EXPEDIENTE 4626-D-07).,2009-03-26T00:00:00,2009,LEY,"SOLANAS, RAUL PATRICIO",false,ninguno,,,,corpus,no,
HCDN104332,"PEDIDO DE INFORMES AL PODER EJECUTIVO SOBRE DIVERSAS CUESTIONES RELACIONADAS CON LA EXISTENCIA DE UN ""REGISTRO GENERAL DE OPERADORES PARA LAS CADENAS AGROALIMENTARIAS DE CARNES, GRANOS, LECHE Y AVES"" EN LA ""OFICINA NACIONAL DE CONTROL COMERCIAL AGROPECUARIA - ONCCA -"".",2009-03-27T00:00:00,2009,RESOLUCION,"VIALE, LISANDRO ALFREDO",false,ninguno,,,,corpus,no,registro ONCCA
HCDN104495,"IDENTIFICACION, REGISTRO Y CLASIFICACION DEL POTENCIAL HUMANO NACIONAL - LEY 17671 - MODIFICACION DEL ARTICULO 13, SOBRE RECONOCIMIENTO DE LA ""CEDULA DE IDENTIDAD NACIONAL MERCOSUR"" Y DEL ""PASAPORTE ARGENTINO MERCOSUR"" PARA ACREDITACION DE LA IDENTIDAD DE LAS PERSONAS.",2009-04-05T00:00:00,2009,LEY,"GALVALISI, LUIS ALBERTO",true,C,mercosur_institucional,administrativa_neutra,relacionada,corpus,si,cedula/pasaporte Mercosur
HCDN104677,"SOLICITUD AL PODER EJECUTIVO DISPONGA LA INSTRUMENTACION DE PLANES PALIATIVOS PARA SUPERAR LA CRISIS LABORAL, ECONOMICA Y SOCIAL QUE AFECTA A VARIOS DEPARTAMENTOS DE LA PROVINCIA DE SALTA, AFECTADOS POR LA RESOLUCION DE LA CORTE SUPREMA DE JUSTICIA DE LA NACION QUE DISPUSO EL CESE PROVISIONAL DE LOS DESMONTES Y TALAS DE BOSQUES NATIVOS, Y OTRAS CUESTIONES CONEXAS.",2009-04-14T00:00:00,2009,RESOLUCION,"DAHER, ZULEMA BEATRIZ",true,D,eudr_trazabilidad_forestal,administrativa_neutra,relacionada,corpus,si,paliativos por cese de desmontes (fallo CSJN)
HCDN104687,"DECLARAR DE INTERES DE LA H. CAMARA EL ""SEMINARIO IPCVA: GANADERIA Y COMPROMISO, DIAGNOSTICO Y PROPUESTAS PARA EL CRECIMIENTO SOSTENIDO DE LA CADENA DE LA CARNE VACUNA"", A REALIZARSE EL DIA 29 DE ABRIL DE 2009 EN VILLA MERCEDES, PROVINCIA DE SAN LUIS.",2009-04-14T00:00:00,2009,RESOLUCION,"FERRO, FRANCISCO JOSE",false,ninguno,,,,corpus,no,evento
HCDN104804,"EXPRESAR PREOCUPACION POR EL INFORME TITULADO "" EL ESTATUS Y LA LOCACION DE LAS INSTALACIONES MILITARES DE LOS ESTADOS MIEMBROS DE LA UNION EUROPEA Y SU POTENCIAL ROL PARA LA POLITICA DE SEGURIDAD Y DEFENSA EUROPEAS - ESDP -"", EN EL CUAL SE INCLUYEN LAS BASES MILITARES BRITANICAS EMPLAZADAS EN LAS ISLAS MALVINAS.",2009-04-15T00:00:00,2009,DECLARACION,"GORBACZ, LEONARDO ARIEL",false,ninguno,,,,corpus,no,defensa/Malvinas
HCDN104971,DIA DEL BOSQUE NATIVO: SE INSTITUYE COMO TAL EL SEGUNDO DOMINGO DEL MES DE MAYO DE CADA AÑO.,2009-04-22T00:00:00,2009,LEY,"MOREJON, MANUEL AMOR",false,ninguno,,,,corpus,si,Dia del Bosque Nativo: conmemorativo ambiental
HCDN105518,"REGIMEN PROMOCIONAL PARA LA INVESTIGACION, DESARROLLO, GENERACION Y USO DE BIOCOMBUSTIBLES Y DERIVADOS. LEY 26093. MODIFICACION. SUSTITUCION DEL ARTICULO 13 Y DEL ARTICULO 17, SOBRE BENEFICIOS POR LA RADICACION DE INDUSTRIAS DE BIOCOMBUSTIBLES.",2009-05-11T00:00:00,2009,LEY,"BULLRICH, ESTEBAN JOSE",false,ninguno,,,,corpus,no,
HCDN105835,"EXPRESAR BENEPLACITO POR EL ACUERDO POLITICO ARRIBADO EN LA ""IV SESION ESPECIAL DEL PARLAMENTO DEL MERCOSUR"", DONDE SE APROBO EL CRITERIO DE REPRESENTACION CIUDADANA CON PROPORCIONALIDAD ATENUADA.",2009-05-20T00:00:00,2009,DECLARACION,"IGLESIAS, FERNANDO ADOLFO",true,C,mercosur_institucional,administrativa_neutra,relacionada,corpus,no,sesion del Parlasur
HCDN106321,SUSPENSION DE LOS EFECTOS DE LA LEY 26192 DE APROBACION DEL PROTOCOLO DE ADHESION DE LA REPUBLICA BOLIVARIANA DE VENEZUELA AL MERCOSUR.,2009-05-29T00:00:00,2009,LEY,"PINEDO, FEDERICO",true,C,mercosur_institucional,administrativa_neutra,relacionada,corpus,no,suspension adhesion Venezuela
HCDN106379,"SOLICITAR AL PODER EJECUTIVO DISPONGA PROMOVER ANTE LA PRESIDENCIA PRO TEMPORE DEL MERCOSUR, LA CONVOCATORIA A UNA REUNION EXTRAORDINARIA DEL CONSEJO DEL MERCADO COMUN, A FIN DE CONSIDERAR LA NACIONALIZACION DE EMPRESAS ARGENTINAS EN LA REPUBLICA BOLIVARIANA DE VENEZUELA Y OTRAS CUESTIONES CONEXAS.",2009-06-02T00:00:00,2009,DECLARACION,"DIEZ, MARIA INES",true,C,mercosur_institucional,administrativa_neutra,relacionada,corpus,no,CMC extraordinario por nacionalizaciones
HCDN106380,"SOLICITAR AL PODER EJECUTIVO DISPONGA EXTENDER EL ACCESO LIBRE Y GRATUITO A TODOS LOS ARCHIVOS PUBLICADOS EN LA PAGINA WEB DEL BOLETIN OFICIAL, ELIMINANDO EL ARANCEL PARA SU ACCESO.",2009-06-02T00:00:00,2009,DECLARACION,"QUIROZ, ELSA SIRIA",false,ninguno,,,,corpus,no,arancel BO
HCDN107295,"MEDICAMENTOS Y PRODUCTOS DESTINADOS A COMBATIR EL VIRUS DE ""INFLUENZA A H1N1"". SE EXCEPTUAN DE TRIBUTAR ARANCELES DE IMPORTACION E IMPUESTOS INTERNOS DURANTE EL PERIODO DE PANDEMIA DE LA ENFERMEDAD DECLARADO POR LA ""ORGANIZACION MUNDIAL DE LA SALUD - OMS -"".",2009-07-01T00:00:00,2009,LEY,"PETIT, MARIA DE LOS ANGELES",false,ninguno,,,,corpus,no,
HCDN107317,SOLICITAR AL PODER EJECUTIVO DISPONGA GESTIONES NECESARIAS ANTE MEXICO Y JAPON PARA QUE RECONOZCAN A NUESTRO PAIS COMO ZONA LIBRE DE AFTOSA SIN VACUNACION.,2009-07-01T00:00:00,2009,DECLARACION,"COMELLI, ALICIA MARCELA",false,ninguno,,,,corpus,si,aftosa Mexico/Japon (sonda sanitaria no UE)
HCDN107424,"SOLICITAR AL PODER EJECUTIVO DISPONGA LAS MEDIDAS NECESARIAS PARA MODIFICAR LA RESOLUCION 15/08, LA CUAL ESTABLECE LOS IMPORTES EN CONCEPTO DE ARANCEL POR INSCRIPCION, REINSCRIPCION Y RENOVACION ANUAL DE LAS SOCIEDADES REGISTRADAS EN LA INSPECCION GENERAL DE JUSTICIA.",2009-07-06T00:00:00,2009,RESOLUCION,"LINARES, MARIA VIRGINIA",false,ninguno,,,,corpus,no,aranceles IGJ
HCDN107492,"EXENCION DE LA ALICUOTA DEL IMPUESTO AL VALOR AGREGADO SOBRE PRODUCTOS DE LA CANASTA BASICA DE ALIMENTOS (PAN COMUN, CARNES, FRUTAS, LEGUMBRES Y HORTALIZAS).",2009-07-08T00:00:00,2009,LEY,"DE NARVAEZ, FRANCISCO",false,ninguno,,,,corpus,no,
HCDN107491,DESTRUCCION O DEGRADACION DE BOSQUE NATIVO; CORTE DE ARBOL: REGIMEN SANCIONATORIO. MODIFICACION DEL ARTICULO 186 INCISO 2 B) DEL CODIGO PENAL (INCENDIOS Y OTROS ESTRAGOS).,2009-07-13T00:00:00,2009,LEY,"LEVERBERG, STELLA MARIS",true,D,eudr_trazabilidad_forestal,administrativa_neutra,relacionada,corpus,si,sancion penal por desmonte
HCDN107544,REGIMEN FEDERAL DE PRODUCTOS FITOSANITARIOS. DEROGACION DEL DECRETO LEY 3489/58 Y DE LA LEY 17934.,2009-07-16T00:00:00,2009,LEY,"CANTERO GUTIERREZ, ALBERTO",false,ninguno,,,,corpus,si,regimen fitosanitarios sin trazabilidad ni export
HCDN107548,IMPORTACION DE PRODUCTOS PRIMARIOS AGROPECUARIOS Y NO AGROPECUARIOS. AUMENTO DE ARANCELES ADUANEROS COMO MEDIDA DE PROTECCION A LOS PRODUCTOS DE ORIGEN NACIONAL.,2009-07-16T00:00:00,2009,LEY,"VARGAS AIGNASSE, GERONIMO",false,ninguno,,,,corpus,no,aranceles proteccion general
HCDN107687,EXPRESAR PREOCUPACION POR EL INCREMENTO DE LOS REINTEGROS DEL IMPUESTO AL VALOR AGREGADO APLICADO POR EL GOBIERNO DE LA REPUBLICA POPULAR CHINA PARA LOS PRODUCTOS DESTINADOS A EXPORTACION AL MERCOSUR.,2009-07-28T00:00:00,2009,DECLARACION,"VARGAS AIGNASSE, GERONIMO",true,C,mercosur_institucional,proteccionista_defensiva,relacionada,corpus,si,China subsidia exportaciones al Mercosur; orientacion inferida
HCDN107753,"LAS EXPORTACIONES A CONSUMO NO ESTARAN OBLIGADAS A PAGAR DERECHOS DE EXPORTACION, CON EXCEPCION DE LAS TASAS RETRIBUTIVAS DE SERVICIOS QUE TENGAN COMO DESTINO LOS PAISES MIEMBROS DEL MERCOSUR.",2009-07-31T00:00:00,2009,LEY,"OBIGLIO, JULIAN MARTIN",true,C,mercosur_institucional,pro_liberalizacion,relacionada,corpus,si,retenciones con clausula intra-Mercosur
HCDN107798,"EXPRESAR ADHESION A LA DECLARACION DE LOS MANDATARIOS DEL ""MERCOSUR"" EN LA XXXVII REUNION DE PRESIDENTES CONDENANDO EL GOLPE DE ESTADO EN HONDURAS.",2009-08-05T00:00:00,2009,RESOLUCION,"TORRONTEGUI, MARIA ANGELICA",true,C,mercosur_institucional,administrativa_neutra,relacionada,corpus,si,declaracion politica del bloque (Honduras)
HCDN108044,"CARNE BOVINA: ELIMINACION DE RESTRICCIONES A LA COMERCIALIZACION, PRODUCCION, EXPORTACION Y DE CONTROL DE LOS PRECIOS INTERNOS.",2009-08-11T00:00:00,2009,LEY,"GRIBAUDO, CHRISTIAN ALEJANDRO",false,ninguno,,,,corpus,si,liberalizacion domestica carne (sonda)
HCDN108164,"SUSTITUCION DEL ARTICULO 13 DE LA LEY 17671, SOBRE ACREDITACION DE IDENTIDAD CON EL DOCUMENTO NACIONAL DE IDENTIDAD Y/O LA CEDULA DE IDENTIDAD NACIONAL DEL MERCOSUR Y/O EL PASAPORTE ARGENTINO MERCOSUR. IDENTIFICACION, REGISTRO Y CLASIFICACION DEL POTENCIAL HUMANO NACIONAL.",2009-08-13T00:00:00,2009,LEY,"MOREJON, MANUEL AMOR",true,C,mercosur_institucional,administrativa_neutra,relacionada,corpus,si,cedula Mercosur
HCDN108369,"DECLARAR DE INTERES DE LA HONORABLE CAMARA DE DIPUTADOS DE LA NACION EL ""I FESTIVAL INTERCOLEGIAL DE CINE DEL MERCOSUR CINE TIZA"", A REALIZARSE DEL 16 AL 19 DE SEPTIEMBRE DE 2009 EN LA CIUDAD CAPITAL DE LA PROVINCIA DE CORDOBA.",2009-08-25T00:00:00,2009,RESOLUCION,"MORANDINI, NORMA ELENA",false,ninguno,,,,corpus,no,festival
HCDN108378,"EXPRESAR RECONOCIMIENTO AL CENTRO DE ESTUDIOS SOBRE DEMOCRATIZACION Y DERECHOS HUMANOS (CEDEHU), AL HABER SIDO SELECCIONADO POR LA UNION EUROPEA PARA EL DESARROLLO DE UNA MAESTRIA INTERNACIONAL E INTERUNIVERSITARIA SOBRE DERECHOS HUMANOS Y DEMOCRATIZACION EN AMERICA LATINA.",2009-08-25T00:00:00,2009,RESOLUCION,"MORANTE, ANTONIO ARNALDO MARIA",false,ninguno,,,,corpus,no,UE sin eje comercial
HCDN108463,"SOLICITAR AL PODER EJECUTIVO NACIONAL DISPONGA PROPONER A LA SEÑORA MERCEDES SOSA EN LA REUNION DE MINISTROS DE CULTURA DEL MERCOSUR, PARA SER RECONOCIDA COMO ""CIUDADANA ILUSTRE DEL MERCOSUR 2009"".",2009-08-26T00:00:00,2009,DECLARACION,"VIALE, LISANDRO ALFREDO",false,ninguno,,,,corpus,no,honorifico
HCDN108493,"SOLICITAR AL PODER EJECUTIVO DISPONGA IMPLEMENTAR ACCIONES PARA PREVENIR Y EVITAR LA PROPAGACION DE LA ENFERMEDAD DE CITRUS, LA CUAL AFECTARIA LA ACTIVIDAD CITRICOLA ARGENTINA CONOCIDO COMO "" EX GREENING"".",2009-08-27T00:00:00,2009,DECLARACION,"VILARIÑO, JOSE ANTONIO",false,ninguno,,,,corpus,si,greening citricola: sanidad domestica
HCDN108555,"DECLARAR CAPITAL NACIONAL DE LA INDUSTRIA DE LA CARNE A LA CIUDAD DE VILLA GOBERNADOR GALVEZ, PROVINCIA DE SANTA FE.",2009-09-01T00:00:00,2009,LEY,"ROSSI, AGUSTIN OSCAR",false,ninguno,,,,corpus,no,
HCDN108578,"DECLARAR DE INTERES DE LA H. CAMARA EL ""XVII CONGRESO INTERPROVINCIAL, IX INTERNACIONAL Y EL V DEL MERCOSUR DE ENTIDADES VECINALISTAS"" A REALIZARSE LOS DIAS 20 Y 22 DE NOVIEMBRE DE 2009 EN LA CIUDAD DE VIEDMA, PROVINCIA DE RIO NEGRO.",2009-09-02T00:00:00,2009,RESOLUCION,"SCALESI, JUAN CARLOS",false,ninguno,,,,corpus,no,evento
HCDN108658,"DECLARAR DE INTERES DE LA H. CAMARA LA REALIZACION DEL ""XVII CONGRESO INTERPROVINCIAL, IX INTERNACIONAL Y V DEL MERCOSUR, DE ENTIDADES VECINALISTAS"", A REALIZARSE DEL 13 AL 15 DE NOVIEMBRE DE 2009 EN LA CIUDAD DE VIEDMA, PROVINCIA DE RIO NEGRO.",2009-09-08T00:00:00,2009,RESOLUCION,"CEJAS, JORGE ALBERTO",false,ninguno,,,,corpus,no,evento
HCDN108667,"SOLICITAR AL PODER EJECUTIVO DISPONGA DECLARAR DE INTERES NACIONAL EL ""XVII CONGRESO INTERPROVINCIAL, IX INTERNACIONAL Y V DEL MERCOSUR, DE ENTIDADES VECINALISTAS"", A REALIZARSE DEL 13 AL 15 DE NOVIEMBRE DE 2009 EN LA CIUDAD DE VIEDMA, PROVINCIA DE RIO NEGRO.",2009-09-08T00:00:00,2009,DECLARACION,"CEJAS, JORGE ALBERTO",false,ninguno,,,,corpus,no,evento
HCDN108837,"EXPRESAR RECONOCIMIENTO AL ""CENTRO DE ESTUDIOS SOBRE DEMOCRATIZACION Y DERECHOS HUMANOS - CEDEHU -"" DE LA UNIVERSIDAD NACIONAL DE SAN MARTIN, AL HABER SIDO SELECCIONADO POR LA ""UNION EUROPEA"" PARA EL DESARROLLO DE UNA MAESTRIA INTERNACIONAL E INTERUNIVERSITARIA SOBRE DERECHOS HUMANOS Y DEMOCRATIZACION EN AMERICA LATINA.",2009-09-15T00:00:00,2009,DECLARACION,"CAMAÑO, DANTE ALBERTO",false,ninguno,,,,corpus,no,UE sin eje comercial
HCDN109439,"DECLARAR DE INTERES DE LA H. CAMARA LAS ""PRIMERAS JORNADAS DE SEGURIDAD PRIVADA DEL MERCOSUR"", A REALIZARSE LOS DIAS 11 Y 12 DE NOVIEMBRE DE 2009 EN LA CIUDAD AUTONOMA DE BUENOS AIRES.",2009-09-15T00:00:00,2009,RESOLUCION,"ITURRIETA, MIGUEL ANGEL",false,ninguno,,,,corpus,no,evento
HCDN109062,SOLICITAR AL PODER EJECUTIVO DISPONGA LAS MEDIDAS NECESARIAS PARA REALIZAR EL ORDENAMIENTO TERRITORIAL DE BOSQUES NATIVOS EXISTENTES EN LA PROVINCIA DE MISIONES SEGUN LEY 26331.,2009-09-23T00:00:00,2009,DECLARACION,"LEVERBERG, STELLA MARIS",true,D,eudr_trazabilidad_forestal,administrativa_neutra,relacionada,corpus,si,OTBN Misiones
HCDN109064,PARLAMENTARIOS DEL MERCOSUR. MARCO PARA SU ELECCION.,2009-09-24T00:00:00,2009,LEY,"GENEM, AMANDA SUSANA",true,C,mercosur_institucional,administrativa_neutra,relacionada,corpus,no,eleccion Parlasur
HCDN109244,"EXPRESAR RECHAZO POR EL HECHO DE QUE EN EL TRATADO DE LISBOA DE LA UNION EUROPEA, RECIENTEMENTE ACEPTADO POR REFERENDUM DEL PUEBLO DE IRLANDA, INCLUYA COMO TERRITORIOS DE ULTRA MAR LAS ISLAS MALVINAS, GEORGIAS Y SANDWICH DEL SUR.",2009-10-05T00:00:00,2009,DECLARACION,"PINEDO, FEDERICO",false,ninguno,,,,corpus,si,Lisboa/Malvinas: birregional no comercial
HCDN109708,"UVAS FRESCAS Y PASAS DE UVA: SUSTITUCION DEL ""REINTEGRO A LA EXPORTACION EXTRAZONA - R E-"" ASIGNADO EN LAS POSICIONES ARANCELARIAS DE LA ""NOMENCLATURA COMUN DEL MERCOSUR - NCM -"".",2009-10-22T00:00:00,2009,LEY,"CASELLES, GRACIELA MARIA",false,ninguno,,,,corpus,no,NCM
HCDN109709,"CEBOLLAS Y ECHALOTES: SUSTITUCION DEL ""REINTEGRO A LA EXPORTACION EXTRAZONA - RE -"" ASIGNADO EN LAS POSICIONES ARANCELARIAS DE LA ""NOMENCLATURA COMUN DEL MERCOSUR - NCM -"".",2009-10-22T00:00:00,2009,LEY,"CASELLES, GRACIELA MARIA",false,ninguno,,,,corpus,no,NCM
HCDN109670,SUSTITUCION DEL REINTEGRO A LA EXPORTACION EXTRAZONA (RE) ASIGNADO A LAS POSICIONES ARANCELARIAS DE LA NOMENCLATURA COMUN DEL MERCOSUR (NCM); SOBRE ACEITE DE OLIVA.,2009-10-26T00:00:00,2009,LEY,"CASELLES, GRACIELA MARIA",false,ninguno,,,,corpus,no,NCM
HCDN109671,SUSTITUCION DEL REINTEGRO A LA EXPORTACION EXTRAZONA (RE) ASIGNADO A LAS POSICIONES ARANCELARIAS DE LA NOMENCLATURA COMUN DEL MERCOSUR (NCM); SOBRE ACEITUNAS EN CONSERVA.,2009-10-26T00:00:00,2009,LEY,"CASELLES, GRACIELA MARIA",false,ninguno,,,,corpus,no,NCM
HCDN109884,"CAL VIVA, APAGADA O CEMENTO BLANCO. SE INSTITUYE EL ""REINTEGRO A LA EXPORTACION - R.E -"" ASIGNADO EN LAS POSICIONES ARANCELARIAS DE LA ""NOMENCLATURA COMUN DEL MERCOSUR -NCM-"".",2009-10-29T00:00:00,2009,LEY,"CASELLES, GRACIELA MARIA",false,ninguno,,,,corpus,no,NCM
HCDN109975,"DECLARAR DE INTERES DE LA H. CAMARA DE DIPUTADOS EL ""CUADRAGESIMO FESTIVAL NACIONAL DE MUSICA DEL LITORAL Y SEGUNDO DEL MERCOSUR"", A REALIZARSE DEL 12 AL 14 DE NOVIEMBRE DE 2009 EN POSADAS, PROVINCIA DE MISIONES.",2009-11-02T00:00:00,2009,RESOLUCION,"LEVERBERG, STELLA MARIS",false,ninguno,,,,corpus,no,festival
HCDN110169,EXPRESAR BENEPLACITO A LOS ESTADOS PARTES Y A LOS ASOCIADOS AL MERCOSUR POR EL RECONOCIMIENTO HISTORICO Y FRATERNO RESPALDO A LOS RECLAMOS DE SOBERANIA ARGENTINA SOBRE LAS ISLAS MALVINAS.,2009-11-04T00:00:00,2009,RESOLUCION,"GODOY, RUPERTO EDUARDO",true,C,mercosur_institucional,administrativa_neutra,relacionada,corpus,si,respaldo del bloque a Malvinas (familia kelper)
HCDN110192,"EXPRESAR PREOCUPACION POR LA APLICACION DE MEDIDAS PARA-ARANCELARIAS QUE HACE LA REPUBLICA FEDERATIVA DEL BRASIL, AL INGRESO DE ACEITE DE OLIVO Y ACEITUNAS PROVENIENTES DE ARGENTINA.",2009-11-05T00:00:00,2009,RESOLUCION,"PAROLI, RAUL OMAR",true,C,mercosur_institucional,pro_liberalizacion,relacionada,corpus,no,barrera de Brasil intra-Mercosur; reclama acceso
HCDN110418,"PEDIDO DE INFORMES AL PODER EJECUTIVO SOBRE DIVERSAS CUESTIONES RELACIONADAS CON LA APLICACION DE LA LEY 26331, DE PRESUPUESTOS MINIMOS DE PROTECCION AMBIENTAL DE LOS BOSQUES NATIVOS.",2009-11-12T00:00:00,2009,RESOLUCION,"GARCIA, SUSANA ROSA",true,D,eudr_trazabilidad_forestal,administrativa_neutra,relacionada,corpus,si,OTBN 26331
HCDN110421,"EXPRESAR BENEPLACITO POR LA PUESTA EN MARCHA DE LA PRIMERA ""ZONA DE ACTIVIDADES LOGISTICAS"", SOBRE LA RUTA NACIONAL 7 EN EL ""CORREDOR BIOCEANICO DEL MERCOSUR"" EN VILLA MERCEDES, PROVINCIA DE SAN LUIS.",2009-11-12T00:00:00,2009,RESOLUCION,"MERLO, MARIO RAUL",false,ninguno,,,,corpus,no,corredor bioceanico toponimo
HCDN110453,SOLICITAR AL PODER EJECUTIVO DISPONGA LAS MEDIDAS CONDUCENTES A PROVEER EN FORMA GRATUITA VACUNAS PARA LA FIEBRE AFTOSA EN LA PROVINCIA DE MISIONES.,2009-11-16T00:00:00,2009,RESOLUCION,"ITURRIETA, MIGUEL ANGEL",false,ninguno,,,,corpus,no,aftosa domestica
HCDN110461,"DECLARAR DE INTERES DE LA H. CAMARA LAS ""PRIMERAS JORNADAS DE SEGURIDAD PRIVADA DEL MERCOSUR"", REALIZADAS LOS DIAS 11 Y 12 DE NOVIEMBRE DE 2009 EN LA CIUDAD AUTONOMA DE BUENOS AIRES.",2009-11-16T00:00:00,2009,DECLARACION,"CAMAÑO, DANTE ALBERTO",false,ninguno,,,,corpus,no,evento
HCDN112085,"APROBACION DEL ACUERDO MARCO DE COMERCIO ENTRE EL MERCOSUR Y EL ESTADO DE ISRAEL, CONCLUIDO EN MONTEVIDEO, REPUBLICA ORIENTAL DEL URUGUAY, EL 8 DE DICIEMBRE DE 2005 Y DEL TRATADO DE LIBRE COMERCIO ENTRE EL MERCOSUR Y EL ESTADO DE ISRAEL, SUSCRIPTO EN MONTEVIDEO, REPUBLICA ORIENTAL DEL URUGUAY, EL 18 DE DICIEMBRE DE 2007.",2009-11-20T00:00:00,2009,MENSAJE Y PROYECTO DE LEY,"FERNANDEZ DE KIRCHNER, CRISTINA",true,C,mercosur_institucional,pro_liberalizacion,relacionada,corpus,no,TLC Mercosur-Israel aprobacion
HCDN110802,SOLICITAR AL PODER EJECUTIVO DISPONGA LAS MEDIDAS NECESARIAS PARA IMPLEMENTAR EL PROGRAMA NACIONAL Y UNICO PARA LA GENERACION MEJORA Y SOSTENIMIENTO DEL EMPLEO A TRABAJADORES TEMPORARIOS DE ACTIVIDADES CITRICOLAS Y ARANDANERAS QUE DESARROLLEN ACTIVIDADES EN ZONAS INUNDADAS Y/O ALCANZADAS POR LLUVIAS Y GRANIZO DE LA PROVINCIA DE ENTRE RIOS.,2009-11-25T00:00:00,2009,DECLARACION,"PETIT, MARIA DE LOS ANGELES",false,ninguno,,,,corpus,no,
HCDN110810,"PEDIDO DE INFORMES AL PODER EJECUTIVO SOBRE DIVERSAS CUESTIONES RELACIONADAS CON EL ORDENAMIENTO TERRITORIAL DE BOSQUES EN LA PROVINCIA DE CORRIENTES, SEGUN LO PREVISTO EN LA LEY 26331, DE PRESUPUESTOS MINIMOS AMBIENTALES PARA LA PROTECCION DE LOS BOSQUES NATIVOS.",2009-11-25T00:00:00,2009,RESOLUCION,"GARCIA, SUSANA ROSA",true,D,eudr_trazabilidad_forestal,administrativa_neutra,relacionada,corpus,si,OTBN Corrientes
HCDN110893,SUSTITUCION DEL REINTEGRO A LA EXPORTACION EXTRAZONA (RE) ASIGNADO A LAS POSICIONES ARANCELARIAS DE LA NOMENCLATURA COMUN DEL MERCOSUR (NCM),2009-11-30T00:00:00,2009,LEY,"CASELLES, GRACIELA MARIA",false,ninguno,,,,corpus,no,NCM
HCDN110894,CIRUELAS: SE SUSTITUYE EL REINTEGRO A LA EXPORTACION EXTRAZONA - RE - ASIGNADO A LAS POSICIONES ARANCELARIAS DE LA NOMENCLATURA COMUN DEL MERCOSUR - NCM -.,2009-11-30T00:00:00,2009,LEY,"CASELLES, GRACIELA MARIA",false,ninguno,,,,corpus,no,NCM
HCDN110895,MELONES: SE SUSTITUYE EL REINTEGRO A LA EXPORTACION EXTRAZONA - RE - ASIGNADO A LAS POSICIONES ARANCELARIAS DE LA NOMENCLATURA COMUN DEL MERCOSUR - NCM -.,2009-11-30T00:00:00,2009,LEY,"CASELLES, GRACIELA MARIA",false,ninguno,,,,corpus,no,NCM
HCDN111105,"PEDIDO DE INFORMES AL PODER EJECUTIVO SOBRE CUESTIONES RELACIONADAS CON LA EJECUCION DE LA LEY 26331, DE PRESUPUESTOS MINIMOS AMBIENTALES PARA LA PROTECCION DE LOS BOSQUES NATIVOS.",2009-12-09T00:00:00,2009,RESOLUCION,"ZANCADA, PABLO V.",true,D,eudr_trazabilidad_forestal,administrativa_neutra,relacionada,corpus,si,OTBN 26331
HCDN111110,"SOLICITAR AL PODER EJECUTIVO DISPONGA LA CELEBRACION DE ACUERDOS INTERNACIONALES TENDIENTES A IMPLEMENTAR UN SISTEMA DE MOVILIDAD PARA ESTUDIANTES UNIVERSITARIOS, AL ESTILO DEL PROGRAMA ""ERASMUS"" EXISTENTE EN LA UNION EUROPEA.",2009-12-09T00:00:00,2009,RESOLUCION,"OBIGLIO, JULIAN MARTIN",false,ninguno,,,,corpus,no,Erasmus como referencia
HCDN111200,"SOLICITAR AL PODER EJECUTIVO DISPONGA LA SUSPENSION DEL LIMITE DE LA ""CUOTA HILTON"".",2009-12-22T00:00:00,2009,RESOLUCION,"ORSOLINI, PABLO EDUARDO",true,B,comercio_ue_sectorial,pro_liberalizacion,relacionada,corpus,si,suspension del limite Hilton; titulo ambiguo
HCDN111281,"ALICUOTAS CORRESPONDIENTES A LOS DERECHOS DE EXPORTACION DE PRODUCTOS AGROPECUARIOS, MODIFICACION DE LA LEY 26351: MODIFICACION DEL ARTICULO 1, PROHIBICION DE ESTABLECER RESTRICCIONES O CUPOS A LAS EXPORTACIONES DE GRANOS Y CARNES.",2009-12-29T00:00:00,2009,LEY,"BENEDETTI, ATILIO FRANCISCO SALVADOR",false,ninguno,,,,corpus,si,prohibir cupos a export granos/carnes (sonda)
HCDN111486,"COMUNICACION DEL DECRETO 68/10 POR EL CUAL SE ADOPTAN LAS DISPOSICIONES DE LA DIRECTIVA 13 DEL 21 DE JULIO DE 2009 DE LA COMISION DE COMERCIO DEL MERCOSUR (CCM), Y SU CORRESPONDIENTE FE DE ERRATAS.",2010-02-02T00:00:00,2010,MENSAJE,"FERNANDEZ, ANIBAL DOMINGO",true,C,mercosur_institucional,administrativa_neutra,relacionada,corpus,no,directiva CCM
HCDN112186,"SOLICITAR AL PODER EJECUTIVO NACIONAL DISPONGA REALIZAR LAS GESTIONES NECESARIAS PARA INCLUIR EN LA AGENDA DEL PARLAMENTO DEL MERCOSUR, LA CREACION DE UN FORO REGIONAL CON EL OBJETO DE ANALIZAR LA PROBLEMATICA DEL ANTISEMITISMO EN EL MERCOSUR.",2010-02-15T00:00:00,2010,RESOLUCION,"GRIBAUDO, CHRISTIAN ALEJANDRO",true,C,mercosur_institucional,administrativa_neutra,relacionada,corpus,si,agenda Parlasur; materia antisemitismo
HCDN112458,"SOLICITAR AL PODER EJECUTIVO DISPONGA ANALIZAR Y RECONSIDERAR LA SUSPENSION DEL LIMITE DE LA CUOTA HILTON A LA ""FEDERACION CHAQUEÑA DE SOCIEDADES RURALES -FECHASORU-"", Y EXTENDER A TODO EL PAIS DE LA CUOTA HILTON.",2010-03-02T00:00:00,2010,RESOLUCION,"ORSOLINI, PABLO EDUARDO",true,B,comercio_ue_sectorial,pro_liberalizacion,relacionada,corpus,no,acceso al cupo Hilton para Chaco
HCDN112470,SOLICITAR AL PODER EJECUTIVO DISPONGA LAS MEDIDAS CONDUCENTES A PROVEER EN FORMA GRATUITA VACUNAS PARA LA FIEBRE AFTOSA EN LA PROVINCIA DE MISIONES.,2010-03-02T00:00:00,2010,RESOLUCION,"PERIE, JULIA ARGENTINA",false,ninguno,,,,corpus,no,aftosa domestica
HCDN112513,"SOLICITAR AL PODER EJECUTIVO DISPONGA INCLUIR EN LA AGENDA DEL PARLAMENTO DEL MERCOSUR LA CREACION DE UN FORO REGIONAL CON EL OBJETO DE ANALIZAR LA PROBLEMATICA DEL ""ANTISEMITISMO EN EL MERCOSUR"".",2010-03-02T00:00:00,2010,RESOLUCION,"GRIBAUDO, CHRISTIAN ALEJANDRO",true,C,mercosur_institucional,administrativa_neutra,relacionada,corpus,si,agenda Parlasur
HCDN112845,"SOLICITAR AL PODER EJECUTIVO NACIONAL DISPONGA ESCLARECER LOS MOTIVOS QUE DIERON LUGAR AL AUMENTO DESMEDIDO E INJUSTIFICADO DE LOS PRECIOS DE LA CARNE Y SU DESABASTECIMIENTO, Y OTRAS CUESTIONES CONEXAS.",2010-03-04T00:00:00,2010,RESOLUCION,"DONDA PEREZ, VICTORIA ANALIA",false,ninguno,,,,corpus,no,precios carne
HCDN112868,"DECLARAR DE INTERES PARLAMENTARIO LA DECIMA EDICION DE LA EXPOSICION LECHERA DEL MERCOSUR (MERCOLACTEA), A REALIZARSE EN LA SEGUNDA SEMANA DE MAYO DE 2010 EN LA CIUDAD DE SAN FRANCISCO, PROVINCIA DE CORDOBA.",2010-03-04T00:00:00,2010,DECLARACION,"GARNERO, ESTELA RAMONA",false,ninguno,,,,corpus,no,Mercolactea feria
HCDN113418,PEDIDO DE INFORMES AL PODER EJECUTIVO NACIONAL SOBRE DIVERSAS CUESTIONES RELACIONADAS CON EL IMPEDIMENTO DE EXPORTACION DE CARNES BOVINAS.,2010-03-16T00:00:00,2010,RESOLUCION,"FORTE, ULISES UMBERTO JOSE",false,ninguno,,,,corpus,si,impedimento export carne 2010 (sonda)
HCDN113419,"PEDIDO DE INFORMES AL PODER EJECUTIVO NACIONAL SOBRE LAS RAZONES JURIDICAS, ADMINISTRATIVAS Y DE COMPETENCIA QUE LLEVARON A LA PROHIBICION DE LOS EMBARQUES POR VIA AEREA, TERRESTRE Y MARITIMA DE CARNE VACUNA PARA LA EXPORTACION.",2010-03-16T00:00:00,2010,RESOLUCION,"BURYAILE, RICARDO",false,ninguno,,,,corpus,si,prohibicion embarques carne (sonda)
HCDN113432,EXPRESAR PREOCUPACION POR LA INCERTIDUMBRE GENERAL EN MATERIA DE EXPORTACIONES DE CARNE.,2010-03-16T00:00:00,2010,DECLARACION,"PANSA, SERGIO HORACIO",false,ninguno,,,,corpus,si,incertidumbre export carne (sonda)
HCDN113529,"CONVOCAR AL SEÑOR ADMINISTRADOR FEDERAL DE INGRESOS PUBLICOS, SEÑOR RICARDO ECHEGARAY, Y A LA DIRECTORA GENERAL DE ADUANAS, SEÑORA SILVINA TIRABASSI, A LA COMISION DE AGRICULTURA Y GANADERIA DE ESTA HONORABLE CAMARA, PARA QUE BRINDEN INFORMES SOBRE LAS MEDIDAS DE PROHIBICION Y/O RESTRICCION A LAS EXPORTACIONES DE CARNE.",2010-03-17T00:00:00,2010,RESOLUCION,"RE, HILMA LEONOR",false,ninguno,,,,corpus,si,convocatoria AFIP por export carne (sonda)
HCDN113531,PEDIDO DE INFORMES AL PODER EJECUTIVO SOBRE DIVERSAS CUESTIONES RELACIONADAS CON LA PROHIBICION A LAS EXPORTACIONES DE CARNE.,2010-03-17T00:00:00,2010,RESOLUCION,"DAHER, ZULEMA BEATRIZ",false,ninguno,,,,corpus,si,prohibicion export carne (sonda)
HCDN113576,"COMERCIO DE CARNE VACUNA: RESTABLECER LAS REGULACIONES ESTABLECIDAS POR LA LEY 21740, DE CREACION DE LA JUNTA NACIONAL DE CARNES (REPRODUCCION DEL EXPEDIENTE 1940-D-08).",2010-03-18T00:00:00,2010,LEY,"MACALUSE, EDUARDO GABRIEL",false,ninguno,,,,corpus,no,Junta de Carnes
HCDN113701,"DECLARAR DE INTERES DE LA H. CAMARA LAS ""XIII JORNADAS NACIONALES DE COOPERATIVISMO Y MUTUALISMO ESCOLAR Y VII DEL MERCOSUR"", A REALIZARSE DEL 6 AL 8 DE MAYO DE 2010 EN SUNCHALES, PROVINCIA DE SANTA FE.",2010-03-19T00:00:00,2010,RESOLUCION,"FERNANDEZ, RODOLFO ALFREDO",false,ninguno,,,,corpus,no,evento
HCDN113890,"DECLARAR DE INTERES DE LA HONORABLE CAMARA EL ""VIII CONGRESO CHAQUEÑO DE CRIMINALISTICA DEL MERCOSUR"" Y VI ENCUENTRO INTERNACIONAL DE EXPERTOS EN CRIMINALISTICA CIENCIAS FORENSES, INFORMATICA Y SEGURIDAD"", A REALIZARSE DEL 15 AL 17 DE ABRIL DE 2010 EN RESISTENCIA, PROVINCIA DEL CHACO.",2010-03-26T00:00:00,2010,RESOLUCION,"MORANTE, ANTONIO ARNALDO MARIA",false,ninguno,,,,corpus,no,evento
HCDN114083,"CONVOCAR AL SECRETARIO DE COMERCIO INTERIOR, SEÑOR GUILLERMO MORENO, ANTE ESTA HONORABLE CAMARA, A FIN DE QUE INFORME SOBRE LAS EXPORTACIONES DE CARNE VACUNA, Y OTRAS CUESTIONES CONEXAS.",2010-04-01T00:00:00,2010,RESOLUCION,"FORTE, ULISES UMBERTO JOSE",false,ninguno,,,,corpus,si,convocatoria Moreno export carne (sonda)
HCDN114124,"PRODUCTOS FITOSANITARIOS, SEMILLAS Y ORGANOS DE PRODUCCION VEGETAL: REDUCCION DE LA ALICUOTA DEL IMPUESTO AL VALOR AGREGADO (IVA) AL 10,5 %.",2010-04-06T00:00:00,2010,LEY,"MARTINEZ, JULIO CESAR",false,ninguno,,,,corpus,no,IVA fitosanitarios
HCDN114164,EXPRESAR BENEPLACITO POR EL AUMENTO DE LAS EXPORTACIONES DECLARADAS DE BIODIESEL DURANTE LOS PRIMEROS TRES MESES DEL 2010.,2010-04-06T00:00:00,2010,DECLARACION,"MARTINEZ, JULIO CESAR",false,ninguno,,,,corpus,si,export biodiesel 2010 destino UE implicito (sonda)
HCDN114255,"SOLICITAR AL PODER EJECUTIVO DISPONGA LAS MEDIDAS NECESARIAS PARA ESTABLECER ACCIONES CONJUNTAS ENTRE LOS ESTADOS PARTES DEL MERCOSUR Y EL GOBIERNO DE LA REPUBLICA DE BOLIVIA, PARA LA LUCHA CONTRA EL MOSQUITO AEDES AEGYPTI.",2010-04-07T00:00:00,2010,DECLARACION,"VILARIÑO, JOSE ANTONIO",true,C,mercosur_institucional,administrativa_neutra,relacionada,corpus,si,accion sanitaria conjunta del bloque
HCDN114298,"DECLARAR DE INTERES LA IX EDICION DE SIAL MERCOSUR 2010, A REALIZARSE DEL 25 AL 27 DE AGOSTO DE 2010 EN LA CIUDAD AUTONOMA DE BUENOS AIRES.",2010-04-08T00:00:00,2010,RESOLUCION,"CHIENO, MARIA ELENA PETRONA",false,ninguno,,,,corpus,no,feria
HCDN114299,"DECLARAR DE INTERES LA VII EDICION DE SITEVI MERCOSUR, A REALIZARSE DEL 26 AL 28 DE MAYO DE 2010 EN LA CIUDAD CAPITAL DE LA PROVINCIA DE MENDOZA.",2010-04-08T00:00:00,2010,RESOLUCION,"CHIENO, MARIA ELENA PETRONA",false,ninguno,,,,corpus,no,feria
HCDN114485,"MODIFICACION DE LA LEY 26093, INVESTIGACION, DESARROLLO, GENERACION Y USO DE BIOCOMBUSTIBLES Y DERIVADOS OLEOQUIMICOS; MODIFICACION DEL ARTICULO 5, SOBRE CLASIFICACION DE BIOCOMBUSTIBLES.",2010-04-13T00:00:00,2010,LEY,"ZIEGLER, ALEX ROBERTO",false,ninguno,,,,corpus,no,
HCDN114505,"DECLARAR DE INTERES DE LA H. CAMARA EL ENCUENTRO ""IMPACTOS DE LA APLICACION DE TECNOLOGIAS PARA LA PRODUCCION DE BIOCOMBUSTIBLES DERIVADOS DE LAS BIOMASAS AGROECOLOGICAS PRINCIPALES DE LA REGION"", A REALIZARSE LOS DIAS 27 Y 28 DE ABRIL DE 2010 EN AL CIUDAD AUTONOMA DE BUENOS AIRES.",2010-04-13T00:00:00,2010,RESOLUCION,"MARTINEZ, JULIO CESAR",false,ninguno,,,,corpus,no,evento
HCDN114571,"MODIFICACION DE LA LEY 20631, IMPUESTO AL VALOR AGREGADO, TEXTO ORDENADO DECRETO 280/97: INCLUSION DE INCISO I) AL ARTICULO 7 SOBRE EXENCION PARA PESCADO FRESCO, HORTALIZAS, CARNE DE CHIVO, CORDERO, CONEJO Y CERDO.",2010-04-14T00:00:00,2010,LEY,"ALONSO, GUMERSINDO FEDERICO",false,ninguno,,,,corpus,no,IVA carnes
HCDN114584,FIESTAS POPULARES DE CARNESTOLENDAS O CARNAVAL: SE INSTITUYEN COMO DIAS NO LABORABLES EL LUNES Y MARTES INMEDIATAMENTE ANTERIORES AL MIERCOLES DE CENIZA; DEROGACION DE LA PARTE PERTINENTE DEL DECRETO 21329/76 (REPRODUCCION DEL EXPEDIENTE 3506-D-08).,2010-04-15T00:00:00,2010,LEY,"LEDESMA, JULIO RUBEN",false,ninguno,,,,corpus,no,carnestolendas
HCDN114567,"COMUNICACION DEL DECRETO 500/2010, DICTADO EN USO DE FACULTADES DELEGADAS POR EL CUAL SE MODIFICA EL DECRETO 509/07 Y SUS MODIFICACIONES, SOBRE NOMENCLATURA COMUN DEL MERCOSUR.",2010-04-16T00:00:00,2010,MENSAJE,"FERNANDEZ, ANIBAL DOMINGO",true,C,mercosur_institucional,administrativa_neutra,relacionada,corpus,si,decreto 500/2010 modifica regimen NCM/AEC nacional (regla 5)
HCDN114793,"PEDIDO DE INFORMES AL PODER EJECUTIVO SOBRE EL GRADO DE CUMPLIMIENTO EFECTIVO DE LO ESTABLECIDO EN EL ARTICULO 6 DE LA LEY 26331, DE PRESUPUESTOS MINIMOS DE PROTECCION AMBIENTAL DE LOS BOSQUES NATIVOS.",2010-04-22T00:00:00,2010,RESOLUCION,"PANSA, SERGIO HORACIO",true,D,eudr_trazabilidad_forestal,administrativa_neutra,relacionada,corpus,si,OTBN art. 6
HCDN115093,"EXPRESAR BENEPLACITO POR EL VIII CONGRESO ""LA LENGUA Y CULTURA GUARANI EN EL MERCOSUR"", A REALIZARSE LOS DIAS 17 Y 18 DE ABRIL DE 2010 EN LA CIUDAD DE FERNANDO MORA, REPUBLICA DEL PARAGUAY.",2010-04-27T00:00:00,2010,RESOLUCION,"CHIENO, MARIA ELENA PETRONA",false,ninguno,,,,corpus,no,congreso guarani
HCDN115114,SOLICITAR LA CREACION DE LA COMISION ESPECIAL DE COOPERACION E INTEGRACION TRANSFRONTERIZA EN EL SENO DEL PARLAMENTO DEL MERCOSUR.,2010-04-27T00:00:00,2010,DECLARACION,"CHIENO, MARIA ELENA PETRONA",true,C,mercosur_institucional,administrativa_neutra,relacionada,corpus,no,comision en el Parlasur
HCDN115146,"SOLICITAR AL PODER EJECUTIVO DISPONGA IMPULSAR UNA MAYOR VINCULACION ENTRE EL ""FORO CONSULTIVO DE MUNICIPIOS ESTADOS FEDERADOS, PROVINCIAS Y DEPARTAMENTOS DEL MERCOSUR - FCCR -"" Y EL ""FONDO PARA LA CONVERGENCIA ESTRUCTURAL DEL MERCOSUR - FOCEM -"".",2010-04-28T00:00:00,2010,RESOLUCION,"SABBATELLA, MARTIN",true,C,mercosur_institucional,administrativa_neutra,relacionada,corpus,no,FCCR-FOCEM organos del bloque
HCDN115165,"DECLARAR DE INTERES DE LA H. CAMARA LA REUNION ESPECIALIZADA DE LA MUJER DEL MERCOSUR (REM), A REALIZARSE DEL 2 AL 4 DE JUNIO DE 2010 EN LA CIUDAD AUTONOMA DE BUENOS AIRES.",2010-04-28T00:00:00,2010,RESOLUCION,"GRANADOS, DULCE",true,C,mercosur_institucional,administrativa_neutra,relacionada,corpus,no,REM organo oficial (adjudicado)
HCDN115167,"PEDIDO DE INFORMES AL PODER EJECUTIVO SOBRE LA SITUACION DE CRISIS QUE VIVEN LOS FRIGORIFICOS ARGENTINOS, EN PARTICULAR LOS ENTRERRIANOS, DEBIDO A LA SUSPENSION DE LAS EXPORTACIONES DE CARNES BOVINAS Y OTRAS CUESTIONES CONEXAS.",2010-04-28T00:00:00,2010,RESOLUCION,"ZAVALLO, GUSTAVO MARCELO",false,ninguno,,,,corpus,si,crisis frigorificos por cierre export (sonda)
HCDN115179,DISTRIBUCION DE LA CUOTA HILTON. CREACION DE LA COMISION FEDERAL DE ADJUDICACION.,2010-04-28T00:00:00,2010,LEY,"ARBO, JOSE AMEGHINO",true,B,comercio_ue_sectorial,administrativa_neutra,relacionada,corpus,no,distribucion Hilton
HCDN115275,"DEROGACION DEL ARTICULO 1 (POSICIONES ARANCELARIAS REFERIDAS AL TRIGO) DE LA RESOLUCION 64/08 DEL MINISTERIO DE ECONOMIA Y PRODUCCION DE LA NACION, CEREALES Y OLEAGINOSAS. SE FIJAN POSICIONES ARANCELARIAS DE LA NOMENCLATURA COMUN DEL SUR.",2010-04-30T00:00:00,2010,LEY,"TUNESSI, JUAN PEDRO",false,ninguno,,,,corpus,no,NCM trigo
HCDN115335,CREACION DEL REGISTRO DE OPERACIONES DE EXPORTACION (ROE) DE PRODUCTOS Y SUBPRODUCTOS AGROPECUARIOS; COMPRENDIDAS EN LAS POSICIONES ARANCELARIAS DE LA NOMENCLATURA COMUN DEL MERCOSUR (NCM).,2010-05-04T00:00:00,2010,LEY,"KENNY, EDUARDO ENRIQUE FEDERICO",false,ninguno,,,,corpus,no,ROE registro exportador domestico
HCDN115348,"SOLICITAR AL PODER EJECUTIVO DISPONGA LAS MEDIDAS NECESARIAS PARA IMPLEMENTAR EL PROGRAMA CONECTAR IGUALDAD.COM.AR, (CREADO POR DECRETO 459/2010) PARA NIÑAS Y NIÑOS DE EDAD ESCOLAR Y DOCENTES INTEGRANTES DEL CICLO DE EDUCACION GENERAL BASICA DE LA ESCUELA PUBLICA O PRIVADA NO ARANCELADA.",2010-05-04T00:00:00,2010,RESOLUCION,"VIALE, LISANDRO ALFREDO",false,ninguno,,,,corpus,no,no arancelada = educacion
HCDN115361,EXPRESAR BENEPLACITO POR LA INVERSION DESTINADA A LA PRODUCCION E INDUSTRIALIZACION DE BIODIESEL QUE EFECTUO EL GOBIERNO DE LA PROVINCIA DEL CHACO.,2010-05-04T00:00:00,2010,DECLARACION,"DAMILANO GRIVARELLO, VIVIANA MONICA",false,ninguno,,,,corpus,no,
HCDN115441,"PEDIDO DE INFORMES AL PODER EJECUTIVO SOBRE DIVERSAS CUESTIONES RELACIONADAS CON LA EJECUCION DE LA LEY 26331, DE PRESUPUESTOS MINIMOS AMBIENTALES PARA LA PROTECCION DE LOS BOSQUES NATIVOS.",2010-05-05T00:00:00,2010,RESOLUCION,"CUCCOVILLO, RICARDO OSCAR",true,D,eudr_trazabilidad_forestal,administrativa_neutra,relacionada,corpus,si,OTBN 26331
HCDN116228,"REGIMEN ARANCELARIO PARA LOS ABOGADOS Y PROCURADORES; DEROGACION DEL 2 PARRAFO ARTICULO 10 DE LA LEY 10996, EL ARTICULO 38 DE LA LEY 18345 Y LAS LEYES 21839 Y 24432.",2010-05-11T00:00:00,2010,LEY,"BIANCHI, IVANA MARIA",false,ninguno,,,,corpus,no,aranceles abogados
HCDN116240,"PEDIDO DE INFORMES AL PODER EJECUTIVO SOBRE LAS MEDIDAS ADOPTADAS CON EL FIN DE IMPLEMENTAR EL ""SISTEMA DE INTERCAMBIO DE INFORMACION DE SEGURIDAD DEL MERCOSUR, SISME"", Y OTRAS CUESTIONES CONEXAS.",2010-05-11T00:00:00,2010,RESOLUCION,"GAMBARO, NATALIA",true,C,mercosur_institucional,administrativa_neutra,relacionada,corpus,si,SISME instrumento del bloque; materia seguridad
HCDN115857,"DERECHOS DE EXPORTACION APLICABLES A LAS DISTINTAS VARIEDADES DE TRIGO Y MAIZ, GIRASOL Y SORGO COMPRENDIDOS EN LAS POSICIONES ARANCELARIAS DE LA ""NOMENCLATURA COMUN DEL MERCOSUR - NMC -"": FIJACION DE LA ALICUOTA EN UN CERO POR CIENTO (O%).",2010-05-14T00:00:00,2010,LEY,"ARENA, CELIA ISABEL",false,ninguno,,,,corpus,no,NCM retenciones
HCDN115916,"SOLICITAR AL PODER EJECUTIVO DISPONGA REGULAR LAS ACTIVIDADES VINCULADAS A LAS PLANTAS FRIGORIFICAS PECUARIAS, TENDIENTE A DINAMIZAR EL ABASTECIMIENTO DE CARNES Y GARANTIZAR LA SEGURIDAD ALIMENTARIA JURISDICCIONAL.",2010-05-14T00:00:00,2010,DECLARACION,"VILARIÑO, JOSE ANTONIO",false,ninguno,,,,corpus,no,
HCDN116081,"EXPRESAR BENEPLACITO POR EL PROYECTO ""DESARROLLO DE UN PRODUCTO FITOSANITARIO ECOLOGICO DE BAJO COSTO A BASE DE DIATOMEAS RIONEGRINAS PARA MEJORAR LA COMPETITIVIDAD Y CALIDAD DE PRODUCTOS FRUTIHORTICOLAS"".",2010-05-18T00:00:00,2010,RESOLUCION,"CASTAÑON, HUGO",false,ninguno,,,,corpus,no,
HCDN116114,"EXPRESAR PREOCUPACION POR LA DECISION DE LA COMISION DE ASUNTOS EUROPEOS DE LA ASAMBLEA NACIONAL DE FRANCIA DE EXPRESAR UNA ""OPINION DESFAVORABLE"" RESPECTO AL DESCONGELAMIENTO DE LAS NEGOCIACIONES ENTRE LA UNION EUROPEA Y LOS PAISES MIEMBROS DEL MERCOSUR PARA LA CONCLUSION DE UN ACUERDO DE LIBRE COMERCIO.",2010-05-19T00:00:00,2010,DECLARACION,"URLICH, CARLOS",true,A,acuerdo_ue_mercosur,pro_liberalizacion,explicita,corpus,no,Francia traba negociaciones UE-Mercosur
HCDN116173,PEDIDO DE INFORMES AL PODER EJECUTIVO SOBRE LAS PROVINCIAS QUE PRESENTARON PROYECTOS EN EL MARCO DEL PROGRAMA EXPERIMENTAL DE MANEJO Y CONSERVACION DE BOSQUES NATIVOS.,2010-05-20T00:00:00,2010,RESOLUCION,"DAHER, ZULEMA BEATRIZ",true,D,eudr_trazabilidad_forestal,administrativa_neutra,relacionada,corpus,si,programa bosques nativos
HCDN116344,"COMUNICACION DEL DECRETO 646/10 POR EL CUAL SE ADOPTAN LA DISPOSICIONES DE LA DIRECTIVA 17 DEL 4 DE SETIEMBRE DE 2009 DE LA COMISION DE COMERCIO DEL MERCOSUR (CCM), SOBRE TRATAMIENTO ARANCELARIO PARA LA IMPORTACION DE PLANCHAS DE FOTOPOLIMEROS.",2010-05-26T00:00:00,2010,MENSAJE,"FERNANDEZ, ANIBAL DOMINGO",true,C,mercosur_institucional,administrativa_neutra,relacionada,corpus,no,directiva CCM
HCDN116345,"COMUNICACION DEL DECRETO 656/10 POR EL CUAL SE ADOPTAN LAS DISPOSICIONES DE LA DIRECTIVA 16 DEL 4 DE SETIEMBRE DE 2009 DE LA COMISION DE COMERCIO DEL MERCOSUR (CCM), SOBRE TRATAMIENTO ARANCELARIO PARA LA IMPORTACION DE ACETATO DE VINILO.",2010-05-26T00:00:00,2010,MENSAJE,"FERNANDEZ, ANIBAL DOMINGO",true,C,mercosur_institucional,administrativa_neutra,relacionada,corpus,no,directiva CCM
HCDN116482,"SOLICITAR AL PODER EJECUTIVO DISPONGA ABSTENERSE DE REALIZAR PRACTICAS UNILATERALES DE RESTRICCION COMERCIAL A PRODUCTOS PROVENIENTES DE LA ""UNION EUROPEA"" Y DE PAISES ""MIEMBROS DEL MERCADO COMUN DEL SUR"".",2010-05-28T00:00:00,2010,RESOLUCION,"MICHETTI, MARTA GABRIELA",true,B,comercio_ue_sectorial,pro_liberalizacion,relacionada,corpus,si,contra restricciones a importaciones UE y Mercosur; dominio mixto
HCDN116609,"PEDIDO DE INFORMES AL PODER EJECUTIVO SOBRE LA EXISTENCIA DE PUERTOS EN PAISES MIEMBROS DEL MERCOSUR DESDE LOS QUE HAYAN PARTIDO BUQUES A LAS ISLAS MALVINAS, GEORGIAS Y SANDWICH DEL SUR.",2010-06-01T00:00:00,2010,RESOLUCION,"FADUL, LILIANA",true,C,mercosur_institucional,administrativa_neutra,relacionada,corpus,si,puertos del bloque y Malvinas (familia kelper)
HCDN116670,"COMUNICACION DEL DECRETO 688/10, POR EL CUAL SE ADOPTAN DISPOSICIONES DE LA DIRECTIVA 14 DEL 4 DE SEPTIEMBRE DE 2009 DE LA COMISION DE COMERCIO DEL MERCOSUR, SOBRE TRATAMIENTO ARANCELARIO PARA LA IMPORTACION DE ARPILLERA DE YUTE.",2010-06-01T00:00:00,2010,MENSAJE,"FERNANDEZ, ANIBAL DOMINGO",true,C,mercosur_institucional,administrativa_neutra,relacionada,corpus,no,directiva CCM
HCDN116671,"COMUNICACION DEL DECRETO 687/10 POR EL CUAL SE ADOPTAN LAS DISPOSICIONES DE LA DIRECTIVA 24 DEL 19 DE NOVIEMBRE DE 2009 DE LA COMISION DE COMERCIO DEL MERCOSUR - CCM, SOBRE TRATAMIENTO ARANCELARIO PARA LA IMPORTACION DE AISLANTE DE RESINA EPOXI Y FIBRA DE VIDRIO, PARA CIRCUITOS IMPRESOS.",2010-06-01T00:00:00,2010,MENSAJE,"FERNANDEZ, ANIBAL DOMINGO",true,C,mercosur_institucional,administrativa_neutra,relacionada,corpus,no,directiva CCM
HCDN116794,"DECLARAR DE INTERES DE LA H. CAMARA LAS ACTIVIDADES DE LA ""COMISION DE ORDENAMIENTO TERRITORIAL DE BOSQUES NACIONALES - COTBN - "" EN LA PROVINCIA DE CORDOBA, CON EL OBJETO DE PRESERVAR LOS BOSQUES NATIVOS ANTE EL AVANCE INMOBILIARIO.",2010-06-07T00:00:00,2010,RESOLUCION,"MERCHAN, PAULA CECILIA",true,D,eudr_trazabilidad_forestal,administrativa_neutra,relacionada,corpus,si,OTBN Cordoba
HCDN116795,"EXPRESAR PREOCUPACION POR LA SITUACION QUE ATRAVIESA LA PROVINCIA DE CORDOBA, POR NO ADHERIR A LA LEY 26331 DE ""PRESUPUESTOS MINIMOS DE PROTECCION AMBIENTAL DE LOS BOSQUES NATIVOS""",2010-06-07T00:00:00,2010,RESOLUCION,"MERCHAN, PAULA CECILIA",true,D,eudr_trazabilidad_forestal,administrativa_neutra,relacionada,corpus,si,no adhesion a 26331
HCDN116799,"COMUNICACION DEL DECRETO 608/2010, POR EL CUAL SE INCORPORAN DIVERSAS REFERENCIAS EN EL ANEXO IX DEL DECRETO 509/2007 (AJUSTE DE LA LISTA ARGENTINA DE EXCEPCIONES AL ARANCEL EXTERNO COMUN DEL MERCOSUR).",2010-06-07T00:00:00,2010,MENSAJE,"FERNANDEZ, ANIBAL DOMINGO",true,C,mercosur_institucional,administrativa_neutra,relacionada,corpus,no,excepciones al AEC (regla 5)
HCDN117188,"COMUNICACION DEL DECRETO 743/10, POR EL CUAL SE ADOPTAN LAS DISPOSICIONES DE LA RESOLUCION 30 DE FECHA 18 DE SEPTIEMBRE DE 2008 DEL GRUPO MERCADO COMUN, SOBRE MODIFICACION DE LA NOMENCLATURA COMUN DEL MERCOSUR Y SU CORRESPONDIENTE ARANCEL EXTERNO COMUN.",2010-06-14T00:00:00,2010,MENSAJE,"FERNANDEZ DE KIRCHNER, CRISTINA",true,C,mercosur_institucional,administrativa_neutra,relacionada,corpus,no,GMC NCM y AEC
HCDN117183,"COMUNICACION DEL DECRETO 761/10 POR EL CUAL SE SUSTITUYE EN EL ANEXO XIV DEL DECRETO 509/07 Y SUS MODIFICACIONES, LA POSICION ARANCELARIA DE LA NOMENCLATURA COMUN DEL MERCOSUR, N.C.M. - 1517.90.10, REFERENCIA - 9 - Y EL DERECHO DE EXPORTACION.",2010-06-15T00:00:00,2010,MENSAJE,"FERNANDEZ, ANIBAL DOMINGO",true,C,mercosur_institucional,administrativa_neutra,relacionada,corpus,si,anexo 509/07 mixto AEC/retencion
HCDN117231,"PEDIDO DE INFORMES AL PODER EJECUTIVO SOBRE LA APLICACION DE LA LEY 26093, DE REGIMEN DE PROMOCION PARA LA PRODUCCION Y USO SUSTENTABLE DE BIOCOMBUSTIBLES.",2010-06-16T00:00:00,2010,RESOLUCION,"MERLO, MARIO RAUL",false,ninguno,,,,corpus,no,
HCDN117289,PROHIBICION DE LA EXPORTACION DE CARNE DE PESCADO DE ESPECIE DE AGUA DULCE.,2010-06-17T00:00:00,2010,LEY,"PORTELA, AGUSTIN ALBERTO",false,ninguno,,,,corpus,no,carne de pescado domestico
HCDN117359,EXPRESAR BENEPLACITO POR LA CREACION DEL FORO DE LEGISLADORES REGIONALES Y LOCALES DEL MERCOSUR APROBADO EN LA XXIV SESION ORDINARIA DEL PARLAMENTO DEL MERCOSUR.,2010-06-22T00:00:00,2010,RESOLUCION,"CHIENO, MARIA ELENA PETRONA",true,C,mercosur_institucional,administrativa_neutra,relacionada,corpus,no,foro aprobado en Parlasur
HCDN117421,"EXPRESAR BENEPLACITO POR LA ACTUACION DE ALUMNOS DE LA ESCUELA ""ORT"" DE BELGRANO, CIUDAD AUTONOMA DE BUENOS AIRES, AL OBTENER EL PREMIO AL MEJOR EQUIPO DEL MERCOSUR EN EL CONCURSO ""TIC AMERICAS"", REALIZADO EN LIMA, PERU.",2010-06-23T00:00:00,2010,RESOLUCION,"BIANCHI, IVANA MARIA",false,ninguno,,,,corpus,no,premio nombre
HCDN117441,"DECLARAR DE INTERES DE LA H. CAMARA EL XVIII CONGRESO MUNDIAL DE LA CARNE, A REALIZARSE DEL 26 AL 29 DE SEPTIEMBRE DE 2010 EN LA CIUDAD AUTONOMA DE BUENOS AIRES.",2010-06-23T00:00:00,2010,DECLARACION,"CASAÑAS, JUAN FRANCISCO",false,ninguno,,,,corpus,no,evento
HCDN117459,"COMUNICACION DEL DECRETO 805/10 POR EL CUAL SE ADOPTAN LAS DISPOSICIONES DE LA DIRECTIVA 12 DEL 21 DE JULIO DE 2009 Y DE SU CORRESPONDIENTE FE DE ERRATAS, SOBRE TRATAMIENTO ARANCELARIO PARA LA IMPORTACION DE LAS HOJAS DE ALUMINIO PARA FABRICACION DE CAPACITORES.",2010-06-23T00:00:00,2010,MENSAJE,"FERNANDEZ DE KIRCHNER, CRISTINA",true,C,mercosur_institucional,administrativa_neutra,relacionada,corpus,no,directiva CCM
HCDN117694,REGIMEN DISTRIBUTIVO PARA EL CUPO TARIFARIO DE CORTES ENFRIADOS VACUNOS SIN HUESO DE ALTA CALIDAD ASIGNADOS ANUALMENTE POR LA UNION EUROPEA Y PARA CUALQUIER OTRO CUPO TARIFARIO DE EXPORTACION,2010-06-30T00:00:00,2010,LEY,"ALONSO, GUMERSINDO FEDERICO",true,B,comercio_ue_sectorial,administrativa_neutra,relacionada,corpus,no,cupo UE regimen distributivo
HCDN117708,PEDIDO DE INFORMES AL PODER EJECUTIVO SOBRE LOS MOTIVOS POR LOS CUALES SE INCUMPLIO CON EL ENVIO DE LA CUOTA HILTON PARA EL PERIODO 2009-2010.,2010-06-30T00:00:00,2010,RESOLUCION,"GRIBAUDO, CHRISTIAN ALEJANDRO",true,B,comercio_ue_sectorial,administrativa_neutra,relacionada,corpus,no,
HCDN117796,"DECLARAR DE INTERES DE LA HONORABLE CAMARA EL ""CONGRESO DE LA ECONOMIA SOCIAL DEL MERCOSUR"", A REALIZARSE DEL 22 AL 24 DE JULIO DE 2010 EN LA PROVINCIA DE FORMOSA.",2010-07-02T00:00:00,2010,DECLARACION,"FERNANDEZ BASUALDO, LUIS MARIA",false,ninguno,,,,corpus,no,congreso
HCDN117817,PEDIDO DE INFORMES AL PODER EJECUTIVO SOBRE DIVERSAS CUESTIONES RELACIONADAS CON EL REGISTRO DE OPERADORES DE CARNE DE LA OFICINA NACIONAL DE CONTROL COMERCIAL AGROPECUARIO -ONCCA-.,2010-07-05T00:00:00,2010,RESOLUCION,"MARTINEZ, JULIO CESAR",false,ninguno,,,,corpus,no,registro ONCCA
HCDN117932,EMISION DE UN CARNE UNICO DE TRANSPORTE GRATUITO PARA UTILIZACION POR PERSONAS CON DISCAPACIDAD (REPRODUCCION DEL EXPEDIENTE 2149-D-08).,2010-07-07T00:00:00,2010,LEY,"MOLAS, PEDRO OMAR",false,ninguno,,,,corpus,no,carne = carnet
HCDN117943,"DERECHOS DE EXPORTACION APLICABLE A LAS DISTINTAS VARIEDADES DE SOJA COMPRENDIDAS EN LAS POSICIONES ARANCELARIAS DE LA ""NOMENCLATURA COMUN DEL MERCOSUR -NCM-"".",2010-07-08T00:00:00,2010,LEY,"ARENA, CELIA ISABEL",false,ninguno,,,,corpus,no,NCM soja
HCDN117984,"DECLARAR DE INTERES DE LA H. CAMARA EL ENCUENTRO EDUCATIVO - CULTURAL DEL MERCOSUR, PAISES ASOCIADOS E INVITADOS ""V FERIA DE CIENCIA, CULTURA E INNOVACION TECNOLOGICA"", A REALIZARSE DEL 20 AL 24 DE SEPTIEMBRE DE 2010 EN LA CIUDAD DE POSADAS, PROVINCIA DE MISIONES.",2010-07-08T00:00:00,2010,RESOLUCION,"LEVERBERG, STELLA MARIS",false,ninguno,,,,corpus,no,feria
HCDN118041,"CREACION DEL FONDO NACIONAL CITRICOLA PARA LAS PROVINCIAS DE ENTRE RIOS, CORRIENTES, MISIONES, BUENOS AIRES, FORMOSA, CHACO, SANTA FE, TUCUMAN, SALTA, JUJUY, CATAMARCA, SANTIAGO DEL ESTERO Y LA RIOJA",2010-07-08T00:00:00,2010,LEY,"CHIENO, MARIA ELENA PETRONA",false,ninguno,,,,corpus,no,
HCDN118138,"REGIMEN DE COMERCIALIZACION DE LOS COMBUSTIBLES LIQUIDOS Y GASEOSOS, INCLUYENDO LOS DERIVADOS DEL PETROLEO, DEL GAS NATURAL Y TAMBIEN AL BIODIESEL, BIOETANOL Y AL HIDROGENO; DEROGACION DE LOS DECRETOS PEN 180/04 Y 181/04 Y NORMAS COMPLEMENTARIAS DE LOS MISMOS, EN TODOS LOS ASPECTOS REFERIDOS AL GNC Y A SU EXPENDIO.",2010-07-13T00:00:00,2010,LEY,"SOLANAS, FERNANDO EZEQUIEL",false,ninguno,,,,corpus,no,
HCDN118171,PEDIDO DE INFORMES AL PODER EJECUTIVO SOBRE DIVERSAS CUESTIONES RELACIONADAS CON EL FONDO NACIONAL PARA EL ENRIQUECIMIENTO Y LA CONSERVACION DE LOS BOSQUES NATIVOS.,2010-07-13T00:00:00,2010,RESOLUCION,"DAHER, ZULEMA BEATRIZ",true,D,eudr_trazabilidad_forestal,administrativa_neutra,relacionada,corpus,si,fondo bosques nativos
HCDN118245,"DECLARAR DE INTERES DE LA HONORABLE CAMARA DE DIPUTADOS DE LA NACION EL V CERTAMEN DE FORMACION EN VALORES EN EL MERCOSUR EDUCATIVO 2009 ""MANOS JOVENES ESCRIBEN EN GRANDE"", A REALIZARSE EL DIA 30 DE AGOSTO DE 2010 EN LA CIUDAD AUTONOMA DE BUENOS AIRES.",2010-07-14T00:00:00,2010,DECLARACION,"FERNANDEZ BASUALDO, LUIS MARIA",true,C,mercosur_simbolico,administrativa_neutra,relacionada,corpus,si,certamen Mercosur Educativo
HCDN118291,"INTERPELACION AL SEÑOR SECRETARIO DE COMERCIO INTERIOR, GUILLERMO MORENO, SOBRE EL CIERRE DE EXPORTACIONES DE CARNE VACUNA Y LA SITUACION ACTUAL DE LA INDUSTRIA FRIGORIFICA.",2010-07-15T00:00:00,2010,RESOLUCION,"GRIBAUDO, CHRISTIAN ALEJANDRO",false,ninguno,,,,corpus,si,interpelacion Moreno export carne (sonda)
HCDN118292,"INTERPELACION AL SEÑOR MINISTRO DE ECONOMIA, AMADO BOUDOU, Y AL SECRETARIO DE COMERCIO INTERIOR, GUILLERMO MORENO, SOBRE EL CIERRE DE EXPORTACIONES DE CARNE VACUNA Y LA SITUACION ACTUAL DE LA INDUSTRIA FRIGORIFICA.",2010-07-15T00:00:00,2010,RESOLUCION,"GRIBAUDO, CHRISTIAN ALEJANDRO",false,ninguno,,,,corpus,si,interpelacion Boudou/Moreno (sonda)
HCDN118333,"ELIMINACION DE LOS DERECHOS DE EXPORTACION PARA DETERMINADOS PRODUCTOS Y REDUCCION PARA LA SOJA Y SUBPRODUCTOS Y PRODUCTOS DE CARNE VACUNA; SUSTITUCION DEL ARTICULO 754 DEL CODIGO ADUANERO, LEY 22415 Y MODIFICATORIAS; DEROGACION DE LOS ARTICULOS, 749, 755 Y 756 DEL CODIGO ADUANERO, LEY 22415, COMO ASIMISMO LAS DEMAS NORMAS COMPLEMENTARIAS Y DECRETOS O RESOLUCIONES DEL PODER EJECUTIVO NACIONAL DICTADAS EN VIRTUD DE LAS MISMAS.",2010-07-16T00:00:00,2010,LEY,"CASAÑAS, JUAN FRANCISCO",false,ninguno,,,,corpus,no,retenciones Codigo Aduanero
HCDN118366,"EXPRESAR BENEPLACITO POR EL RECIENTE FALLO DEL TRIBUNAL EUROPEO DE DERECHOS HUMANOS, EN LA CAUSA HORST MICHAEL SCHALK Y JOHANN FRANZ KOPF CONTRA AUSTRIA, SENTENCIANDO QUE LOS PAISES DE LA UNION EUROPEA QUE NO PERMITAN EL MATRIMONIO DE PERSONAS DEL MISMO SEXO.",2010-07-16T00:00:00,2010,DECLARACION,"HOTTON, CYNTHIA LILIANA",false,ninguno,,,,corpus,no,TEDH sin eje comercial
HCDN118427,"EXPRESAR ADHESION A LA RESOLUCION 24/2010 DEL MINISTERIO DE AGRICULTURA Y PESCA POR LA CUAL PERMITE EL OTORGAMIENTO DE SUBSIDIO A LINEAS DE CREDITO, COMO PARTE DE LA IMPLEMENTACION DEL ""PLAN FEDERAL DEL BICENTENARIO DE GANADOS Y CARNES"".",2010-07-21T00:00:00,2010,DECLARACION,"PERIE, HUGO RUBEN",false,ninguno,,,,corpus,no,
HCDN118478,"PEDIDO DE INFORMES AL PODER EJECUTIVO SOBRE DIVERSAS CUESTIONES RELACIONADAS CON LA APLICACION EN LA LEY 26331, DE PRESUPUESTOS MINIMOS DE PROTECCION AMBIENTAL DE LOS BOSQUES NATIVOS.",2010-07-28T00:00:00,2010,RESOLUCION,"GARCIA, SUSANA ROSA",true,D,eudr_trazabilidad_forestal,administrativa_neutra,relacionada,corpus,si,OTBN 26331
HCDN118523,REGIMEN ELECTORAL PARA ELECCION DIRECTA DE PARLAMENTARIOS DEL MERCOSUR; INCORPORACION DE DOCE ARTICULOS COMO TEXTO DE LA LEY 19945 DE CODIGO ELECTORAL NACIONAL Y MODIFICATORIAS AL TITULO VII DEL CAPITULO IV.,2010-08-03T00:00:00,2010,LEY,"IGLESIAS, FERNANDO ADOLFO",true,C,mercosur_institucional,administrativa_neutra,relacionada,corpus,no,eleccion Parlasur
HCDN118703,"ELIMINACION DE LOS DERECHOS DE EXPORTACION PARA LAS CARNES PORCINAS, OVINAS, CAPRINAS, DE AVES, DE CABALLO PROCESADO, BOVINA PROCESADA, TOCINOS, GRASAS, CARNES SALADAS Y AHUMADAS.",2010-08-04T00:00:00,2010,LEY,"ALONSO, GUMERSINDO FEDERICO",false,ninguno,,,,corpus,no,retenciones carnes
HCDN118756,"DECLARAR DE INTERES DE LA CAMARA LA XXXIX CUMBRE DEL MERCOSUR, LOS DIAS 2 Y 3 DE AGOSTO DE 2010 EN LA PROVINCIA DE SAN JUAN.",2010-08-06T00:00:00,2010,RESOLUCION,"FERRA DE BARTOL, MARGARITA",true,C,mercosur_institucional,administrativa_neutra,relacionada,corpus,no,cumbre oficial
HCDN119631,EXPRESAR BENEPLACITO POR LA EMPRESA OIL - FOX QUE LOGRO INAUGURAR SU PLANTA DE PRODUCCION DE BIODIESEL A PARTIR DE ALGAS PARA ABASTECER EL MERCADO INTERNO.,2010-08-08T00:00:00,2010,RESOLUCION,"BIANCHI, IVANA MARIA",false,ninguno,,,,corpus,no,
HCDN119632,EXPRESAR BENEPLACITO A UN EQUIPO DE ESPECIALISTAS DE LA UNIVERSIDAD NACIONAL DE CUYO POR LA INAUGURACION DE UN LABORATORIO PARA EXTRAER BIOCOMBUSTIBLES DE ALGAS.,2010-08-08T00:00:00,2010,RESOLUCION,"BIANCHI, IVANA MARIA",false,ninguno,,,,corpus,no,
HCDN118788,SOLICITAR AL PODER EJECUTIVO DISPONGA LAS MEDIDAS NECESARIAS PARA UNIFICAR LA EXPEDICION DE UN CARNET UNICO E INTRANSFERIBLE PARA PERSONAS CON DISCAPACIDAD EN TODO EL PAIS.,2010-08-09T00:00:00,2010,RESOLUCION,"MERCHAN, PAULA CECILIA",false,ninguno,,,,corpus,no,carnet discapacidad
HCDN118940,"DECLARAR DE INTERES DE LA CAMARA EL ""I ENCUENTRO DE MUSEOS UNIVERSITARIOS DEL MERCOSUR"", A REALIZARSE DEL 4 AL 6 DE OCTUBRE DE 2010 EN LA CIUDAD CAPITAL DE LA PROVINCIA DE SANTA FE.",2010-08-12T00:00:00,2010,RESOLUCION,"BARRIOS, MIGUEL ANGEL",false,ninguno,,,,corpus,no,evento
HCDN119114,EMISION DE UN CARNE UNICO DE TRANSPORTE GRATUITO PARA UTILIZACION POR PERSONAS CON DISCAPACIDAD (REPRODUCCION DEL EXPEDIENTE 2149-D-08).,2010-08-23T00:00:00,2010,LEY,"BELOUS, NELIDA",false,ninguno,,,,corpus,no,carne = carnet
HCDN119191,"DECLARAR DE INTERES DE LA H. CAMARA EL ""I CONGRESO INTERNACIONAL DE DERECHO ADUANERO DEL MERCOSUR: EL PROYECTO DE CODIGO ADUANERO DEL MERCOSUR"", A REALIZARSE LOS DIAS 26 Y 27 DE AGOSTO DE 2010 EN LA CIUDAD AUTONOMA DE BUENOS AIRES.",2010-08-24T00:00:00,2010,RESOLUCION,"BIANCHI, IVANA MARIA",false,ninguno,,,,corpus,no,congreso academico sobre Codigo Aduanero (regla 3)
HCDN119278,DECLARAR DE INTERES DE LA HONORABLE CAMARA DE DIPUTADOS DE LA NACION EL PROYECTO DE RECONVERSION DEL PUERTO DE SANTA FE DE CARA A SU POSICIONAMIENTO COMO NODO ESTRATEGICO DEL MERCOSUR.,2010-08-26T00:00:00,2010,RESOLUCION,"BARRIOS, MIGUEL ANGEL",false,ninguno,,,,corpus,si,puerto local como nodo del Mercosur (frontera)
HCDN119290,"EXPRESAR BENEPLACITO POR LA INICIATIVA DE LA RED PUNA CONJUNTAMENTE CON EL INSTITUTO DE INVESTIGACION PARA LA AGRICULTURA FAMILIAR DEL NOROESTE ARGENTINO (INTA-IPAFNOA) Y EL CENTRO INTI-CARNES, PARA EL DESARROLLO Y MANUFACTURA DE PRODUCTOS CARNICOS DERIVADOS DE LA LLAMA.",2010-08-26T00:00:00,2010,RESOLUCION,"VILARIÑO, JOSE ANTONIO",false,ninguno,,,,corpus,no,
HCDN119291,"DECLARAR DE INTERES DE LA HONORABLE CAMARA DE DIPUTADOS DE LA NACION EL III ENCUENTRO INTERNACIONAL DE ESCRITORES Y III ENCUENTRO REGIONAL DE ESCRITORES DEL MERCOSUR, A REALIZARSE EN GUALEGUAYCHU, PROVINCIA DE ENTRE RIOS, LOS DIAS 18 Y 19 DE SEPTIEMBRE DE 2010.",2010-08-26T00:00:00,2010,RESOLUCION,"BENEDETTI, ATILIO FRANCISCO SALVADOR",false,ninguno,,,,corpus,no,evento
HCDN119348,"EXPRESAR BENEPLACITO POR LA AMPLIACION DE LOS NUEVOS CUPOS DE LA CUOTA HILTON CON DESTINO A LA UNION EUROPEA, ASIGNADOS PARA EL PERIODO 2010-2011 EN LA PROVINCIA DEL CHACO.",2010-08-27T00:00:00,2010,DECLARACION,"DAMILANO GRIVARELLO, VIVIANA MONICA",true,B,comercio_ue_sectorial,pro_liberalizacion,relacionada,corpus,no,ampliacion cupos Hilton
HCDN119386,"DECLARAR DE INTERES DE LA HONORABLE CAMARA DE DIPUTADOS DE LA NACION EL CURSO ""HACIA UN NUEVO SISTEMA DE GANADOS Y CARNES: EL HOMBRE EN LA BUSQUEDA DE UN NUEVO NEGOCIO DE EQUILIBRIO ENTRE LA PRODUCCION, EL BIENESTAR Y EL AMBIENTE"" QUE SE INICIARA EN EL MES SEPTIEMBRE DE 2010 EN LA CIUDAD AUTONOMA DE BUENOS AIRES.",2010-08-31T00:00:00,2010,RESOLUCION,"MARTINEZ, JULIO CESAR",false,ninguno,,,,corpus,no,curso
HCDN119548,"EXPRESAR BENEPLACITO POR EL MAYOR VOLUMEN DE PRODUCCION Y CALIDAD, OBTENIDO EN LA CAMPAÑA CITRICOLA 2010, EN EL MARCO DE APLICACION DEL PROGRAMA NACIONAL DE SANIDAD CITRICOLA.",2010-09-06T00:00:00,2010,RESOLUCION,"DIAZ, SUSANA ELADIA",false,ninguno,,,,corpus,no,
HCDN119669,"DECLARAR DE INTERES DE LA H. CAMARA EL ""18 CONGRESO MUNDIAL DE CARNE"" A REALIZARSE LOS DIAS 26 AL 29 DE SEPTIEMBRE DE 2010, EN LA CIUDAD AUTONOMA DE BUENOS AIRES.",2010-09-08T00:00:00,2010,DECLARACION,"BIANCHI, IVANA MARIA",false,ninguno,,,,corpus,no,evento
HCDN119710,"DECLARAR DE INTERES DE LA H. CAMARA EL ""IV SEMINARIO INTERNACIONAL INTEGRACION DE LA CADENA DE VALOR DE LA CARNE BOVINA. HACIA UNA NUEVA GANADERIA"", QUE SE REALIZARA DEL 21 AL 25 DE SEPTIEMBRE DE 2010 EN LA CIUDAD AUTONOMA DE BUENOS AIRES.",2010-09-09T00:00:00,2010,RESOLUCION,"MARTINEZ, JULIO CESAR",false,ninguno,,,,corpus,no,evento
HCDN119711,"DECLARAR DE INTERES DE LA H. CAMARA EL ""XVIII CONGRESO MUNDIAL DE LA CARNE"", A REALIZARSE DEL 26 AL 29 DE SEPTIEMBRE DE 2010 EN LA CIUDAD AUTONOMA DE BUENOS AIRES.",2010-09-09T00:00:00,2010,RESOLUCION,"MARTINEZ, JULIO CESAR",false,ninguno,,,,corpus,no,evento
HCDN119736,"PEDIDO DE INFORMES AL PODER EJECUTIVO SOBRE DIVERSAS CUESTIONES RELACIONADAS CON EL REBROTE DE LA ENFERMEDAD DENOMINADA ""TRIQUINOSIS"", PRODUCIDA POR EL CONSUMO DE CARNES Y CHACINADOS PROVENIENTES DE MATADEROS CLANDESTINOS.",2010-09-10T00:00:00,2010,RESOLUCION,"BULLRICH, PATRICIA",false,ninguno,,,,corpus,no,
HCDN119831,"DECLARAR DE INTERES DE LA H. CAMARA LA 4º JORNADA ""GANADOS Y CARNES PARA LA REGION CENTRO. HACIA UNA GANADERIA DE PRECISION"", A REALIZARSE EL 14 DE SEPTIEMBRE DE 2010 EN LA CIUDAD DE CORDOBA.",2010-09-15T00:00:00,2010,RESOLUCION,"MARTINEZ, JULIO CESAR",false,ninguno,,,,corpus,no,evento
HCDN119860,"PEDIDO DE INFORMES AL PODER EJECUTIVO SOBRE DIVERSAS CUESTIONES RELACIONADAS CON LA PROHIBICION DEL INGRESO, A LA CONFERENCIA DE PRENSA DE MINISTROS DEL MERCOSUR A LA PERIODISTA ELEONORA GOSMAN.",2010-09-16T00:00:00,2010,RESOLUCION,"GIUDICI, SILVANA MYRIAM",false,ninguno,,,,corpus,si,prensa en conferencia del bloque (frontera)
HCDN119870,"EXPRESAR SATISFACCION POR LA APROBACION DEL NUEVO REGLAMENTO DEL FONDO DE CONVERGENCIA DE MERCOSUR - FOCEM - EN LA XXXIX CUMBRE DE JEFES DE ESTADO DE MERCOSUR, CELEBRADO EN LA CIUDAD DE SAN JUAN .",2010-09-16T00:00:00,2010,DECLARACION,"SABBATELLA, MARTIN",true,C,mercosur_institucional,administrativa_neutra,relacionada,corpus,no,FOCEM en cumbre
HCDN119992,"EXPRESAR PREOCUPACION POR LA ENFERMEDAD DENOMINADA HUANG LONG BING - HLB -, QUE AFECTA FUNDAMENTALMENTE A LOS CITRICOS EN LA PROVINCIA DE MISIONES.",2010-09-22T00:00:00,2010,RESOLUCION,"BIANCHI, IVANA MARIA",false,ninguno,,,,corpus,no,HLB sanidad
HCDN120063,"EXPRESAR BENEPLACITO POR LA REALIZACION DEL 18º CONGRESO INTERPROVINCIAL DE ENTIDADES VECINALISTAS, 10º CONGRESO INTERNACIONAL, 6º DEL MERCOSUR Y 3º LATINOAMERICANO A REALIZARSE ENTRE EL 12 Y 14 DE NOVIEMBRE DE 2010 EN LA CIUDAD DE VILLA MARIA, PROVINCIA DE CORDOBA.",2010-09-23T00:00:00,2010,DECLARACION,"BEDANO, NORA ESTHER",false,ninguno,,,,corpus,no,evento
HCDN120081,REGIMEN DE DISTRIBUCION DE CUPOS DE EXPORTACION DE CORTES DE CARNE VACUNAS DE ALTA CALIDAD (CUOTA HILTON).,2010-09-27T00:00:00,2010,LEY,"FERNANDEZ, RODOLFO ALFREDO",true,B,comercio_ue_sectorial,administrativa_neutra,relacionada,corpus,no,cupos Hilton
HCDN120102,DECLARAR DE INTERES DE LA H. CAMARA EL I CONGRESO INTERNACIONAL DE SEGURIDAD SOCIAL DEL MERCOSUR EN EL MARCO DEL BICENTENARIO DE LA REPUBLICA Y EL I PRIMER CONGRESO FEDERAL DE LA SEGURIDAD SOCIAL.,2010-09-27T00:00:00,2010,DECLARACION,"VARGAS AIGNASSE, GERONIMO",false,ninguno,,,,corpus,no,congreso
HCDN120106,REGIMEN DEL SISTEMA ELECTORAL PARA ELECCION DIRECTA DE PARLAMENTARIOS DEL MERCOSUR; MODIFICACION DE LA LEY 19945 (TO 1983) Y MODIFICATORIAS.,2010-09-28T00:00:00,2010,LEY,"WEST, MARIANO FEDERICO",true,C,mercosur_institucional,administrativa_neutra,relacionada,corpus,no,eleccion Parlasur
HCDN120131,"ELECCION DE PARLAMENTARIOS DEL MERCOSUR: MODIFICACION DEL CODIGO ELECTORAL NACIONAL, LEY 19945, Y DE LA LEY 26215, DE FINANCIAMIENTO DE LOS PARTIDOS POLITICOS.",2010-09-29T00:00:00,2010,LEY,"LANDAU, JORGE ALBERTO",true,C,mercosur_institucional,administrativa_neutra,relacionada,corpus,no,eleccion Parlasur
HCDN120138,PEDIDO DE INFORMES AL PODER EJECUTIVO SOBRE DIVERSAS CUESTIONES RELACIONADAS CON LA IMPLEMENTACION DEL PLAN FEDERAL DEL BICENTENARIO DE GANADOS Y CARNES.,2010-09-29T00:00:00,2010,RESOLUCION,"GARCIA, SUSANA ROSA",false,ninguno,,,,corpus,no,
HCDN120162,"EXPRESAR QUE LA H. LEGISLATURA DE LA PROVINCIA DE RIO NEGRO, ANTE EL POSIBLE CORRIMIENTO DE LA BARRERA SANITARIA DEL PARALELO 42 HASTA EL RIO COLORADO, CONSIDERE LA POSIBILIDAD DE LEGISLAR SOBRE LA CREACION DE UN CENTRO DE BIOTECNOLOGIA AGROPECUARIA PARA LA PATAGONIA LIBRE DE AFTOSA SIN VACUNACION.",2010-09-29T00:00:00,2010,DECLARACION,"TUNESSI, JUAN PEDRO",false,ninguno,,,,corpus,si,barrera sanitaria interna (sonda)
HCDN120177,"SOLICITAR AL PODER EJECUTIVO DISPONGA IMPULSAR UN PEDIDO FORMAL ANTE LA ORGANIZACION INTERNACIONAL DE SANIDAD ANIMAL (OIE), PARA QUE DECLARE A LA ZONA DE ALTA VIGILANCIA DE LA FIEBRE AFTOSA UBICADA EN LA FRONTERA NORTE DEL PAIS, COMO LIBRE DE AFTOSA CON VACUNACION.",2010-09-30T00:00:00,2010,RESOLUCION,"BURYAILE, RICARDO",false,ninguno,,,,corpus,si,OIE aftosa (sonda no UE)
HCDN120323,FONDO PARA EL DESARROLLO DEL PEQUEÑO PRODUCTOR CITRICOLA -FODEPEC- DEL NORDESTE ARGENTINO -NEA-. CREACION.,2010-10-06T00:00:00,2010,LEY,"BENEDETTI, ATILIO FRANCISCO SALVADOR",false,ninguno,,,,corpus,no,
HCDN120352,"DECLARAR DE INTERES DE LA HONORABLE CAMARA EL I CONGRESO FEDERAL DE LA SEGURIDAD SOCIAL Y EL I CONGRESO INTERNACIONAL DE SEGURIDAD SOCIAL DEL MERCOSUR EN EL MARCO DEL BICENTENARIO DE LA REPUBLICA, A REALIZARSE DEL 6 AL 8 DE OCTUBRE DE 2010 EN POSADAS, PROVINCIA DE MISIONES.",2010-10-06T00:00:00,2010,DECLARACION,"LEVERBERG, STELLA MARIS",false,ninguno,,,,corpus,no,congreso
HCDN120468,"PRODUCTOS FITOSANITARIOS: REGIMEN PARA SU AUTORIZACION, REGISTRO Y CONTROL; DEROGACION DEL DECRETO LEY 3489/58 Y DE LA LEY 17934.",2010-10-14T00:00:00,2010,LEY,"MARTINEZ, JULIO CESAR",false,ninguno,,,,corpus,si,fitosanitarios registro domestico
HCDN120471,CUOTA HILTON: REGIMEN JURIDICO APLICABLE PARA LA DISTRIBUCION DEL CUPO TARIFARIO DE CORTES ENFRIADOS SIN HUESO DE ALTA CALIDAD.,2010-10-14T00:00:00,2010,LEY,"RIVARA, RAUL ALBERTO",true,B,comercio_ue_sectorial,administrativa_neutra,relacionada,corpus,no,Hilton regimen
HCDN120483,"DECLARAR DE INTERES DE LA H. CAMARA EL ENCUENTRO DEL MERCOSUR AMPLIADO, ""MAQUINARIAS Y HERRAMIENTAS PARA LA AGRICULTURA FAMILIAR"", A REALIZARSE LOS DIAS 21 Y 22 DE OCTUBRE DE 2010 EN EL SOMBRERO, PROVINCIA DE CORRIENTES.",2010-10-14T00:00:00,2010,RESOLUCION,"MARTINEZ, JULIO CESAR",false,ninguno,,,,corpus,no,evento
HCDN120516,"SOLICITAR AL PODER EJECUTIVO DISPONGA LAS MEDIDAS NECESARIAS PARA INCORPORAR CONTENIDOS MINIMOS SOBRE EL ""MERCADO COMUN DEL SUR - MERCOSUR -"", DENTRO DE LA CURRICULA ESCOLAR.",2010-10-15T00:00:00,2010,DECLARACION,"QUIROGA, HORACIO RODOLFO",true,C,mercosur_institucional,administrativa_neutra,relacionada,corpus,si,contenidos Mercosur en curricula
HCDN120625,"COMUNICACION DEL DECRETO 1190/2010 POR EL CUAL SE ADOPTAN LAS DISPOSICIONES DE LA DECISION 28 DEL 7 DE DICIEMBRE DE 2009 DEL CONSEJO DEL MERCADO COMUN, SOBRE MANTENER EXCEPCIONES AL ARANCEL EXTERNO COMUN HASTA 100 ITEMS ARANCELARIOS HASTA EL 31 DE DICIEMBRE DE 2011.",2010-10-19T00:00:00,2010,MENSAJE,"FERNANDEZ, ANIBAL DOMINGO",true,C,mercosur_institucional,administrativa_neutra,relacionada,corpus,no,Decision CMC excepciones AEC
HCDN120583,"DECLARAR DE INTERES DE LA H. CAMARA EL CONGRESO COOPERATIVO DEL ""MERCOSUR"" EN EL MARCO DEL BICENTENARIO - FERIA DE COOPERATIVAS -, A REALIZARSE DEL 4 AL 7 DE NOVIEMBRE DE 2010 EN POSADAS, PROVINCIA DE MISIONES.",2010-10-20T00:00:00,2010,DECLARACION,"LEVERBERG, STELLA MARIS",false,ninguno,,,,corpus,no,feria
HCDN120672,"EXPRESAR BENEPLACITO POR LA ENTREGA DE OVEJAS Y CARNEROS A VARIOS MUNICIPIOS CHAQUEÑOS, QUE EFECTIVIZO EL GOBIERNO PROVINCIAL.",2010-10-21T00:00:00,2010,DECLARACION,"DAMILANO GRIVARELLO, VIVIANA MONICA",false,ninguno,,,,corpus,no,carneros
HCDN120686,EXPRESAR PREOCUPACION POR EL AUMENTO DEL PRECIO DE LA CARNE VACUNA.,2010-10-21T00:00:00,2010,DECLARACION,"MARTINEZ, JULIO CESAR",false,ninguno,,,,corpus,no,precio carne
HCDN120975,"DECLARAR DE INTERES DE LA H. CAMARA EL XVI CONGRESO LATINOAMERICANO DE FOLKLORE DEL MERCOSUR Y LAS XX JORNADAS NACIONALES DE FOLKLORE ""DEL ATLANTICO AL PACIFICO"", A REALIZARSE ENTRE EL 9 Y 12 DE NOVIEMBRE DE 2010 EN LA CIUDAD AUTONOMA DE BUENOS AIRES.",2010-11-09T00:00:00,2010,RESOLUCION,"GUZMAN, OLGA ELIZABETH",false,ninguno,,,,corpus,no,folklore
HCDN121019,"EXPRESAR BENEPLACITO POR EL HERMANAMIENTO DE LA REGION DEL CORAZON DEL MERCOSUR, TENIENDO COMO ACTORES LAS CIUDADES DE GOBERNADOR VIRASORO - CORRIENTES - ARGENTINA - Y LA CIUDAD DE FEDERICO WESTPHALEN - RIO GRANDE DO SUL BRASIL -.",2010-11-10T00:00:00,2010,RESOLUCION,"FERNANDEZ, RODOLFO ALFREDO",false,ninguno,,,,corpus,no,hermanamiento protocolar
HCDN121384,"PEDIDO DE INFORMES VERBALES AL SECRETARIO DE AMBIENTE Y DESARROLLO SUSTENTABLE DE LA NACION, SOBRE EL RESULTADO DEL ANALISIS DE CONSISTENCIA DEL ORDENAMIENTO TERRITORIAL DE LOS BOSQUES NATIVOS EN LA PROVINCIA DE FORMOSA.",2010-11-19T00:00:00,2010,RESOLUCION,"BONASSO, MIGUEL LUIS",true,D,eudr_trazabilidad_forestal,administrativa_neutra,relacionada,corpus,si,OTBN Formosa
HCDN121511,EXPRESAR BENEPLACITO POR LA PRIMERA REUNION DE DIRECTORES DE RADIOS PUBLICAS DEL MERCOSUR Y PAISES ASOCIADOS REALIZADA ENTRE EL 18 Y 20 DE NOVIEMBRE DE 2010 EN LA CIUDAD AUTONOMA DE BUENOS AIRES.,2010-11-23T00:00:00,2010,DECLARACION,"LEVERBERG, STELLA MARIS",false,ninguno,,,,corpus,si,radios publicas del bloque (frontera oficialidad)
HCDN121849,"PRESUPUESTOS MINIMOS AMBIENTALES PARA LA PROTECCION DE LOS BOSQUES NATIVOS, LEY 26331: MODIFICACION SOBRE DISTRIBUCION DEL FONDO NACIONAL PARA LA CONSERVACION DE LOS BOSQUES NATIVOS.",2010-11-26T00:00:00,2010,LEY,"TORFE, MONICA LILIANA",true,D,eudr_trazabilidad_forestal,administrativa_neutra,relacionada,corpus,si,fondo 26331
HCDN123502,PEDIDO DE INFORMES AL PODER EJECUTIVO SOBRE DIVERSAS CUESTIONES RELACIONADAS CON EL FONDO NACIONAL PARA EL ENRIQUECIMIENTO Y LA CONSERVACION DE LOS BOSQUES NATIVOS.,2011-02-02T00:00:00,2011,RESOLUCION,"DAHER, ZULEMA BEATRIZ",true,D,eudr_trazabilidad_forestal,administrativa_neutra,relacionada,corpus,si,fondo bosques
HCDN124596,DESTRUCCION O DEGRADACION DE BOSQUE NATIVO; CORTE DE ARBOL: REGIMEN SANCIONATORIO; MODIFICACION DEL ARTICULO 186 INCISO 2 B) DEL CODIGO PENAL (INCENDIOS Y OTROS ESTRAGOS) (REPRODUCCION DEL EXPEDIENTE 3299-D-09).,2011-03-02T00:00:00,2011,LEY,"LEVERBERG, STELLA MARIS",true,D,eudr_trazabilidad_forestal,administrativa_neutra,relacionada,corpus,si,sancion penal desmonte
HCDN124683,"DECLARAR DE INTERES DE LA HONORABLE CAMARA DE DIPUTADOS DE LA NACION EL ""II SEMINARIO DE GANADERIA DEL NORESTE ARGENTINO, I DEL MERCOSUR Y I EXPOSICION SOBRE PRODUCCION DE FORRAJES CONSERVADOS"", A REALIZARSE DEL 17 AL 19 DE MARZO DE 2011 EN LA CIUDAD CAPITAL DE LA PROVINCIA DE FORMOSA.",2011-03-02T00:00:00,2011,RESOLUCION,"LEVERBERG, STELLA MARIS",false,ninguno,,,,corpus,no,seminario
HCDN125314,"PEDIDO DE INFORMES AL PODER EJECUTIVO SOBRE LAS MEDIDAS ADOPTADAS A FIN DE REGULARIZAR LAS SITUACIONES OBSERVADAS POR LA AUDITORIA GENERAL DE LA NACION (0101-OV-10 Y 0275-OV-10) EN SU EXAMEN REFERIDO A LOS ESTADOS FINANCIEROS AL 31/12/09 CORRESPONDIENTES AL PROYECTO PNUD ARG/08/008, BOSQUES NATIVOS Y BIODIVERSIDAD Y PROYECTO DE MANEJO SUSTENTABLE DE LOS RECURSOS NATURALES, CONTRATO DE PRESTAMO 7520 AR-BIRF.",2011-03-02T00:00:00,2011,RESOLUCION,PARLAMENTARIA MIXTA REVISORA DE CUENTAS,false,ninguno,,,,corpus,no,auditoria contable bosques
HCDN124838,"CARNE BOVINA: ELIMINACION DE RESTRICCIONES A LA COMERCIALIZACION, PRODUCCION, EXPORTACION Y DE CONTROL DE LOS PRECIOS INTERNOS.",2011-03-03T00:00:00,2011,LEY,"GRIBAUDO, CHRISTIAN ALEJANDRO",false,ninguno,,,,corpus,si,restricciones export carne (sonda)
HCDN124864,SUSPENSION DE LOS EFECTOS DE LA LEY 26192 DE APROBACION DEL PROTOCOLO DE ADHESION DE LA REPUBLICA BOLIVARIANA DE VENEZUELA AL MERCOSUR (REPRODUCCION DEL EXPEDIENTE 2692-D-09).,2011-03-03T00:00:00,2011,LEY,"PINEDO, FEDERICO",true,C,mercosur_institucional,administrativa_neutra,relacionada,corpus,no,suspension adhesion Venezuela
HCDN124927,SOLICITAR AL PODER EJECUTIVO DISPONGA LA PROMOCION DE PROGRAMAS REGIONALES DE CULTIVOS ENERGETICOS ALTERNATIVOS DESTINADOS A LA PRODUCCION DE BIOCOMBUSTIBLES.,2011-03-04T00:00:00,2011,DECLARACION,"VILARIÑO, JOSE ANTONIO",false,ninguno,,,,corpus,no,
HCDN124934,"SOLICITAR AL PODER EJECUTIVO DISPONGA LAS MEDIDAS NECESARIAS PARA ESTABLECER ACCIONES CONJUNTAS ENTRE LOS ESTADOS PARTES DEL MERCOSUR Y EL GOBIERNO DE LA REPUBLICA DE BOLIVIA, PARA LA LUCHA CONTRA EL MOSQUITO AEDES AEGYPTI.",2011-03-04T00:00:00,2011,DECLARACION,"VILARIÑO, JOSE ANTONIO",true,C,mercosur_institucional,administrativa_neutra,relacionada,corpus,si,accion sanitaria del bloque
HCDN124963,EXPRESAR BENEPLACITO POR LA DECISION ADOPTADA POR LA ORGANIZACION MUNDIAL DE SANIDAD ANIMAL -OIE- DE PERMITIR A LA ARGENTINA RECUPERAR EL ESTATUS DE LIBRE DE FIEBRE AFTOSA CON VACUNACION.,2011-03-04T00:00:00,2011,RESOLUCION,"VILARIÑO, JOSE ANTONIO",false,ninguno,,,,corpus,si,OIE aftosa (sonda)
HCDN125023,"MODIFICACIONES AL CODIGO ELECTORAL NACIONAL (LEY 19945) Y A LA LEY 23298 (ORGANICA DE LOS PARTIDOS POLITICOS), INCORPORANDO EL PROCEDIMIENTO DE ELECCION DIRECTA DE LOS PARLAMENTARIOS DEL MERCOSUR.",2011-03-04T00:00:00,2011,LEY,"IRRAZABAL, JUAN MANUEL",true,C,mercosur_institucional,administrativa_neutra,relacionada,corpus,no,eleccion Parlasur
HCDN125172,"DECLARAR DE INTERES DE LA H. CAMARA LA MUESTRA ""EXPO MACIA 2011, 16 º FIESTA PROVINCIAL DE LA MIEL Y EXPO APICOLA DEL MERCOSUR"" A REALIZARSE DEL 1 AL 3 DE ABRIL DE 2011 EN MACIA, PROVINCIA DE ENTRE RIOS.",2011-03-10T00:00:00,2011,RESOLUCION,"MARTINEZ, JULIO CESAR",false,ninguno,,,,corpus,no,expo
HCDN125391,"DECLARAR DE INTERES DE LA HONORABLE CAMARA DE DIPUTADOS DE LA NACION EL ""II SEMINARIO INTERNACIONAL: JATROPHA, BIOCOMBUSTIBLES, CULTIVOS ENERGETICOS ALTERNATIVOS"", A REALIZARSE LOS DIAS 23 Y 24 DE MARZO DE 2011 EN LA CIUDAD CAPITAL DE LA PROVINCIA DE SALTA.",2011-03-15T00:00:00,2011,RESOLUCION,"MARTINEZ, JULIO CESAR",false,ninguno,,,,corpus,no,seminario
HCDN125490,"SISTEMA FINANCIERO: ACEPTACION Y RECEPCION PARA LA VERIFICACION DE LA IDENTIDAD DE LAS PERSONAS FISICAS, DE LA CEDULA DE IDENTIDAD DEL MERCOSUR EXPEDIDA POR LA POLICIA FEDERAL ARGENTINA.",2011-03-16T00:00:00,2011,LEY,"VEGA, JUAN CARLOS",true,C,mercosur_institucional,administrativa_neutra,relacionada,corpus,si,cedula Mercosur en sistema financiero
HCDN125516,"EXPRESAR ADHESION A LOS FESTEJOS POR EL VIGESIMO ANIVERSARIO DE LA FIRMA DEL TRATADO DE ASUNCION QUE DIO ORIGEN AL MERCOSUR, EL DIA 26 DE MARZO DE 1991.",2011-03-16T00:00:00,2011,RESOLUCION,"SABBATELLA, MARTIN",true,C,mercosur_simbolico,administrativa_neutra,relacionada,corpus,si,familia aniversario
HCDN125597,"SOLICITAR AL PODER EJECUTIVO DISPONGA LA INMEDIATA SUSPENSION DE RELACIONES DIPLOMATICAS CON LIBIA, HASTA QUE CESEN EN FORMA DEFINITIVA LAS VIOLACIONES A LOS DERECHOS HUMANOS, Y EXHORTARLO A QUE COORDINE CON LOS PAISES MIEMBROS DEL MERCOSUR LAS MEDIDAS PARA QUE EN CONJUNTO CON LA COMUNIDAD INTERNACIONAL PODER ASEGURAR UNA PRONTA Y PACIFICA TRANSICION EN LIBIA.",2011-03-17T00:00:00,2011,RESOLUCION,"STOLBIZER, MARGARITA ROSA",true,C,mercosur_institucional,administrativa_neutra,relacionada,corpus,si,coordinacion del bloque sobre Libia (accion politica)
HCDN125827,"EXPRESAR PREOCUPACION POR LAS QUEJAS DE LA ORGANIZACION MUNDIAL DEL COMERCIO (OMC) ANTE LAS RESTRICCIONES A LA IMPORTACION EN ARGENTINA, DURANTE LA REUNION DEL CONSEJO DE COMERCIO DE MERCANCIAS.",2011-03-23T00:00:00,2011,DECLARACION,"ATANASOF, ALFREDO NESTOR",false,ninguno,,,,corpus,no,OMC sin UE nombrada
HCDN125861,"ADHERIR A LOS FESTEJOS POR EL VIGESIMO ANIVERSARIO DE LA FIRMA DEL TRATADO DE ASUNCION, QUE DIO ORIGEN AL MERCOSUR, EL DIA 26 DE MARZO DE 2011.",2011-03-28T00:00:00,2011,RESOLUCION,"GUZMAN, OLGA ELIZABETH",true,C,mercosur_simbolico,administrativa_neutra,relacionada,corpus,si,familia aniversario
HCDN126030,"SUSTITUCION DEL ARTICULO 13 DE LA LEY 17671, SOBRE ACREDITACION DE IDENTIDAD CON EL DOCUMENTO NACIONAL DE IDENTIDAD Y/O LA CEDULA DE IDENTIDAD NACIONAL DEL MERCOSUR Y/O EL PASAPORTE ARGENTINO MERCOSUR. IDENTIFICACION, REGISTRO Y CLASIFICACION DEL POTENCIAL HUMANO NACIONAL (REPRODUCCION DEL EXPEDIENTE 3835-D-09).",2011-03-30T00:00:00,2011,LEY,"MOREJON, MANUEL AMOR",true,C,mercosur_institucional,administrativa_neutra,relacionada,corpus,si,cedula Mercosur
HCDN126208,ELIMINACION DEL DERECHO DE EXPORTACION APLICABLE A LAS DISTINTAS VARIEDADES DE CARNE EN POSICIONES ARANCELARIAS DE LA NOMENCLATURA COMUN DEL MERCOSUR (NMC) POR UN PLAZO DE 6 MESES.,2011-04-04T00:00:00,2011,LEY,"GRIBAUDO, CHRISTIAN ALEJANDRO",false,ninguno,,,,corpus,no,NCM retenciones carne
HCDN126212,"SOLICITAR AL PODER EJECUTIVO DISPONGA LAS MEDIDAS NECESARIAS PARA IMPLEMENTAR EL PROGRAMA CONECTARIGUALDAD.COM, PARA NIÑAS Y NIÑOS DE EDAD ESCOLAR Y DOCENTES INTEGRANTES DEL CICLO DE EDUCACION GENERAL BASICA DE LA ESCUELA PUBLICA O PRIVADA NO ARANCELADA.",2011-04-04T00:00:00,2011,RESOLUCION,"VIALE, LISANDRO ALFREDO",false,ninguno,,,,corpus,no,no arancelada
HCDN126680,"APROBAR EL ACUERDO DE SEDE ENTRE LA REPUBLICA ARGENTINA Y EL MERCADO COMUN DEL SUR - MERCOSUR - , PARA EL FUNCIONAMIENTO DEL INSTITUTO DE POLITICAS PUBLICAS DE DERECHOS HUMANOS, SUSCRIPTO EN MONTEVIDEO, REPUBLICA ORIENTAL DEL URUGUAY, EL 8 DE DICIEMBRE DE 2009.",2011-04-05T00:00:00,2011,MENSAJE Y PROYECTO DE LEY,"FERNANDEZ DE KIRCHNER, CRISTINA",true,C,mercosur_institucional,administrativa_neutra,relacionada,corpus,no,acuerdo de sede IPPDH (adjudicado D1)
HCDN126356,SOLICITAR AL PODER EJECUTIVO DISPONGA LAS MEDIDAS NECESARIAS PARA PRESERVAR LA VIABILIDAD ECONOMICA Y EL DESARROLLO DE PEQUEÑOS Y MEDIANOS PRODUCTORES DE CARNE PORCINA.,2011-04-07T00:00:00,2011,RESOLUCION,"FORTE, ULISES UMBERTO JOSE",false,ninguno,,,,corpus,no,
HCDN126498,"CODIGO NACIONAL ELECTORAL - LEY 19945 Y MODIFICATORIAS: INCORPORACION DEL TITULO VII, CAPITULO IV ""DE LOS PARLAMENTARIOS DEL MERCOSUR"".",2011-04-13T00:00:00,2011,LEY,"IGLESIAS, FERNANDO ADOLFO",true,C,mercosur_institucional,administrativa_neutra,relacionada,corpus,no,Parlasur
HCDN126555,"""DIA DEL BOSQUE NATIVO"" : SE INSTITUYE COMO TAL EL SEGUNDO DOMINGO DEL MES DE MAYO DE CADA AÑO.",2011-04-14T00:00:00,2011,LEY,"MOREJON, MANUEL AMOR",false,ninguno,,,,corpus,si,Dia del Bosque Nativo conmemorativo
HCDN126669,"EXPRESAR BENEPLACITO POR LA PRIMERA FIESTA NACIONAL DE LA APICULTURA Y 16 EXPO APICOLA DEL MERCOSUR, REALIZADAS DEL 1 AL 3 DE ABRIL DE 2011 EN LA LOCALIDAD DE MACIA, PROVINCIA DE ENTRE RIOS Y OTRAS CUESTIONES CONEXAS.",2011-04-18T00:00:00,2011,DECLARACION,"LEVERBERG, STELLA MARIS",false,ninguno,,,,corpus,no,expo
HCDN127031,"PEDIDO DE INFORMES VERBALES AL ADMINISTRADOR FEDERAL DE INGRESOS PUBLICOS, RICARDO ECHEGARAY, Y A LA DIRECTORA GENERAL DE ADUANAS, SILVINA TIRABASSI, ANTE LA COMISION DE AGRICULTURA Y GANADERIA, SOBRE MEDIDAS DE PROHIBICION Y/O RESTRICCION A LAS EXPORTACIONES DE CARNE, OCURRIDA DEL 12 AL 17 DE MARZO DE 2010, Y OTRAS CUESTIONES CONEXAS.",2011-04-28T00:00:00,2011,RESOLUCION,"RE, HILMA LEONOR",false,ninguno,,,,corpus,si,informes verbales export carne (sonda)
HCDN127064,"EXPRESAR BENEPLACITO POR LA IMPLEMENTACION DEL PROGRAMA ""CARNE PARA TODOS"", IMPULSADO EL DIA 27 DE ABRIL DE 2011.",2011-04-28T00:00:00,2011,DECLARACION,"GRANADOS, DULCE",false,ninguno,,,,corpus,no,Carne para Todos
HCDN127202,"PEDIDO DE INFORMES AL PODER EJECUTIVO SOBRE LAS MEDIDAS ADOPTADAS CON EL FIN DE CORREGIR LAS SITUACIONES OBSERVADAS POR LA AUDITORIA GENERAL DE LA NACION EN LOS EXPEDIENTES 0396-OV-2010 (RESOLUCION 187/10) Y 0536-OV-2010 (RESOLUCION 223/10), EN SU INFORME REALIZADO EN EL AMBITO DEL FONDO PARA LA CONVERGENCIA ESTRUCTURAL DEL MERCOSUR (FOCEM), CON EL OBJETO DE EVALUAR LA GESTION DE LA UNIDAD TECNICA NACIONAL DEL FOCEM (UTNF) -REPUBLICA ARGENTINA- Y DE LA SUBUNIDAD EJECUTORA ARGENTINA DEL PROYECTO (REGIONAL) MERCOSUR LIBRE DE FIEBRE AFTOSA (PAMA).",2011-04-28T00:00:00,2011,RESOLUCION,PARLAMENTARIA MIXTA REVISORA DE CUENTAS,true,C,mercosur_institucional,administrativa_neutra,relacionada,corpus,si,auditoria FOCEM y programa PAMA del bloque
HCDN127081,SOLICITAR AL PODER EJECUTIVO DISPONGA LAS MEDIDAS CONDUCENTES A PROVEER EN FORMA GRATUITA VACUNAS PARA LA FIEBRE AFTOSA EN LA PROVINCIA DE MISIONES.,2011-04-29T00:00:00,2011,RESOLUCION,"PERIE, JULIA ARGENTINA",false,ninguno,,,,corpus,no,aftosa domestica
HCDN127233,"DECLARAR DE INTERES DE LA HONORABLE CAMARA EL ""XIII SEMINARIO INTERNACIONAL DE EDUCACION DEL MERCOSUR"", EL X SEMINARIO INTERINSTITUCIONAL ""INVESTIGACION Y CONOCIMIENTO: DISCUSIONES INTERDISCIPLINARIAS"" Y EL ""I CURSO DE PRACTICAS SOCIOCULTURALES INTERDISCIPLINARIAS"", A REALIZARSE DEL 7 AL 10 DE JUNIO DE 2011 EN CRUZ ALTA, RIO GRANDE DO SUL, BRASIL.",2011-05-03T00:00:00,2011,RESOLUCION,"LEVERBERG, STELLA MARIS",false,ninguno,,,,corpus,no,seminario
HCDN127347,"EXPRESAR REPUDIO POR EL DICTADO DEL DECRETO 268/11 DEL GOBIERNO DE LA PROVINCIA DEL CHUBUT, QUE DESREGULA LA COMPRA Y VENTA DE BOSQUES NATIVOS EN ESA PROVINCIA.",2011-05-04T00:00:00,2011,RESOLUCION,"GONZALEZ, NANCY SUSANA",true,D,eudr_trazabilidad_forestal,administrativa_neutra,relacionada,corpus,si,desregulacion forestal Chubut
HCDN127574,"SOLICITAR AL PODER EJECUTIVO NACIONAL DISPONGA ELABORAR UN PLAN DE ACCION COORDINADO EN LA REGION DEL MERCOSUR, CON EL FIN DE ENFRENTAR LAS CONSECUENCIAS DEL CAMBIO CLIMATICO.",2011-05-09T00:00:00,2011,DECLARACION,"CUCCOVILLO, RICARDO OSCAR",true,C,mercosur_institucional,administrativa_neutra,relacionada,corpus,si,plan del bloque cambio climatico
HCDN127584,REGIMEN DE PROMOCION DE LAS INVERSIONES PARA IMPULSAR LA PRODUCCION DE CARNE BOVINA.,2011-05-10T00:00:00,2011,LEY,"BURYAILE, RICARDO",false,ninguno,,,,corpus,no,
HCDN127651,"DECLARAR DE INTERES DE LA HONORABLE CAMARA DE DIPUTADOS DE LA NACION LA ""XVII EXPO-RURAL DEL MERCOSUR"", A REALIZARSE DEL 1 AL 5 DE SEPTIEMBRE DE 2011, EN LA SOCIEDAD RURAL DE GOBERNADOR VIRASORO, PROVINCIA DE CORRIENTES.",2011-05-11T00:00:00,2011,RESOLUCION,"ASPIAZU, LUCIO BERNARDO",false,ninguno,,,,corpus,no,expo
HCDN127798,"DECLARAR DE INTERES DE LA HONORABLE CAMARA DE DIPUTADOS DE LA NACION EL ""XXX ENCUENTRO Y XV CONGRESO DE LA ASOCIACION DE FACULTADES DE ARQUITECTURA PUBLICAS DEL MERCOSUR (ARQUISUR)"", A REALIZARSE DEL 12 AL 14 DE OCTUBRE DE 2011 EN LA CIUDAD CAPITAL DE LA PROVINCIA DEL CHACO.",2011-05-17T00:00:00,2011,RESOLUCION,"MORANTE, ANTONIO ARNALDO MARIA",false,ninguno,,,,corpus,no,congreso
HCDN127864,"DECLARAR DE INTERES DE LA HONORABLE CAMARA EL ""19° CONGRESO INTERPROVINCIAL DE ENTIDADES VECINALES - 11° INTERNACIONAL, 7° MERCOSUR Y 4° LATINOAMERICANO -"", A REALIZARSE DEL 18 AL 21 DE NOVIEMBRE DE 2011, EN LA CIUDAD CAPITAL DE LA PROVINCIA DE JUJUY.",2011-05-18T00:00:00,2011,RESOLUCION,"FIAD, MARIO RAYMUNDO",false,ninguno,,,,corpus,no,congreso
HCDN128041,FRANJAS MINIMAS DE PROTECCION SANITARIA Y AMBIENTAL PARA LA APLICACION DE PRODUCTOS FITOSANITARIOS: REGIMEN.,2011-05-30T00:00:00,2011,LEY,"LINARES, MARIA VIRGINIA",false,ninguno,,,,corpus,no,fitosanitarios franjas
HCDN128175,"DECLARAR DE INTERES DE LA HONORABLE CAMARA DE DIPUTADOS DE LA NACION EL ""4 ENCUENTRO REGIONAL DE DERECHO DE FAMILIA EN EL MERCOSUR"", A REALIZARSE LOS DIAS 3 Y 4 DE NOVIEMBRE DE 2011 EN LA CIUDAD CAPITAL DE LA PROVINCIA DE CORDOBA.",2011-06-03T00:00:00,2011,RESOLUCION,"STORNI, SILVIA",false,ninguno,,,,corpus,no,encuentro
HCDN128205,"EXPRESAR PREOCUPACION POR EL TERCER AÑO CONSECUTIVO DE POSIBLE INCUMPLIMIENTO, DE LA EXPORTACION DE CORTES ESPECIALES DE CARNE VACUNA, DENOMINADO ""CUOTA HILTON"".",2011-06-06T00:00:00,2011,DECLARACION,"MARTINEZ, JULIO CESAR",true,B,comercio_ue_sectorial,pro_liberalizacion,relacionada,corpus,no,
HCDN128429,"CAPITAL NACIONAL DEL LIMON: SE DECLARA COMO TAL AL DEPARTAMENTO DE TAFI VIEJO, PROVINCIA DE TUCUMAN.",2011-06-10T00:00:00,2011,LEY,"CASAÑAS, JUAN FRANCISCO",false,ninguno,,,,corpus,no,capital del limon
HCDN128509,SISTEMA DE TRAZABILIDAD DE ESPECIALIDADES MEDICINALES O FARMACEUTICAS DESDE LA PRODUCCION O IMPORTACION DEL PRODUCTO HASTA SU ADQUISICION POR PARTE DEL CONSUMIDOR: CREACION.,2011-06-14T00:00:00,2011,LEY,"MARTIARENA, MARIO HUMBERTO",false,ninguno,,,,corpus,no,trazabilidad medicamentos
HCDN128517,"EXPRESAR PREOCUPACION POR LA CAIDA EN EL CONSUMO DE CARNE VACUNA DURANTE EL AÑO 2011, DEBIDO A LAS EQUIVOCADAS POLITICAS DEL GOBIERNO NACIONAL.",2011-06-14T00:00:00,2011,DECLARACION,"MARTINEZ, JULIO CESAR",false,ninguno,,,,corpus,no,consumo carne
HCDN128518,EXPRESAR PREOCUPACION POR POSIBLES CAMBIOS EN EL SISTEMA DE VACUNACION CONTRA LA AFTOSA.,2011-06-14T00:00:00,2011,DECLARACION,"MARTINEZ, JULIO CESAR",false,ninguno,,,,corpus,si,vacunacion aftosa (sonda)
HCDN128541,"DECLARAR DE INTERES DE LA HONORABLE CAMARA DE DIPUTADOS DE LA NACION LA PROXIMA EDICION DE LA FIESTA NACIONAL DEL LIMON QUE SE REALIZA DEL 15 AL 20 DE JUNIO DE 2011 EN TAFI VIEJO, PROVINCIA DE TUCUMAN.",2011-06-15T00:00:00,2011,RESOLUCION,"SALIM, JUAN ARTURO",false,ninguno,,,,corpus,no,fiesta del limon
HCDN128642,EXPRESAR PREOCUPACION POR LA ENTRADA EN VIGENCIA DE LA RESOLUCION 368/2011 DEL SERVICIO NACIONAL DE SANIDAD Y CALIDAD AGROALIMENTARIA - SENASA - Y SUS EVENTUALES CONSECUENCIAS EN EL PROGRAMA NACIONAL DE LUCHA CONTRA LA FIEBRE AFTOSA.,2011-06-22T00:00:00,2011,DECLARACION,"CASAÑAS, JUAN FRANCISCO",false,ninguno,,,,corpus,si,SENASA aftosa (sonda)
HCDN128765,"DECLARAR DE INTERES DE LA HONORABLE CAMARA DE DIPUTADOS DE LA NACION EL VI ENCUENTRO EDUCATIVO-CULTURAL DEL MERCOSUR, PAISES ASOCIADOS E INVITADOS, ""FERIA DE CIENCIA, CULTURA E INNOVACION TECNOLOGICA"", A REALIZARSE DEL 26 AL 30 DE SEPTIEMBRE DE 2011 EN LA CIUDAD DE POSADAS , PROVINCIA DE MISIONES.",2011-06-24T00:00:00,2011,RESOLUCION,"ZIEGLER, ALEX ROBERTO",false,ninguno,,,,corpus,no,feria
HCDN128772,"EXPRESAR BENEPLACITO POR LA CONDENA A PRISION PERPETUA DE GUSTAVO ATHOS RENES, HORACIO LOSITO, ALDO MARTINEZ SEGON, JORGE DANIEL CARNERO SABOR, RICARDO GUILLERMO REYES, GERMAN EMILIO RIQUELME, ERNESTO JORGE SIMONI Y LUIS ALBERTO PATETTA, DISPUESTA POR EL TRIBUNAL ORAL EN LO CRIMINAL FEDERAL DE LA CIUDAD DE RESISTENCIA, PROVINCIA DEL CHACO, POR LA CAUSA ""MARGARITA BELEN"".",2011-06-24T00:00:00,2011,RESOLUCION,"MORANTE, ANTONIO ARNALDO MARIA",false,ninguno,,,,corpus,no,apellido Carnero
HCDN128814,"DECLARAR DE INTERES DE LA HONORABLE CAMARA EL ""I CONGRESO DE AGROTURISMO DEL MERCOSUR"", A REALIZARSE DEL 28 AL 30 DE JUNIO DE 2011, EN LA PROVINCIA DE MISIONES.",2011-06-27T00:00:00,2011,RESOLUCION,"LEVERBERG, STELLA MARIS",false,ninguno,,,,corpus,no,congreso
HCDN128873,EXPRESAR BENEPLACITO POR EL CRECIMIENTO DE LAS EXPORTACIONES ARGENTINAS DE CARNE VACUNA DURANTE EL MES DE MAYO DE 2011.,2011-06-29T00:00:00,2011,DECLARACION,"MARTINEZ, JULIO CESAR",false,ninguno,,,,corpus,si,export carne (sonda)
HCDN128909,"DECLARAR DE INTERES DE LA HONORABLE CAMARA DE DIPUTADOS DE LA NACION EL ""V ENCUENTRO DE ESCRITORES DEL MERCOSUR"", A REALIZARSE DEL 7 AL 9 DE JULIO DE 2011 EN LA PROVINCIA DE MISIONES Y LA CIUDAD DE ENCARNACION, REPUBLICA DEL PARAGUAY.",2011-06-30T00:00:00,2011,RESOLUCION,"PERIE, JULIA ARGENTINA",false,ninguno,,,,corpus,no,evento
HCDN128911,"SOLICITAR AL PODER EJECUTIVO NACIONAL DISPONGA EN EL MARCO DEL SECTOR EDUCATIVO DEL ""MERCADO COMUN DEL SUR (MERCOSUR)"", EXTENDER EL ""PROGRAMA DE MOVILIDAD ACADEMICA REGIONAL (MARCA)"", IMPLEMENTADO EN EL AÑO 2009.",2011-06-30T00:00:00,2011,DECLARACION,"GIL LAVEDRA, RICARDO RODOLFO",true,C,mercosur_institucional,administrativa_neutra,relacionada,corpus,no,programa MARCA del Sector Educativo del Mercosur
HCDN128913,"EXPRESAR BENEPLACITO POR LA DESIGNACION DE LA SEÑORA ESTELA BARNES DE CARLOTTO, PRESIDENTA DE LA ASOCIACION DE ABUELAS DE PLAZA DE MAYO COMO CIUDADANA ILUSTRE DEL MERCOSUR DURANTE LA 41 CUMBRE DE JEFES DE ESTADO QUE SE REALIZO EN ASUNCION DEL PARAGUAY.",2011-07-01T00:00:00,2011,DECLARACION,"STOLBIZER, MARGARITA ROSA",false,ninguno,,,,corpus,no,honorifico
HCDN128971,"EXPRESAR BENEPLACITO POR EL RECONOCIMIENTO OTORGADO A LA SEÑORA ESTELA DE CARLOTTO, DECLARANDOLA CIUDADANA ILUSTRE EN LA XLI CUMBRE DE JEFES DE ESTADO Y GOBIERNO Y ESTADOS ASOCIADOS DEL MERCOSUR, REALIZADO EN LA CIUDAD DE LUQUE, REPUBLICA DEL PARAGUAY.",2011-07-05T00:00:00,2011,RESOLUCION,"PERIE, JULIA ARGENTINA",false,ninguno,,,,corpus,no,honorifico
HCDN128990,"PEDIDO DE INFORMES AL PODER EJECUTIVO SOBRE DIVERSAS CUESTIONES RELACIONADAS CON UN NUEVO INCUMPLIMIENTO DE LAS EXPORTACIONES DE CARNE VACUNA A LA UNION EUROPEA, CORRESPONDIENTES AL CUPO 2010 -2011 DE LA ""CUOTA HILTON"".",2011-07-06T00:00:00,2011,RESOLUCION,"FORTE, ULISES UMBERTO JOSE",true,B,comercio_ue_sectorial,administrativa_neutra,relacionada,corpus,no,Hilton a la UE
HCDN129000,"EXPRESAR BENEPLACITO POR LOS INFORMES DEL ""INSTITUTO NACIONAL DE TECNOLOGIA AGROPECUARIA - INTA-"", LOS CUALES REFIEREN QUE PARA EL AÑO 2020 LAS EXPORTACIONES DE CARNE AVIAR PASARAN DE 290.000 A 630.000 TONELADAS.",2011-07-06T00:00:00,2011,DECLARACION,"MARTINEZ, JULIO CESAR",false,ninguno,,,,corpus,no,
HCDN129116,"DECLARAR DE INTERES DE LA HONORABLE CAMARA DE DIPUTADOS DE LA NACION EL V ENCUENTRO DE ESCRITORES DEL MERCOSUR ""DIALOGOS CULTURALES"", A REALIZARSE DEL 7 AL 9 DE JULIO DE 2011 EN LAS CIUDADES DE OBERA Y POSADAS, PROVINCIA DE MISIONES, Y DE ENCARNACION, REPUBLICA DEL PARAGUAY.",2011-07-07T00:00:00,2011,RESOLUCION,"LEVERBERG, STELLA MARIS",false,ninguno,,,,corpus,no,evento
HCDN129472,"PEDIDO DE INFORMES AL PODER EJECUTIVO SOBRE DIVERSAS CUESTIONES RELACIONADAS CON NUEVOS CASOS DE DEFORESTACION EN LA ZONA DE LOS PIZARROS, PROVINCIA DE TUCUMAN.",2011-07-18T00:00:00,2011,RESOLUCION,"BONASSO, MIGUEL LUIS",true,D,eudr_trazabilidad_forestal,administrativa_neutra,relacionada,corpus,no,deforestacion Tucuman
HCDN129575,PEDIDO DE INFORMES AL PODER EJECUTIVO SOBRE LA SITUACION EN QUE SE ENCUENTRA EL ACUERDO PREFERENCIAL DE COMERCIO ENTRE EL MERCADO COMUN DEL SUR - MERCOSUR - Y LA UNION ADUANERA DE AFRICA DEL SUR.,2011-07-19T00:00:00,2011,RESOLUCION,"OBIGLIO, JULIAN MARTIN",true,C,mercosur_institucional,administrativa_neutra,relacionada,corpus,no,acuerdo Mercosur-SACU
HCDN129580,EXPRESAR BENEPLACITO POR EL AUMENTO DE LA DEMANDA DEL BIOTIPO GANADERO ARGENTINO PARA PRODUCIR CARNE.,2011-07-19T00:00:00,2011,RESOLUCION,"BIANCHI, IVANA MARIA",false,ninguno,,,,corpus,no,
HCDN129685,"CODIGO ELECTORAL NACIONAL (LEY 19945 Y MODIFICATORIAS): MODIFICACIONES, SOBRE DIVISION DE REGIONES PARA LA ELECCION DE PARLAMENTARIOS DEL MERCOSUR.",2011-07-22T00:00:00,2011,LEY,"PEREZ, ADRIAN",true,C,mercosur_institucional,administrativa_neutra,relacionada,corpus,no,Parlasur
HCDN129740,"DECLARAR DE INTERES DE LA HONORABLE CAMARA DE DIPUTADOS DE LA NACION EL "" PRIMER SEMINARIO NACIONAL DE TECNOLOGIAS DE APLICACION DE FITOSANITARIOS"", A REALIZARSE DEL 9 AL 11 DE AGOSTO DE 2011, EN LA PROVINCIA DE SANTA FE.",2011-07-28T00:00:00,2011,RESOLUCION,"MARTINEZ, JULIO CESAR",false,ninguno,,,,corpus,no,seminario
HCDN129843,"RESERVA FITOSANITARIA: SE DECLARA COMO TAL AL DEPARTAMENTO DE MALARGÜE Y AL AREA PROTEGIDA DE EL SOSNEADO DE SAN RAFAEL, PROVINCIA DE MENDOZA.",2011-08-03T00:00:00,2011,LEY,"JURI, MARIANA",false,ninguno,,,,corpus,no,reserva fitosanitaria
HCDN129851,"DECLARAR DE INTERES DE LA HONORABLE CAMARA DE DIPUTADOS DE LA NACION EL CURSO: ""AGRONEGOCIOS DE GANADOS Y CARNES"", A REALIZARSE EL DIA 4 DE AGOSTO DE 2011 EN LA CIUDAD AUTONOMA DE BUENOS AIRES.",2011-08-03T00:00:00,2011,RESOLUCION,"MARTINEZ, JULIO CESAR",false,ninguno,,,,corpus,no,curso
HCDN130290,"EXPRESAR BENEPLACITO POR LA SEGUNDA CAMPAÑA DE VACUNACION CONTRA LA FIEBRE AFTOSA Y LA BRUCELOSIS, A CARGO DEL GOBIERNO DE LA PROVINCIA DEL CHACO.",2011-08-24T00:00:00,2011,DECLARACION,"DAMILANO GRIVARELLO, VIVIANA MONICA",false,ninguno,,,,corpus,no,vacunacion aftosa
HCDN130335,"MODIFICACION DEL ARTICULO 1 DE LA LEY 20333, DE TASAS, DERECHOS Y ARANCELES POR SERVICIOS DE LA POLICIA FEDERAL ARGENTINA, SOBRE FACULTAD PARA MODIFICARLOS O VARIARLOS.",2011-08-25T00:00:00,2011,MENSAJE Y PROYECTO DE LEY,"FERNANDEZ DE KIRCHNER, CRISTINA",false,ninguno,,,,corpus,no,tasas PFA
HCDN130393,"EXPRESAR BENEPLACITO POR LA INAUGURACION DEL ESTABLECIMIENTO PRODUCTOR DE CARNES OVINAS Y CAPRINAS ""JUAN PENCO"" EN MAKALLE, PROVINCIA DEL CHACO.",2011-08-26T00:00:00,2011,DECLARACION,"DAMILANO GRIVARELLO, VIVIANA MONICA",false,ninguno,,,,corpus,no,
HCDN130876,"SOLICITAR AL PODER EJECUTIVO DISPONGA APLICAR EL ARANCEL DIFERENCIAL CORRESPONDIENTE AL TRAMITE DEL PASAPORTE ARGENTINO DENOMINADO ""PASAPORTE EXPRESS"" A ESTUDIANTES, DOCENTES E INVESTIGADORES QUE DEBAN SALIR DEL PAIS CON MOTIVO DE VIAJE DE ESTUDIOS Y DEMAS ACTIVIDADES CIENTIFICAS Y ACADEMICAS.",2011-09-06T00:00:00,2011,RESOLUCION,"LINARES, MARIA VIRGINIA",false,ninguno,,,,corpus,no,arancel pasaporte
HCDN130918,"DECLARAR DE INTERES DE LA H. CAMARA EL XV ENCUENTRO NACIONAL DE EQUIPARACION DE OPORTUNIDADES PARA ABOGADOS DISCAPACITADOS Y EL XVI CONGRESO PROVINCIAL SOBRE SEGURIDAD SOCIAL PARA ABOGADOS CON DISCAPACIDAD: ""IMPACTO DE LA CONVENCION INTERNACIONAL SOBRE LOS DERECHOS DE LAS PERSONAS CON DISCAPACIDAD, PROYECCION MERCOSUR: ENFOQUE INTERDISCIPLINARIO"", A REALIZARSE LOS DIAS 16 Y 17 DE SEPTIEMBRE DE 2011 EN MAR DEL PLATA, PROVINCIA DE BUENOS AIRES.",2011-09-07T00:00:00,2011,RESOLUCION,"CURRILEN, OSCAR RUBEN",false,ninguno,,,,corpus,no,congreso
HCDN131227,"DECLARAR DE INTERES DE LA HONORABLE CAMARA DE DIPUTADOS DE LA NACION EL ""V CONGRESO DE LA SOJA DEL MERCOSUR, MERCOSOJA 2011"", A REALIZARSE DEL 14 AL 16 DE SEPTIEMBRE DE 2011 EN ROSARIO, PROVINCIA DE SANTA FE.",2011-09-14T00:00:00,2011,RESOLUCION,"MARTINEZ, JULIO CESAR",false,ninguno,,,,corpus,no,Mercosoja congreso
HCDN131287,"PEDIDO DE INFORMES VERBALES AL PRESIDENTE DEL ""SERVICIO NACIONAL DE SANIDAD Y CALIDAD AGROALIMENTARIA (SENASA)"", DOCTOR JORGE AMAYA, ANTE LA COMISION DE AGRICULTURA Y GANADERIA, SOBRE LAS MEDIDAS TOMADAS ANTE EL RECIENTE FOCO DE FIEBRE AFTOSA EN PARAGUAY.",2011-09-20T00:00:00,2011,RESOLUCION,"ASPIAZU, LUCIO BERNARDO",false,ninguno,,,,corpus,si,aftosa Paraguay (sonda regional)
HCDN131325,EXPRESAR BENEPLACITO POR EL AUMENTO DE LA PRODUCCION DE BIOCOMBUSTIBLES EN NUESTRO PAIS.,2011-09-21T00:00:00,2011,DECLARACION,"MARTINEZ, JULIO CESAR",false,ninguno,,,,corpus,no,
HCDN131347,"ARROZ: ELIMINACION DE LA POSICION ARANCELARIA DE LA NOMENCLATURA COMUN DEL MERCOSUR, EN EL DECRETO 509/07 Y SUS MODIFICATORIAS.",2011-09-22T00:00:00,2011,LEY,"BARRANDEGUY, RAUL ENRIQUE",true,C,mercosur_institucional,administrativa_neutra,relacionada,corpus,si,posicion NCM en decreto 509/07 (regla 5)
HCDN131384,EXPRESAR PREOCUPACION POR LA ALERTA DE UN FOCO DE AFTOSA EN PARAGUAY.,2011-09-26T00:00:00,2011,RESOLUCION,"BIANCHI, IVANA MARIA",false,ninguno,,,,corpus,si,aftosa Paraguay
HCDN131385,"DECLARAR DE INTERES DE LA H. CAMARA EL ""VII CERTAMEN DE FORMACION EN VALORES EN EL MERCOSUR Y LA UNASUR: MANOS JOVENES ESCRIBEN EN GRANDE"", CUYO EJE TEMATICO EN EL AÑO 2011 ES ""IDENTIDAD SURAMERICANA"", A REALIZARSE DEL 18 DE ABRIL AL 18 DE NOVIEMBRE DE 2011 EN LA CIUDAD AUTONOMA DE BUENOS AIRES.",2011-09-26T00:00:00,2011,RESOLUCION,"RECALDE, HECTOR PEDRO",true,C,mercosur_simbolico,administrativa_neutra,relacionada,corpus,si,certamen Mercosur Educativo
HCDN131390,PEDIDO DE INFORMES AL PODER EJECUTIVO NACIONAL SOBRE DIVERSAS CUESTIONES RELACIONADAS CON EL FOCO DE AFTOSA DETECTADO EN PARAGUAY.,2011-09-27T00:00:00,2011,RESOLUCION,"BURYAILE, RICARDO",false,ninguno,,,,corpus,si,aftosa Paraguay
HCDN131475,"DECLARAR DE INTERES DE LA H. CAMARA EL ""4° ENCUENTRO REGIONAL DE DERECHO DE FAMILIA EN EL MERCOSUR"", A REALIZARSE LOS DIAS 3 Y 4 DE NOVIEMBRE DE 2011 EN LA CIUDAD DE CORDOBA, PROVINCIA DE CORDOBA..",2011-09-30T00:00:00,2011,RESOLUCION,"LEVERBERG, STELLA MARIS",false,ninguno,,,,corpus,no,encuentro
HCDN131486,"MODIFICACION DE LA LEY DEL IMPUESTO AL VALOR AGREGADO, LEY 20631,TEXTO ORDENADO DE 1997, SOBRE REDUCCION DE LA ALICUOTA A LA PRODUCCION DE LA CARNE PORCINA.",2011-10-03T00:00:00,2011,LEY,"FAVARIO, CARLOS ALBERTO",false,ninguno,,,,corpus,no,IVA porcina
HCDN131579,EXPRESAR PREOCUPACION POR LA APARICION DE UN BROTE DE AFTOSA EN LA REPUBLICA DEL PARAGUAY Y OTRAS CUESTIONES CONEXAS.,2011-10-06T00:00:00,2011,DECLARACION,"MARTINEZ, JULIO CESAR",false,ninguno,,,,corpus,si,aftosa Paraguay
HCDN131592,"DECLARAR DE INTERES DE LA H. CAMARA LA I FERIA DE ARTESANIAS DEL MERCOSUR, A REALIZARSE DEL 7 AL 12 DE OCTUBRE DE 2011, EN LA CIUDAD DE PUERTO IGUAZU, PROVINCIA DE MISIONES.",2011-10-07T00:00:00,2011,RESOLUCION,"LEVERBERG, STELLA MARIS",false,ninguno,,,,corpus,no,feria
HCDN131642,"DECLARAR DE INTERES DE LA H. CAMARA LA ""XVII REUNION DE LA COMISION MIXTA DE ENTIDADES FISCALIZADORAS SUPERIORES DE LOS PAISES DEL MERCOSUR - EFSUR-"" Y LA ""XVIII REUNION DEL GRUPO DE COORDINACION"", A REALIZARSE DEL 23 AL 26 DE NOVIEMBRE DE 2011 EN EL CALAFATE, PROVINCIA DE SANTA CRUZ.",2011-10-13T00:00:00,2011,RESOLUCION,"GODOY, RUPERTO EDUARDO",true,C,mercosur_institucional,administrativa_neutra,relacionada,corpus,si,EFSUR
HCDN131910,"APROBACION DEL PROTOCOLO SOBRE EL COMERCIO DE SERVICIOS ENTRE MERCOSUR Y CHILE, APROBADO EN MONTEVIDEO, REPUBLICA ORIENTAL DEL URUGUAY - EL 27 DE MAYO DE 2009.",2011-10-14T00:00:00,2011,MENSAJE Y PROYECTO DE LEY,"FERNANDEZ DE KIRCHNER, CRISTINA",true,C,mercosur_institucional,pro_liberalizacion,relacionada,corpus,no,protocolo servicios Mercosur-Chile
HCDN131744,"EXPRESAR BENEPLACITO POR LA ALTA PRODUCCION DE ""BIODIESEL"" EN EL PAIS.",2011-10-20T00:00:00,2011,DECLARACION,"MARTINEZ, JULIO CESAR",false,ninguno,,,,corpus,no,
HCDN131875,MATRICULADOS EN CIENCIAS ECONOMICAS EN MATERIA JUDICIAL Y ADMINISTRATIVA: REGULACION DE LA ACTIVIDAD PROFESIONAL Y REGIMEN ARANCELARIO; CREACION DEL REGISTRO DE ASIGNACION DE PROFESIONALES EN CIENCIAS ECONOMICAS.,2011-10-31T00:00:00,2011,LEY,"DIAZ ROIG, JUAN CARLOS",false,ninguno,,,,corpus,no,aranceles profesionales
HCDN131939,"""INSTITUTO DE PROMOCION DE LA CARNE PORCINA ARGENTINA (IPCPA)"": CREACION.",2011-11-02T00:00:00,2011,LEY,"CASAÑAS, JUAN FRANCISCO",false,ninguno,,,,corpus,no,
HCDN131954,"DECLARAR DE INTERES DE LA HONORABLE CAMARA DE DIPUTADOS DE LA NACION LA ""XLII EDICION DEL FESTIVAL NACIONAL DE LA MUSICA DEL LITORAL Y IV DEL MERCOSUR"", A REALIZARSE DEL 24 AL 26 DE NOVIEMBRE DE 2011 EN LA CIUDAD CAPITAL DE LA PROVINCIA DE MISIONES.",2011-11-02T00:00:00,2011,RESOLUCION,"LEVERBERG, STELLA MARIS",false,ninguno,,,,corpus,no,festival
HCDN131964,"EXPRESAR BENEPLACITO POR EL ""ENCUENTRO DE CIENCIAS DE LA INFORMACION DEL MERCOSUR 2011"", REALIZADO DEL 27 AL 29 DE OCTUBRE DE 2011 EN LA CIUDAD CAPITAL DE LA PROVINCIA DEL CHACO.",2011-11-02T00:00:00,2011,RESOLUCION,"MORANTE, ANTONIO ARNALDO MARIA",false,ninguno,,,,corpus,no,encuentro
HCDN132035,SOLICITAR AL PODER EJECUTIVO DISPONGA LAS MEDIDAS NECESARIAS PARA FOMENTAR LA GANADERIA DE PASTIZAL QUE OFRECE MEJOR CALIDAD DE CARNES.,2011-11-03T00:00:00,2011,DECLARACION,"MARTINEZ, JULIO CESAR",false,ninguno,,,,corpus,no,
HCDN132152,"CONSERVACION DE BOSQUES NATIVOS, LEY 26331: MODIFICACION DEL ARTICULO 5, SOBRE AGREGAR EL ITEM: ""PRESERVACION DEL EQUILIBRIO ECOLOGICO"".",2011-11-08T00:00:00,2011,LEY,"MARTINEZ, JULIO CESAR",true,D,eudr_trazabilidad_forestal,administrativa_neutra,relacionada,corpus,si,26331 modificacion
HCDN132153,"CONSERVACION DE BOSQUES NATIVOS (LEY 26331): MODIFICACION DEL ARTICULO 2, SOBRE CONSIDERACION COMO BOSQUES NATIVOS.",2011-11-08T00:00:00,2011,LEY,"MARTINEZ, JULIO CESAR",true,D,eudr_trazabilidad_forestal,administrativa_neutra,relacionada,corpus,si,26331 modificacion
HCDN132210,"DECLARAR DE INTERES DE LA H. CAMARA LA ""XXII FIESTA NACIONAL DEL CHAMAME Y VIII FIESTA DEL CHAMAME DEL MERCOSUR"", A REALIZARSE DEL 13 AL 22 DE ENERO DE 2012 EN LA PROVINCIA DE CORRIENTES.",2011-11-09T00:00:00,2011,RESOLUCION,"PORTELA, AGUSTIN ALBERTO",false,ninguno,,,,corpus,no,chamame
HCDN132269,"EXPRESAR BENEPLACITO POR EL VI FORO MERCOSUR LATINOAMERICANO PARA LA DEMOCRATIZACION DEL DEPORTE, LA EDUCACION FISICA Y LA RECREACION, BAJO EL LEMA: ""APORTES A LA INTEGRACION REGIONAL Y LA COOPERACION INTERNACIONAL"", REALIZADO DEL 6 AL 8 DE OCTUBRE DE 2011 EN LA CIUDAD AUTONOMA DE BUENOS AIRES.",2011-11-14T00:00:00,2011,DECLARACION,"LEVERBERG, STELLA MARIS",false,ninguno,,,,corpus,no,foro deporte
HCDN132302,PROMOCION PARA LA PRODUCCION DE PRODUCTOS NO ALIMENTARIOS DESTINADOS A LA FABRICACION DE BIOCOMBUSTIBLES: REGIMEN.,2011-11-15T00:00:00,2011,LEY,"TORFE, MONICA LILIANA",false,ninguno,,,,corpus,no,
HCDN132326,INCORPORACION AL ORDENAMIENTO JURIDICO NACIONAL LA DECISION DEL CONSEJO DEL MERCADO COMUN DEL MERCOSUR NUMERO 63/10; SOBRE CREACION DEL ALTO REPRESENTANTE GENERAL DEL MERCOSUR COMO ORGANO DEL CONSEJO DEL MERCADO COMUN (CMC).,2011-11-15T00:00:00,2011,MENSAJE Y PROYECTO DE LEY,"FERNANDEZ DE KIRCHNER, CRISTINA",true,C,mercosur_institucional,administrativa_neutra,relacionada,corpus,no,Decision CMC 63/10 Alto Representante
HCDN132335,PROGRAMA PARA LA NORMALIZACION DEL COMERCIO DE LA CARNE VACUNA: IMPLEMENTACION.,2011-11-17T00:00:00,2011,LEY,"MARTINEZ, JULIO CESAR",false,ninguno,,,,corpus,no,
HCDN132359,"DECLARAR DE INTERES EL 42 FESTIVAL NACIONAL DE LA MUSICA DEL LITORAL Y 4 DEL MERCOSUR, A REALIZARSE DEL 24 AL 26 DE NOVIEMBRE DE 2011 EN LA CIUDAD DE POSADAS, PROVINCIA DE MISIONES.",2011-11-17T00:00:00,2011,DECLARACION,"RISKO, SILVIA LUCRECIA",false,ninguno,,,,corpus,no,festival
HCDN132801,"INCORPORAR AL ORDENAMIENTO JURIDICO NACIONAL, LA DECISION DEL CONSEJO DEL MERCADO COMUN DEL MERCOSUR NUMERO 25/03, SOBRE CREACION DEL ""MECANISMO PARA EL EJERCICIO PROFESIONAL TEMPORARIO"".",2011-11-24T00:00:00,2011,MENSAJE Y PROYECTO DE LEY,"FERNANDEZ DE KIRCHNER, CRISTINA",true,C,mercosur_institucional,administrativa_neutra,relacionada,corpus,no,Decision CMC 25/03
HCDN133054,"PEDIDO DE INFORMES AL PODER EJECUTIVO SOBRE DIVERSAS CUESTIONES RELACIONADAS CON LA CRISIS DEL MERCADO DE LA CARNE, A RAIZ DE LOS INCONVENIENTES GENERADOS POR LAS ACTUALES CONDICIONES COMO LA SEQUIA Y LA CRISIS GLOBAL.",2012-01-03T00:00:00,2012,RESOLUCION,"ATANASOF, ALFREDO NESTOR",false,ninguno,,,,corpus,no,
HCDN133514,"PEDIDO DE INFORMES AL PODER EJECUTIVO SOBRE LAS MEDIDAS ADOPTADAS EN ATENCION A LAS OBSERVACIONES FORMULADAS POR LA AUDITORIA GENERAL DE LA NACION, RESOLUCION 64/11 (0107-OV-11); RESPECTO DE SU INFORME SOBRE LOS ESTADOS FINANCIEROS CORRESPONDIENTES AL EJERCICIO FINALIZADO EL 31/12/10, SOBRE EL PROYECTO PNUD ARG//08/008 , BOSQUES NATIVOS Y BIODIVERSIDAD.",2012-02-09T00:00:00,2012,RESOLUCION,PARLAMENTARIA MIXTA REVISORA DE CUENTAS,false,ninguno,,,,corpus,no,auditoria bosques
HCDN133954,"PEDIDO DE INFORMES AL PODER EJECUTIVO SOBRE LAS MEDIDAS ADOPTADAS EN ATENCION A LAS OBSERVACIONES FORMULADAS POR LA AUDITORIA GENERAL DE LA NACION, RESOLUCION 123/11 (0237-OV-11); RESPECTO DE SU INFORME SOBRE LOS ESTADOS FINANCIEROS DEL EJERCICIO FINALIZADO EL 31/12/10 CORRESPONDIENTES AL PROYECTO DE MANEJO SUSTENTABLE DE LOS RECURSOS NATURALES - BOSQUES NATIVOS Y BIODIVERSIDAD -.",2012-02-10T00:00:00,2012,RESOLUCION,PARLAMENTARIA MIXTA REVISORA DE CUENTAS,false,ninguno,,,,corpus,no,auditoria bosques
HCDN134378,"ACUERDO SOBRE GRATUIDAD DE VISADOS PARA ESTUDIANTES Y DOCENTES DE LOS ESTADOS PARTES DEL MERCOSUR, SUSCRIPTO EN LA CIUDAD DE CORDOBA, REPUBLICA ARGENTINA, EL 20 DE JULIO DE 2006.",2012-02-13T00:00:00,2012,MENSAJE Y PROYECTO DE LEY,"FERNANDEZ DE KIRCHNER, CRISTINA",true,C,mercosur_institucional,administrativa_neutra,relacionada,corpus,no,visados estudiantes del bloque
HCDN133404,"PEDIDO DE INFORMES AL PODER EJECUTIVO NACIONAL SOBRE DIVERSAS CUESTIONES RELACIONADAS CON LA ADJUDICACION DE LOS CUPOS DE LA CUOTA HILTON, DURANTE EL AÑO 2011.",2012-02-22T00:00:00,2012,RESOLUCION,"CASAÑAS, JUAN FRANCISCO",true,B,comercio_ue_sectorial,administrativa_neutra,relacionada,corpus,no,cupos Hilton
HCDN133405,"PEDIDO DE INFORMES AL PODER EJECUTIVO NACIONAL SOBRE DIVERSAS CUESTIONES RELACIONADAS CON LAS VACUNAS CONTRA LA FIEBRE AFTOSA, SU COMERCIALIZACION Y APLICACION.",2012-02-22T00:00:00,2012,RESOLUCION,"BURYAILE, RICARDO",false,ninguno,,,,corpus,si,vacunas aftosa (sonda)
HCDN133416,EXPRESAR PREOCUPACION POR LA MODIFICACION EN EL SISTEMA DE COMERCIALIZACION Y APLICACION DE LA VACUNA CONTRA LA FIEBRE AFTOSA.,2012-02-22T00:00:00,2012,DECLARACION,"BURYAILE, RICARDO",false,ninguno,,,,corpus,si,vacuna aftosa (sonda)
HCDN133644,PEDIDO DE INFORMES AL PODER EJECUTIVO SOBRE DIVERSAS CUESTIONES RELACIONADAS CON LA CRISIS DEL MERCADO DE LA CARNE A RAIZ DE LOS INCONVENIENTES GENERADOS POR LA SEQUIA Y LA CRISIS GLOBAL.,2012-03-03T00:00:00,2012,RESOLUCION,"ATANASOF, ALFREDO NESTOR",false,ninguno,,,,corpus,no,
HCDN133988,"MARCO LEGAL PARA LA PRODUCCION, EL PROCESAMIENTO Y LA COMERCIALIZACION DE CARNES VACUNAS (REPRODUCCION DEL EXPEDIENTE 0610-D-10).",2012-03-07T00:00:00,2012,LEY,"PINEDO, FEDERICO",false,ninguno,,,,corpus,no,
HCDN134032,EXPRESAR PREOCUPACION POR NO HABER PROCEDIDO A REALIZAR EL ORDENAMIENTO DE LOS BOSQUES NATIVOS EXISTENTES EN LA PROVINCIA DE BUENOS AIRES.,2012-03-07T00:00:00,2012,DECLARACION,"ROBERTI, ALBERTO OSCAR",true,D,eudr_trazabilidad_forestal,administrativa_neutra,relacionada,corpus,si,OTBN Buenos Aires
HCDN134045,"SOLICITAR AL PODER EJECUTIVO DISPONGA LA INMEDIATA APERTURA DEL REGISTRO DE OPERACIONES A LA EXPORTACION (R.O.E.), PARA LA EXPORTACION DE LOS EXCEDENTES DE TRIGO, MAIZ Y CARNES.",2012-03-07T00:00:00,2012,DECLARACION,"CASAÑAS, JUAN FRANCISCO",false,ninguno,,,,corpus,si,ROE apertura export (sonda)
HCDN134074,"MODIFICACION DE LA LEY 26093, INVESTIGACION, DESARROLLO, GENERACION Y USO DE BIOCOMBUSTIBLES Y DERIVADOS OLEOQUIMICOS; MODIFICACION DEL ARTICULO 5, SOBRE CLASIFICACION DE BIOCOMBUSTIBLES (REPRODUCCION DEL EXPEDIENTE 2121-D-10).",2012-03-08T00:00:00,2012,LEY,"ZIEGLER, ALEX ROBERTO",false,ninguno,,,,corpus,no,
HCDN134132,"ELIMINACION DE LOS DERECHOS DE EXPORTACION PARA DETERMINADOS PRODUCTOS Y REDUCCION PARA LA SOJA Y SUBPRODUCTOS Y PRODUCTOS DE CARNE VACUNA; SUSTITUCION DEL ARTICULO 754 DEL CODIGO ADUANERO, LEY 22415 Y MODIFICATORIAS; DEROGACION DE LOS ARTICULOS, 749, 755 Y 756 DEL CODIGO ADUANERO, LEY 22415, COMO ASIMISMO LAS DEMAS NORMAS COMPLEMENTARIAS Y DECRETOS O RESOLUCIONES DEL PODER EJECUTIVO NACIONAL DICTADAS EN VIRTUD DE LAS MISMAS (REPRODUCCION DEL EXPEDIENTE 5269-D-10).",2012-03-09T00:00:00,2012,LEY,"CASAÑAS, JUAN FRANCISCO",false,ninguno,,,,corpus,no,retenciones Codigo Aduanero
HCDN134174,CUOTA HILTON: CARNES VACUNAS DE ALTA CALIDAD. REGIMEN DE DISTRIBUCION DE CUPOS DE EXPORTACION.,2012-03-09T00:00:00,2012,LEY,"FERNANDEZ, RODOLFO ALFREDO",true,B,comercio_ue_sectorial,administrativa_neutra,relacionada,corpus,no,Hilton regimen
HCDN134289,REGIMEN ELECTORAL PARA ELECCION DIRECTA DE PARLAMENTARIOS DEL MERCOSUR; INCORPORACION DE DOCE ARTICULOS COMO TEXTO DE LA LEY 19945 DE CODIGO ELECTORAL NACIONAL Y MODIFICATORIAS AL TITULO VII DEL CAPITULO IV (REPRODUCCION DEL EXPEDIENTE 5453-D-10).,2012-03-13T00:00:00,2012,LEY,"CARRIO, ELISA MARIA AVELINA",true,C,mercosur_institucional,administrativa_neutra,relacionada,corpus,no,eleccion Parlasur
HCDN134505,"DECLARAR DE INTERES DE LA HONORABLE CAMARA DE DIPUTADOS DE LA NACION EL PRIMER PROYECTO BINACIONAL DE REDUCCION DE LA DEFORESTACION Y DEGRADACION DE BOSQUES NATIVOS EN LA ARGENTINA Y CHILE DENOMINADO ""PROYECTO NATIVO"".",2012-03-14T00:00:00,2012,RESOLUCION,"VILARIÑO, JOSE ANTONIO",false,ninguno,,,,corpus,si,Proyecto Nativo binacional
HCDN134511,EXPRESAR PREOCUPACION POR LA DISTORSION QUE PRODUCE LA INTERVENCION OFICIAL EN EL MERCADO DE EXPORTACIONES DE CARNE VACUNA.,2012-03-14T00:00:00,2012,DECLARACION,"MARTINEZ, JULIO CESAR",false,ninguno,,,,corpus,si,intervencion export carne (sonda)
HCDN134514,EXPRESAR PREOCUPACION POR LA CAIDA EN LA PRODUCCION DE CARNE VACUNA DURANTE EL AÑO 2011.,2012-03-14T00:00:00,2012,DECLARACION,"MARTINEZ, JULIO CESAR",false,ninguno,,,,corpus,no,
HCDN134595,"PRESUPUESTO NACIONAL 2012 - LEY 26728: MODIFICACION DEL ARTICULO 16, SOBRE PARTIDAS ASIGNADAS AL FONDO NACIONAL PARA EL ENRIQUECIMIENTO Y CONSERVACION DE LOS BOSQUES NATIVOS.",2012-03-16T00:00:00,2012,LEY,"VILLATA, GRACIELA SUSANA",true,D,eudr_trazabilidad_forestal,administrativa_neutra,relacionada,corpus,si,fondo bosques en presupuesto
HCDN134598,FONDO NACIONAL CITRICOLA: CREACION.,2012-03-16T00:00:00,2012,LEY,"CHIENO, MARIA ELENA PETRONA",false,ninguno,,,,corpus,no,
HCDN134817,"CREACION EN EL AMBITO DEL CONGRESO DE LA NACION ARGENTINA, LA COMISION BICAMERAL REVISORA DE NORMATIVA AMBIENTAL PARA LA ARMONIZACION DE DIRECTRICES AMBIENTALES DEL MERCADO COMUN DEL SUR (MERCOSUR) (REPRODUCCION DEL EXPEDIENTE 3138-D-10).",2012-03-20T00:00:00,2012,LEY,"MICHETTI, MARTA GABRIELA",true,C,mercosur_institucional,administrativa_neutra,relacionada,corpus,no,armonizacion ambiental del bloque
HCDN134825,"PEDIDO DE INFORMES AL PODER EJECUTIVO SOBRE DIVERSAS CUESTIONES RELACIONADAS CON LAS VACUNAS CONTRA LA FIEBRE AFTOSA, SU COMERCIALIZACION Y APLICACION.",2012-03-20T00:00:00,2012,RESOLUCION,"BURYAILE, RICARDO",false,ninguno,,,,corpus,si,vacunas aftosa (sonda)
HCDN134839,"SOLICITAR AL PODER EJECUTIVO DISPONGA CREAR UN GRUPO DE TRABAJO DE CARACTER PERMANENTE DENTRO DEL MERCOSUR PARA COMPATIBILIZAR LAS POLITICAS EXTERIORES DE LOS ESTADOS MIEMBROS, EN RELACION A LA ANTARTIDA.",2012-03-20T00:00:00,2012,DECLARACION,"FERRARI, GUSTAVO ALFREDO HORACIO",true,C,mercosur_institucional,administrativa_neutra,relacionada,corpus,si,grupo del bloque sobre Antartida
HCDN134841,EXPRESAR PREOCUPACION POR LA MODIFICACION EN EL SISTEMA DE COMERCIALIZACION Y APLICACION DE LA VACUNA CONTRA LA FIEBRE AFTOSA.,2012-03-20T00:00:00,2012,DECLARACION,"BURYAILE, RICARDO",false,ninguno,,,,corpus,si,vacuna aftosa (sonda)
HCDN134932,EXPRESAR PREOCUPACION POR LA DISTORSION QUE PRODUCE LA INTERVENCION OFICIAL EN EL MERCADO DE IMPORTACION DE CARNE DE CERDO.,2012-03-21T00:00:00,2012,DECLARACION,"MARTINEZ, JULIO CESAR",false,ninguno,,,,corpus,no,importacion cerdo
HCDN135082,"DECLARAR DE INTERES DE LA HONORABLE CAMARA EL TRABAJO DE INVESTIGACION CIENTIFICA ""TRATAMIENTO ALTERNATIVO POSCOSECHA DIRIGIDO A ELIMINAR AGENTES PATOGENOS EN FRUTOS CITRICOS"", EL CUAL OBTUVO EL PRIMER LUGAR EN LOS PREMIOS ARGENINTA A LA CALIDAD AGROALIMENTARIA EDICION VIII, OTORGADO EL DIA 14 DE DICIEMBRE DE 2011.",2012-03-23T00:00:00,2012,DECLARACION,"GALLARDO, MIRIAM GRACIELA",false,ninguno,,,,corpus,no,
HCDN135084,PEDIDO DE INFORMES AL PODER EJECUTIVO SOBRE DIVERSAS CUESTIONES RELACIONADAS CON EL ESTADO Y GRADO DE AVANCE DEL SISTEMA DE TRAZABILIDAD DE MEDICAMENTOS CREADO POR RESOLUCION DEL MINISTERIO DE SALUD - MSAL - 435/11.,2012-03-23T00:00:00,2012,RESOLUCION,"OCAÑA, GRACIELA",false,ninguno,,,,corpus,no,trazabilidad medicamentos
HCDN135176,"EXPRESAR PREOCUPACION POR LAS VERSIONES QUE INDICAN QUE ESPAÑA ESTUDIA FRENAR COMPRAS DE BIODIESEL COMO REPRESALIA POR LAS EMBESTIDAS DE NUESTROS GOBIERNOS, PROVINCIALES Y NACIONAL CONTRA LA EMPRESA REPSOL YPF.",2012-03-27T00:00:00,2012,DECLARACION,"MARTINEZ, JULIO CESAR",true,B,comercio_ue_sectorial,pro_liberalizacion,relacionada,corpus,no,Espana represalia biodiesel por YPF
HCDN135183,EXPRESAR PREOCUPACION POR EL POSIBLE NUEVO INCUMPLIMIENTO DE LA CUOTA HILTON EN EL AÑO 2012.,2012-03-27T00:00:00,2012,DECLARACION,"MARTINEZ, JULIO CESAR",true,B,comercio_ue_sectorial,pro_liberalizacion,relacionada,corpus,no,
HCDN135189,"COMISION FEDERAL DE ADJUDICACION DE LA CUOTA HILTON Y OTRAS CUOTAS DE CORTES DE CARNES VACUNAS PARA EXPORTACION: CREACION EN EL AMBITO DEL MINISTERIO DE AGRICULTURA, GANADERIA Y PESCA DE LA NACION.",2012-03-28T00:00:00,2012,LEY,"ASPIAZU, LUCIO BERNARDO",true,B,comercio_ue_sectorial,administrativa_neutra,relacionada,corpus,no,comision Hilton
HCDN135424,"EXPRESAR PREOCUPACION POR LA QUEJA REFERENTE A LAS TRABAS DE IMPORTACIONES ESTABLECIDAS POR EL GOBIERNO NACIONAL, REALIZADAS POR LA ORGANIZACION MUNDIAL DE COMERCIO (OMC).",2012-04-04T00:00:00,2012,DECLARACION,"ATANASOF, ALFREDO NESTOR",false,ninguno,,,,corpus,no,OMC sin UE
HCDN135428,SOLICITAR AL PODER EJECUTIVO DISPONGA LA PROMOCION DE PROGRAMAS REGIONALES DE CULTIVOS ENERGETICOS ALTERNATIVOS DESTINADOS A LA PRODUCCION DE BIOCOMBUSTIBLES.,2012-04-04T00:00:00,2012,DECLARACION,"VILARIÑO, JOSE ANTONIO",false,ninguno,,,,corpus,no,
HCDN135592,EXPRESAR PREOCUPACION POR EL IMPACTO PRODUCIDO POR LA DEFORESTACION EN EL CAMBIO CLIMATICO Y LA BIODIVERSIDAD.,2012-04-11T00:00:00,2012,RESOLUCION,"BIANCHI, IVANA MARIA",true,D,eudr_trazabilidad_forestal,administrativa_neutra,relacionada,corpus,no,deforestacion
HCDN135598,EXPRESAR PREOCUPACION POR LA ADVERTENCIA INTERNACIONAL A LA REPUBLICA ARGENTINA EN LA ORGANIZACION MUNDIAL DE COMERCIO (OMC) POR LAS RESTRICCIONES A LAS IMPORTACIONES.,2012-04-11T00:00:00,2012,RESOLUCION,"BIANCHI, IVANA MARIA",false,ninguno,,,,corpus,no,OMC sin UE (adjudicado)
HCDN135631,"EXPRESAR BENEPLACITO POR LA DESIGNACION DE LA PROVINCIA DE MENDOZA COMO SEDE DE LA CUMBRE DE JEFES DE ESTADO DEL MERCOSUR Y PAISES ASOCIADOS, A REALIZARSE EN EL MES DE JUNIO DE 2012.",2012-04-11T00:00:00,2012,DECLARACION,"GONZALEZ, JUAN DANTE",true,C,mercosur_institucional,administrativa_neutra,relacionada,corpus,no,sede cumbre
HCDN135640,"EXPRESAR PREOCUPACION POR LAS MEDIDAS ADOPTADAS EN DETRIMENTO DE LAS IMPORTACIONES DE BIENES Y SERVICIOS, QUE ATENTAN CONTRA LOS COMPROMISOS ADOPTADOS POR NUESTRO PAIS EN EL MARCO DE LA ORGANIZACION MUNDIAL DE COMERCIO (OMC)"".",2012-04-11T00:00:00,2012,DECLARACION,"MARTINEZ, JULIO CESAR",false,ninguno,,,,corpus,no,OMC
HCDN135708,"PEDIDO DE INFORMES AL PODER EJECUTIVO SOBRE LOS RECLAMOS Y QUEJAS CONTRA NUESTRO PAIS ANTE LA ORGANIZACION MUNDIAL DE COMERCIO - OMC, COMO CONSECUENCIA DE LAS MEDIDAS ARANCELARIAS DE RESTRICCION A LAS IMPORTACIONES.",2012-04-13T00:00:00,2012,RESOLUCION,"BULLRICH, PATRICIA",false,ninguno,,,,corpus,no,OMC
HCDN135711,"EXPRESAR BENEPLACITO POR LA CAMPAÑA DE CONCIENTIZACION ""EL MERCOSUR UNIDO CONTRA EL TRABAJO INFANTIL"".",2012-04-13T00:00:00,2012,DECLARACION,"ATANASOF, ALFREDO NESTOR",true,C,mercosur_institucional,administrativa_neutra,relacionada,corpus,si,campana del bloque trabajo infantil
HCDN135795,"DECLARAR DE INTERES DE LA HONORABLE CAMARA EL SEMINARIO: GANADERIA Y COMPROMISO. DIAGNOSTICO Y PROPUESTAS PARA EL CRECIMIENTO SOSTENIDO DE LA CADENA DE LA CARNE VACUNA, REALIZADO EL DIA 18 DE ABRIL DE 2012, EN LA CIUDAD DE RIO CUARTO, PROVINCIA DE CORDOBA.",2012-04-17T00:00:00,2012,RESOLUCION,"MARTINEZ, JULIO CESAR",false,ninguno,,,,corpus,no,seminario
HCDN135823,"DERECHO DE EXPORTACION PARA LAS CARNES TERMOPROCESADAS: DISMINUCION DE LA ALICUOTA, MODIFICACION DEL DECRETO 526/12.",2012-04-18T00:00:00,2012,LEY,"CASAÑAS, JUAN FRANCISCO",false,ninguno,,,,corpus,no,retenciones carnes
HCDN135884,PEDIDO DE INFORMES AL PODER EJECUTIVO SOBRE LA QUEJA DE LA ORGANIZACION MUNDIAL DE COMERCIO (OMC) CON MOTIVO DE LAS RESTRICCIONES A LAS IMPORTACIONES POR PARTE DE LA REPUBLICA ARGENTINA.,2012-04-19T00:00:00,2012,RESOLUCION,"DE MARCHI, OMAR",false,ninguno,,,,corpus,no,OMC
HCDN135936,CREACION DEL FONDO PARA EL DESARROLLO DEL PEQUEÑO PRODUCTOR CITRICOLA (FODEPEC) DEL NOROESTE ARGENTINO (NEA).,2012-04-20T00:00:00,2012,LEY,"BENEDETTI, ATILIO FRANCISCO SALVADOR",false,ninguno,,,,corpus,no,
HCDN136026,PEDIDO DE INFORMES AL PODER EJECUTIVO SOBRE DIVERSAS CUESTIONES RELACIONADAS CON LA CUOTA HILTON PERIODO 2011/2012.,2012-04-25T00:00:00,2012,RESOLUCION,"GONZALEZ, GLADYS ESTHER",true,B,comercio_ue_sectorial,administrativa_neutra,relacionada,corpus,no,Hilton
HCDN136027,"DECLARAR DE INTERES DE LA HONORABLE CAMARA DE DIPUTADOS DE LA NACION EL TERCER CONGRESO NACIONAL Y PRIMERO DEL MERCOSUR SOBRE TRATA Y TRAFICO DE PERSONAS ""OTRA MIRADA....TODAS LAS MIRADAS"", A REALIZARSE LOS DIAS 4 Y 5 DE SEPTIEMBRE DE 2012 EN VILLA MARIA, PROVINCIA DE CORDOBA.",2012-04-25T00:00:00,2012,RESOLUCION,"SACCA, LUIS FERNANDO",false,ninguno,,,,corpus,no,congreso
HCDN136133,"EXPRESAR RECHAZO POR EL HECHO DE VIOLENCIA PERPETRADO EL 1 DE MAYO DE 2012 CONTRA LA SEDE DE LA DELEGACION DE LA ""UNION EUROPEA"" EN LA CIUDAD AUTONOMA DE BUENOS AIRES.",2012-05-02T00:00:00,2012,RESOLUCION,"CARMONA, GUILLERMO RAMON",false,ninguno,,,,corpus,no,violencia sede UE
HCDN136138,"PEDIDO DE INFORMES AL PODER EJECUTIVO NACIONAL SOBRE DIVERSAS CUESTIONES RELACIONADAS CON LA EXPORTACION DE CARNES DE LA ""CUOTA HILTON"".",2012-05-02T00:00:00,2012,RESOLUCION,"ASSEFF, ALBERTO",true,B,comercio_ue_sectorial,administrativa_neutra,relacionada,corpus,no,Hilton
HCDN136150,"EXPRESAR REPUDIO POR EL ATENTADO PERPETRADO AL EDIFICIO DE LA SEDE DE LA UNION EUROPEA EN LA CIUDAD AUTONOMA DE BUENOS AIRES, OCURRIDO EL 1 DE MAYO DE 2012.",2012-05-02T00:00:00,2012,RESOLUCION,"THOMAS, ENRIQUE LUIS",false,ninguno,,,,corpus,no,atentado sede UE
HCDN136261,"DECLARAR DE INTERES DE LA HONORABLE CAMARA LA PELICULA EL POZO CON DIRECCION DE RODOLFO CARNEVALE, FILMADA EN LA PROVINCIA DE SAN LUIS, BASADA EN EL AUTISMO.",2012-05-07T00:00:00,2012,RESOLUCION,"BIANCHI, IVANA MARIA",false,ninguno,,,,corpus,no,apellido Carnevale
HCDN136316,"PEDIDO DE INFORMES AL PODER EJECUTIVO SOBRE DIVERSAS CUESTIONES RELACIONADAS CON EL FONDO NACIONAL PARA EL ENRIQUECIMIENTO Y LA CONSERVACION DE LOS BOSQUES NATIVOS, CREADO POR LEY 26331.",2012-05-09T00:00:00,2012,RESOLUCION,"GARNERO, ESTELA RAMONA",true,D,eudr_trazabilidad_forestal,administrativa_neutra,relacionada,corpus,si,fondo bosques
HCDN136329,"DECLARAR DE INTERES DE LA HONORABLE CAMARA EL PROGRAMA DE CAPACITACION VIRTUAL DE INSTITUTO DE PROMOCION DE LA CARNE VACUNA ARGENTINA (IPCVA): REPRODUCCION DEL BOVINO, INICIADO EL DIA 7 DE MAYO DE 2012.",2012-05-09T00:00:00,2012,RESOLUCION,"MARTINEZ, JULIO CESAR",false,ninguno,,,,corpus,no,capacitacion IPCVA
HCDN136352,"LEY 23349 DEL IMPUESTO AL VALOR AGREGADO (IVA): MODIFICACION DEL ARTICULO 28, SOBRE REDUCCION DE LA ALICUOTA EN PRODUCTOS FITOSANITARIOS, SEMILLAS Y ORGANOS DE REPRODUCCION VEGETAL.",2012-05-09T00:00:00,2012,LEY,"MARTINEZ, JULIO CESAR",false,ninguno,,,,corpus,no,IVA fitosanitarios
HCDN136355,"REGIMEN PARA LA AUTORIZACION, REGISTRO Y CONTROL DE PRODUCTOS FITOSANITARIOS. DEROGACION DEL DECRETO LEY 3489/58 Y DE LA LEY 17934.",2012-05-09T00:00:00,2012,LEY,"MARTINEZ, JULIO CESAR",false,ninguno,,,,corpus,no,fitosanitarios
HCDN136495,"REGIMEN FEDERAL PARA EL REGISTRO, COMERCIALIZACION Y CONTROL DE PRODUCTOS FITOSANITARIOS PARA LA PRODUCCION AGRICOLA SUSTENTABLE.",2012-05-10T00:00:00,2012,LEY,"UÑAC, JOSE RUBEN",false,ninguno,,,,corpus,no,fitosanitarios
HCDN136516,EXPRESAR PREOCUPACION POR LA CAIDA DEL CONSUMO DE CARNE VACUNA EN NUESTRO PAIS.,2012-05-11T00:00:00,2012,DECLARACION,"MARTINEZ, JULIO CESAR",false,ninguno,,,,corpus,no,consumo carne
HCDN136801,"SOLICITAR AL PODER EJECUTIVO DISPONGA LAS GESTIONES NECESARIAS PARA RETROTRAER LAS MEDIDAS PARA ARANCELARIAS ADOPTADAS POR LA REPUBLICA FEDERATIVA DEL BRASIL, CON DIVERSOS PRODUCTOS PERTENECIENTES A LA OFERTA EXPORTABLE DE LA PROVINCIA DE SAN JUAN.",2012-05-18T00:00:00,2012,DECLARACION,"CASELLES, GRACIELA MARIA",true,C,mercosur_institucional,pro_liberalizacion,relacionada,corpus,no,barreras de Brasil intra-Mercosur
HCDN137397,"DECLARAR DE INTERES DE LA HONORABLE CAMARA DE DIPUTADOS DE LA NACION EL CICLO DE CONFERENCIAS HISTORICAS: ACTIVIDADES VITIVINICOLAS, CITRICOLA, FORESTAL, OLIVICOLA DE LA REGION DE SALTO GRANDE, EVOLUCION Y RELACION CON LA ESTACION EXPERIMENTAL AGROPECUARIA DE CONCORDIA, QUE SE REALIZARA DEL 28 AL 30 DE MAYO DE 2012 EN CONCORDIA, PROVINCIA DE ENTRE RIOS.",2012-05-24T00:00:00,2012,RESOLUCION,"MARTINEZ, JULIO CESAR",false,ninguno,,,,corpus,no,conferencias
HCDN137460,"EXPRESAR PREOCUPACION POR LA PRESENTACION REALIZADA POR LA ""UNION EUROPEA (UE) ANTE LA ORGANIZACION MUNDIAL DE COMERCIO (OMC), COMO CONSECUENCIA DE LAS RESTRICCIONES A LA IMPORTACION QUE IMPUSO NUESTRO PAIS.",2012-05-28T00:00:00,2012,RESOLUCION,"BIANCHI, IVANA MARIA",true,B,comercio_ue_sectorial,proteccionista_defensiva,relacionada,corpus,si,UE ante OMC; defiende restricciones argentinas
HCDN137499,"SISTEMA ELECTORAL PARA ELECCION DIRECTA DE PARLAMENTARIOS DEL MERCOSUR: MODIFICACION DE LA LEY 19945 (TO POR DECRETO 2135/83), Y MODIFICATORIAS.",2012-05-29T00:00:00,2012,LEY,"STOLBIZER, MARGARITA ROSA",true,C,mercosur_institucional,administrativa_neutra,relacionada,corpus,no,eleccion Parlasur
HCDN137549,"DECLARAR DE INTERES DE LA H. CAMARA LA ""PRIMERA SEMANA PRODUCTIVA DEL NEA Y MERCOSUR"", A REALIZARSE DEL 6 AL 9 DE JUNIO DE 2012 EN LA PROVINCIA DE FORMOSA.",2012-05-31T00:00:00,2012,RESOLUCION,"ORSOLINI, PABLO EDUARDO",false,ninguno,,,,corpus,no,evento
HCDN137669,"SOLICITAR AL PODER EJECUTIVO CON CARACTER DE URGENTE UNA REUNION DE CANCILLERES DE LA UNASUR Y DEL MERCOSUR A FIN DE FIJAR UNA POSICION CONJUNTA, FRENTE A LOS TRAGICOS ACONTECIMIENTOS SUSCITADOS EN LA REPUBLICA ARABE SIRIA.",2012-06-01T00:00:00,2012,RESOLUCION,"NEGRI, MARIO RAUL",true,C,mercosur_institucional,administrativa_neutra,relacionada,corpus,si,cancilleres del bloque por Siria
HCDN137956,"DECLARAR DE INTERES DE LA HONORABLE CAMARA LA ""XXXIII JORNADA CITRICOLA NACIONAL"", A REALIZARSE LOS DIAS 7 Y 8 DE JUNIO DE 2012 EN CONCORDIA, PROVINCIA DE ENTRE RIOS.",2012-06-07T00:00:00,2012,RESOLUCION,"MARTINEZ, JULIO CESAR",false,ninguno,,,,corpus,no,jornada
HCDN138123,BIODIESEL. INCREMENTO DE LOS PORCENTAJES DE CORTE DE COMBUSTIBLES LIQUIDOS CON BIOCOMBUSTIBLES.,2012-06-12T00:00:00,2012,LEY,"MALDONADO, VICTOR HUGO",false,ninguno,,,,corpus,no,corte biodiesel
HCDN138345,"DECLARAR DE INTERES DE LA HONORABLE CAMARA EL SEMINARIO REGIONAL: ""GANADERIA Y COMPROMISO. DIAGNOSTICO Y PROPUESTAS PARA EL CRECIMIENTO SOSTENIDO DE LA CADENA DE LA CARNE VACUNA"", A REALIZARSE EL DIA 27 DE JUNIO DE 2012 EN LA CIUDAD CAPITAL DE LA PROVINCIA DE FORMOSA.",2012-06-18T00:00:00,2012,RESOLUCION,"ORSOLINI, PABLO EDUARDO",false,ninguno,,,,corpus,no,seminario
HCDN138359,EXPRESAR PREOCUPACION POR EL INCUMPLIMIENTO DE LA CUOTA HILTON DE EXPORTACION DE CORTES DE CARNE DE GRAN CALIDAD HACIA LA UNION EUROPEA.,2012-06-18T00:00:00,2012,DECLARACION,"ORSOLINI, PABLO EDUARDO",true,B,comercio_ue_sectorial,pro_liberalizacion,relacionada,corpus,no,Hilton a la UE
HCDN138521,EXPRESAR PREOCUPACION POR EL CUPO OTORGADO A NUESTRO PAIS BAJO EL REGIMEN DE CUOTA HILTON.,2012-06-22T00:00:00,2012,RESOLUCION,"CASAÑAS, JUAN FRANCISCO",true,B,comercio_ue_sectorial,pro_liberalizacion,relacionada,corpus,no,cupo Hilton
HCDN138572,"DECLARAR DE INTERES DE LA HONORABLE CAMARA DE DIPUTADOS DE LA NACION EL ""SEMINARIO REGIONAL: GANADERIA Y COMPROMISO, DIAGNOSTICO Y PROPUESTAS PARA EL CRECIMIENTO SOSTENIDO DE LA CADENA DE LA CARNE VACUNA"", A REALIZARSE EL DIA 27 DE JUNIO DE 2012 EN LA CIUDAD CAPITAL DE LA PROVINCIA DE FORMOSA.",2012-06-25T00:00:00,2012,RESOLUCION,"ORSOLINI, PABLO EDUARDO",false,ninguno,,,,corpus,no,seminario
HCDN138573,"DECLARAR DE INTERES DE LA HONORABLE CAMARA DE DIPUTADOS DE LA NACION LA ""JORNADA DE PULVERIZACION TERRESTRE Y AREA, HACIA UNA APLICACION EFICIENTE DE FITOSANITARIOS"", A REALIZARSE LOS DIAS 28 Y 29 DE JUNIO DE 2012 EN ZAVALLA, PROVINCIA DE SANTA FE.",2012-06-25T00:00:00,2012,RESOLUCION,"ORSOLINI, PABLO EDUARDO",false,ninguno,,,,corpus,no,jornada
HCDN139004,"EXPRESAR RECHAZO POR LA IRREGULAR INCORPORACION DE LA REPUBLICA BOLIVARIANA DE VENEZUELA COMO MIEMBRO DEL MERCOSUR, EN REEMPLAZO DE LA REPUBLICA DEL PARAGUAY.",2012-07-03T00:00:00,2012,DECLARACION,"BULLRICH, PATRICIA",true,C,mercosur_institucional,administrativa_neutra,relacionada,corpus,no,incorporacion Venezuela / suspension Paraguay
HCDN139007,"EXPRESAR PREOCUPACION POR EL CIERRE TRANSITORIO DEL ""FRIGORIFICO CARNES PAMPEANAS"", DEJANDO 295 TRABAJADORES SIN EMPLEO.",2012-07-03T00:00:00,2012,DECLARACION,"KRONEBERGER, DANIEL RICARDO",false,ninguno,,,,corpus,no,frigorifico cierre
HCDN139150,"ACEITUNAS: ELIMINACION DE LOS DERECHOS DE EXPORTACION Y AMPLIACION DE LOS REINTEGROS APLICABLES A LAS EXPORTACIONES DE LAS PRESENTACIONES DE ACEITUNAS COMPRENDIDAS EN LAS POSICIONES ARANCELARIAS DE LA NOMENCLATURA COMUN DEL MERCOSUR (NMC) 0711.20.10, 0711.20.20 Y 0711.20.90.",2012-07-04T00:00:00,2012,LEY,"MARTINEZ, JULIO CESAR",false,ninguno,,,,corpus,no,NCM aceitunas
HCDN139155,"PROHIBICION DEL INGRESO A LA REGION DEL NOA Y A LAS PROVINCIAS DE FORMOSA Y MISIONES, DE BANANAS (MUSSA SPP), QUE INCUMPLAN CON LOS REQUISITOS FITOSANITARIOS.",2012-07-04T00:00:00,2012,LEY,"YARADE, FERNANDO",false,ninguno,,,,corpus,no,bananas fitosanitarios
HCDN139176,"EXPRESAR BENEPLACITO POR LA DECISION DE LOS ESTADOS MIEMBROS Y ASOCIADOS DEL MERCOSUR, DE IMPEDIR EL ACCESO A SUS PUERTOS DE BUQUES CON BANDERA ILEGAL DE LAS MALVINAS, E INTERCAMBIAR INFORMACION SOBRE CARGAS HIDROCARBURIFERAS ILEGALES, ADOPTADA EL DIA 29 DE JUNIO DE 2012 EN LA PROVINCIA DE MENDOZA.",2012-07-04T00:00:00,2012,RESOLUCION,"BIANCHI, IVANA MARIA",true,C,mercosur_institucional,administrativa_neutra,relacionada,corpus,si,buques Malvinas decision del bloque
HCDN139191,EXPRESAR PREOCUPACION POR EL POSIBLE INGRESO Y TRANSITO EN LA REGION DEL NOROESTE ARGENTINO (NOA) DE BANANAS (MUSSA SPP.) QUE NO CUMPLEN LOS REQUISITOS FITOSANITARIOS.,2012-07-04T00:00:00,2012,RESOLUCION,"YARADE, FERNANDO",false,ninguno,,,,corpus,no,bananas
HCDN139210,"EXPRESAR ADHESION POR LA DECLARACION DEL MERCOSUR Y ESTADOS ASOCIADOS SUSCRIPTA EL DIA 29 DE JUNIO DE 2012, EN LA PROVINCIA DE MENDOZA, TITULADA: ""INTERCAMBIO DE INFORMACION ENTRE LOS ESTADOS PARTES DEL MERCOSUR Y ESTADOS ASOCIADOS SOBRE BUQUES O ARTEFACTOS NAVALES VINCULADOS A LA CUESTIONES DE LAS ISLAS MALVINAS"".",2012-07-05T00:00:00,2012,DECLARACION,"FADUL, LILIANA",true,C,mercosur_institucional,administrativa_neutra,relacionada,corpus,si,declaracion del bloque buques Malvinas
HCDN139230,PEDIDO DE INFORMES AL PODER EJECUTIVO SOBRE DIVERSAS CUESTIONES RELACIONADAS CON EL REGIMEN DE COMPENSACION DE ARANCELES DE LA EVALUACION PSICOFISICA DE CONDUCTORES PROFESIONALES.,2012-07-05T00:00:00,2012,RESOLUCION,"OCAÑA, GRACIELA",false,ninguno,,,,corpus,no,aranceles psicofisica
HCDN139282,"EXPRESAR BENEPLACITO POR LA DECISION DE PAISES MIEMBROS DEL MERCOSUR Y SUS ASOCIADOS, AL ASUMIR EL COMPROMISO DE IMPEDIR EL INGRESO DE BUQUES Y ARTEFACTOS NAVALES QUE ENARBOLEN LA BANDERA KELPER.",2012-07-06T00:00:00,2012,DECLARACION,"ATANASOF, ALFREDO NESTOR",true,C,mercosur_institucional,administrativa_neutra,relacionada,corpus,si,buques kelper (familia adjudicada)
HCDN139293,SOLICITAR AL PODER EJECUTIVO NACIONAL DISPONGA LAS MEDIDAS NECESARIAS PARA INCORPORAR EL ACEITE DE OLIVA Y ACEITUNAS DE MESA DENTRO DE LOS ARANCELES DEL MERCOSUR.,2012-07-10T00:00:00,2012,DECLARACION,"MARTINEZ, JULIO CESAR",true,C,mercosur_institucional,proteccionista_defensiva,relacionada,corpus,si,incorporar aceitunas al AEC; pide proteccion
HCDN138149,"DECLARAR DE INTERES DE LA HONORABLE CAMARA DE DIPUTADOS DE LA NACION LA ""I JORNADA PROVINCIAL FITOSANITARIA"", A REALIZARSE EL DIA 15 DE JUNIO DE 2012 EN VILLA MARIA, PROVINCIA DE CORDOBA",2012-07-12T00:00:00,2012,RESOLUCION,"MARTINEZ, JULIO CESAR",false,ninguno,,,,corpus,no,jornada
HCDN139511,"DECLARAR DE INTERES DE LA H. CAMARA EL V CONGRESO INTERNACIONAL ""GUARANI IDIOMA OFICIAL DEL MERCOSUR"", A REALIZARSE EL DIA 20 DE OCTUBRE DE 2012 EN ITUZAINGO, PROVINCIA DE CORRIENTES.",2012-07-12T00:00:00,2012,RESOLUCION,"CHIENO, MARIA ELENA PETRONA",false,ninguno,,,,corpus,no,congreso guarani
HCDN139877,"DECLARAR DE INTERES DE LA HONORABLE CAMARA DE DIPUTADOS DE LA NACION EL ""TALLER NACIONAL SOBRE TECNOLOGIAS DISPONIBLES PARA LA PRODUCCION DE CARNES CAPRINAS Y ENSEÑANZAS DE LA PRODUCCION CAPRINA EN LAS UNIVERSIDADES ARGENTINAS"", A REALIZARSE DEL 15 AL 17 DE AGOSTO DE 2012 EN LA LOCALIDAD DE MALARGÜE, PROVINCIA DE MENDOZA.",2012-07-30T00:00:00,2012,RESOLUCION,"ORSOLINI, PABLO EDUARDO",false,ninguno,,,,corpus,no,taller
HCDN139890,EXPRESAR BENEPLACITO POR LA INCORPORACION DE VENEZUELA AL MERCADO COMUN DEL SUR (MERCOSUR).,2012-07-30T00:00:00,2012,DECLARACION,"ASSEFF, ALBERTO",true,C,mercosur_institucional,administrativa_neutra,relacionada,corpus,no,incorporacion Venezuela
HCDN139931,"DECLARAR DE INTERES DE LA H. CAMARA EL ""VI CONGRESO NACIONAL Y III CONGRESO DEL MERCOSUR PARA EL MANEJO DE PASTIZALES NATURALES Y LAS II JORNADAS TECNICAS"", A REALIZARSE DEL 9 AL 12 DE AGOSTO DE 2013 EN LA CIUDAD DE SANTA ROSA, PROVINCIA DE LA PAMPA.",2012-08-01T00:00:00,2012,RESOLUCION,"ORSOLINI, PABLO EDUARDO",false,ninguno,,,,corpus,no,congreso
HCDN140090,"DECLARAR DE INTERES DE LA H. CAMARA EL ""X ENCUENTRO NACIONAL DE CARRERAS DE COMUNICACION - ENACOM -, I ENCUENTRO REGIONAL DEL MERCOSUR Y LA VII EDICION DE LA EXPOSICION DE TRABAJOS DE CARRERAS DE COMUNICACION"", A REALIZARSE DEL 5 AL 7 DE SEPTIEMBRE DE 2012 EN LA CIUDAD CAPITAL DE LA PROVINCIA DE MISIONES.",2012-08-06T00:00:00,2012,RESOLUCION,"LEVERBERG, STELLA MARIS",false,ninguno,,,,corpus,no,encuentro
HCDN140103,"DECLARAR DE INTERES DE ESTA H. CAMARA EL ""TALLER NACIONAL SOBRE TECNOLOGIAS DISPONIBLES PARA LA PRODUCCION DE CARNES CAPRINAS Y ENSEÑANZA DE LA PRODUCCION CAPRINA EN LAS UNIVERSIDADES ARGENTINAS"", A REALIZARSE DEL 15 AL 17 DE AGOSTO DE 2012 EN MALARGÜE, PROVINCIA DE MENDOZA.",2012-08-06T00:00:00,2012,RESOLUCION,"ORSOLINI, PABLO EDUARDO",false,ninguno,,,,corpus,no,taller
HCDN140110,EXPRESAR BENEPLACITO POR LA POSIBLE DECISION DE LEVANTAR LA SUSPENSION APLICADA AL PARAGUAY EN JUNIO DE 2012 POR PARTE DEL MERCOSUR.,2012-08-06T00:00:00,2012,DECLARACION,"ASSEFF, ALBERTO",true,C,mercosur_institucional,administrativa_neutra,relacionada,corpus,no,suspension Paraguay
HCDN140284,"EXPRESAR PREOCUPACION POR EL ANUNCIO DEL GOBIERNO DE MEXICO, RELACIONADO CON EL RETIRO DE LAS PREFERENCIAS ARANCELARIAS EN EL COMERCIO AUTOMOTOR QUE TENIA ARGENTINA CON DICHO PAIS.",2012-08-08T00:00:00,2012,DECLARACION,"ATANASOF, ALFREDO NESTOR",false,ninguno,,,,corpus,no,Mexico preferencias
HCDN140295,PEDIDO DE INFORMES AL PODER EJECUTIVO SOBRE DIVERSAS CUESTIONES RELACIONADAS CON LA IMPLEMENTACION DEL PARLAMENTO JUVENIL DEL MERCOSUR EN EL AMBITO DE LA PROVINCIA DE SANTA FE.,2012-08-08T00:00:00,2012,RESOLUCION,"ALVAREZ, JORGE MARIO",true,C,mercosur_institucional,administrativa_neutra,relacionada,corpus,si,Parlamento Juvenil del Mercosur
HCDN140362,PEDIDO DE INFORMES AL PODER EJECUTIVO SOBRE LAS MEDIDAS TENDIENTES A REVERTIR EL DESCENSO DE LOS VOLUMENES E IMPORTES DE LAS EXPORTACIONES DE CARNE VACUNA.,2012-08-09T00:00:00,2012,RESOLUCION,"ATANASOF, ALFREDO NESTOR",false,ninguno,,,,corpus,si,descenso export carne (sonda)
HCDN140381,"DECLARAR DE INTERES DE LA HONORABLE CAMARA EL ""20° CONGRESO INTERPROVINCIAL DE ENTIDADES VECINALISTAS, 12° NACIONAL E INTERNACIONAL, 8° DEL MERCOSUR Y 5° LATINOAMERICANO"", A REALIZARSE DEL 16 AL 18 DE NOVIEMBRE DE 2012 EN COMODORO RIVADAVIA, PROVINCIA DEL CHUBUT.",2012-08-09T00:00:00,2012,RESOLUCION,"PAIS, JUAN MARIO",false,ninguno,,,,corpus,no,congreso
HCDN140390,"EXPRESAR PREOCUPACION ANTE LAS DECLARACIONES DEL PRESIDENTE DEL CONSEJO SUPERIOR DE COMERCIO EXTERIOR DE LA FEDERACION DE EMPRESARIOS DE SAN PABLO, BRASIL, RUBENS BARBOSA, POR LAS CUALES ADVIERTE QUE ARGENTINA SERA ""RESPONSABLE POR EL FINAL DEL BLOQUE DEL MERCOSUR"".",2012-08-09T00:00:00,2012,DECLARACION,"ATANASOF, ALFREDO NESTOR",true,C,mercosur_institucional,administrativa_neutra,relacionada,corpus,no,futuro del bloque (Barbosa)
HCDN140391,EXPRESAR APOYO AL RECLAMO EFECTUADO POR LA CANCILLERIA ARGENTINA ANTE EL COMITE SANITARIO Y FITOSANITARIO DE LA ORGANIZACION MUNDIAL DEL COMERCIO -OMC- EN RELACION A LAS TRABAS ADUANERAS QUE LOS GOBIERNOS DE JAPON Y ESTADOS UNIDOS DE AMERICA VIENEN IMPONIENDOLE A DETERMINADOS PRODUCTOS ARGENTINOS.,2012-08-09T00:00:00,2012,DECLARACION,"ATANASOF, ALFREDO NESTOR",false,ninguno,,,,corpus,no,OMC vs Japon/EEUU
HCDN140529,"DECLARAR DE INTERES DE LA HONORABLE CAMARA DE DIPUTADOS DE LA NACION EL EVENTO ""HASE 2012"", SIMPOSIO INTERNACIONAL DE APLICACIONES EFICIENTES DE FITOSANITARIOS, A REALIZARSE DEL 29 AL 31 DE AGOSTO DE 2012 EN LAS PAREJAS, PROVINCIA DE SANTA FE.",2012-08-13T00:00:00,2012,RESOLUCION,"ORSOLINI, PABLO EDUARDO",false,ninguno,,,,corpus,no,simposio
HCDN140555,"COMERCIO EXTERIOR: NOMENCLATURA COMUN DEL MERCOSUR (NCM) Y ARANCEL EXTERNO COMUN (AEC), APLICADO AL BIODIESEL; DEROGACION DEL DECRETO 1339/12.",2012-08-14T00:00:00,2012,LEY,"CASAÑAS, JUAN FRANCISCO",true,C,mercosur_institucional,administrativa_neutra,relacionada,corpus,si,AEC biodiesel derogacion 1339/12
HCDN140608,"DECLARAR DE INTERES DE LA HONORABLE CAMARA EL SIMPOSIO DE POSTCOSECHA DE CITRICOS, A REALIZARSE DEL 22 AL 24 DE AGOSTO DE 2012 EN CONCORDIA, PROVINCIA DE ENTRE RIOS.",2012-08-15T00:00:00,2012,RESOLUCION,"MARTINEZ, JULIO CESAR",false,ninguno,,,,corpus,no,simposio
HCDN140668,PROGRAMA NACIONAL PARA LA GESTION DE ENVASES DE PRODUCTO FITOSANITARIOS: CREACION.,2012-08-16T00:00:00,2012,LEY,"CASAÑAS, JUAN FRANCISCO",false,ninguno,,,,corpus,no,envases fitosanitarios
HCDN140691,"PEDIDO DE INFORMES AL PODER EJECUTIVO SOBRE DIVERSAS CUESTIONES RELACIONADAS CON EL FUNCIONAMIENTO DE LA UNIDAD EJECUTIVA INTERDISCIPLINARIA DE MONITOREO PARA DETERMINAR EL PRECIO DE REFERENCIA DEL BIOCOMBUSTIBLE DENOMINADO ""BIODIESEL"".",2012-08-17T00:00:00,2012,RESOLUCION,"BROWN, CARLOS RAMON",false,ninguno,,,,corpus,no,precio biodiesel
HCDN140798,"DECLARAR DE INTERES DE LA H. CAMARA LA REALIZACION DEL 4° FORO EN DEFENSA DEL BOSQUE NATIVO, A DESARROLLARSE EL 7 DE SEPTIEMBRE DE 2012 EN LA CIUDAD CAPITAL DE LA PROVINCIA DEL NEUQUEN.",2012-08-22T00:00:00,2012,RESOLUCION,"CIAMPINI, JOSE ALBERTO",false,ninguno,,,,corpus,si,foro bosque nativo = evento de terceros
HCDN140810,"SOLICITAR AL PODER EJECUTIVO DISPONGA READECUAR LA RESOLUCION 1436/12 DE LA SECRETARIA DE ENERGIA DE LA NACION, SOBRE ESTABLECIMIENTO DEL PRECIO A RECIBIR POR LAS EMPRESAS ELABORADORAS DE BIODIESEL.",2012-08-22T00:00:00,2012,DECLARACION,"TUNESSI, JUAN PEDRO",false,ninguno,,,,corpus,no,precio biodiesel
HCDN140894,"COMERCIO EXTERIOR: NOMENCLATURA COMUN DEL MERCOSUR (NCM) Y ARANCEL EXTERNO COMUN (AEC), APLICADO AL BIODIESEL - DECRETO 1339/12 -. DEJESE SIN EFECTO.",2012-08-23T00:00:00,2012,LEY,"PINEDO, FEDERICO",true,C,mercosur_institucional,administrativa_neutra,relacionada,corpus,si,AEC biodiesel derogacion
HCDN140900,"LEY 24196 DE ACTIVIDAD MINERA: MODIFICACION DEL ARTICULO 22, SOBRE REGALIAS Y LA RESOLUCION 11/2002 SOBRE ARANCELES.",2012-08-23T00:00:00,2012,LEY,"GONZALEZ, GLADYS ESTHER",false,ninguno,,,,corpus,no,mineria
HCDN140988,ESTABLECER QUE EL SERVICIO NACIONAL DE SANIDAD Y CALIDAD AGROALIMENTARIA (SENASA) DEBE REALIZAR LA RECATEGORIZACION DE TODOS LOS PRODUCTOS FITOSANITARIOS QUE SE COMERCIALICEN Y PRODUZCAN EN EL PAIS CADA DOS AÑOS.,2012-08-24T00:00:00,2012,LEY,"PERIE, JULIA ARGENTINA",false,ninguno,,,,corpus,no,fitosanitarios
HCDN140995,"LEY DE IMPUESTOS INTERNOS: EXIMICION A LAS MERCADERIAS COMPRENDIDAS EN LA POSICION ARANCELARIA DE LA NOMENCLATURA COMUN DEL MERCOSUR A LOS APARATOS DE GPS Y/O GNSS, SISTEMAS DE POSICIONAMIENTO GLOBAL, QUE POR SU USO PROFESIONAL Y TECNICO RESULTAN BIENES DE CAPITAL.",2012-08-27T00:00:00,2012,LEY,"LINARES, MARIA VIRGINIA",false,ninguno,,,,corpus,no,NCM GPS
HCDN141033,"EXPRESAR PREOCUPACION POR EL CIERRE DE FRIGORIFICOS EXPORTADORES DE CARNE, LO CUAL CONLLEVA AL DESPIDO DE TRABAJADORES.",2012-08-27T00:00:00,2012,DECLARACION,"MARTINEZ, JULIO CESAR",false,ninguno,,,,corpus,si,cierre frigorificos export (sonda)
HCDN141051,"EXPRESAR BENEPLACITO POR LA TAREA DE INVESTIGADORES DE LA ""FACULTAD DE AGRONOMIA DE LA UNIVERSIDAD DE BUENOS AIRES - FAUBA -"", A TRAVES DE ESTUDIOS DE BIOLOGIA MOLECULAR Y BIOINFORMATICA, SOBRE LA DINAMICA MICROBIANA EN LOS SUELOS DEL NOROESTE ARGENTINO - NOA - AFECTADA POR LA DEFORESTACION.",2012-08-28T00:00:00,2012,RESOLUCION,"VILARIÑO, JOSE ANTONIO",false,ninguno,,,,corpus,si,investigacion deforestacion: felicitacion academica
HCDN141062,PEDIDO DE INFORMES AL PODER EJECUTIVO SOBRE LA DETECCION EN TERRITORIO ARGENTINO DE LA ENFERMEDAD DE HUANGLONGBING LA CUAL AFECTA A LOS FRUTOS CITRICOS.,2012-08-28T00:00:00,2012,RESOLUCION,"FERNANDEZ, RODOLFO ALFREDO",false,ninguno,,,,corpus,no,HLB
HCDN141081,PEDIDO DE INFORMES AL PODER EJECUTIVO SOBRE LAS MEDIDAS QUE LLEVARA A CABO EN RELACION A LAS DEMANDAS DE CONSULTAS PRESENTADAS POR JAPON Y ESTADOS UNIDOS DE AMERICA ANTE LA ORGANIZACION MUNDIAL DEL COMERCIO -OMC- POR LAS CUALES PIDEN UNA SOLUCION RESPECTO A LA RESTRICCION DE IMPORTACIONES IMPUESTAS POR ARGENTINA.,2012-08-29T00:00:00,2012,RESOLUCION,"ATANASOF, ALFREDO NESTOR",false,ninguno,,,,corpus,no,OMC Japon/EEUU
HCDN141097,"SOLICITAR AL PODER EJECUTIVO DISPONGA ELEVAR AL MAXIMO PERMITIDO POR LA ""ORGANIZACION MUNDIAL DE COMERCIO - OMC -"", EL ARANCEL EXTERNO COMUN PARA LA EXPORTACION DE ACEITUNAS DE MESA A UN 35 PORCIENTO.",2012-08-29T00:00:00,2012,DECLARACION,"MARTINEZ, JULIO CESAR",true,C,mercosur_institucional,proteccionista_defensiva,relacionada,corpus,si,elevar AEC aceitunas
HCDN141100,"DECLARAR DE INTERES DE LA HONORABLE CAMARA EL ""III ENCUENTRO DE MUSEOS UNIVERSITARIOS DEL MERCOSUR, BAJO EL LEMA ""MUSEOS: MEMORIA + CREATIVIDAD = CAMBIO SOCIAL"", A REALIZARSE LOS DIAS 4 Y 5 DE OCTUBRE DE 2012 EN LA CIUDAD CAPITAL DE LA PROVINCIA DE SANTA FE.",2012-08-29T00:00:00,2012,DECLARACION,"COMI, CARLOS MARCELO",false,ninguno,,,,corpus,no,evento
HCDN141102,"EXPRESAR PREOCUPACION POR LA SITUACION DE EMERGENCIA QUE ATRAVIESA LA INDUSTRIA DE BIODIESEL, GENERADA POR LA DECISION DEL PODER EJECUTIVO DE ELEVAR LAS RETENCIONES A LAS EXPORTACIONES - DECRETO 1339/12.",2012-08-29T00:00:00,2012,DECLARACION,"ROBERTI, ALBERTO OSCAR",false,ninguno,,,,corpus,si,retenciones biodiesel 1339/12 (familia sonda)
HCDN141289,"DECLARAR DE INTERES DE LA HONORABLE CAMARA EL ""VI ENCUENTRO DE ESCRITORES Y I ENCUENTRO DE PRODUCTORES CULTURALES DEL MERCOSUR"" A REALIZARSE DEL 6 AL 8 DE SEPTIEMBRE DE 2012, EN LAS CIUDADES DE ENCARNACION - REPUBLICA DEL PARAGUAY - Y POSADAS, PROVINCIA DE MISIONES - REPUBLICA ARGENTINA -.",2012-09-03T00:00:00,2012,RESOLUCION,"LEVERBERG, STELLA MARIS",false,ninguno,,,,corpus,no,evento
HCDN141365,"DECLARAR DE INTERES DE LA HONORABLE CAMARA EL TALLER INTERNACIONAL: LOS IMPACTOS SOCIALES Y AMBIENTALES DE LA PRODUCCION DE BIOCOMBUSTIBLES, A REALIZARSE EN LA CIUDAD AUTONOMA DE BUENOS AIRES, EL 19 DE SEPTIEMBRE DE 2012.",2012-09-04T00:00:00,2012,RESOLUCION,"ORSOLINI, PABLO EDUARDO",false,ninguno,,,,corpus,no,taller
HCDN141460,VARIEDADES DE CARNE EN LAS POSICIONES ARANCELARIAS DE LA NOMENCLATURA COMUN DEL MERCOSUR (NMC): SE FIJA EN CERO POR CIENTO AL DERECHO DE EXPORTACION APLICABLE.,2012-09-06T00:00:00,2012,LEY,"BURYAILE, RICARDO",false,ninguno,,,,corpus,no,NCM carne
HCDN141495,"EXPRESAR BENEPLACITO POR EL INGRESO OFICIALIZADO EL DIA 31 DE JULIO DE 2012, DE LA REPUBLICA BOLIVARIANA DE VENEZUELA AL ""MERCADO COMUN DEL SUR (MERCOSUR)"".",2012-09-06T00:00:00,2012,DECLARACION,"HELLER, CARLOS",true,C,mercosur_institucional,administrativa_neutra,relacionada,corpus,no,ingreso Venezuela
HCDN141615,"DECLARAR DE INTERES DE LA H. CAMARA EL ""III CONGRESO ODONTOLOGICO DEL MERCOSUR"", A REALIZARSE DEL 14 AL 17 DE NOVIEMBRE DE 2012 EN LA CIUDAD DE ROSARIO, PROVINCIA DE SANTA FE.",2012-09-11T00:00:00,2012,RESOLUCION,"CURRILEN, OSCAR RUBEN",false,ninguno,,,,corpus,no,congreso
HCDN141638,"DECLARAR DE INTERES DE LA H. CAMARA EL ""TALLER INTERNACIONAL: LOS IMPACTOS SOCIALES Y AMBIENTALES DE LA PRODUCCION DE BIOCOMBUSTIBLES"", A REALIZARSE EL DIA 19 DE SEPTIEMBRE DE 2012 EN LA CIUDAD AUTONOMA DE BUENOS AIRES.",2012-09-11T00:00:00,2012,RESOLUCION,"MARTINEZ, JULIO CESAR",false,ninguno,,,,corpus,no,taller
HCDN141739,"SOLICITAR AL PODER EJECUTIVO DISPONGA LAS MEDIDAS CONDUCENTES PARA QUE LA ASOCIACION ARGENTINA DE KINESIOLOGIA Y EL CONSEJO PROFESIONAL DE KINESIOLOGIA SEAN INCLUIDOS EN EL SGT 11 ""SALUD"" DEL MERCOSUR.",2012-09-14T00:00:00,2012,RESOLUCION,"MENDOZA, SANDRA MARCELA",true,C,mercosur_institucional,administrativa_neutra,relacionada,corpus,si,SGT 11 Salud del bloque
HCDN141852,EXPRESAR PREOCUPACION POR LA SITUACION QUE ATRAVIESA LA INDUSTRIA FRIGORIFICA DE CARNE VACUNA.,2012-09-18T00:00:00,2012,DECLARACION,"MARTINEZ, JULIO CESAR",false,ninguno,,,,corpus,no,
HCDN142024,REINTEGRO A LA EXPORTACION EXTRAZONA (RE) ASIGNADO A LAS POSICIONES ARANCELARIAS DE LA NOMENCLATURA COMUN DEL MERCOSUR (NCM); SUSTITUCION PARA DIVERSOS PRODUCTOS.,2012-09-20T00:00:00,2012,LEY,"CASELLES, GRACIELA MARIA",false,ninguno,,,,corpus,no,NCM
HCDN142092,"DECLARAR DE INTERES DE LA HONORABLE CAMARA DE DIPUTADOS DE LA NACION EL ""II CONGRESO INTERNACIONAL DE PROFESORES DE LENGUAS OFICIALES DEL MERCOSUR"" Y ""II ENCUENTRO INTERNACIONAL DE ASOCIACIONES DE PROFESORES DE LENGUAS OFICIALES DEL MERCOSUR"", A REALIZARSE DEL 7 AL 10 DE MAYO DE 2013 EN LA CIUDAD AUTONOMA DE BUENOS AIRES.",2012-09-21T00:00:00,2012,RESOLUCION,"OPORTO, MARIO NESTOR",false,ninguno,,,,corpus,no,congreso
HCDN142101,DIVERSOS PRODUCTOS DE ORIGEN SANJUANINO: SUSTITUCION DEL VALOR DE REINTEGRO A LA EXPORTACION EXTRAZONA (RE) ASIGNADO A LAS POSICIONES ARANCELARIAS DE LA NOMENCLATURA COMUN DEL MERCOSUR (NCM).,2012-09-21T00:00:00,2012,LEY,"CASELLES, GRACIELA MARIA",false,ninguno,,,,corpus,no,NCM
HCDN142132,"DECLARAR DE INTERES DE LA H. CAMARA EL VI SIMPOSIO INTERNACIONAL DE ESCULTURA - CIUDAD DE ROLDAN - ARGENTINA 2012, I SIMPOSIO DE NIÑOS ESCULTORES DE ROLDAN Y LA VI EXPO ESCULTORES DEL MUNDO - ROLDAN - ARGENTINA 2012 -, A REALIZARSE DEL 29 DE SEPTIEMBRE AL 7 DE OCTUBRE DE 2012, Y EL I SIMPOSIO INTERNACIONAL DE ESCULTURA DEL MERCOSUR - ABRAZO ARGENTINA -BRASIL, A REALIZARSE DEL 13 AL 28 DE OCTUBRE DE 2012 EN LA CIUDAD DE ROLDAN PROVINCIA DE SANTA FE, Y EN LA REPUBLICA FEDERATIVA DEL BRASIL.",2012-09-25T00:00:00,2012,RESOLUCION,"SIMONCINI, SILVIA ROSA",false,ninguno,,,,corpus,no,simposio
HCDN142135,"DECLARAR DE INTERES DE LA H. CAMARA EL ""III ENCUENTRO DEL MERCOSUR AMPLIADO. MAQUINAS Y HERRAMIENTAS PARA LA AGRICULTURA FAMILIAR"", A REALIZARSE LOS DIAS 19 Y 20 DE OCTUBRE DE 2012 EN ITUZAINGO, PROVINCIA DE BUENOS AIRES.",2012-09-25T00:00:00,2012,RESOLUCION,"ORSOLINI, PABLO EDUARDO",false,ninguno,,,,corpus,no,encuentro
HCDN142170,"DECLARAR DE INTERES DE LA HONORABLE CAMARA DE DIPUTADOS DE LA NACION EL VI CONGRESO ARGENTINO, III DEL MERCOSUR PARA EL MANEJO DE PASTIZALES NATURALES 2013 QUE SE REALIZARA DEL 9 AL 12 DE ABRIL DE 2013 EN SANTA ROSA, PROVINCIA DE LA PAMPA.",2012-09-26T00:00:00,2012,RESOLUCION,"ORSOLINI, PABLO EDUARDO",false,ninguno,,,,corpus,no,congreso
HCDN143411,"PEDIDO DE INFORMES AL PODER EJECUTIVO SOBRE LAS MEDIDAS ADOPTADAS PARA REGULARIZAR LAS OBSERVACIONES FORMULADAS POR LA AUDITORIA GENERAL DE LA NACION (88/12), SOBRE EL INFORME DE AUDITORIA DE GESTION, EN EL AMBITO DEL SERVICIO NACIONAL DE SANIDAD Y CALIDAD AGROALIMENTARIA (SENASA), CON EL OBJETO DE EVALUAR LA GESTION DE LA SUBUNIDAD EJECUTORA DEL PROGRAMA MERCOSUR ""LIBRE DE FIEBRE AFTOSA"" (SUE-PAMA), PARCIALMENTE FINANCIADO POR EL FONDO PARA LA CONVERGENCIA ESTRUCTURAL DEL MERCOSUR (FOCEM).",2012-09-26T00:00:00,2012,RESOLUCION,PARLAMENTARIA MIXTA REVISORA DE CUENTAS,true,C,mercosur_institucional,administrativa_neutra,relacionada,corpus,si,auditoria SUE-PAMA/FOCEM del bloque
HCDN142195,"DECLARAR DE INTERES DE LA HONORABLE CAMARA DE DIPUTADOS DE LA NACION EL ""II CONGRESO INTERNACIONAL DE TURISMO, EDUCACION INTERCULTURAL Y DESARROLLO LOCAL DE LAS MISIONES JESUITICAS GUARANIES DEL MERCOSUR"", A REALIZARSE LOS DIAS 27 Y 28 DE SEPTIEMBRE DEL 2012 EN LA CIUDAD DE CORPUS, PROVINCIA DE MISIONES.",2012-09-27T00:00:00,2012,RESOLUCION,"LEVERBERG, STELLA MARIS",false,ninguno,,,,corpus,no,congreso
HCDN142339,PEDIDO DE INFORMES AL PODER EJECUTIVO NACIONAL SOBRE EL DESTINO DE LO RECAUDADO POR EL COBRO DE ARANCELES EN LOS REGISTROS AUTOMOTORES.,2012-10-02T00:00:00,2012,RESOLUCION,"BIANCHI, IVANA MARIA",false,ninguno,,,,corpus,no,aranceles registros
HCDN142348,"PEDIDO DE INFORMES AL PODER EJECUTIVO NACIONAL SOBRE DIVERSAS CUESTIONES RELACIONADAS CON EL FUNCIONAMIENTO DEL ""FONDO DE CONSERVACION DE LOS BOSQUES NATIVOS"" PREVISTO EN LA LEY 26331, DE PRESUPUESTOS MINIMOS DE PROTECCION AMBIENTAL DE LOS BOSQUES NATIVOS.",2012-10-02T00:00:00,2012,RESOLUCION,"PANSA, SERGIO HORACIO",true,D,eudr_trazabilidad_forestal,administrativa_neutra,relacionada,corpus,si,fondo bosques
HCDN142651,"DECLARAR DE INTERES DE LA HONORABLE CAMARA LA EDICION ""XLIII DE LA FIESTA NACIONAL DE LA MUSICA DEL LITORAL"" Y LA ""V DEL MERCOSUR"", A REALIZARSE DEL 22 AL 25 DE NOVIEMBRE DE 2012 EN LA CIUDAD CAPITAL DE LA PROVINCIA DE MISIONES.",2012-10-09T00:00:00,2012,RESOLUCION,"GUCCIONE, JOSE DANIEL",false,ninguno,,,,corpus,no,fiesta
HCDN142667,EXPRESAR PREOCUPACION POR LA SITUACION CRITICA QUE ATRAVIESAN LAS PYMES PRODUCTORAS DE BIODIESEL.,2012-10-09T00:00:00,2012,DECLARACION,"MARTINEZ, JULIO CESAR",false,ninguno,,,,corpus,si,pymes biodiesel: sonda clasica (decision A)
HCDN142703,"EXPRESAR RECONOCIMIENTO POR LA ACTIVIDAD DE LA ""FUNDACION BOSQUES NATIVOS ARGENTINOS PARA LA BIODIVERSIDAD"", PROMOVIENDO LA RECUPERACION DE BIODIVERSIDAD EN BOSQUES, LAGOS, RIOS Y APOYANDO LAS INVESTIGACIONES CIENTIFICAS ARGENTINAS.",2012-10-10T00:00:00,2012,RESOLUCION,"GARCIA LARRABURU, SILVINA MARCELA",false,ninguno,,,,corpus,no,felicitacion fundacion
HCDN142725,ACEITES DE OLIVA Y ACEITUNAS: SUSTITUCION DEL REINTEGRO A LA EXPORTACION EXTRAZONA ASIGNADO A LAS POSICIONES ARANCELARIAS DE LA NOMENCLATURA COMUN DEL MERCOSUR.,2012-10-11T00:00:00,2012,LEY,"CASELLES, GRACIELA MARIA",false,ninguno,,,,corpus,no,NCM
HCDN142807,"PEDIDO DE INFORMES AL PODER EJECUTIVO NACIONAL SOBRE DIVERSAS CUESTIONES RELACIONADAS CON LA APLICACION DE LA LEY 26331, DE PRESUPUESTOS MINIMOS DE PROTECCION AMBIENTAL DE LOS BOSQUES NATIVOS.",2012-10-12T00:00:00,2012,RESOLUCION,"FIAD, MARIO RAYMUNDO",true,D,eudr_trazabilidad_forestal,administrativa_neutra,relacionada,corpus,si,OTBN 26331
HCDN143227,"DECLARAR DE INTERES DE LA H. CAMARA EL PROYECTO INTEGRANDO CULTURAS A TRAVES DE LA HISTORIA Y RELIGION DE LOS PUEBLOS JESUITAS QUE DIERON ORIGEN A LAS BASES DE ORGANIZACION DE LAS NACIONES QUE HOY CONFORMAN EL MERCOSUR, A REALIZARSE DURANTE EL MES DE NOVIEMBRE DE 2012 EN LA CIUDAD AUTONOMA DE BUENOS AIRES.",2012-10-24T00:00:00,2012,RESOLUCION,"ZIEGLER, ALEX ROBERTO",false,ninguno,,,,corpus,no,proyecto cultural
HCDN143360,"EXPRESAR BENEPLACITO POR LA ""INSTANCIA PROVINCIAL DEL PARLAMENTO JUVENIL DEL MERCOSUR"" BAJO EL LEMA: ""LA ESCUELA SECUNDARIA QUE QUEREMOS"", A REALIZARSE EL DIA 26 DE OCTUBRE DE 2012 EN LA CIUDAD CAPITAL DE LA PROVINCIA DE MISIONES.",2012-10-26T00:00:00,2012,RESOLUCION,"LEVERBERG, STELLA MARIS",true,C,mercosur_simbolico,administrativa_neutra,relacionada,corpus,si,Parlamento Juvenil del Mercosur
HCDN143380,"DECLARAR DE INTERES DE LA HONORABLE CAMARA LAS JORNADAS ""MERCOSUR UNIDO CONTRA EL TRABAJO INFANTIL"", A REALIZARSE LOS DIAS 30 Y 31 DE OCTUBRE DE 2012 EN LAS CIUDADES DE PUERTO IGUAZU Y POSADAS, PROVINCIA DE MISIONES.",2012-10-29T00:00:00,2012,RESOLUCION,"LEVERBERG, STELLA MARIS",true,C,mercosur_simbolico,administrativa_neutra,relacionada,corpus,si,campana oficial del bloque trabajo infantil
HCDN143507,"EXPRESAR PREOCUPACION POR EL INCUMPLIMIENTO DEL FINANCIAMIENTO MINIMO DESTINADO AL FONDO NACIONAL PARA LA CONSERVACION DE LOS BOSQUES NATIVOS, ESTABLECIDO EN LA LEY 26331.",2012-10-30T00:00:00,2012,DECLARACION,"GIL LAVEDRA, RICARDO RODOLFO",true,D,eudr_trazabilidad_forestal,administrativa_neutra,relacionada,corpus,si,fondo bosques
HCDN143541,"DECLARAR DE INTERES DE LA H. CAMARA EL EVENTO DENOMINADO ""1 BIENAL COFECOP 2012 - CONGRESO COOPERATIVO DEL MERCOSUR Y FERIA DE COOPERATIVAS -FERICOOP -"", A REALIZARSE DEL 5 AL 11 DE NOVIEMBRE DE 2012, EN LA CIUDAD DE POSADAS , PROVINCIA DE MISIONES.",2012-10-31T00:00:00,2012,RESOLUCION,"RISKO, SILVIA LUCRECIA",false,ninguno,,,,corpus,no,feria
HCDN143592,"DECLARAR DE INTERES DE LA H. CAMARA EL CONGRESO COOPERATIVO DEL MERCOSUR, A REALIZARSE LOS DIAS 5 Y 6 DE NOVIEMBRE DE 2012 EN LA CIUDAD CAPITAL DE LA PROVINCIA DE MISIONES.",2012-11-01T00:00:00,2012,RESOLUCION,"GUCCIONE, JOSE DANIEL",false,ninguno,,,,corpus,no,congreso
HCDN143694,CREACION DEL PROGRAMA NACIONAL PARA LA PROMOCION Y DESARROLLO DE LA PRODUCCION DE CARNE EQUINA.,2012-11-05T00:00:00,2012,LEY,"OBIGLIO, JULIAN MARTIN",false,ninguno,,,,corpus,no,carne equina
HCDN143703,"DECLARAR DE INTERES DE LA H. CAMARA EL ""CONGRESO COOPERATIVO DEL MERCOSUR"", A REALIZARSE LOS DIAS 5 Y 6 DE NOVIEMBRE DE 2012 EN LA CIUDAD DE POSADAS, PROVINCIA DE MISIONES.",2012-11-05T00:00:00,2012,RESOLUCION,"LEVERBERG, STELLA MARIS",false,ninguno,,,,corpus,no,congreso
HCDN144139,"DEMOCRATIZACION DE LA REPRESENTACION POLITICA, LA TRANSPARENCIA Y LA EQUIDAD ELECTORAL, LEY 26571. MODIFICACION DEL ARTICULO 21, SOBRE AVAL DE LAS PRECANDIDATURAS A SENADORES, DIPUTADOS NACIONALES Y PARLAMENTARIOS DEL MERCOSUR, POR UN NUMERO DE ELECTORES NO INFERIOR AL DOS POR MIL DEL TOTAL DE LOS INSCRIPTOS EN EL PADRON GENERAL.",2012-11-20T00:00:00,2012,LEY,"ZAMARREÑO, MARIA EUGENIA",true,C,mercosur_institucional,administrativa_neutra,relacionada,corpus,no,avales Parlasur
HCDN144954,"EXPRESAR BENEPLACITO POR LA ""44° CUMBRE PRESIDENCIAL DEL MERCADO COMUN DEL SUR - MERCOSUR -"", REALIZADA EL DIA 7 DE DICIEMBRE DE 2012, EN BRASILIA, REPUBLICA FEDERATIVA DE BRASIL.",2012-12-17T00:00:00,2012,DECLARACION,"FADUL, LILIANA",true,C,mercosur_institucional,administrativa_neutra,relacionada,corpus,no,cumbre
HCDN144957,"EXPRESAR ADHESION POR EL COMUNICADO EMITIDO DURANTE LA ""44° CUMBRE PRESIDENCIAL DEL MERCOSUR"", REALIZADA EN LA REPUBLICA FEDERATIVA DEL BRASIL, EL DIA 7 DE DICIEMBRE DE 2012, EN LA QUE RECHAZA LA CONVOCATORIA HECHA POR EL ILEGITIMO GOBIERNO DE LAS ISLAS MALVINAS PARA EL AÑO 2013, CON LA FINALIDAD DE CONSULTARLE A LOS HABITANTES SI DESEAN CONTINUAR PERTENECIENDO AL REINO UNIDO DE GRAN BRETAÑA E IRLANDA DEL NORTE.",2012-12-17T00:00:00,2012,DECLARACION,"FADUL, LILIANA",true,C,mercosur_institucional,administrativa_neutra,relacionada,corpus,si,comunicado cumbre Malvinas
HCDN144966,PRESUPUESTOS MINIMOS PARA LA APLICACION DE PRODUCTOS FITOSANITARIOS. CREACION.,2012-12-21T00:00:00,2012,LEY,"CASAÑAS, JUAN FRANCISCO",false,ninguno,,,,corpus,no,fitosanitarios
HCDN147944,PEDIDO DE INFORMES AL PODER EJECUTIVO SOBRE DIVERSAS CUESTIONES RELACIONADAS CON LA BARRERA SANITARIA IMPUESTA A LAS FRUTAS CITRICAS NO PROCESADAS EN GALPON DE EMPAQUE PROVENIENTES DE LA PROVINCIA DE MISIONES.,2013-02-05T00:00:00,2013,RESOLUCION,"PUERTA, FEDERICO RAMON",false,ninguno,,,,corpus,si,barrera sanitaria interna citricos (sonda)
HCDN147972,PEDIDO DE INFORMES AL PODER EJECUTIVO SOBRE LOS PUNTOS VINCULADOS A LA APLICACION DE LA LEY 26331 DE PRESUPUESTOS MINIMOS DE PROTECCION AMBIENTAL DE LOS BOSQUES NATIVOS.,2013-02-21T00:00:00,2013,RESOLUCION,"GONZALEZ, GLADYS ESTHER",true,D,eudr_trazabilidad_forestal,administrativa_neutra,relacionada,corpus,si,OTBN 26331
HCDN148238,DESTRUCCION O DEGRADACION DE BOSQUE NATIVO; CORTE DE ARBOL: REGIMEN SANCIONATORIO; MODIFICACION DEL ARTICULO 186 INCISO 2 B) DEL CODIGO PENAL (INCENDIOS Y OTROS ESTRAGOS).,2013-03-04T00:00:00,2013,LEY,"LEVERBERG, STELLA MARIS",true,D,eudr_trazabilidad_forestal,administrativa_neutra,relacionada,corpus,si,sancion penal desmonte
HCDN148312,"PEDIDO DE INFORMES AL PODER EJECUTIVO SOBRE DIVERSAS CUESTIONES RELACIONADAS CON EL FONDO NACIONAL PARA EL ENRIQUECIMIENTO Y LA CONSERVACION DE LOS BOSQUES NATIVOS, CREADO POR LEY 26331.",2013-03-04T00:00:00,2013,RESOLUCION,"GARNERO, ESTELA RAMONA",true,D,eudr_trazabilidad_forestal,administrativa_neutra,relacionada,corpus,si,fondo bosques
HCDN148315,"DECLARAR DE INTERES DE LA H. CAMARA EL ""VI CONGRESO ARGENTINO, III DEL MERCOSUR PARA EL MANEJO DE PASTIZALES NATURALES 2013"", A REALIZARSE DEL 9 AL 12 DE ABRIL DE 2013, EN SANTA ROSA, PROVINCIA DE LA PAMPA.",2013-03-04T00:00:00,2013,RESOLUCION,"ORSOLINI, PABLO EDUARDO",false,ninguno,,,,corpus,no,congreso
HCDN148357,"PEDIDO DE INFORMES AL PODER EJECUTIVO SOBRE DIVERSAS CUESTIONES RELACIONADAS CON EL PRESUPUESTO DESTINADO AL FONDO NACIONAL PARA EL ENRIQUECIMIENTO Y LA CONSERVACION DE BOSQUES NATIVOS, CREADO POR LEY 26331 - PRESUPUESTOS MINIMOS DE PROTECCION AMBIENTAL DE LOS BOSQUES NATIVOS -.",2013-03-04T00:00:00,2013,RESOLUCION,"LINARES, MARIA VIRGINIA",true,D,eudr_trazabilidad_forestal,administrativa_neutra,relacionada,corpus,si,fondo bosques
HCDN148610,"PEDIDO DE INFORMES AL PODER EJECUTIVO SOBRE EL ESTADO DE SITUACION DEL ORDENAMIENTO TERRITORIAL DE BOSQUES NATIVOS, FIJADO EN EL ARTICULO 6 DE LA LEY 26331.",2013-03-06T00:00:00,2013,RESOLUCION,"GONZALEZ, GLADYS ESTHER",true,D,eudr_trazabilidad_forestal,administrativa_neutra,relacionada,corpus,si,OTBN art 6
HCDN149043,"REGIMEN PARA LA AUTORIZACION, REGISTRO Y CONTROL DE PRODUCTOS FITOSANITARIOS; DEROGACION DEL DECRETO LEY 3489/58 Y DE LA LEY 17934.",2013-03-12T00:00:00,2013,LEY,"MARTINEZ, JULIO CESAR",false,ninguno,,,,corpus,no,fitosanitarios
HCDN149119,"DECLARAR DE INTERES DE ESTA H. CAMARA EL CURSO ""MANEJO DE CAMPOS NATURALES"", PROPICIADO POR EL INSTITUTO DE PROMOCION DE CARNE VACUNA ARGENTINA, A INICIARSE CON LA MODALIDAD A DISTANCIA DESDE EL 22 DE MARZO DE 2013.",2013-03-13T00:00:00,2013,RESOLUCION,"ORSOLINI, PABLO EDUARDO",false,ninguno,,,,corpus,no,curso IPCVA
HCDN149134,PEDIDO DE INFORMES AL PODER EJECUTIVO SOBRE DIVERSAS CUESTIONES RELACIONADAS CON LOS CONTROLES Y MONITOREOS QUE INDICAN LA NO PRESENCIA DE LA ENFERMEDAD DE LOS CITRICOS HUANGLONGBING - HLB - Y SU VECTOR - DIAPHORINA CITRI - EN LA PROVINCIA DE MISIONES.,2013-03-13T00:00:00,2013,RESOLUCION,"PUERTA, FEDERICO RAMON",false,ninguno,,,,corpus,no,HLB
HCDN149266,"CAPITAL NACIONAL DEL LIMON: SE DECLARA COMO TAL AL DEPARTAMENTO DE TAFI VIEJO, PROVINCIA DE TUCUMAN. (REPRODUCCION DEL EXPEDIENTE 3144-D-11).",2013-03-15T00:00:00,2013,LEY,"CASAÑAS, JUAN FRANCISCO",false,ninguno,,,,corpus,no,capital limon
HCDN149269,"""INSTITUTO DE PROMOCION DE LA CARNE PORCINA ARGENTINA (IPCPA)"": CREACION (REPRODUCCION DEL EXPEDIENTE 5371-D-11).",2013-03-15T00:00:00,2013,LEY,"CASAÑAS, JUAN FRANCISCO",false,ninguno,,,,corpus,no,IPCPA
HCDN149326,"DECLARAR DE INTERES DE ESTA H. CAMARA EL ""SEMINARIO MERCOSUR: POLITICAS DE EVALUACION EDUCATIVA EN LA REGION"", A REALIZARSE LOS DIAS 18 Y 19 DE MARZO DE 2013, EN LA CIUDAD AUTONOMA DE BUENOS AIRES.",2013-03-18T00:00:00,2013,RESOLUCION,"LEVERBERG, STELLA MARIS",false,ninguno,,,,corpus,si,seminario Mercosur educativo: oficialidad ambigua
HCDN149356,"PRESUPUESTO NACIONAL 2013 (LEY 26784): SUSTITUCION DEL ARTICULO 16, SOBRE FONDO NACIONAL PARA EL ENRIQUECIMIENTO Y LA CONSERVACION DE LOS BOSQUES NATIVOS.",2013-03-19T00:00:00,2013,LEY,"VILLATA, GRACIELA SUSANA",true,D,eudr_trazabilidad_forestal,administrativa_neutra,relacionada,corpus,si,fondo bosques presupuesto
HCDN149359,PEDIDO DE INFORMES AL PODER EJECUTIVO NACIONAL SOBRE DIVERSAS CUESTIONES RELACIONADAS CON LOS BOSQUES Y EL PROCESO DE DEFORESTACION.,2013-03-19T00:00:00,2013,RESOLUCION,"ASSEFF, ALBERTO",true,D,eudr_trazabilidad_forestal,administrativa_neutra,relacionada,corpus,no,deforestacion informes
HCDN149384,PEDIDO DE INFORMES AL PODER EJECUTIVO NACIONAL SOBRE DIVERSAS CUESTIONES RELACIONADAS CON LOS MONTOS ACUMULADOS EN EL FONDO DE CONSERVACION DE LOS BOSQUES NATIVOS.,2013-03-19T00:00:00,2013,RESOLUCION,"PANSA, SERGIO HORACIO",true,D,eudr_trazabilidad_forestal,administrativa_neutra,relacionada,corpus,si,fondo bosques
HCDN149401,"EXPRESAR ADHESION AL ""DIA DEL MERCOSUR"", A CELEBRARSE EL 26 DE MARZO DE 2013.",2013-03-19T00:00:00,2013,RESOLUCION,"GRANADOS, DULCE",true,C,mercosur_simbolico,administrativa_neutra,relacionada,corpus,si,Dia del Mercosur
HCDN149404,"PEDIDO DE INFORMES AL PODER EJECUTIVO NACIONAL SOBRE LA QUEJA DE LA ""ORGANIZACION MUNDIAL DE COMERCIO (OMC)"" CON MOTIVO DE LAS RESTRICCIONES A LAS IMPORTACIONES POR PARTE DE LA REPUBLICA ARGENTINA.",2013-03-19T00:00:00,2013,RESOLUCION,"DE MARCHI, OMAR",false,ninguno,,,,corpus,no,OMC
HCDN149837,"LEY 25065 Y SU MODIFICATORIA 26010, DE TARJETAS DE CREDITO: MODIFICACION DE LOS ARTICULOS 15 Y 16, SOBRE ARANCELES DIFERENCIADOS EN CONCEPTO DE COMISIONES Y OTROS CARGOS Y DE INTERES COMPENSATORIO O FINANCIERO, RESPECTIVAMENTE.",2013-03-26T00:00:00,2013,LEY,"MALDONADO, VICTOR HUGO",false,ninguno,,,,corpus,no,tarjetas
HCDN149945,"DECLARAR DE INTERES DE LA H. CAMARA EL ""VI CONGRESO NACIONAL DE PASTIZALES, EL III CONGRESO DEL MERCOSUR Y LAS JORNADAS TECNICAS DE PRODUCTORES"", A REALIZARSE DEL 9 AL 12 DE ABRIL DE 2013 EN SANTA ROSA, PROVINCIA DE LA PAMPA.",2013-04-03T00:00:00,2013,RESOLUCION,"BIANCHI, IVANA MARIA",false,ninguno,,,,corpus,no,congreso
HCDN149952,"SOLICITAR AL PODER EJECUTIVO DISPONGA EL MAYOR ESFUERZO POLITICO-DIPLOMATICO TENDIENTE AL INGRESO AL MERCOSUR DE ECUADOR, BOLIVIA, GUYANA Y SURINAM.",2013-04-03T00:00:00,2013,DECLARACION,"ASSEFF, ALBERTO",true,C,mercosur_institucional,administrativa_neutra,relacionada,corpus,no,ampliacion del bloque
HCDN149993,"PEDIDO DE INFORMES AL PODER EJECUTIVO SOBRE DIVERSAS CUESTIONES RELACIONADAS CON EL PRESUPUESTO DESIGNADO POR AÑO DESDE LA VIGENCIA DE LA LEY 26331, DE PRESUPUESTOS MINIMOS DE PROTECCION AMBIENTAL DE LOS BOSQUES NATIVOS.",2013-04-04T00:00:00,2013,RESOLUCION,"MARTINEZ, SOLEDAD",true,D,eudr_trazabilidad_forestal,administrativa_neutra,relacionada,corpus,si,presupuesto 26331
HCDN150121,"PEDIDO DE INFORMES AL PODER EJECUTIVO SOBRE DIVERSAS CUESTIONES RELACIONADAS CON LOS CUPOS DE LA ""CUOTA HILTON"".",2013-04-09T00:00:00,2013,RESOLUCION,"BIANCHI, IVANA MARIA",true,B,comercio_ue_sectorial,administrativa_neutra,relacionada,corpus,no,Hilton
HCDN150155,REGIMEN DE PROMOCION DE LAS INVERSIONES PARA IMPULSAR LA PRODUCCION DE CARNE BOVINA (REPRODUCCION DEL EXPEDIENTE 2504-D-11).,2013-04-10T00:00:00,2013,LEY,"BURYAILE, RICARDO",false,ninguno,,,,corpus,no,
HCDN150294,"EXPRESAR PREOCUPACION POR EL INCUMPLIMIENTO DE LA ""CUOTA HILTON"".",2013-04-11T00:00:00,2013,DECLARACION,"MARTINEZ, JULIO CESAR",true,B,comercio_ue_sectorial,pro_liberalizacion,relacionada,corpus,no,
HCDN150400,FRANJAS MINIMAS DE PROTECCION SANITARIA Y AMBIENTAL PARA LA APLICACION DE PRODUCTOS FITOSANITARIOS: REGIMEN.,2013-04-15T00:00:00,2013,LEY,"LINARES, MARIA VIRGINIA",false,ninguno,,,,corpus,no,fitosanitarios
HCDN150444,"DECLARAR DE INTERES DE LA H. CAMARA EL ""SEMINARIO GANADERO DEL IPCVA: GANADERIA Y COMPROMISO, DIAGNOSTICO Y PROPUESTA PARA EL CRECIMIENTO SOSTENIDO DE LA CADENA DE LA CARNE VACUNA"", A REALIZARSE EL DIA 18 DE ABRIL DE 2013 EN LA CIUDAD CAPITAL DE LA PROVINCIA DE SANTA FE.",2013-04-16T00:00:00,2013,RESOLUCION,"ORSOLINI, PABLO EDUARDO",false,ninguno,,,,corpus,no,seminario
HCDN150605,"EXPRESAR PREOCUPACION POR EL SEXTO AÑO CONSECUTIVO DE INCUMPLIMIENTO DE LA ""CUOTA HILTON"".",2013-04-17T00:00:00,2013,DECLARACION,"GARNERO, ESTELA RAMONA",true,B,comercio_ue_sectorial,pro_liberalizacion,relacionada,corpus,no,
HCDN150606,"EXPRESAR PREOCUPACION POR LA NUEVA NORMATIVA DEL ""SERVICIO DE SANIDAD ANIMAL - SENASA -"", QUE PROHIBE LA VACUNACION CONTRA LA AFTOSA EN UNA FRANJA AL SUR DEL RIO COLORADO.",2013-04-17T00:00:00,2013,DECLARACION,"MARTINEZ, JULIO CESAR",false,ninguno,,,,corpus,si,vacunacion aftosa Patagonia (sonda)
HCDN150644,"PEDIDO DE INFORMES AL PODER EJECUTIVO SOBRE DIVERSAS CUESTIONES RELACIONADAS CON LA RESOLUCION DEL ""SERVICIO NACIONAL DE SANIDAD ANIMAL - SENASA -"" 82/13, QUE PROHIBE LA VACUNACION CONTRA LA AFTOSA EN LA ZONA ""PATAGONIA NORTE A"".",2013-04-18T00:00:00,2013,RESOLUCION,"BURYAILE, RICARDO",false,ninguno,,,,corpus,si,aftosa Patagonia (sonda)
HCDN150727,BANDERA DEL MERCOSUR: SE DISPONE SU IZAMIENTO OBLIGATORIO JUNTO AL PABELLON NACIONAL EN EDIFICIOS PUBLICOS (REPRODUCCION DEL EXPEDIENTE 2748-D-11).,2013-04-22T00:00:00,2013,LEY,"GONZALEZ, JUAN DANTE",true,C,mercosur_simbolico,administrativa_neutra,relacionada,corpus,no,bandera del Mercosur (adjudicado)
HCDN150743,ACTIVIDAD PROFESIONAL Y REGIMEN ARANCELARIO DE LOS MATRICULADOS EN CIENCIAS ECONOMICAS EN MATERIA JUDICIAL Y ADMINISTRATIVA.,2013-04-23T00:00:00,2013,LEY,"DIAZ ROIG, JUAN CARLOS",false,ninguno,,,,corpus,no,aranceles profesionales
HCDN150915,"EXPRESAR REPUDIO POR LAS DECLARACIONES PUBLICAS DEL DIPUTADO ELECTO DE LA REPUBLICA DEL PARAGUAY, HUGO RUBIN, SOBRE LA POSIBILIDAD DE QUE SU PAIS VUELVA A INTEGRAR EL MERCOSUR.",2013-04-26T00:00:00,2013,DECLARACION,"PERIE, JULIA ARGENTINA",true,C,mercosur_institucional,administrativa_neutra,relacionada,corpus,no,membresia Paraguay
HCDN150956,"EXPRESAR PREOCUPACION POR LA INFORMACION QUE SEÑALA LA POSIBLE SALIDA DEL MERCADO ARGENTINO, DE LA EMPRESA BRASILEÑA JBS, MAYOR PRODUCTORA MUNDIAL DE CARNE VACUNA.",2013-04-29T00:00:00,2013,DECLARACION,"ATANASOF, ALFREDO NESTOR",false,ninguno,,,,corpus,no,JBS
HCDN151293,"RESERVA FITOSANITARIA: SE DECLARA COMO TAL AL DEPARTAMENTO DE MALARGÜE Y AL AREA PROTEGIDA DE EL SOSNEADO DE SAN RAFAEL, PROVINCIA DE MENDOZA.",2013-05-03T00:00:00,2013,LEY,"JURI, MARIANA",false,ninguno,,,,corpus,no,reserva fitosanitaria
HCDN151307,"SOLICITAR AL PODER EJECUTIVO NACIONAL DISPONGA PROMOVER DENTRO DEL MARCO DE LOS TRATADOS QUE CONFORMAN EL MERCOSUR, LA SUSPENSION DE LA REPUBLICA BOLIVARIANA DE VENEZUELA DENTRO DE DICHO BLOQUE REGIONAL.",2013-05-03T00:00:00,2013,RESOLUCION,"OBIGLIO, JULIAN MARTIN",true,C,mercosur_institucional,administrativa_neutra,relacionada,corpus,no,suspension Venezuela
HCDN151308,"SOLICITAR AL PODER EJECUTIVO NACIONAL DISPONGA PROMOVER DENTRO DEL MARCO DEL MERCOSUR, EL LEVANTAMIENTO DE LA SUSPENSION QUE PESA SOBRE LA REPUBLICA DEL PARAGUAY.",2013-05-03T00:00:00,2013,RESOLUCION,"OBIGLIO, JULIAN MARTIN",true,C,mercosur_institucional,administrativa_neutra,relacionada,corpus,no,levantamiento suspension Paraguay
HCDN151409,"EXPRESAR BENEPLACITO POR EL ""II CONGRESO INTERNACIONAL DE PROFESORES DE LENGUAS OFICIALES DEL MERCOSUR - CIPLOM -"" JUNTO CON EL "" II ENCUENTRO INTERNACIONAL DE ASOCIACIONES DE PROFESORES DE LENGUAS OFICIALES DEL MERCOSUR - EAPLOM -"", A REALIZARSE DEL 7 AL 10 DE MAYO DE 2013, EN LA CIUDAD AUTONOMA DE BUENOS AIRES.",2013-05-07T00:00:00,2013,DECLARACION,"CURRILEN, OSCAR RUBEN",false,ninguno,,,,corpus,no,congreso
HCDN151417,"EXPRESAR BENEPLACITO POR LAS NUEVAS POSIBILIDADES QUE SE ABREN PARA LA PRODUCCION, MERCADO INTERNO DE CONSUMO Y EXPORTACION DE CARNE DE BUFALO.",2013-05-07T00:00:00,2013,DECLARACION,"MARTINEZ, JULIO CESAR",false,ninguno,,,,corpus,no,carne bufalo
HCDN151725,"DECLARAR DE INTERES DE LA HONORABLE CAMARA DE DIPUTADOS DE LA NACION LA ""JORNADA DE ACTUALIZACION SOBRE PRODUCTOS FITOSANITARIOS PARA CULTIVO DE TOMATE"", A REALIZARSE EL DIA 22 DE MAYO DE 2013 EN POCITO, PROVINCIA DE SAN JUAN.",2013-05-14T00:00:00,2013,RESOLUCION,"MARTINEZ, JULIO CESAR",false,ninguno,,,,corpus,no,jornada
HCDN151829,SOLICITAR AL PODER EJECUTIVO DISPONGA REALIZAR LAS GESTIONES NECESARIAS A FIN DE INCORPORAR PLENAMENTE A LA REPUBLICA DEL PARAGUAY COMO MIEMBRO DEL MERCOSUR.,2013-05-16T00:00:00,2013,DECLARACION,"BURYAILE, RICARDO",true,C,mercosur_institucional,administrativa_neutra,relacionada,corpus,no,reincorporacion Paraguay
HCDN151839,"DECLARAR DE INTERES DE LA HONORABLE CAMARA DE DIPUTADOS DE LA NACION LA ""III EDICION DE LA FERIA DE ARTESANIAS DEL MERCOSUR"", A REALIZARSE DEL 10 AL 14 DE OCTUBRE DE 2013 EN LA CIUDAD DE PUERTO IGUAZU, PROVINCIA DE MISIONES.",2013-05-17T00:00:00,2013,DECLARACION,"GUCCIONE, JOSE DANIEL",false,ninguno,,,,corpus,no,feria
HCDN152087,"EXIMIR DEL PAGO DE DERECHOS DE EXPORTACION A LAS VENTAS DE LOS PRODUCTOS Y SUBPRODUCTOS COMPRENDIDOS EN LAS POSICIONES ARANCELARIAS DE LA NOMENCLATURA COMUN DEL MERCOSUR, A PRODUCTORES DE DIVERSAS PROVINCIAS ARGENTINAS.",2013-05-20T00:00:00,2013,LEY,"CASAÑAS, JUAN FRANCISCO",false,ninguno,,,,corpus,no,NCM
HCDN152100,EXPRESAR PREOCUPACION POR EL DESCENSO DE LAS EXPORTACIONES ARGENTINAS DE CARNE.,2013-05-20T00:00:00,2013,RESOLUCION,"BIANCHI, IVANA MARIA",false,ninguno,,,,corpus,si,descenso export carne (sonda)
HCDN152133,"DECLARAR DE INTERES DE LA H. CAMARA LA ""XIX EXPO-RURAL DEL MERCOSUR"", A REALIZARSE DEL 5 AL 9 DE SEPTIEMBRE DE 2013 EN GOBERNADOR VIRASORO, PROVINCIA DE CORRIENTES.",2013-05-21T00:00:00,2013,RESOLUCION,"ASPIAZU, LUCIO BERNARDO",false,ninguno,,,,corpus,no,expo
HCDN152152,"LEY 26331, DE CONSERVACION DE BOSQUES NATIVOS: MODIFICACION DEL ARTICULO 5, SOBRE AGREGAR EL ITEM: ""PRESERVACION DEL EQUILIBRIO ECOLOGICO"".",2013-05-21T00:00:00,2013,LEY,"MARTINEZ, JULIO CESAR",true,D,eudr_trazabilidad_forestal,administrativa_neutra,relacionada,corpus,si,26331 art 5
HCDN152205,"EXPRESAR BENEPLACITO POR LA ELECCION DEL EMBAJADOR BRASILEÑO ROBERTO CARVALHO AZEVEDO, AL FRENTE DE LA ""ORGANIZACION MUNDIAL DE COMERCIO - OMC -"".",2013-05-22T00:00:00,2013,DECLARACION,"RAIMUNDI, CARLOS",false,ninguno,,,,corpus,no,OMC direccion
HCDN152221,"DECLARAR DE INTERES DE LA H. CAMARA EL ""ENCUENTRO MERCOSUR DE LA CANCION PARA NIÑOS Y NIÑAS"", A REALIZARSE DEL 19 AL 23 DE JUNIO DE 2013 EN LA CIUDAD AUTONOMA DE BUENOS AIRES.",2013-05-24T00:00:00,2013,RESOLUCION,"PERIE, JULIA ARGENTINA",false,ninguno,,,,corpus,no,evento
HCDN152452,"EXPRESAR BENEPLACITO POR LA ELECCION DEL EMBAJADOR BRASILEÑO ROBERTO CARVALHO AZEVEDO AL FRENTE DE LA ""ORGANIZACION MUNDIAL DE COMERCIO - OMC -"".",2013-05-29T00:00:00,2013,DECLARACION,"PERIE, JULIA ARGENTINA",false,ninguno,,,,corpus,no,OMC direccion
HCDN152503,"EXPRESAR BENEPLACITO POR EL CONVENIO ""PLAN ESTRATEGICO PATRIMONIAL"", DESTINADO A RECUPERAR LAS PIEZAS AUDIOVISUALES DEL MERCOSUR.",2013-05-30T00:00:00,2013,RESOLUCION,"PERIE, JULIA ARGENTINA",false,ninguno,,,,corpus,si,patrimonio audiovisual del bloque: oficialidad ambigua
HCDN152570,"PRESERVACION DE LOS BOSQUES NATIVOS (LEY 26331): MODIFICACION DEL ARTICULO 2, SOBRE AMPLIACION DE LA SUPERFICIE PROPIEDAD DE LAS COMUNIDADES INDIGENAS A VEINTE HECTAREAS.",2013-06-04T00:00:00,2013,LEY,"MARTINEZ, JULIO CESAR",true,D,eudr_trazabilidad_forestal,administrativa_neutra,relacionada,corpus,si,26331 art 2
HCDN152587,EXPRESAR PREOCUPACION POR EL INMINENTE INCUMPLIMIENTO DE LA TOTALIDAD DEL CUPO OTORGADO A NUESTRO PAIS BAJO EL REGIMEN DE CUOTA HILTON CORRESPONDIENTE AL PERIODO 2012-2013.,2013-06-04T00:00:00,2013,RESOLUCION,"CASAÑAS, JUAN FRANCISCO",true,B,comercio_ue_sectorial,pro_liberalizacion,relacionada,corpus,no,cupo Hilton
HCDN152829,"FIJAR EL DERECHO DEL CERO POR CIENTO (0%) A LA EXPORTACION PARA CONSUMO DE LAS MERCADERIAS COMPRENDIDAS EN LA NOMENCLATURA COMUN DEL MERCOSUR, QUE TIENEN UN REINTEGRO IMPOSITIVO IGUAL O SUPERIOR AL DERECHO DE EXPORTACION.",2013-06-06T00:00:00,2013,LEY,"ALFONSIN, RICARDO LUIS",false,ninguno,,,,corpus,no,NCM
HCDN152833,"DECLARAR DE INTERES DE LA H. CAMARA LAS CUARTAS JORNADAS DE PATRIMONIO INTANGIBLE DEL MERCOSUR, QUE SE REALIZARAN DEL 22 AL 24 DE AGOSTO DE 2013 EN LA CIUDAD CAPITAL DE LA PROVINCIA DE SAN JUAN.",2013-06-06T00:00:00,2013,RESOLUCION,"FERRA DE BARTOL, MARGARITA",false,ninguno,,,,corpus,no,jornadas
HCDN152822,FIJAR EN CERO POR CIENTO (0%) EL DERECHO DE EXPORTACION APLICABLE A LAS DISTINTAS VARIEDADES DE DIVERSOS PRODUCTOS EN LAS POSICIONES ARANCELARIAS DE LA NOMENCLATURA COMUN DEL MERCOSUR -NCM-.,2013-06-07T00:00:00,2013,LEY,"BURYAILE, RICARDO",false,ninguno,,,,corpus,no,NCM
HCDN152746,EXPRESAR PREOCUPACION POR EL INCUMPLIMIENTO DE LA CUOTA HILTON POR PARTE DE LA REPUBLICA ARGENTINA.,2013-06-12T00:00:00,2013,DECLARACION,"ORSOLINI, PABLO EDUARDO",true,B,comercio_ue_sectorial,pro_liberalizacion,relacionada,corpus,no,
HCDN153010,MODIFICACION DEL ARTICULO 8 DE LA LEY 24432 DE HONORARIOS Y ARANCELES PROFESIONALES; SOBRE PAGO EN JUICIOS LABORALES.,2013-06-19T00:00:00,2013,LEY,"MOYANO, JUAN FACUNDO",false,ninguno,,,,corpus,no,honorarios
HCDN153671,EXPRESAR PREOCUPACION POR LA SITUACION QUE ATRAVIESA LA INDUSTRIA DE BIODIESEL.,2013-07-02T00:00:00,2013,DECLARACION,"MARTINEZ, JULIO CESAR",false,ninguno,,,,corpus,si,industria biodiesel (sonda)
HCDN153757,"DECLARAR DE INTERES DE LA H. CAMARA LA IX EDICION DEL PROGRAMA DE FORMACION EN VALORES EN EL ""MERCOSUR"" Y LA ""UNASUR"" ""MANOS JOVENES ESCRIBEN EN GRANDE"", REALIZADA DEL 1 DE ABRIL AL 1 DE DICIEMBRE DE 2013 .",2013-07-04T00:00:00,2013,RESOLUCION,"DIAZ ROIG, JUAN CARLOS",true,C,mercosur_simbolico,administrativa_neutra,relacionada,corpus,si,programa formacion en valores SEM
HCDN153817,"DECLARAR DE INTERES DE LA H. CAMARA EL I ENCUENTRO DE AGENTES DE BIBLIOTECAS Y BIBLIOTECARIOS DEL MERCOSUR BAJO EL LEMA ""NUEVOS DESAFIOS DE LA BIBLIOTECA"", A REALIZARSE LOS DIAS 22 Y 23 DE AGOSTO DE 2013, EN LA CIUDAD DE POSADAS, PROVINCIA DE MISIONES.",2013-07-10T00:00:00,2013,RESOLUCION,"LEVERBERG, STELLA MARIS",false,ninguno,,,,corpus,no,bibliotecarios
HCDN154007,"DECLARAR DE INTERES DE LA H. CAMARA EL II SIMPOSIO INTERNACIONAL DE TECNOLOGIAS DE APLICACION DE FITOSANITARIOS, A REALIZARSE LOS DIAS 30 Y 31 DE OCTUBRE DE 2013 EN FAMAILLA, PROVINCIA DE TUCUMAN.",2013-07-15T00:00:00,2013,RESOLUCION,"ORSOLINI, PABLO EDUARDO",false,ninguno,,,,corpus,no,simposio
HCDN155017,"PEDIDO DE INFORMES AL PODER EJECUTIVO SOBRE DIVERSAS CUESTIONES RELACIONADAS CON UN NUEVO INCUMPLIMIENTO DE LAS EXPORTACIONES DE CARNE VACUNA A LA UNION EUROPEA ""- CUOTA HILTON -"", CORRESPONDIENTE AL CUPO 2012 - 2013.",2013-08-08T00:00:00,2013,RESOLUCION,"FORTE, ULISES UMBERTO JOSE",true,B,comercio_ue_sectorial,administrativa_neutra,relacionada,corpus,no,Hilton a la UE
HCDN155365,"APROBACION DEL PROTOCOLO DE ADHESION DEL ESTADO PLURINACIONAL DE BOLIVIA AL MERCOSUR, CELEBRADO EN BRASILIA, REPUBLICA FEDERATIVA DEL BRASIL, EL 7 DE DICIEMBRE DE 2012.",2013-08-14T00:00:00,2013,MENSAJE Y PROYECTO DE LEY,"FERNANDEZ DE KIRCHNER, CRISTINA",true,C,mercosur_institucional,administrativa_neutra,relacionada,corpus,no,adhesion Bolivia
HCDN155456,"EXPRESAR BENEPLACITO POR LA REALIZACION DE LA ""FIESTA NACIONAL DE LA APICULTURA Y LA 18 EXPO APICOLA DEL MERCOSUR - EXPO MACIA 2013 -"", REALIZADA DEL 22 AL 24 DE MARZO DE 2013, ORGANIZADA POR LA COMUNIDAD DE MACIA, PROVINCIA DE ENTRE RIOS.",2013-08-20T00:00:00,2013,RESOLUCION,"BASTERRA, LUIS EUGENIO",false,ninguno,,,,corpus,no,expo
HCDN155557,"DECLARAR DE INTERES DE LA H. CAMARA EL IV ENCUENTRO DE MUSEOS UNIVERSITARIOS DEL MERCOSUR Y I ENCUENTRO DE MUSEOS UNIVERSITARIOS LATINOAMERICANOS Y DEL CARIBE BAJO EL LEMA ""MUSEOS UNIVERSITARIOS. NUEVOS DESAFIOS ENTRE EXPOSICIONES Y DEBATES"", A REALIZARSE EL 24 Y 25 DE OCTUBRE DE 2013 EN LA CIUDAD CAPITAL DE LA PROVINCIA DE SANTA FE.",2013-08-22T00:00:00,2013,DECLARACION,"COMI, CARLOS MARCELO",false,ninguno,,,,corpus,no,museos
HCDN155586,"DECLARAR DE INTERES DE LA H. CAMARA LA ""TERCERA EDICION DE LA FERIA DE ARTESANIAS DEL MERCOSUR"", A REALIZARSE DEL 10 AL 14 DE OCTUBRE DE 2013 EN LA CIUDAD DE PUERTO IGUAZU, PROVINCIA DE MISIONES..",2013-08-26T00:00:00,2013,RESOLUCION,"LEVERBERG, STELLA MARIS",false,ninguno,,,,corpus,no,feria
HCDN155661,"DECLARAR DE INTERES DE LA H. CAMARA EL ""4 CONGRESO NACIONAL DEL INTERIOR Y 2 DEL MERCOSUR CONTRA LA TRATA Y TRAFICO DE PERSONAS"", A REALIZARSE LOS DIAS 5 Y 6 DE SETIEMBRE DE 2013 EN VILLA MARIA, PROVINCIA DE CORDOBA.",2013-08-27T00:00:00,2013,DECLARACION,"VALINOTTO, JORGE ANSELMO",false,ninguno,,,,corpus,no,congreso
HCDN155665,SOLICITAR AL PODER EJECUTIVO DISPONGA LAS MEDIDAS NECESARIAS PARA ESTABLECER EL MISMO TRATAMIENTO FISCAL QUE DETENTA EL GASOIL PARA EL BIODIESEL.,2013-08-27T00:00:00,2013,DECLARACION,"MARTINEZ, JULIO CESAR",false,ninguno,,,,corpus,no,fiscal biodiesel domestico
HCDN156293,"EXPRESAR RECONOCIMIENTO POR LA ESTRATEGIA PARA EL ORDENAMIENTO DE LOS BOSQUES NATIVOS QUE SE DESARROLLA EN LA PROVINCIA DE SANTA FE, EN EL MARCO DE LA LEY NACIONAL DE PRESUPUESTOS MINIMOS DE PROTECCION AMBIENTAL DE LOS BOSQUES NATIVOS (LEY 26331).",2013-09-12T00:00:00,2013,DECLARACION,"RIESTRA, ANTONIO SABINO",true,D,eudr_trazabilidad_forestal,administrativa_neutra,relacionada,corpus,si,OTBN Santa Fe
HCDN156567,"DECLARAR DE INTERES DE LA H. CAMARA LA ""JORNADA: MANEJO FITOSANITARIO EN TABACO"", A REALIZARSE EL DIA 18 DE SEPTIEMBRE DE 2013 EN ROSARIO DE LERMA, PROVINCIA DE SALTA.",2013-09-17T00:00:00,2013,RESOLUCION,"MARTINEZ, JULIO CESAR",false,ninguno,,,,corpus,no,jornada
HCDN156569,"DECLARAR DE INTERES DE LA H. LA ""XVIII REUNION ANUAL DE LA RED PYMES MERCOSUR"", A REALIZARSE DEL 25 AL 27 DE SETIEMBRE DE 2013 EN LA CIUDAD DE RESISTENCIA, PROVINCIA DEL CHACO.",2013-09-17T00:00:00,2013,RESOLUCION,"SOTO, GLADYS BEATRIZ",false,ninguno,,,,corpus,no,evento
HCDN156793,"DECLARAR DE INTERES DE LA H. CAMARA EL ""III CONGRESO INTERNACIONAL DE TURISMO, EDUCACION INTERCULTURAL Y DESARROLLO LOCAL DE LAS MISIONES JESUITICAS DEL MERCOSUR"", A REALIZARSE EL 26 Y 27 DE SEPTIEMBRE DE 2013 EN LA LOCALIDAD DE CORPUS, PROVINCIA DE MISIONES.",2013-09-26T00:00:00,2013,RESOLUCION,"LEVERBERG, STELLA MARIS",false,ninguno,,,,corpus,no,congreso
HCDN156861,"PEDIDO DE INFORMES AL PODER EJECUTIVO SOBRE LAS MEDIDAS ADOPTADAS PARA LOGRAR UN EFICAZ CONTROL DE LAS PRESTACIONES QUE BRINDA EL ""INSTITUTO NACIONAL DE SERVICIOS SOCIALES PARA JUBILADOS Y PENSIONADOS - PAMI -"", Y EVITAR EL COBRO NO DOCUMENTADO E IRREGULAR DE ARANCELES SUPLEMENTARIOS EN LA ATENCION MEDICA DE SUS AFILIADOS.",2013-10-01T00:00:00,2013,RESOLUCION,"MALDONADO, VICTOR HUGO",false,ninguno,,,,corpus,no,PAMI
HCDN156992,"DECLARAR DE INTERES DE LA H. CAMARA LA ""PRIMERA JORNADA DE CORTES DE CARNE VACUNA ARGENTINA DE CALIDAD SUPERIOR"", REALIZADA EL DIA 2 DE OCTUBRE DE 2013 EN MOSCU, RUSIA.",2013-10-08T00:00:00,2013,RESOLUCION,"MARTINEZ, JULIO CESAR",false,ninguno,,,,corpus,no,jornada Moscu
HCDN157013,"EXPRESAR PREOCUPACION POR LAS MEDIDAS QUE ADOPTO LA ""UNION EUROPEA"" FIJANDO ARANCELES ANTIDUMPING CONTRA EL BIODIESEL ARGENTINO.",2013-10-08T00:00:00,2013,DECLARACION,"MARTINEZ, JULIO CESAR",true,B,comercio_ue_sectorial,pro_liberalizacion,relacionada,corpus,no,antidumping UE biodiesel
HCDN157070,"EXPRESAR RECONOCIMIENTO POR LA ACTIVIDAD DE LA ""FUNDACION BOSQUES NATIVOS ARGENTINOS"" PARA LA BIODIVERSIDAD.",2013-10-10T00:00:00,2013,RESOLUCION,"GARCIA LARRABURU, SILVINA MARCELA",false,ninguno,,,,corpus,no,fundacion
HCDN157136,"SOLICITAR AL PODER EJECUTIVO CONVALIDE, CON LOS PAISES INTEGRANTES DEL MERCOSUR, LAS ACCIONES TENDIENTES A DESARROLLAR EL DISEÑO DE VACUNAS PROFILACTICAS CONTRA LA LEISHMANIASIS CANINA.",2013-10-16T00:00:00,2013,DECLARACION,"VILARIÑO, JOSE ANTONIO",true,C,mercosur_institucional,administrativa_neutra,relacionada,corpus,si,accion sanitaria del bloque
HCDN157402,"PEDIDO DE INFORMES AL PODER EJECUTIVO SOBRE DIVERSAS CUESTIONES RELACIONADAS CON LA CONTAMINACION DE LA CUENCA DE LOS RIOS SALI Y DULCE, COMO CONSECUENCIA DEL DERRAME DE ""VINAZA (RESIDUO DE BIOCOMBUSTIBLE Y ETANOL)"".",2013-10-23T00:00:00,2013,RESOLUCION,"SCHMIDT LIERMANN, CORNELIA",false,ninguno,,,,corpus,no,vinaza
HCDN157986,"PEDIDO DE INFORMES AL PODER EJECUTIVO SOBRE LAS MEDIDAS ADOPTADAS EN ATENCION A LAS OBSERVACIONES FORMULADAS POR LA AUDITORIA GENERAL DE LA NACION (AGN 155/12 Y 164/12); SOBRE INFORME DE AUDITORIA SOBRE LOS ESTADOS FINANCIEROS DEL EJERCICIO FINALIZADO EL 31/12/11 CORRESPONDIENTE AL PROYECTO DE MANEJO SUSTENTABLE DE LOS RECURSOS NATURALES, PARTE I - BOSQUES NATIVOS Y SU BIODIVERSIDAD, CONTRATO DE PRESTAMO 7520/AR BIRF Y PROYECTO PNUD ARG/08/008.",2013-10-23T00:00:00,2013,RESOLUCION,PARLAMENTARIA MIXTA REVISORA DE CUENTAS,false,ninguno,,,,corpus,no,auditoria bosques
HCDN157557,"DECLARAR DE INTERES DE LA H. CAMARA EL ""CONGRESO ARGENTINO Y DEL MERCOSUR DE EDUCACION COOPERATIVA Y COOPERATIVAS ESCOLARES - XVI ENCACE"", A REALIZARSE EL 5 Y 6 DE NOVIEMBRE DE 2013, EN LA CIUDAD DE POSADAS, PROVINCIA DE MISIONES.",2013-10-29T00:00:00,2013,RESOLUCION,"LEVERBERG, STELLA MARIS",false,ninguno,,,,corpus,no,congreso
HCDN157650,CARGAS DE EXPORTACION ORIGINADAS EN PUERTOS ARGENTINOS: APLICABILIDAD EN EL AMBITO DE LOS PAISES QUE INTEGRAN EL MERCOSUR - DISPOSICION DE LA SUBSECRETARIA DE PUERTOS Y VIAS NAVEGABLES 1108/13 -. SE DEJA SIN EFECTO.,2013-11-06T00:00:00,2013,LEY,"PINEDO, FEDERICO",true,C,mercosur_institucional,pro_liberalizacion,relacionada,corpus,si,deroga reserva de cargas intra-Mercosur
HCDN157885,"PRESUPUESTO GENERAL DE LA ADMINISTRACION NACIONAL PARA EL EJERCICIO 2014 (LEY 26895): MODIFICACION DEL ARTICULO 16, SOBRE AUMENTO DE LAS PARTIDAS ASIGNADAS AL FONDO NACIONAL PARA EL ENRIQUECIMIENTO Y LA CONSERVACION DE LOS BOSQUES NATIVOS.",2013-11-08T00:00:00,2013,LEY,"VILLATA, GRACIELA SUSANA",true,D,eudr_trazabilidad_forestal,administrativa_neutra,relacionada,corpus,si,fondo bosques presupuesto
HCDN158914,"CREACION DEL PROGRAMA DE COORDINACION DEL CORREDOR TURISTICO DEL MERCOSUR, EN LA ORBITA DEL MINISTERIO DE TURISMO DE LA NACION.",2013-11-13T00:00:00,2013,LEY,"ROLDAN, JOSE MARIA",false,ninguno,,,,corpus,si,corredor turistico nombre Mercosur
HCDN158351,"EXPRESAR PREOCUPACION POR LAS DISCREPANCIAS EN LOS CRITERIOS UTILIZADOS POR CADA PROVINCIA PARA LA IMPLEMENTACION DE LA LEY 26331, DE ORDENAMIENTO TERRITORIAL DE BOSQUES NATIVOS ""- OTBN -"".",2013-11-22T00:00:00,2013,RESOLUCION,"VILARIÑO, JOSE ANTONIO",true,D,eudr_trazabilidad_forestal,administrativa_neutra,relacionada,corpus,si,OTBN discrepancias
HCDN158573,"SOLICITAR AL PODER EJECUTIVO DISPONGA EXCEPTUAR DEL REGIMEN DE PERCEPCION APLICABLE A LA ADQUISICION DE BIENES Y LOCACIONES DE SERVICIOS TURISTICOS EFECTUADOS EN EL EXTERIOR QUE SE CANCELEN MEDIANTE TARJETAS DE CREDITO EN LOS PAISES DEL MERCOSUR, IMPLEMENTADO MEDIANTE LA RESOLUCION GENERAL N° 3450/2013 DE LA ""ADMINISTRACION FEDERAL DE INGRESOS PUBLICOS - AFIP -"".",2013-12-03T00:00:00,2013,RESOLUCION,"MALDONADO, VICTOR HUGO",true,C,mercosur_institucional,administrativa_neutra,relacionada,corpus,si,excepcion impositiva turismo intra-Mercosur (clausula)
HCDN158586,"SOLICITAR AL PODER EJECUTIVO DISPONGA PROMOVER ANTE EL ""MERCADO COMUN DEL SUR - MERCOSUR -"", LA ""UNION DE NACIONES SURAMERICANAS - UNASUR -"" Y LA ""ORGANIZACION DE ESTADOS AMERICANOS - OEA -"", UNA INVESTIGACION SOBRE EL CUMPLIMIENTO DE LA CLAUSULA DEMOCRATICA DE LA REPUBLICA BOLIVARIANA DE VENEZUELA.",2013-12-06T00:00:00,2013,DECLARACION,"PINEDO, FEDERICO",true,C,mercosur_institucional,administrativa_neutra,relacionada,corpus,no,clausula democratica Venezuela
HCDN159021,SOLICITAR AL PODER EJECUTIVO DISPONGA EL ENVIO DE UNA PARTIDA DE FONDOS PARA LA REALIZACION DE TAREAS DE RECUPERACION Y RESTAURACION DE BOSQUES NATIVOS AFECTADOS POR INCENDIOS EN DIVERSOS DISTRITOS DE LA PROVINCIA DE BUENOS AIRES.,2013-12-27T00:00:00,2013,RESOLUCION,"LINARES, MARIA VIRGINIA",true,D,eudr_trazabilidad_forestal,administrativa_neutra,relacionada,corpus,si,restauracion bosques incendios
HCDN159054,EXPRESAR BENEPLACITO POR LA INCORPORACION DE LA REPUBLICA DE VENEZUELA AL MERCADO COMUN DEL SUR -MERCOSUR-.,2013-12-27T00:00:00,2013,DECLARACION,"ASSEFF, ALBERTO",true,C,mercosur_institucional,administrativa_neutra,relacionada,corpus,no,incorporacion Venezuela
HCDN160298,"APROBACION DEL ACUERDO SOBRE LA ORDEN MERCOSUR DE DETENCION Y PROCEDIMIENTOS DE ENTREGA ENTRE LOS ESTADOS PARTE DEL MERCOSUR Y ESTADOS ASOCIADOS, CELEBRADO EN LA CIUDAD DE FOZ DE IGUAZU, REPUBLICA FEDERATIVA DEL BRASIL, EL 16 DE DICIEMBRE DE 2010.",2014-02-06T00:00:00,2014,MENSAJE Y PROYECTO DE LEY,"FERNANDEZ DE KIRCHNER, CRISTINA",true,C,mercosur_institucional,administrativa_neutra,relacionada,corpus,no,Orden Mercosur de detencion
HCDN159294,"SOLICITAR AL PODER EJECUTIVO DISPONGA LA CONCURRENCIA DEL EMBAJADOR ARGENTINO EN LA REPUBLICA BOLIVARIANA DE VENEZUELA SEÑOR CARLOS ALBERTO CHEPPI, A UNA REUNION CONJUNTA DE LAS COMISIONES DE MERCOSUR DE LA H. CAMARA DE DIPUTADOS Y DEL SENADO DE LA NACION, A FIN DE ANALIZAR LOS GRAVES ACONTECIMIENTOS SUCEDIDOS EN EL ULTIMO TIEMPO EN DICHA REPUBLICA.",2014-02-14T00:00:00,2014,RESOLUCION,"GRIBAUDO, CHRISTIAN ALEJANDRO",true,C,mercosur_institucional,administrativa_neutra,relacionada,corpus,si,embajador Venezuela a comisiones Mercosur
HCDN159299,SOLICITAR AL PODER EJECUTIVO PROMUEVA LA SUSPENSION DEL DERECHO A PARTICIPAR EN LOS ORGANOS DEL MERCOSUR Y DE LAS DELIBERACIONES A LA REPUBLICA BOLIVARIANA DE VENEZUELA Y OTRAS CUESTIONES CONEXAS.,2014-02-14T00:00:00,2014,RESOLUCION,"ALONSO, LAURA",true,C,mercosur_institucional,administrativa_neutra,relacionada,corpus,no,suspension Venezuela de organos
HCDN159392,"EXPRESAR PREOCUPACION POR EL CIERRE DE LAS EXPORTACIONES DE LOS PRODUCTOS BOVINOS, LA NO EMISION DEL REGISTRO DE OPERACIONES EXPORTABLES (R.O.E.) Y EL INCUMPLIMIENTO DE LA CUOTA HILTON.",2014-02-20T00:00:00,2014,RESOLUCION,"MARTINEZ, OSCAR ARIEL",true,B,comercio_ue_sectorial,administrativa_neutra,relacionada,corpus,si,cierre export con referencia a Hilton
HCDN159526,CODIGO ELECTORAL NACIONAL (LEY 19945): MODIFICACIONES SOBRE ELECCION DE PARLAMENTARIOS DEL MERCOSUR CONJUNTAMENTE CON LOS COMICIOS NACIONALES; MODIFICACION DE LA LEY 26215 DE FINANCIAMIENTO DE LOS PARTIDOS POLITICOS.,2014-03-05T00:00:00,2014,LEY,"LANDAU, JORGE ALBERTO",true,C,mercosur_institucional,administrativa_neutra,relacionada,corpus,no,eleccion Parlasur
HCDN161467,CREACION DEL SISTEMA NACIONAL DE TRAZABILIDAD DE COMPONENTES SANGUINEOS.,2014-03-05T00:00:00,2014,LEY,"DI PERNA, GRACIELA AGUSTINA",false,ninguno,,,,corpus,no,trazabilidad sangre
HCDN159716,"DECLARAR DE INTERES DE LA HONORABLE CAMARA DE DIPUTADOS DE LA NACION LAS ""PRIMERAS JORNADAS DE DERECHO DEL CONSUMIDOR DEL MERCOSUR"", A REALIZARSE LOS DIAS 12 Y 13 DE MARZO DE 2014, EN LA CIUDAD AUTONOMA DE BUENOS AIRES.",2014-03-06T00:00:00,2014,RESOLUCION,"BIANCHI, MARIA DEL CARMEN",false,ninguno,,,,corpus,no,jornadas
HCDN159795,"PRODUCTOS FITOSANITARIOS QUE SE COMERCIALICEN Y SE PRODUZCAN EN EL PAIS: SE ESTABLECE QUE EL ""SERVICIO DE SANIDAD Y CALIDAD AGROALIMENTARIA (SENASA)"" DEBERA REALIZAR LA RECATEGORIZACION CADA DOS AÑOS.",2014-03-07T00:00:00,2014,LEY,"PERIE, JULIA ARGENTINA",false,ninguno,,,,corpus,no,fitosanitarios
HCDN159918,"DECLARAR DE INTERES DE LA HONORABLE CAMARA DE DIPUTADOS DE LA NACION EL ""ENCUENTRO: EXPERIENCIA ESPAÑOLA EN LA PRODUCCION VIVERISTICA DE FRUTALES DE CAROZO Y DE CITRICOS"", A REALIZARSE EL DIA 12 DE MARZO DE 2014 EN SAN PEDRO, PROVINCIA DE BUENOS AIRES.",2014-03-10T00:00:00,2014,RESOLUCION,"MARTINEZ, JULIO CESAR",false,ninguno,,,,corpus,no,encuentro tecnico
HCDN159995,EXPRESAR PREOCUPACION POR LA SITUACION QUE ESTA ATRAVESANDO LA INDUSTRIA DE LOS BIOCOMBUSTIBLES.,2014-03-11T00:00:00,2014,DECLARACION,"TEJEDOR, MIGUEL ANGEL",false,ninguno,,,,corpus,si,industria biocombustibles (sonda)
HCDN160078,"PEDIDO DE INFORMES VERBALES AL SUBSECRETARIO DE GANADERIA, MEDICO VETERINARIO JORGE H DILLON, ANTE LA COMISION DE AGRICULTURA Y GANADERIA, SOBRE DIVERSAS CUESTIONES RELACIONADAS CON LA CADENA DE VALOR DE LA CARNE VACUNA.",2014-03-12T00:00:00,2014,RESOLUCION,"BROWN, CARLOS RAMON",false,ninguno,,,,corpus,si,cadena carne (sonda)
HCDN160087,"SOLICITAR AL PODER EJECUTIVO NACIONAL DISPONGA LAS MEDIDAS NECESARIAS PARA EXHORTAR A LA PROVINCIA DE CORRIENTES PARA QUE ADECUE SU NORMATIVA A LA LEY 26331, DE PRESUPUESTOS MINIMOS DE PROTECCION AMBIENTAL DE LOS BOSQUES NATIVOS, Y OTRAS CUESTIONES CONEXAS.",2014-03-12T00:00:00,2014,RESOLUCION,"RUBIN, CARLOS GUSTAVO",true,D,eudr_trazabilidad_forestal,administrativa_neutra,relacionada,corpus,si,OTBN Corrientes
HCDN160159,"LEY 24196 DE ACTIVIDAD MINERA: MODIFICACION DEL ARTICULO 22, SOBRE REGALIAS Y LA RESOLUCION 11/2002 SOBRE ARANCELES (REPRODUCCION DEL EXPEDIENTE 5881-D-12).",2014-03-13T00:00:00,2014,LEY,"GONZALEZ, GLADYS ESTHER",false,ninguno,,,,corpus,no,mineria
HCDN160166,"SOLICITAR AL PODER EJECUTIVO NACIONAL DISPONGA LA CONCURRENCIA DEL EMBAJADOR ARGENTINO EN LA REPUBLICA BOLIVARIANA DE VENEZUELA SEÑOR CARLOS ALBERTO CHEPPI, A UNA REUNION CONJUNTA DE LAS COMISIONES DE MERCOSUR DE LA HONORABLE CAMARA DE DIPUTADOS Y DEL SENADO DE LA NACION, A FIN DE ANALIZAR LOS GRAVES ACONTECIMIENTOS SUCEDIDOS EN EL ULTIMO TIEMPO EN DICHA REPUBLICA.",2014-03-13T00:00:00,2014,RESOLUCION,"GRIBAUDO, CHRISTIAN ALEJANDRO",true,C,mercosur_institucional,administrativa_neutra,relacionada,corpus,si,embajador Venezuela comisiones Mercosur
HCDN160240,"SOLICITAR AL PODER EJECUTIVO NACIONAL DISPONGA PROMOVER LA SUSPENSION DEL DERECHO A PARTICIPAR EN LOS ORGANOS DEL MERCOSUR Y DE LAS DELIBERACIONES, A LA REPUBLICA BOLIVARIANA DE VENEZUELA, Y OTRAS CUESTIONES CONEXAS.",2014-03-14T00:00:00,2014,RESOLUCION,"ALONSO, LAURA",true,C,mercosur_institucional,administrativa_neutra,relacionada,corpus,no,suspension Venezuela
HCDN160301,VARIEDADES DE CARNE EN LAS POSICIONES ARANCELARIAS DE LA NOMENCLATURA COMUN DEL MERCOSUR (NMC): SE FIJA EN CERO POR CIENTO AL DERECHO DE EXPORTACION APLICABLE (REPRODUCCION DEL EXPEDIENTE 6311-D-12).,2014-03-18T00:00:00,2014,LEY,"BURYAILE, RICARDO",false,ninguno,,,,corpus,no,NCM carne
HCDN160482,"MARCO LEGAL PARA LA PRODUCCION, EL PROCESAMIENTO Y LA COMERCIALIZACION DE CARNES VACUNAS (REPRODUCCION DEL EXPEDIENTE 0450-D-12).",2014-03-20T00:00:00,2014,LEY,"PINEDO, FEDERICO",false,ninguno,,,,corpus,no,
HCDN160759,"PEDIDO DE INFORMES AL PODER EJECUTIVO NACIONAL SOBRE DIVERSAS CUESTIONES RELACIONADAS CON EL PRESUPUESTO DESTINADO AL FONDO NACIONAL PARA EL ENRIQUECIMIENTO Y LA CONSERVACION DE BOSQUES NATIVOS, CREADO POR LEY 26331 (PRESUPUESTOS MINIMOS DE PROTECCION AMBIENTAL DE LOS BOSQUES NATIVOS).",2014-03-26T00:00:00,2014,RESOLUCION,"GONZALEZ, GLADYS ESTHER",true,D,eudr_trazabilidad_forestal,administrativa_neutra,relacionada,corpus,si,fondo bosques
HCDN160844,"EXPRESAR BENEPLACITO POR EL VIGESIMO TERCER ANIVERSARIO DE LA CREACION DEL ""MERCADO COMUN DEL SUR (MERCOSUR)"".",2014-03-27T00:00:00,2014,DECLARACION,"ASSEFF, ALBERTO",true,C,mercosur_simbolico,administrativa_neutra,relacionada,corpus,si,aniversario del bloque (frontera adjudicada)
HCDN160879,"ARANCELES Y HONORARIOS DE ABOGADOS Y PROCURADORES, LEY 21839: MODIFICACION, SOBRE BASE REGULATORIA Y ACTUALIZACION DE LOS MONTOS. MODIFICACION A LA LEY 24432.",2014-03-28T00:00:00,2014,LEY,"RECALDE, HECTOR PEDRO",false,ninguno,,,,corpus,no,honorarios
HCDN160901,FONDO NACIONAL CITRICOLA: CREACION.,2014-03-31T00:00:00,2014,LEY,"RUBIN, CARLOS GUSTAVO",false,ninguno,,,,corpus,no,
HCDN160976,IMPUESTOS INTERNOS: EXIMIR A LAS MERCADERIAS COMPRENDIDAS EN LA POSICION ARANCELARIA DE LA NOMENCLATURA COMUN DEL MERCOSUR A LOS APARATOS DE GPS Y/O GNSS.,2014-04-01T00:00:00,2014,LEY,"LINARES, MARIA VIRGINIA",false,ninguno,,,,corpus,no,NCM GPS
HCDN161230,"DERECHO DE EXPORTACION PARA LAS CARNES TERMOPROCESADAS: DISMINUCION DE LA ALICUOTA, MODIFICACION DEL DECRETO 526/12 (REPRODUCCION DEL EXPEDIENTE 2294-D-12).",2014-04-04T00:00:00,2014,LEY,"CASAÑAS, JUAN FRANCISCO",false,ninguno,,,,corpus,no,retenciones carnes
HCDN161237,"ELIMINACION DE LOS DERECHOS DE EXPORTACION PARA DETERMINADOS PRODUCTOS Y REDUCCION PARA LA SOJA Y SUBPRODUCTOS Y PRODUCTOS DE CARNE VACUNA; SUSTITUCION DEL ARTICULO 754 DEL CODIGO ADUANERO, LEY 22415 Y MODIFICATORIAS; DEROGACION DE LOS ARTICULOS, 749, 755 Y 756 DEL CODIGO ADUANERO, LEY 22415, COMO ASIMISMO LAS DEMAS NORMAS COMPLEMENTARIAS Y DECRETOS O RESOLUCIONES DEL PODER EJECUTIVO NACIONAL DICTADAS EN VIRTUD DE LAS MISMAS (REPRODUCCION DEL EXPEDIENTE 5269-D-10).",2014-04-04T00:00:00,2014,LEY,"CASAÑAS, JUAN FRANCISCO",false,ninguno,,,,corpus,no,retenciones
HCDN161248,PROGRAMA NACIONAL PARA LA GESTION DE ENVASES DE PRODUCTO FITOSANITARIOS: CREACION (REPRODUCCION DEL EXPEDIENTE 5682-D-12).,2014-04-04T00:00:00,2014,LEY,"CASAÑAS, JUAN FRANCISCO",false,ninguno,,,,corpus,no,fitosanitarios
HCDN161251,PRESUPUESTOS MINIMOS PARA LA APLICACION DE PRODUCTOS FITOSANITARIOS. CREACION (REPRODUCCION DEL EXPEDIENTE 8602-D-12).,2014-04-04T00:00:00,2014,LEY,"CASAÑAS, JUAN FRANCISCO",false,ninguno,,,,corpus,no,fitosanitarios
HCDN161415,"EXPRESAR BENEPLACITO POR EL V CONGRESO INTERNACIONAL DE EDUCACION INTERCULTURAL Y LITERATURA CONTEMPORANEA Y VII ENCUENTRO DE ESCRITORES DEL MERCOSUR, DENOMINADOS "" DIALOGOS CULTURALES "", A REALIZARSE DEL 2 AL 4 DE MAYO DE 2014 EN LA LOCALIDAD DE SANTA MARIA, REPUBLICA FEDERATIVA DEL BRASIL.",2014-04-08T00:00:00,2014,RESOLUCION,"PERIE, JULIA ARGENTINA",false,ninguno,,,,corpus,no,congreso
HCDN161629,"PEDIDO DE INFORMES AL PODER EJECUTIVO SOBRE DIVERSAS CUESTIONES RELACIONADAS CON EL PRESUPUESTO DESTINADO AL FONDO NACIONAL PARA EL ENRIQUECIMIENTO Y LA CONSERVACION DE BOSQUES NATIVOS, CREADO POR LEY 26331 - PRESUPUESTOS MINIMOS DE PROTECCION AMBIENTAL DE LOS BOSQUES NATIVOS -.",2014-04-09T00:00:00,2014,RESOLUCION,"LINARES, MARIA VIRGINIA",true,D,eudr_trazabilidad_forestal,administrativa_neutra,relacionada,corpus,si,fondo bosques
HCDN161749,SOLICITAR AL PODER EJECUTIVO DISPONGA LAS MEDIDAS NECESARIAS PARA IMPULSAR LA ELIMINACION DEL ROAMING ENTRE LOS PAISES PERTENECIENTES AL MERCOSUR.,2014-04-14T00:00:00,2014,RESOLUCION,"AVOSCAN, HERMAN HORACIO",true,C,mercosur_institucional,administrativa_neutra,relacionada,corpus,no,roaming intra-Mercosur
HCDN161980,"MIGRACIONES (LEY 25871): MODIFICACION DE LOS ARTICULOS 22 Y 107, SOBRE CATEGORIZAR COMO ""RESIDENTE PERMANENTE"" A LOS NACIONALES DE LOS ESTADOS PARTE DEL MERCOSUR.",2014-04-15T00:00:00,2014,LEY,"ASSEFF, ALBERTO",true,C,mercosur_institucional,administrativa_neutra,relacionada,corpus,no,residencia nacionales del bloque
HCDN161987,"DERECHO DE EXPORTACION APLICABLE A LAS DISTINTAS VARIEDADES DE SOJA, SUBPRODUCTOS DE LA SOJA Y BIOCOMBUSTIBLES COMPRENDIDOS EN LAS POSICIONES ARANCELARIAS DE LA ""NOMENCLATURA COMUN DEL MERCOSUR - N.M.C. -"". SE FIJA EN UN TREINTA, VEINTISIETE Y VEINTE PORCIENTO, RESPECTIVAMENTE. MODIFICACION DEL CODIGO ADUANERO.",2014-04-15T00:00:00,2014,LEY,"BURYAILE, RICARDO",false,ninguno,,,,corpus,no,retenciones NCM
HCDN161988,"ELIMINACION DE LOS DERECHOS DE EXPORTACION AL TRIGO, MAIZ Y DERIVADOS COMPRENDIDOS EN LAS POSICIONES ARANCELARIAS DE LA ""NOMENCLATURA COMUN DEL MERCOSUR - N.M.C. -"". MODIFICACION DEL CODIGO ADUANERO.",2014-04-15T00:00:00,2014,LEY,"BURYAILE, RICARDO",false,ninguno,,,,corpus,no,retenciones NCM
HCDN162006,"PEDIDO DE INFORMES AL PODER EJECUTIVO NACIONAL SOBRE DIVERSAS CUESTIONES RELACIONADAS CON LA POLITICA EXTERIOR, EL MAR ARGENTINO, LA INTEGRACION SUDAMERICANA, EL MERCOSUR Y EL CUMPLIMIENTO DE LA CAMPAÑA ANTARTICA.",2014-04-15T00:00:00,2014,RESOLUCION,"ASSEFF, ALBERTO",false,ninguno,,,,corpus,si,politica exterior generica con Mercosur
HCDN162118,"PEDIDO DE INFORMES AL PODER EJECUTIVO SOBRE DIVERSAS CUESTIONES RELACIONADAS CON EL COMERCIO EXTERIOR Y LAS RELACIONES CON LA ""UNION EUROPEA"" Y LA ""ORGANIZACION MUNDIAL DEL COMERCIO"".",2014-04-21T00:00:00,2014,RESOLUCION,"ASSEFF, ALBERTO",true,B,comercio_ue_sectorial,administrativa_neutra,relacionada,corpus,si,comercio exterior y relaciones con la UE; tema general
HCDN162169,"IMPUESTO AL VALOR AGREGADO - IVA - LEY 23349 -. MODIFICACION DEL ARTICULO 28, SOBRE REDUCCION DE LA ALICUOTA EN PRODUCTOS FITOSANITARIOS, SEMILLAS Y ORGANOS DE REPRODUCCION VEGETAL",2014-04-22T00:00:00,2014,LEY,"MARTINEZ, JULIO CESAR",false,ninguno,,,,corpus,no,IVA fitosanitarios
HCDN162170,"MODIFICACION DE LAS LEYES 23966 Y 26028, SOBRE IMPUESTO A LOS COMBUSTIBLES LIQUIDOS Y GASEOSOS E IMPUESTO AL GASOIL, ESTABLECIENDOSE QUE EL PAGO DEL GRAVAMEN CUANDO SE TRATE DE BIODIESEL COMBUSTIBLES, ESTARA SATISFECHO CON LA ALICUOTA QUE ABONA EL COMPONENTE GASOIL.",2014-04-22T00:00:00,2014,MENSAJE Y PROYECTO DE LEY,"FERNANDEZ DE KIRCHNER, CRISTINA",false,ninguno,,,,corpus,si,fiscal biodiesel post-antidumping; titulo sin UE
HCDN162258,"DEMOCRATIZACION DE LA REPRESENTACION POLITICA (LEY 26571): MODIFICACIONES, SOBRE SELECCION POR LAS AGRUPACIONES POLITICAS DE SUS CANDIDATOS A CARGOS PUBLICOS ELECTIVOS NACIONALES Y DE PARLAMENTARIOS DEL MERCOSUR E INCORPORACION DEL ARTICULO 44 BIS, DE SELECCION DEL CANDIDATO A VICEPRESIDENTE DE LA NACION. MODIFICACION DE LA LEY 19945.",2014-04-23T00:00:00,2014,LEY,"BULLRICH, PATRICIA",true,C,mercosur_institucional,administrativa_neutra,relacionada,corpus,no,candidatos Parlasur
HCDN162306,"DERECHO DE EXPORTACION APLICABLE A LOS DISTINTOS PRODUCTOS AGRICOLAS COMPRENDIDOS EN LAS POSICIONES ARANCELARIAS DE LA ""NOMENCLATURA COMUN DEL MERCOSUR"": SE FIJA EN UN CERO POR CIENTO; MODIFICACION DEL CODIGO ADUANERO.",2014-04-24T00:00:00,2014,LEY,"BURYAILE, RICARDO",false,ninguno,,,,corpus,no,retenciones NCM
HCDN162388,"PRODUCTOS FITOSANITARIOS PARA LA PRODUCCION AGRICOLA SUSTENTABLE. REGIMEN FEDERAL PARA EL REGISTRO, COMERCIALIZACION Y CONTROL. (REPRODUCCION DEL EXPEDIENTE 2946-D-12).",2014-04-28T00:00:00,2014,LEY,"UÑAC, JOSE RUBEN",false,ninguno,,,,corpus,no,fitosanitarios
HCDN162712,"BIODIESEL: EXIMICION DEL IMPUESTO NORMADO POR LAS LEYES 23966 Y 26028, EN FORMA RETROACTIVA AL DIA 25 DE JUNIO DE 2013; SE ESTABLECEN DERECHOS DE EXPORTACION.",2014-05-06T00:00:00,2014,LEY,"CARRIO, ELISA MARIA AVELINA",true,B,comercio_ue_sectorial,pro_liberalizacion,relacionada,corpus,si,eximicion biodiesel retro 25-jun-2013 (antidumping UE implicito)
HCDN163063,PRODUCCION OLIVICOLA: SE ESTABLECE LA NO APLICACION DE LOS DERECHOS DE EXPORTACION A LAS MERCADERIAS COMPRENDIDAS EN LAS POSICIONES ARANCELARIAS DE LA NOMENCLATURA COMUN DEL MERCOSUR (NCM).,2014-05-12T00:00:00,2014,LEY,"CACERES, EDUARDO AUGUSTO",false,ninguno,,,,corpus,no,NCM olivicola
HCDN163333,SISTEMA ELECTORAL PARA ELECCION DIRECTA DE PARLAMENTARIOS DEL MERCOSUR: MODIFICACION DE LA LEY 19945 (CODIGO ELECTORAL NACIONAL - TEXTO ORDENADO POR DECRETO 2153/83 Y MODIFICATORIAS).,2014-05-15T00:00:00,2014,LEY,"STOLBIZER, MARGARITA ROSA",true,C,mercosur_institucional,administrativa_neutra,relacionada,corpus,no,eleccion Parlasur
HCDN163340,"REGULACION Y PROMOCION PARA LA PRODUCCION Y USO SUSTENTABLE DE BIOCOMBUSTIBLES (LEY 26093): MODIFICACION DE LOS ARTICULOS 7 Y 8, SOBRE MEZCLAS DE PRODUCTOS.",2014-05-16T00:00:00,2014,LEY,"EHCOSOR, MARIA AZUCENA",false,ninguno,,,,corpus,no,mezclas
HCDN163550,"DEMOCRATIZACION DE LA REPRESENTACION POLITICA, LA TRANSPARENCIA Y LA EQUIDAD ELECTORAL - LEY 26571: MODIFICACION DEL ARTICULO 21, SOBRE AVAL DE LAS PRECANDIDATURAS A SENADORES, DIPUTADOS NACIONALES Y PARLAMENTARIOS DEL MERCOSUR, POR UN NUMERO DE ELECTORES NO INFERIOR AL DOS POR MIL DEL TOTAL DE LOS INSCRIPTOS EN EL PADRON GENERAL.",2014-05-21T00:00:00,2014,LEY,"ZAMARREÑO, MARIA EUGENIA",true,C,mercosur_institucional,administrativa_neutra,relacionada,corpus,no,avales Parlasur
HCDN163826,"TARJETAS DE CREDITO, LEY 25065: MODIFICACIONES, SOBRE RENOVACION Y ARANCELES DIFERENCIADOS EN CONCEPTOS DE COMISIONES Y OTROS CARGOS Y DE INTERES COMPENSATORIO O FINANCIERO.",2014-05-27T00:00:00,2014,LEY,"PLAINI, FRANCISCO OMAR",false,ninguno,,,,corpus,no,tarjetas
HCDN163836,PROGRAMA NACIONAL PARA LA PROMOCION Y DESARROLLO DE LA PRODUCCION DE CARNE EQUINA: CREACION.,2014-05-27T00:00:00,2014,LEY,"AGUILAR, LINO WALTER",false,ninguno,,,,corpus,no,carne equina
HCDN163884,BIODIESEL. INCREMENTO DE LOS PORCENTAJES DE CORTE DE COMBUSTIBLES LIQUIDOS CON BIOCOMBUSTIBLES (REPRODUCCION DEL EXPEDIENTE 3890-D-12).,2014-05-28T00:00:00,2014,LEY,"MALDONADO, VICTOR HUGO",false,ninguno,,,,corpus,no,corte biodiesel
HCDN164047,PRESUPUESTOS MINIMOS DE PROTECCION AMBIENTAL PARA LA GESTION DE ENVASES DE PRODUCTOS FITOSANITARIOS Y SUS CONTENIDOS RESIDUALES. REGIMEN.,2014-06-02T00:00:00,2014,LEY,"PEROTTI, OMAR ANGEL",false,ninguno,,,,corpus,no,envases fitosanitarios
HCDN164071,"EXPRESAR PREOCUPACION POR LA SITUACION QUE ATRAVIESA EL SECTOR GANADERO, AL SER ESTE AÑO EL PEOR DE LOS ULTIMOS 50 DE EXPORTACIONES DE CARNE VACUNA Y SEPTIMO CONSECUTIVO DEL INCUMPLIMIENTO DE LA DENOMINADA CUOTA HILTON.",2014-06-02T00:00:00,2014,DECLARACION,"MARTINEZ, JULIO CESAR",true,B,comercio_ue_sectorial,pro_liberalizacion,relacionada,corpus,no,septimo incumplimiento Hilton
HCDN164080,"PEDIDO DE INFORMES AL PODER EJECUTIVO SOBRE EL PARQUE AUTOMOTOR AFECTADO AL CUMPLIMIENTO DE LA LEY 26331, DE PRESUPUESTOS MINIMOS DE PROTECCION AMBIENTAL DE LOS BOSQUES NATIVOS, EN LA PROVINCIA DE SALTA, Y OTRAS CUESTIONES CONEXAS.",2014-06-03T00:00:00,2014,RESOLUCION,"BIELLA CALVET, BERNARDO JOSE",true,D,eudr_trazabilidad_forestal,administrativa_neutra,relacionada,corpus,si,26331 Salta
HCDN164101,DERECHOS DE EXPORTACION APLICABLES A TODAS LAS VARIEDADES DE TRIGO Y SUS DERIVADOS COMPRENDIDOS EN DIVERSAS POSICIONES ARANCELARIAS DE LA NOMENCLATURA COMUN DEL MERCOSUR: ELIMINACION.,2014-06-03T00:00:00,2014,LEY,"VALINOTTO, JORGE ANSELMO",false,ninguno,,,,corpus,no,retenciones NCM
HCDN164240,ELECCION DE DIPUTADOS DEL MERCOSUR: MODIFICACION DE LA LEY 19945.,2014-06-05T00:00:00,2014,LEY,"ASSEFF, ALBERTO",true,C,mercosur_institucional,administrativa_neutra,relacionada,corpus,no,eleccion diputados Mercosur
HCDN164555,"EXPRESAR ADHESION POR LA INAUGURACION DE LA CONFEDERACION DE CAMARAS DE COMERCIO DE LA ""UNION EUROPEA - EUROCAMARA ARGENTINA - UE -"", EL DIA 13 DE JUNIO DE 2014 EN LA CIUDAD AUTONOMA DE BUENOS AIRES.",2014-06-17T00:00:00,2014,DECLARACION,"GALLARDO, MIRIAM GRACIELA",false,ninguno,,,,corpus,si,Eurocamara UE-Argentina
HCDN164610,"PEDIDO DE INFORMES AL PODER EJECUTIVO SOBRE DIVERSAS CUESTIONES RELACIONADAS CON LA CAIDA DE LAS VENTAS Y EL CONSUMO DE CARNE VACUNA EN NUESTRO PAIS, DE ENERO A MAYO DE 2014.",2014-06-18T00:00:00,2014,RESOLUCION,"BIANCHI, IVANA MARIA",false,ninguno,,,,corpus,no,consumo carne
HCDN164611,"EXPRESAR PREOCUPACION POR LA CAIDA DE LAS VENTAS Y EL CONSUMO DE CARNE VACUNA EN NUESTRO PAIS, SEGUN INFORMES DE LAS CAMARAS INDUSTRIALES.",2014-06-18T00:00:00,2014,RESOLUCION,"BIANCHI, IVANA MARIA",false,ninguno,,,,corpus,no,consumo carne
HCDN164613,"EXPRESAR PREOCUPACION POR LA INCLUSION DE ACTIVIDADES ILEGALES PARA EL CALCULO DEL ""PRODUCTO BRUTO INTERNO - PBI -"" DE LOS PAISES MIEMBROS DE LA UNION EUROPEA.",2014-06-18T00:00:00,2014,RESOLUCION,"DUCLOS, OMAR ARNALDO",false,ninguno,,,,corpus,no,PBI UE estadistico
HCDN164714,"PEDIDO DE INFORMES AL PODER EJECUTIVO SOBRE DIVERSAS CUESTIONES RELACIONADAS CON EL DESPIDO DE TRABAJADORES COMO CONSECUENCIA DEL CIERRE DE LA EMPRESA ""OLEAGINOSA MORENA"" EN GENERAL VILLEGAS, PROVINCIA DE BUENOS AIRES, Y DEL ""FRIGORIFICO CARNES HUINCA"" EN HUINCA RENANCO, PROVINCIA DE CORDOBA.",2014-06-23T00:00:00,2014,RESOLUCION,"ASSEFF, ALBERTO",false,ninguno,,,,corpus,no,cierres frigorificos
HCDN164767,EXPRESAR BENEPLACITO POR EL APOYO REGIONAL DE MERCOSUR Y LA CELAC FRENTE A LOS FONDOS BUITRE.,2014-06-24T00:00:00,2014,RESOLUCION,"GRANADOS, DULCE",true,C,mercosur_institucional,administrativa_neutra,relacionada,corpus,si,bloque y fondos buitre
HCDN164790,"SOLICITAR AL PODER EJECUTIVO DISPONGA LA REGLAMENTACION DE LA LEY 26888, DE CREACION DEL PROGRAMA NACIONAL PARA LA PREVENCION DE LA ENFERMEDAD DE LOS CITRICOS ""- HUANGLONGBING, HLB -"".",2014-06-25T00:00:00,2014,RESOLUCION,"CICILIANI, ALICIA MABEL",false,ninguno,,,,corpus,no,HLB
HCDN164897,"DECLARAR DE INTERES DE LA H. CAMARA EL ""FESTIVAL DEL CARNEO ESPAÑOL"", A REALIZARSE LOS DIAS 19 Y 20 DE JULIO DE 2014, EN LA LOCALIDAD DE MEDANO DE ORO, DEPARTAMENTO RAWSON, PROVINCIA DE SAN JUAN.",2014-06-30T00:00:00,2014,RESOLUCION,"CASELLES, GRACIELA MARIA",false,ninguno,,,,corpus,no,festival carneo
HCDN164952,"PEDIDO DE INFORMES AL PODER EJECUTIVO NACIONAL SOBRE DIVERSAS CUESTIONES RELACIONADAS CON LA CONDENA DE LA ""ORGANIZACION MUNDIAL DE COMERCIO (OMC)"" A LA ARGENTINA POR LA RESTRICCION DE IMPORTACIONES.",2014-07-01T00:00:00,2014,RESOLUCION,"ASSEFF, ALBERTO",false,ninguno,,,,corpus,no,OMC
HCDN164992,"PEDIDO DE INFORMES AL PODER EJECUTIVO NACIONAL SOBRE EL PORCENTAJE DE MEZCLA O CORTE EFECTIVO CON EL QUE FUE MEZCLADO EL GASOIL CON BIODIESEL EN LOS MESES DE ENERO A MAYO DE 2014, Y OTRAS CUESTIONES CONEXAS.",2014-07-02T00:00:00,2014,RESOLUCION,"TORROBA, FRANCISCO JAVIER",false,ninguno,,,,corpus,no,corte biodiesel
HCDN165018,"EXPRESAR BENEPLACITO POR LA INICIATIVA DE LA SEÑORA PRESIDENTA DE CHILE, A FIN DE ACERCAR POSICIONES CON EL MERCOSUR QUE TIENDAN A LA CONCERTACION Y CONVERGENCIA ORIENTADOS A FOMENTAR EL REGIONALISMO ABIERTO PARA SU EFICIENTE INSERCION EN EL MUNDO GLOBALIZADO.",2014-07-03T00:00:00,2014,RESOLUCION,"FERNANDEZ MENDIA, GUSTAVO RODOLFO",true,C,mercosur_institucional,pro_liberalizacion,relacionada,corpus,no,convergencia Chile-Mercosur regionalismo abierto
HCDN165054,"IMPUESTO AL VALOR AGREGADO - LEY 20631, TO 1997 -. MODIFICACION DEL ARTICULO 28, SOBRE REDUCCION DE LA ALICUOTA A LA PRODUCCION PARA DISTINTAS CARNES DE GANADO.",2014-07-04T00:00:00,2014,LEY,"ASSEFF, ALBERTO",false,ninguno,,,,corpus,no,IVA carnes
HCDN165059,"DECLARAR DE INTERES DE LA H. CAMARA LA ""IV FERIA DE ARTESANIAS DEL MERCOSUR PUERTO IGUAZU"", A REALIZARSE DEL 8 AL 13 DE OCTUBRE DE 2014, EN LA PROVINCIA DE MISIONES.",2014-07-04T00:00:00,2014,RESOLUCION,"ZIEGLER, ALEX ROBERTO",false,ninguno,,,,corpus,no,feria
HCDN165065,"PEDIDO DE INFORMES AL PODER EJECUTIVO SOBRE EL INCUMPLIMIENTO DE LA CUOTA HILTON CORRESPONDIENTE AL PERIODO 2013-2014, Y OTRAS CUESTIONES CONEXAS.",2014-07-04T00:00:00,2014,RESOLUCION,"GRIBAUDO, CHRISTIAN ALEJANDRO",true,B,comercio_ue_sectorial,administrativa_neutra,relacionada,corpus,no,Hilton (gemelo gold)
HCDN165211,"IMPUESTO AL VALOR AGREGADO - IVA - LEY 23349 -. MODIFICACION DEL ARTICULO 28, SOBRE REDUCCION DE LA ALICUOTA EN PRODUCTOS FITOSANITARIOS Y SEMILLAS",2014-07-10T00:00:00,2014,LEY,"MARTINEZ, JULIO CESAR",false,ninguno,,,,corpus,no,IVA fitosanitarios
HCDN165252,"INVITAR A LOS PARLAMENTOS DE LOS PAISES INTEGRANTES DEL G-77 + CHINA, EL BRIC,S LA ORGANIZACION DE ESTADOS AMERICANOS (OEA) Y FOROS INTERNACIONALES COMO UNASUR Y MERCOSUR A EXPRESAR LA NECESIDAD DE LEGISLAR CONTRA LA USURA INTERNACIONAL.",2014-07-10T00:00:00,2014,RESOLUCION,"HARISPE, GASTON",false,ninguno,,,,corpus,si,foros varios usura; Mercosur incidental
HCDN165311,PEDIDO DE INFORMES AL PODER EJECUTIVO NACIONAL SOBRE DIVERSAS CUESTIONES RELACIONADAS CON LA CAIDA REGISTRADA EN EL VOLUMEN DE LAS EXPORTACIONES DE PRODUCTOS LACTEOS Y DE CARNE VACUNA EN EL PRIMER CUATRIMESTRE DE 2014.,2014-07-11T00:00:00,2014,RESOLUCION,"BALDASSI, HECTOR W.",false,ninguno,,,,corpus,si,caida export carne (sonda)
HCDN165486,"SOLICITAR AL PODER EJECUTIVO DISPONGA UNA ADECUACION DE ARANCELES EN LAS PRESTACIONES QUE BRINDA EL ""INSTITUTO NACIONAL DE SERVICIOS SOCIALES PARA JUBILADOS Y PENSIONADOS"" Y OTRAS OBRAS SOCIALES.",2014-07-14T00:00:00,2014,RESOLUCION,"ASSEFF, ALBERTO",false,ninguno,,,,corpus,no,aranceles PAMI
HCDN165612,"IMPUESTO AL VALOR AGREGADO IVA - LEY 23349 -. MODIFICACION DEL ARTICULO 28, SOBRE REDUCCION DE LA ALICUOTA EN SEMILLAS Y PRODUCTOS FITOSANITARIOS.",2014-07-17T00:00:00,2014,LEY,"BARCHETTA, OMAR SEGUNDO",false,ninguno,,,,corpus,no,IVA fitosanitarios
HCDN165627,"PEDIDO DE INFORMES AL PODER EJECUTIVO NACIONAL SOBRE LOS CONFLICTOS COMERCIALES CON 43 PAISES, QUE LOS VENTILAN ANTE LA ""ORGANIZACION MUNDIAL DE COMERCIO (OMC)"", COMO CONSECUENCIA DE LAS RESTRICCIONES A LA IMPORTACION QUE IMPONE NUESTRO PAIS.",2014-07-18T00:00:00,2014,RESOLUCION,"CREMER DE BUSTI, MARIA CRISTINA",false,ninguno,,,,corpus,no,OMC 43 paises
HCDN165821,"HONORARIOS PROFESIONALES DE ABOGADOS Y PROCURADORES - LEY 24432: MODIFICACION DEL ARTICULO 12° INCISOS E), J), K), L) Y Q), SOBRE INCORPORACION DEL ""JUS"" COMO UNIDAD ARANCELARIA DE HONORARIOS PROFESIONALES DEL ABOGADO, ACTUALIZACION DE MINIMOS E INTERESES DE HONORARIOS.",2014-07-29T00:00:00,2014,LEY,"MESTRE, DIEGO MATIAS",false,ninguno,,,,corpus,no,honorarios
HCDN166003,"PEDIDO DE INFORMES AL PODER EJECUTIVO SOBRE DIVERSAS CUESTIONES RELACIONADAS CON LA APLICACION DE LA LEY 26331, DE BOSQUES NATIVOS, EN LA PROVINCIA DE SALTA.",2014-08-06T00:00:00,2014,RESOLUCION,"BIELLA CALVET, BERNARDO JOSE",true,D,eudr_trazabilidad_forestal,administrativa_neutra,relacionada,corpus,si,26331 Salta
HCDN166026,"PEDIDO DE INFORMES AL PODER EJECUTIVO SOBRE LA APARICION EN LA LOCALIDAD DE MOCORETA, PROVINCIA DE CORRIENTES, DE LA ENFERMEDAD DENOMINADA ""HUANGLONGBING O GREENING DE LOS CITRICOS"".",2014-08-06T00:00:00,2014,RESOLUCION,"ROGEL, FABIAN DULIO",false,ninguno,,,,corpus,no,HLB
HCDN166031,"EXPRESAR BENEPLACITO POR LA CREACION DE UNA COMISION REGIONAL DE SANIDAD VEGETAL, DESTINADA A COORDINAR POLITICAS FITOSANITARIAS PARA EL FORTALECIMIENTO DE LAS ECONOMIAS REGIONALES DEL NOROESTE ARGENTINO - NOA -.",2014-08-06T00:00:00,2014,RESOLUCION,"VILARIÑO, JOSE ANTONIO",false,ninguno,,,,corpus,no,sanidad vegetal regional
HCDN166216,SOLICITAR AL PODER EJECUTIVO DISPONGA LAS MEDIDAS NECESARIAS PARA REDUCIR EN UN 50 % (CINCUENTA POR CIENTO) EL VALOR DE LOS ARANCELES QUE PERCIBEN LOS REGISTROS SECCIONALES DE LA PROPIEDAD DEL AUTOMOTOR.,2014-08-11T00:00:00,2014,RESOLUCION,"BALDASSI, HECTOR W.",false,ninguno,,,,corpus,no,aranceles registros
HCDN166249,"PEDIDO DE INFORMES AL PODER EJECUTIVO SOBRE DIVERSAS CUESTIONES RELACIONADAS CON LOS FUNDAMENTOS PARA QUE LA ADMINISTRACION FEDERAL DE INGRESOS PUBLICOS - AFIP -, SEA EL ORGANISMO REGULADOR DEL SISTEMA DE TRAZABILIDAD PARA LA IDENTIFICACION DE GANADO Y SU OBLIGACION DE INCORPORAR UN CHIP IDENTIFICATORIO.",2014-08-12T00:00:00,2014,RESOLUCION,"SCAGLIA, GISELA",true,D,eudr_trazabilidad_forestal,administrativa_neutra,relacionada,corpus,no,trazabilidad ganado AFIP
HCDN166311,"EXPRESAR BENEPLACITO POR LA NUEVA CUOTA DE CARNE DE ALTA CALIDAD OTORGADA A LA ARGENTINA POR PARTE DE LA UNION EUROPEA, REFERIDA A CORTES PROVENIENTES DE ""FEED LOTS"", Y OTRAS CUESTIONES CONEXAS.",2014-08-13T00:00:00,2014,DECLARACION,"MARTINEZ, JULIO CESAR",true,B,comercio_ue_sectorial,pro_liberalizacion,relacionada,corpus,no,nueva cuota UE feedlot (cuota 481)
HCDN166318,"DECLARAR DE INTERES DE LA HONORABLE CAMARA DE DIPUTADOS DE LA NACION LA ""25 FIESTA NACIONAL DEL CHAMAME - EDICION DE PLATA - Y 11 FIESTA DEL CHAMAME DEL MERCOSUR"", A REALIZARSE DEL 10 AL 18 DE ENERO DE 2015 EN LA CIUDAD CAPITAL DE LA PROVINCIA DE CORRIENTES.",2014-08-14T00:00:00,2014,DECLARACION,"VALDES, GUSTAVO ADOLFO",false,ninguno,,,,corpus,no,chamame
HCDN166334,"SOLICITAR AL PODER EJECUTIVO NACIONAL DISPONGA LA EMISION DE UN SELLO POSTAL EN CONMEMORACION DE LA EDICION DE PLATA DE LA FIESTA NACIONAL DEL CHAMAME Y 11 FIESTA DEL CHAMAME DEL MERCOSUR"", A REALIZARSE DEL 10 AL 18 DE ENERO DE 2015 EN LA CIUDAD CAPITAL DE LA PROVINCIA DE CORRIENTES.",2014-08-14T00:00:00,2014,RESOLUCION,"VALDES, GUSTAVO ADOLFO",false,ninguno,,,,corpus,no,sello postal
HCDN166386,"DECLARAR DE INTERES DE LA H. CAMARA EL ""3° CONGRESO DE ENTES DE LUCHA Y ERRADICACION DE LA FIEBRE AFTOSA"", A REALIZARSE LOS DIAS 20 Y 21 DE AGOSTO DE 2014 EN HUERTA GRANDE, PROVINCIA DE CORDOBA.",2014-08-15T00:00:00,2014,DECLARACION,"BURYAILE, RICARDO",false,ninguno,,,,corpus,no,congreso aftosa
HCDN166416,"BOSQUES NATIVOS (LEY 26331): MODIFICACION DEL ARTICULO 2, SOBRE AMPLIACION DE LA SUPERFICIE PROPIEDAD DE LAS COMUNIDADES INDIGENAS Y DE PEQUEÑOS PRODUCTORES A TREINTA HECTAREAS.",2014-08-19T00:00:00,2014,LEY,"BIANCHI, IVANA MARIA",true,D,eudr_trazabilidad_forestal,administrativa_neutra,relacionada,corpus,si,26331 art 2
HCDN166457,"SOLICITAR AL PODER EJECUTIVO NACIONAL DISPONGA ASIGNAR PRIORIDAD A LAS OBRAS DE TRANSFORMACION EN AUTOVIA, A TODA LA TRAZA DE LA RUTA NACIONAL 7 BIOCEANICA, LLAMADA DEL MERCOSUR.",2014-08-19T00:00:00,2014,RESOLUCION,"ASSEFF, ALBERTO",false,ninguno,,,,corpus,no,ruta bioceanica toponimo
HCDN166480,"EXPRESAR SATISFACCION POR LA APROBACION UNANIME DE LA DECLARACION DEL PARLAMENTO DEL MERCOSUR A FAVOR DE LA REPUBLICA ARGENTINA, RESPALDANDO UNA SOLUCION QUE NO COMPROMETA EL AMPLIO PROCESO DE REESTRUCTURACION DE SU DEUDA SOBERANA.",2014-08-20T00:00:00,2014,DECLARACION,"GIACCONE, CLAUDIA ALEJANDRA",true,C,mercosur_institucional,administrativa_neutra,relacionada,corpus,si,declaracion del Parlasur sobre deuda
HCDN166483,SOLICITAR AL PODER EJECUTIVO DISPONGA DECLARAR LA EMERGENCIA AGROPECUARIA DE LA ZONA DELIMITADA POR LAS PROVINCIAS DE CORRIENTES Y ENTRE RIOS - AFECTADAS POR LA ENFERMEDAD HUANGLONGBING (HLB)- EN LA PRODUCCION CITRICOLA.,2014-08-20T00:00:00,2014,DECLARACION,"D'AGOSTINO, JORGE MARCELO",false,ninguno,,,,corpus,no,HLB emergencia
HCDN166533,"DECLARAR DE INTERES DE LA HONORABLE CAMARA DE DIPUTADOS DE LA NACION LAS ""XV JORNADAS NACIONALES DE COOPERATIVISMO Y MUTUALISMO ESCOLAR Y 9 DEL MERCOSUR"" - ""POR UNA EDUCACION CON VALORES Y PRINCIPIOS SOLIDARIOS"", A REALIZARSE DEL 22 AL 24 DE OCTUBRE DE 2014 EN LA CIUDAD DE VIEDMA, PROVINCIA DE RIO NEGRO.",2014-08-21T00:00:00,2014,RESOLUCION,"CIAMPINI, JOSE ALBERTO",false,ninguno,,,,corpus,no,jornadas
HCDN166627,"EXPRESAR PREOCUPACION POR LA DECISION QUE TOMO EL GOBIERNO NACIONAL, SOBRE PROHIBIR LA EXPORTACION DE CARNE DURANTE 15 DIAS.",2014-08-25T00:00:00,2014,RESOLUCION,"BIANCHI, IVANA MARIA",false,ninguno,,,,corpus,si,prohibicion export carne (sonda)
HCDN166651,PEDIDO DE INFORMES AL PODER EJECUTIVO SOBRE EL ESTADO DE ACTUALIZACION O ADECUACION AL COSTO DE VIDA DE LOS ARANCELES DE LOS SERVICIOS PERTENECIENTES AL SISTEMA DE PRESTACIONES BASICAS DE ATENCION INTEGRAL A FAVOR DE LAS PERSONAS CON DISCAPACIDAD.,2014-08-26T00:00:00,2014,RESOLUCION,"TROIANO, GABRIELA ALEJANDRA",false,ninguno,,,,corpus,no,aranceles discapacidad
HCDN166654,ELIMINACION DE LOS DERECHOS DE EXPORTACION (DEX) Y LOS REGISTROS DE OPERACIONES DE EXPORTACION (ROE) APLICABLE A LOS DISTINTOS CORTES DE CARNE Y A SUS PRODUCTOS DERIVADOS.,2014-08-26T00:00:00,2014,LEY,"SCHIARETTI, JUAN",false,ninguno,,,,corpus,si,elimina DEX y ROE carne (sonda)
HCDN166760,CARGAS DE EXPORTACION ORIGINADAS EN PUERTOS ARGENTINOS: APLICABILIDAD EN EL AMBITO DE LOS PAISES QUE INTEGRAN EL MERCOSUR: SUSPENSION DE LA DISPOSICION 1108/13 DE LA SUBSECRETARIA DE PUERTOS Y VIAS NAVEGABLES.,2014-08-28T00:00:00,2014,RESOLUCION,"ASSEFF, ALBERTO",true,C,mercosur_institucional,pro_liberalizacion,relacionada,corpus,si,reserva de cargas intra-Mercosur
HCDN166923,"EXPRESAR PREOCUPACION POR EL GRAVE DEFICIT FINANCIERO QUE AFECTA A LA ""FUNDACION BARRERA ZOOFITOSANITARIA PATAGONICA (FUNBAPA)"", COLOCANDO EN SERIO RIESGO AL SISTEMA CUARENTENARIO PATAGONICO.",2014-09-02T00:00:00,2014,RESOLUCION,"BURYAILE, RICARDO",false,ninguno,,,,corpus,no,FUNBAPA
HCDN166956,"SOLICITAR AL PODER EJECUTIVO NACIONAL DISPONGA LAS MEDIDAS NECESARIAS PARA NORMALIZAR LA SITUACION FINANCIERA DE LA ""FUNDACION BARRERA ZOOFITOSANITARIA PATAGONICA - FUNBAPA -"", Y OTRAS CUESTIONES CONEXAS.",2014-09-03T00:00:00,2014,RESOLUCION,"CASAÑAS, JUAN FRANCISCO",false,ninguno,,,,corpus,no,FUNBAPA
HCDN167232,"REGIMEN DE REGISTRO, COMERCIALIZACION Y CONTROL DE LOS PRODUCTOS FITOSANITARIOS EMPLEADOS PARA LA PROTECCION, CRECIMIENTO Y DESARROLLO DE LOS CULTIVOS; DEROGACION DEL DECRETO LEY 3489/58 DE SANIDAD VEGETAL Y DE LA LEY 17934 MODIFICATORIA DEL DECRETO.",2014-09-11T00:00:00,2014,LEY,"BASTERRA, LUIS EUGENIO",false,ninguno,,,,corpus,no,fitosanitarios
HCDN167416,"PEDIDO DE INFORMES AL PODER EJECUTIVO NACIONAL SOBRE LA LIMITACION A LA EXPORTACION DE CARNE, Y OTRAS CUESTIONES CONEXAS.",2014-09-17T00:00:00,2014,RESOLUCION,"DE FERRARI RUEDA, PATRICIA",false,ninguno,,,,corpus,si,limitacion export carne (sonda)
HCDN167603,"SOLICITAR AL PODER EJECUTIVO DISPONGA LA INSTRUMENTACION DE LAS MEDIDAS NECESARIAS PARA EL CUMPLIMIENTO DE LA LEY 26331, DE PRESUPUESTOS MINIMOS DE PROTECCION AMBIENTAL DE LOS BOSQUES NATIVOS, EN LA PROVINCIA DE SALTA.",2014-09-23T00:00:00,2014,RESOLUCION,"DONDA PEREZ, VICTORIA ANALIA",true,D,eudr_trazabilidad_forestal,administrativa_neutra,relacionada,corpus,si,26331 Salta
HCDN167720,"EXPRESAR BENEPLACITO POR EL DICTADO DE LA RESOLUCION N° 422 DEL SERVICIO NACIONAL DE SANIDAD Y CALIDAD AGROALIMENTARIA - SENASA -, DONDE DISPONE QUE A PARTIR DEL 1° DE ENERO DE 2015, ESE ENTE NACIONAL EJERCERA EN FORMA DIRECTA EL CONTROL ZOOFITOSANITARIO EN LAS BARRERAS SANITARIAS, PUERTOS Y AEROPUERTOS DE LA REGION PATAGONICA.",2014-09-25T00:00:00,2014,RESOLUCION,"SORIA, MARIA EMILIA",false,ninguno,,,,corpus,si,control zoofitosanitario Patagonia (sonda)
HCDN167813,"PEDIDO DE INFORMES AL PODER EJECUTIVO SOBRE DIVERSAS CUESTIONES RELACIONADAS CON EL FALLO DE LA ""ORGANIZACION MUNDIAL DE COMERCIO - OMC -"", QUE DICTAMINO QUE EL GOBIERNO ARGENTINO ESTARIA APLICANDO MEDIDAS PROTECCIONISTAS CONTRARIAS A LAS NORMAS DE COMERCIO INTERNACIONAL.",2014-09-29T00:00:00,2014,RESOLUCION,"LINARES, MARIA VIRGINIA",false,ninguno,,,,corpus,no,OMC sin UE nombrada
HCDN167848,SUSTITUCION DEL REINTEGRO A LA EXPORTACION EXTRAZONA - RE - ASIGNADO EN LAS POSICIONES ARANCELARIAS DE LA NOMENCLATURA COMUN DEL MERCOSUR. - NCM -.,2014-09-30T00:00:00,2014,LEY,"CASELLES, GRACIELA MARIA",false,ninguno,,,,corpus,no,NCM
HCDN167858,ACEITES DE OLIVA Y ACEITUNAS. SUSTITUCION DEL REINTEGRO A LA EXPORTACION EXTRAZONA -RE- ASIGNADO A LAS POSICIONES ARANCELARIAS DE LA NOMENCLATURA COMUN DEL MERCOSUR -NCM-.,2014-09-30T00:00:00,2014,LEY,"CASELLES, GRACIELA MARIA",false,ninguno,,,,corpus,no,NCM
HCDN167928,"PEDIDO DE INFORMES AL PODER EJECUTIVO SOBRE DIVERSAS CUESTIONES RELACIONADAS CON LA ACTUALIZACION ARANCELARIA DEL ""SISTEMA DE PRESTACIONES BASICAS DE ATENCION INTEGRAL A FAVOR DE LAS PERSONAS CON DISCAPACIDAD"".",2014-10-01T00:00:00,2014,RESOLUCION,"TORRES DEL SEL, MIGUEL IGNACIO",false,ninguno,,,,corpus,no,aranceles discapacidad
HCDN167930,SOLICITAR AL PODER EJECUTIVO DISPONGA UN INCREMENTO ARANCELARIO DEL SISTEMA DE PRESTACIONES BASICAS DE ATENCION INTEGRAL A FAVOR DE LAS PERSONAS CON DISCAPACIDAD.,2014-10-01T00:00:00,2014,DECLARACION,"TORRES DEL SEL, MIGUEL IGNACIO",false,ninguno,,,,corpus,no,aranceles discapacidad
HCDN167966,"PEDIDO DE INFORMES VERBALES AL SEÑOR SUBSECRETARIO DE GANADERIA DE LA SECRETARIA DE AGRICULTURA, GANADERIA Y PESCA, DOCTOR JORGE HORACIO DILLON, ANTE LA COMISION DE AGRICULTURA Y GANADERIA, SOBRE EL CUADRO DE SITUACION PRODUCTIVA, LABORAL, COMERCIAL Y REGULATORIA A LO LARGO DE LA CADENA DE VALOR DE LA CARNE VACUNA.",2014-10-02T00:00:00,2014,RESOLUCION,"BROWN, CARLOS RAMON",false,ninguno,,,,corpus,si,cadena carne (sonda)
HCDN167990,"DECLARAR DE INTERES DE LA H. CAMARA EL ""IV CONGRESO INTERNACIONAL DE TURISMO, EDUCACION INTERCULTURAL Y DESARROLLO LOCAL DE LAS MISIONES JESUITICAS DEL MERCOSUR"", REALIZADO LOS DIAS 26 Y 27 DE SEPTIEMBRE DE 2014 EN LA LOCALIDAD DE CORPUS, PROVINCIA DE MISIONES.",2014-10-03T00:00:00,2014,RESOLUCION,"LEVERBERG, STELLA MARIS",false,ninguno,,,,corpus,no,congreso
HCDN167995,"DECLARAR DE INTERES DE LA H. CAMARA EL ""IX ENCUENTRO DE ESCRITORES DEL MERCOSUR"", A REALIZARSE DEL 10 AL 12 DE OCTUBRE DE 2014, EN LA LOCALIDAD DE PUERTO IGUAZU, PROVINCIA DE MISIONES.",2014-10-03T00:00:00,2014,RESOLUCION,"LEVERBERG, STELLA MARIS",false,ninguno,,,,corpus,no,encuentro
HCDN167996,"DECLARAR DE INTERES DE LA H. CAMARA EL ""XLV FESTIVAL NACIONAL DE MUSICA DEL LITORAL"" Y ""VII FESTIVAL DE MUSICA DEL MERCOSUR"", A REALIZARSE DEL 20 AL 23 DE NOVIEMBRE DE 2014 EN LA CIUDAD DE POSADAS, PROVINCIA DE MISIONES.",2014-10-03T00:00:00,2014,RESOLUCION,"LEVERBERG, STELLA MARIS",false,ninguno,,,,corpus,no,festival
HCDN168002,"AGUA MINERAL, VINO ESPUMOSO, VINOS, VINO FINO, VINOS A GRANEL Y MOSTO DE UVA. SUSTITUYESE EL REINTEGRO A LA EXPORTACION EXTRAZONA (R.E.) ASIGNADO A LAS POSICIONES ARANCELARIAS DE LA NOMENCLATURA COMUN DEL MERCOSUR (N.C.M.).",2014-10-03T00:00:00,2014,LEY,"CASELLES, GRACIELA MARIA",false,ninguno,,,,corpus,no,NCM
HCDN168003,JUGO DE UVA Y JUGO DE MANZANA. SUSTITUYESE EL REINTEGRO A LA EXPORTACION EXTRAZONA (R.E.) ASIGNADO A LAS POSICIONES ARANCELARIAS DE LA NOMENCLATURA COMUN DEL MERCOSUR (N.C.M.).,2014-10-03T00:00:00,2014,LEY,"CASELLES, GRACIELA MARIA",false,ninguno,,,,corpus,no,NCM
HCDN168004,"VERMOUTH, SIDRA Y ALCOHOL ETILICO. SUSTITUCION DEL ""REINTEGRO A LA EXPORTACION EXTRAZONA - RE -"" ASIGNADO A LAS POSICIONES ARANCELARIAS DE LA ""NOMENCLATURA COMUN DEL MERCOSUR - NCM -"".",2014-10-03T00:00:00,2014,LEY,"CASELLES, GRACIELA MARIA",false,ninguno,,,,corpus,no,NCM
HCDN168344,"DECLARAR DE INTERES DE LA H. CAMARA LA ""XXI REUNION DEL GRUPO DE COORDINACION Y LA XIX REUNION DE LA COMISION MIXTA DE LAS ENTIDADES FISCALIZADORAS DE LOS PAISES DEL MERCOSUR Y ASOCIADOS - EFSUR -"", A REALIZARSE DEL 20 AL 23 DE OCTUBRE DE 2014 EN LA CIUDAD DE ENCARNACION, REPUBLICA DEL PARAGUAY.",2014-10-08T00:00:00,2014,RESOLUCION,"CARMONA, GUILLERMO RAMON",true,C,mercosur_institucional,administrativa_neutra,relacionada,corpus,si,EFSUR
HCDN168350,"DECLARAR DE INTERES DE LA H. CAMARA EL ""FESTIVAL DEL LITORAL 2014"", ""45 EDICION DEL FESTIVAL NACIONAL DE MUSICA DEL LITORAL"" Y ""7° DEL MERCOSUR"", A REALIZARSE DEL 20 AL 23 DE NOVIEMBRE DE 2014 EN LA CIUDAD DE POSADAS, PROVINCIA DE MISIONES.",2014-10-08T00:00:00,2014,DECLARACION,"PERIE, JULIA ARGENTINA",false,ninguno,,,,corpus,no,festival
HCDN168486,EXPRESAR PREOCUPACION POR LA DEFORESTACION QUE SE PRACTICA EN LA SELVA FORMOSEÑA.,2014-10-14T00:00:00,2014,RESOLUCION,"ASSEFF, ALBERTO",true,D,eudr_trazabilidad_forestal,administrativa_neutra,relacionada,corpus,no,deforestacion Formosa
HCDN168549,"DECLARAR DE INTERES DE LA H. CAMARA EL ""I TALLER REGIONAL PARA EL FORTALECIMIENTO DE LA PARTICIPACION SOCIAL EN EL MERCOSUR"", A REALIZARSE EN EL MES DE NOVIEMBRE DE 2014 EN LA PROVINCIA DE CORRIENTES.",2014-10-15T00:00:00,2014,RESOLUCION,"RUBIN, CARLOS GUSTAVO",true,C,mercosur_institucional,administrativa_neutra,relacionada,corpus,si,taller de participacion social del bloque
HCDN168657,"EXPRESAR PREOCUPACION POR EL INFORME DE LA AUDITORIA GENERAL DE LA NACION, DANDO CUENTA DE LAS GRAVES DEFICIENCIAS EN LA IMPLEMENTACION, A NIVEL NACIONAL, DE LA LEY DE BOSQUES NATIVOS.",2014-10-20T00:00:00,2014,RESOLUCION,"BIANCHI, IVANA MARIA",true,D,eudr_trazabilidad_forestal,administrativa_neutra,relacionada,corpus,si,AGN sobre ley de bosques
HCDN168714,VINOS. SE ELIMINA EL DERECHO DE EXPORTACION APLICABLE A LAS POSICIONES ARANCELARIAS DE LA NOMENCLATURA COMUN DEL MERCOSUR - N.C.M -.,2014-10-22T00:00:00,2014,LEY,"CASELLES, GRACIELA MARIA",false,ninguno,,,,corpus,no,NCM vinos
HCDN168822,"DECLARAR DE INTERES DE LA H. CAMARA LAS ""XVII JORNADAS NACIONALES DE EXTENSION RURAL Y IX DEL MERCOSUR"" A REALIZARSE DEL 19 AL 21 DE NOVIEMBRE DE 2014, EN LA CIUDAD DE ROSARIO, PROVINCIA DE SANTA FE.",2014-10-24T00:00:00,2014,RESOLUCION,"BARCHETTA, OMAR SEGUNDO",false,ninguno,,,,corpus,no,jornadas
HCDN169241,"PEDIDO DE INFORMES AL PODER EJECUTIVO SOBRE DIVERSAS CUESTIONES TECNICAS, LEGALES Y ADMINISTRATIVAS DE LA LEY 26093 DE BIOCOMBUSTIBLES.",2014-10-31T00:00:00,2014,RESOLUCION,"MARTINEZ, SOLEDAD",false,ninguno,,,,corpus,no,biocombustibles ley
HCDN169296,"EXPRESAR BENEPLACITO POR LA DESIGNACION DE LA CIUDAD DE PARANA, PROVINCIA DE ENTRE RIOS, COMO SEDE DE LA ""47 CUMBRE DE JEFES DE ESTADO DEL MERCADO COMUN DEL SUR - MERCOSUR -"", A REALIZARSE DEL 14 AL 18 DE DICIEMBRE DE 2014.",2014-11-04T00:00:00,2014,RESOLUCION,"RIOS, LILIANA MARIA",true,C,mercosur_institucional,administrativa_neutra,relacionada,corpus,no,sede cumbre
HCDN169417,MOLIENDA SECA DE MAIZ. SE REDUCEN LOS DERECHOS DE EXPORTACION A LOS PRODUCTOS Y SUBPRODUCTOS COMPRENDIDOS EN LAS POSICIONES ARANCELARIAS DE LA NOMENCLATURA COMUN DEL MERCOSUR.,2014-11-07T00:00:00,2014,LEY,"TORRES DEL SEL, MIGUEL IGNACIO",false,ninguno,,,,corpus,no,NCM
HCDN169418,LINO. SE ELIMINAN LOS DERECHOS DE EXPORTACION DE LAS MERCADERIAS COMPRENDIDAS EN LAS POSICIONES ARANCELARIAS DE LA NOMENCLATURA COMUN DEL MERCOSUR.,2014-11-07T00:00:00,2014,LEY,"TORRES DEL SEL, MIGUEL IGNACIO",false,ninguno,,,,corpus,no,NCM
HCDN169697,"AJO. SE FIJA EL CERO POR CIENTO - 0 % - EL DERECHO DE EXPORTACION COMPRENDIDO EN LAS POSICIONES ARANCELARIAS DE LA ""NOMENCLATURA COMUN DEL MERCOSUR - NMC -"".",2014-11-13T00:00:00,2014,LEY,"CACERES, EDUARDO AUGUSTO",false,ninguno,,,,corpus,no,NCM
HCDN169698,"ALCACHOFAS - ALCAUCILES - FRESCOS O REFRIGERADOS. SE ELIMINA EL DERECHO DE EXPORTACION APLICABLE EN LA POSICION ARANCELARIA DE LA ""NOMENCLATURA COMUN DEL MERCOSUR - NMC -"".",2014-11-13T00:00:00,2014,LEY,"CACERES, EDUARDO AUGUSTO",false,ninguno,,,,corpus,no,NCM
HCDN169710,"CEBOLLAS. SE FIJA EL CERO POR CIENTO - 0 % - EL DERECHO DE EXPORTACION COMPRENDIDO EN LAS POSICIONES ARANCELARIAS DE LA ""NOMENCLATURA COMUN DEL MERCOSUR - NMC -"".",2014-11-13T00:00:00,2014,LEY,"CACERES, EDUARDO AUGUSTO",false,ninguno,,,,corpus,no,NCM
HCDN169711,"CIRUELAS. SE FIJA EL CERO POR CIENTO - 0 % - EL DERECHO DE EXPORTACION COMPRENDIDO EN LAS POSICIONES ARANCELARIAS DE LA ""NOMENCLATURA COMUN DEL MERCOSUR - NMC -"".",2014-11-13T00:00:00,2014,LEY,"CACERES, EDUARDO AUGUSTO",false,ninguno,,,,corpus,no,NCM
HCDN169820,"ESPARRAGOS FRESCOS O REFRIGERADOS, PREPARADOS O CONSERVADOS S/VINAGRE O ACIDO ACETICO S/CONGELAR. SE FIJA EL CERO POR CIENTO - 0% - EL DERECHO DE EXPORTACION COMPRENDIDO EN LAS POSICIONES ARANCELARIAS DE LA ""NOMENCLATURA COMUN DEL MERCOSUR - NCM -"".",2014-11-17T00:00:00,2014,LEY,"CACERES, EDUARDO AUGUSTO",false,ninguno,,,,corpus,no,NCM
HCDN169824,"PISTACHO. SE FIJA EL CERO POR CIENTO - 0% - EL DERECHO DE EXPORTACION COMPRENDIDO EN LAS POSICIONES ARANCELARIAS DE LA ""NOMENCLATURA COMUN DEL MERCOSUR - NCM -"".",2014-11-17T00:00:00,2014,LEY,"CACERES, EDUARDO AUGUSTO",false,ninguno,,,,corpus,no,NCM
HCDN169825,"TOMATE. SE FIJA EL CERO POR CIENTO - 0% - EL DERECHO DE EXPORTACION COMPRENDIDO EN LAS POSICIONES ARANCELARIAS DE LA ""NOMENCLATURA COMUN DEL MERCOSUR - NCM -"".",2014-11-17T00:00:00,2014,LEY,"CACERES, EDUARDO AUGUSTO",false,ninguno,,,,corpus,no,NCM
HCDN169867,PEDIDO DE INFORMES AL PODER EJECUTIVO SOBRE DIVERSAS CUESTIONES RELACIONADAS CON LA CAIDA EN LA FAENA DE GANADO VACUNO Y LA RETRACCION DEL MERCADO INTERNO DE CARNES.,2014-11-18T00:00:00,2014,RESOLUCION,"ASSEFF, ALBERTO",false,ninguno,,,,corpus,no,faena y mercado interno
HCDN169904,"EXPRESAR BENEPLACITO POR EL CONVENIO FIRMADO ENTRE LAS REPUBLICAS DE ARGENTINA Y DE PARAGUAY EN EL MARCO DE LA REUNION DE MINISTROS DE SALUD DEL MERCOSUR, SOBRE CAPACITACION Y ASISTENCIA TECNICA EN ABLACION Y TRASPLANTE HEPATICO.",2014-11-19T00:00:00,2014,RESOLUCION,"ZIEBART, CRISTINA ISABEL",true,C,mercosur_institucional,administrativa_neutra,relacionada,corpus,si,reunion ministros de salud del bloque
HCDN169915,"FERTILIZANTES. SE ELIMINA EL DERECHO DE IMPORTACION EN LAS POSICIONES ARANCELARIAS CONTENIDAS EN EL CAPITULO 31 DEL ""NOMENCLADOR COMUN DEL MERCOSUR - NCM -.""",2014-11-19T00:00:00,2014,LEY,"SCHIARETTI, JUAN",true,C,mercosur_institucional,pro_liberalizacion,relacionada,corpus,si,elimina derecho de importacion NCM fertilizantes (regla 5)
HCDN169924,"REGULACION Y PROMOCION PARA LA PRODUCCION Y USO SUSTENTABLE DE BIOCOMBUSTIBLES - LEY 26093 -. INCORPORACION DEL ARTICULO 3 BIS, SOBRE CREACION DE LA COMISION NACIONAL ASESORA PARA LA MEZCLA DE BIOCOMBUSTIBLES .",2014-11-19T00:00:00,2014,LEY,"TORROBA, FRANCISCO JAVIER",false,ninguno,,,,corpus,no,mezcla biocombustibles
HCDN169990,AGENCIA FEDERAL DE PROTECCION FITOSANITARIA DE LA PATAGONIA. CREACION.-,2014-11-20T00:00:00,2014,LEY,"COMELLI, ALICIA MARCELA",false,ninguno,,,,corpus,no,agencia fitosanitaria
HCDN169991,"UVAS FRESCAS Y PASAS DE UVA. SE FIJA EN UN 5 % LOS DERECHOS DE EXPORTACION A LAS POSICIONES ARANCELARIAS DE LA ""NOMENCLATURA COMUN DEL MERCOSUR - NMC -"".",2014-11-20T00:00:00,2014,LEY,"CASELLES, GRACIELA MARIA",false,ninguno,,,,corpus,no,NCM
HCDN170007,"MELON. SE ELIMINAN LOS DERECHOS DE EXPORTACION EN LAS POSICIONES ARANCELARIAS DE LA ""NOMENCLATURA COMUN DEL MERCOSUR - NCM -"".",2014-11-20T00:00:00,2014,LEY,"CASELLES, GRACIELA MARIA",false,ninguno,,,,corpus,no,NCM
HCDN170088,"COMISION ESPECIAL PARA LA CONFORMACION DE LA CORPORACION INTERNACIONAL DEL CORREDOR BIOCEANICO DEL MERCOSUR. CREACION EN EL AMBITO DEL MINISTERIO DE RELACIONES EXTERIORES, Y CULTO DE LA NACION.",2014-11-25T00:00:00,2014,LEY,"ASSEFF, ALBERTO",false,ninguno,,,,corpus,si,corredor bioceanico toponimo con corporacion internacional
HCDN170384,"ESTABLECIENDO LOS PRESUPUESTOS MINIMOS DE PROTECCION AMBIENTAL, PARA LA GESTION DE LOS ENVASES VACIOS DE FITOSANITARIOS.",2014-11-25T00:00:00,2014,MENSAJE Y PROYECTO DE LEY,"FERNANDEZ DE KIRCHNER, CRISTINA",false,ninguno,,,,corpus,no,envases fitosanitarios
HCDN170209,"CEREALES: TRIGO, GIRASOL Y PRODUCTOS DE MOLIENDA SECA Y HUMEDA; Y OLEAGINOSAS. SE ESTABLECE EN 0 % EL DERECHO DE EXPORTACION EN LAS POSICIONES ARANCELARIAS DE LA "" NOMENCLATURA COMUN DEL MERCOSUR - NCM -"". SE REDUCEN PARA LA EXPORTACION DE MAIZ Y SOJA.",2014-11-27T00:00:00,2014,LEY,"TORROBA, FRANCISCO JAVIER",false,ninguno,,,,corpus,no,NCM
HCDN170222,"CARBONATO DE CALCIO Y CARBURO DE CALCIO. SE ESTABLECE UN REINTEGRO ADICIONAL DEL 5 % A LA ""EXPORTACION EXTRAZONA - R.E. -"" ASIGNADO A LAS POSICIONES ARANCELARIAS DE LA ""NOMENCLATURA COMUN DEL MERCOSUR - .N.C.M. -"".",2014-11-28T00:00:00,2014,LEY,"CASELLES, GRACIELA MARIA",false,ninguno,,,,corpus,no,NCM
HCDN170223,"BENTONITA. SE ESTABLECE UN REINTEGRO ADICIONAL DEL 5 % POR 5 AÑOS A LA ""EXPORTACION EXTRAZONA -R.E.-"" ASIGNADO A LAS POSICIONES ARANCELARIAS DE LA ""NOMENCLATURA COMUN DEL MERCOSUR - .N.C.M. -"" LA CUAL DISMINUIRA EN UN PUNTO POR AÑO HASTA SU EXTINCION PAULATINA.",2014-11-28T00:00:00,2014,LEY,"CASELLES, GRACIELA MARIA",false,ninguno,,,,corpus,no,NCM
HCDN170225,"DOLOMITA CRUDA Y DOLOMITA CALCINADA. SE ESTABLECE UN REINTEGRO ADICIONAL DEL 5 % A LA ""EXPORTACION EXTRAZONA - R.E. -"" ASIGNADO A LAS POSICIONES ARANCELARIAS DE LA ""NOMENCLATURA COMUN DEL MERCOSUR - N.C.M. -"".",2014-11-28T00:00:00,2014,LEY,"CASELLES, GRACIELA MARIA",false,ninguno,,,,corpus,no,NCM
HCDN170227,"BIENES DE CAPITAL Y/O INDUSTRIALES CON VALOR AGREGADO. FIJESE EN CERO POR CIENTO EL DERECHO DE EXPORTACION COMPRENDIDO EN LAS POSICIONES ARANCELARIAS DE LA ""NOMENCLATURA COMUN DEL MERCOSUR -NCM-"".",2014-11-28T00:00:00,2014,LEY,"CACERES, EDUARDO AUGUSTO",false,ninguno,,,,corpus,no,NCM
HCDN170239,"SILICIO Y FERROSILICIO. SE ESTABLECE UN REINTEGRO ADICIONAL DEL 5 % A LA EXPORTACION ""EXTRAZONA - R.E. -"" ASIGNADO A LAS POSICIONES ARANCELARIAS DE LA ""NOMENCLATURA COMUN DEL MERCOSUR - N.C.M -"".",2014-11-28T00:00:00,2014,LEY,"CASELLES, GRACIELA MARIA",false,ninguno,,,,corpus,no,NCM
HCDN170240,"CAL VIVA Y CAL APAGADA. SE ESTABLECE UN REINTEGRO DEL 5 % A LA ""EXPORTACION EXTRAZONA - R.E. -"" ASIGNADO A LAS POSICIONES ARANCELARIAS DE LA ""NOMENCLATURA COMUN DEL MERCOSUR -N.C.M. -"".",2014-11-28T00:00:00,2014,LEY,"CASELLES, GRACIELA MARIA",false,ninguno,,,,corpus,no,NCM
HCDN170243,"CRETA. SE ESTABLECE UN REINTEGRO ADICIONAL DEL 5 % POR 5 AÑOS A LA ""EXPORTACION EXTRAZONA -R.E.-"" ASIGNADO A LAS POSICIONES ARANCELARIAS DE LA ""NOMENCLATURA COMUN DEL MERCOSUR - N.C.M. -""; LA CUAL DISMINUIRA EN UN PUNTO POR AÑO HASTA SU EXTINCION PAULATINA.",2014-11-28T00:00:00,2014,LEY,"CASELLES, GRACIELA MARIA",false,ninguno,,,,corpus,no,NCM
HCDN170245,"TRAVERTINOS TROCEADOS. SE REINTEGRA EL ADICIONAL DEL 5% A LA ""EXPORTACION EXTRAZONA -R.E.-"" ASIGNADO A LAS POSICIONES ARANCELARIAS DE LA ""NOMENCLATURA COMUN DEL MERCOSUR - N.C.M. -"".",2014-11-28T00:00:00,2014,LEY,"CASELLES, GRACIELA MARIA",false,ninguno,,,,corpus,no,NCM
HCDN170283,"CODIGO ELECTORAL NACIONAL - LEY 19945 - INCORPORACION AL TITULO VII DEL CAPITULO IV DENOMINADO ""DE LA ELECCION DIRECTA DE LOS PARLAMENTARIOS DEL MERCOSUR"".",2014-12-01T00:00:00,2014,LEY,"NEGRI, MARIO RAUL",true,C,mercosur_institucional,administrativa_neutra,relacionada,corpus,no,eleccion Parlasur
HCDN170508,"SOLICITAR AL PODER EJECUTIVO DISPONGA GESTIONAR ANTE EL ""CONSEJO DEL MERCADO COMUN"" PARA QUE ESTABLEZCA EL ""DIA DEL MERCOSUR CIUDADANO"", PARA LA ELECCION DE LOS PARLAMENTARIOS EN FORMA SIMULTANEA EN TODOS LOS ESTADOS PARTES.",2014-12-03T00:00:00,2014,DECLARACION,"ALONSO, LAURA",true,C,mercosur_institucional,administrativa_neutra,relacionada,corpus,si,CMC Dia del Mercosur Ciudadano
HCDN170775,"PEDIDO DE INFORMES AL PODER EJECUTIVO SOBRE DIVERSAS CUESTIONES RELACIONADAS AL LIBRE COMERCIO Y A LAS NEGOCIACIONES CON EL ""FORO DE COOPERACIONES ASIA - PACIFICO - APEC -"".",2014-12-10T00:00:00,2014,RESOLUCION,"ASSEFF, ALBERTO",false,ninguno,,,,corpus,si,negociaciones APEC sin UE
HCDN171298,OBLIGATORIEDAD DE INFORMAR AL CONSUMIDOR FINAL LA PROCEDENCIA DE LA CARNE QUE VA A CONSUMIR EN CUANTO A LOS DIFERENTES SISTEMAS DE ENGORDE.,2014-12-18T00:00:00,2014,LEY,"ROBERTI, ALBERTO OSCAR",false,ninguno,,,,corpus,no,etiquetado carne
HCDN171324,"EXPRESAR BENEPLACITO POR EL 65 ANIVERSARIO DE LA PROMULGACION DEL DECRETO 29337 DE 1949, QUE SUSPENDIERA EL COBRO DE ARANCELES EN LAS UNIVERSIDADES PUBLICAS.",2014-12-19T00:00:00,2014,RESOLUCION,"LEVERBERG, STELLA MARIS",false,ninguno,,,,corpus,no,aranceles universitarios
HCDN171326,"EXPRESAR BENEPLACITO POR LA DECISION, EN EL SENO DEL MERCOSUR, DE ADOPTAR UNA PATENTE COMUN PARA LOS VEHICULOS DE LOS PAISES INTEGRANTES .",2014-12-19T00:00:00,2014,RESOLUCION,"LEVERBERG, STELLA MARIS",true,C,mercosur_institucional,administrativa_neutra,relacionada,corpus,no,patente comun del bloque
HCDN171849,"BOSQUES NATIVOS (LEY 26331). MODIFICACION DEL ARTICULO 2°, SOBRE AMPLIACION DE LA SUPERFICIE PROPIEDAD DE LAS COMUNIDADES INDIGENAS Y DE PEQUEÑOS PRODUCTORES A VEINTE HECTAREAS.",2015-02-04T00:00:00,2015,LEY,"MARTINEZ, JULIO CESAR",true,D,eudr_trazabilidad_forestal,administrativa_neutra,relacionada,corpus,si,26331 art 2
HCDN172022,"SOLICITAR AL PODER EJECUTIVO DISPONGA UNA REUNION ENTRE LOS MIEMBROS DE LA COMISION DEL MERCOSUR DE LA HONORABLE CAMARA DE DIPUTADOS Y EL SENADO DE LA NACION CON EL EMBAJADOR ARGENTINO DE LA REPUBLICA BOLIVARIANA DE VENEZUELA, INGENIERO CARLOS ALBERTO CHEPPI PARA EL ANALISIS DE LOS GRAVES ACONTECIMIENTOS EN CONTRA DE LA LIBERTAD DE EXPRESION SUCEDIDOS EN EL ULTIMO TIEMPO EN DICHA REPUBLICA.",2015-02-20T00:00:00,2015,RESOLUCION,"GRIBAUDO, CHRISTIAN ALEJANDRO",true,C,mercosur_institucional,administrativa_neutra,relacionada,corpus,si,comision Mercosur y embajador Venezuela
HCDN172143,"DESTRUCCION O DEGRADACION DE BOSQUE NATIVO. CORTE DE ARBOL. REGIMEN SANCIONATORIO, MODIFICACION DEL ARTICULO 186 DEL CODIGO PENAL, SOBRE INCENDIOS Y OTROS ESTRAGOS.",2015-03-02T00:00:00,2015,LEY,"LEVERBERG, STELLA MARIS",true,D,eudr_trazabilidad_forestal,administrativa_neutra,relacionada,corpus,si,sancion penal desmonte
HCDN172348,CARGAS DE EXPORTACION ORIGINADAS EN PUERTOS ARGENTINOS: APLICABILIDAD EN EL AMBITO DE LOS PAISES QUE INTEGRAN EL MERCOSUR - DISPOSICION DE LA SUBSECRETARIA DE PUERTOS Y VIAS NAVEGABLES 1108/13 -. SE DEJA SIN EFECTO (REPRODUCCION DEL EXPEDIENTE 7316-D-13).,2015-03-03T00:00:00,2015,LEY,"PINEDO, FEDERICO",true,C,mercosur_institucional,pro_liberalizacion,relacionada,corpus,si,reserva de cargas intra-Mercosur
HCDN172369,"SOLICITAR AL PODER EJECUTIVO DISPONGA LAS MEDIDAS NECESARIAS PARA CONVOCAR CON SUMA URGENCIA A UNA REUNION ENTRE LOS MIEMBROS DE LA COMISION DEL MERCOSUR, JUNTO CON EL EMBAJADOR ARGENTINO EN LA REPUBLICA BOLIVARIANA DE VENEZUELA, INGENIERO CARLOS ALBERTO CHEPPI, PARA EL ANALISIS DE LOS GRAVES ACONTECIMIENTOS EN CONTRA DE LA LIBERTAD DE EXPRESION OCURRIDOS EN DICHO PAIS.",2015-03-03T00:00:00,2015,RESOLUCION,"GRIBAUDO, CHRISTIAN ALEJANDRO",true,C,mercosur_institucional,administrativa_neutra,relacionada,corpus,si,comision Mercosur y embajador Venezuela
HCDN172520,"BOSQUES NATIVOS - LEY 26331: MODIFICACION DEL ARTICULO 2°, SOBRE AMPLIACION DE LA SUPERFICIE PROPIEDAD DE LAS COMUNIDADES INDIGENAS Y DE PEQUEÑOS PRODUCTORES A TREINTA HECTAREAS.",2015-03-05T00:00:00,2015,LEY,"MARTINEZ, JULIO CESAR",true,D,eudr_trazabilidad_forestal,administrativa_neutra,relacionada,corpus,si,26331 art 2
HCDN172570,EXPRESAR PREOCUPACION POR LA CAIDA DE LAS EXPORTACIONES DE CARNE VACUNA DURANTE EL AÑO 2014.,2015-03-05T00:00:00,2015,DECLARACION,"MARTINEZ, JULIO CESAR",false,ninguno,,,,corpus,si,caida export carne (sonda)
HCDN175477,"MODIFICACION DEL CAPITULO IV DE LA LEY 26815 (MANEJO DEL FUEGO), ESTABLECIENDO QUE EN CASO DE INCENDIOS DE SUPERFICIES DE BOSQUES NATIVOS O IMPLANTADOS, NO PODRAN REALIZARSE MODIFICACIONES EN EL USO Y DESTINO QUE LOS MISMOS POSEIAN CON ANTERIORIDAD A DICHO EVENTO DURANTE EL TIEMPO QUE INSUMA SU RECUPERACION FORESTAL.",2015-03-05T00:00:00,2015,LEY,"ODARDA, MARIA MAGDALENA",true,D,eudr_trazabilidad_forestal,administrativa_neutra,relacionada,corpus,si,uso del suelo post-incendio forestal
HCDN173061,"EXPRESAR BENEPLACITO POR LA REALIZACION DE LAS ""VI JORNADAS NACIONALES FITOSANITARIAS Y EL V CONGRESO PANAMERICANO DE INGENIEROS AGRONOMOS"", A REALIZARSE DEL 25 AL 27 DE MARZO DE 2015 EN TANDIL, PROVINCIA DE BUENOS AIRES.",2015-03-12T00:00:00,2015,RESOLUCION,"MARTINEZ, JULIO CESAR",false,ninguno,,,,corpus,no,jornadas
HCDN173199,PRESUPUESTOS MINIMOS DE PROTECCION AMBIENTAL PARA LOS BOSQUES NATIVOS. REGIMEN.,2015-03-16T00:00:00,2015,LEY,"ASSEFF, ALBERTO",true,D,eudr_trazabilidad_forestal,administrativa_neutra,relacionada,corpus,si,regimen bosques nativos
HCDN173263,FRANJAS MINIMAS DE PROTECCION SANITARIA Y AMBIENTAL PARA LA APLICACION DE PRODUCTOS FITOSANITARIOS. REGIMEN.,2015-03-17T00:00:00,2015,LEY,"LINARES, MARIA VIRGINIA",false,ninguno,,,,corpus,no,fitosanitarios
HCDN173272,"TARJETAS DE CREDITO - LEY 25065 Y SU MODIFICATORIA 26010 -. MODIFICACION DE LOS ARTICULOS 15 Y 16, SOBRE ARANCELES DIFERENCIADOS EN CONCEPTO DE COMISIONES Y OTROS CARGOS Y DE INTERES COMPENSATORIO O FINANCIERO, RESPECTIVAMENTE (REPRODUCCION DEL EXPEDIENTE 1453-D-13).",2015-03-17T00:00:00,2015,LEY,"MALDONADO, VICTOR HUGO",false,ninguno,,,,corpus,no,tarjetas
HCDN173583,EXPRESAR PREOCUPACION POR LA CAIDA DE LAS VENTAS Y EL CONSUMO DE CARNE VACUNA EN NUESTRO PAIS.,2015-03-26T00:00:00,2015,DECLARACION,"MARTINEZ, JULIO CESAR",false,ninguno,,,,corpus,no,consumo carne
HCDN173689,"AUTORIZACION, REGISTRO Y CONTROL DE PRODUCTOS FITOSANITARIOS. REGIMEN",2015-03-30T00:00:00,2015,LEY,"MARTINEZ, JULIO CESAR",false,ninguno,,,,corpus,no,fitosanitarios
HCDN173710,"DECLARAR DE INTERES DE LA H. CAMARA EL ""DIA DEL MERCOSUR"", A CELEBRARSE CADA 26 DE MARZO.",2015-03-30T00:00:00,2015,RESOLUCION,"GRANADOS, DULCE",true,C,mercosur_simbolico,administrativa_neutra,relacionada,corpus,si,Dia del Mercosur
HCDN173809,"""INSTITUTO DE PROMOCION DE LA CARNE PORCINA ARGENTINA (IPCPA)"": CREACION (REPRODUCCION DEL EXPEDIENTE 0960-D-13).",2015-04-01T00:00:00,2015,LEY,"CASAÑAS, JUAN FRANCISCO",false,ninguno,,,,corpus,no,IPCPA
HCDN173815,"CAPITAL NACIONAL DEL LIMON: SE DECLARA COMO TAL AL DEPARTAMENTO DE TAFI VIEJO, PROVINCIA DE TUCUMAN. (REPRODUCCION DEL EXPEDIENTE 0957-D-13).",2015-04-01T00:00:00,2015,LEY,"CASAÑAS, JUAN FRANCISCO",false,ninguno,,,,corpus,no,capital limon
HCDN173817,"EXIMIR DEL PAGO DE DERECHOS DE EXPORTACION A LAS VENTAS DE LOS PRODUCTOS Y SUBPRODUCTOS COMPRENDIDOS EN LAS POSICIONES ARANCELARIAS DE LA NOMENCLATURA COMUN DEL MERCOSUR, A PRODUCTORES DE DIVERSAS PROVINCIAS ARGENTINAS (REPRODUCCION DEL EXPEDIENTE 4031-D-13).",2015-04-01T00:00:00,2015,LEY,"CASAÑAS, JUAN FRANCISCO",false,ninguno,,,,corpus,no,NCM
HCDN174173,"SOLICITAR AL PODER EJECUTIVO LA ATENCION INMEDIATA DE LA URGENCIA DE LA ECONOMIA REGIONAL CITRICOLA EN LOS DEPARTAMENTOS DE CONCORDIA Y FEDERACION, EN LA PROVINCIA DE ENTRE RIOS, Y OTRAS CUESTIONES CONEXAS.",2015-04-13T00:00:00,2015,DECLARACION,"D'AGOSTINO, JORGE MARCELO",false,ninguno,,,,corpus,no,citricola regional
HCDN174216,"EXPRESION DE RECHAZO POR LA FINANCIACION Y EJECUCION DE LA UNION EUROPEA, DE LA IMPLEMENTACION DE PROYECTOS SOBRE CAMBIO CLIMATICO Y AMBIENTAL EN LAS ISLAS MALVINAS Y DEL ATLANTICO SUR.",2015-04-14T00:00:00,2015,RESOLUCION,"RUBIN, CARLOS GUSTAVO",false,ninguno,,,,corpus,si,UE financia proyectos en Malvinas: birregional no comercial
HCDN174223,"EXPRESAR BENEPLACITO POR LOS AVANCES EN EL ESTUDIO DE LOS MECANISMOS DE LAS INTERACCIONES PLANTA - PATOGENO DEL ""INSTITUTO DE BIOLOGIA MOLECULAR Y CELULAR DE ROSARIO - IBR - CONICET - UNR -"" DE LA PROVINCIA DE SANTA FE, PARA SUPLIR PROBLEMAS FITOSANITARIOS DE LOS CITRICULTORES.",2015-04-14T00:00:00,2015,RESOLUCION,"BIANCHI, IVANA MARIA",false,ninguno,,,,corpus,no,investigacion
HCDN174333,"DECLARAR DE INTERES DE LA H. CAMARA EL PROYECTO DE INVESTIGACION DENOMINADO ""PRODUCCION DE ALGAS PARA EXTRACCION DE ACEITE Y OBTENCION DE BIOCOMBUSTIBLES"", DE LA FACULTAD DE INGENIERIA DE LA UNIVERSIDAD NACIONAL DE CUYO.",2015-04-16T00:00:00,2015,RESOLUCION,"ZIEBART, CRISTINA ISABEL",false,ninguno,,,,corpus,no,investigacion
HCDN174344,"EXPRESAR BENEPLACITO POR LAS INVESTIGACIONES DEL LABORATORIO DE INTERACCIONES DE PLANTAS - MICROORGANISMOS DEL ""INSTITUTO DE BIOLOGIA MOLECULAR Y CELULAR DE ROSARIO - IBR, CONICET - UNR -"", PROVINCIA DE SANTA FE, SOBRE LA CANCROSIS DE LOS CITRICOS.",2015-04-16T00:00:00,2015,RESOLUCION,"ZIEBART, CRISTINA ISABEL",false,ninguno,,,,corpus,no,investigacion
HCDN174394,PEDIDO DE INFORMES AL PODER EJECUTIVO SOBRE EL ESTADO DE ACTUALIZACION O ADECUACION AL COSTO DE VIDA DE LOS ARANCELES DE LOS SERVICIOS PERTENECIENTES AL SISTEMA DE PRESTACIONES BASICAS DE ATENCION INTEGRAL A FAVOR DE LAS PERSONAS CON DISCAPACIDAD (REPRODUCCION DEL EXPEDIENTE 6593-D-14).,2015-04-17T00:00:00,2015,RESOLUCION,"TROIANO, GABRIELA ALEJANDRA",false,ninguno,,,,corpus,no,aranceles discapacidad
HCDN174569,"INSTITUTO NACIONAL DE LA YERBA MATE - LEY 25564: ARTICULO 20, SOBRE CARACTER DE TITULO EJECUTIVO A LAS MULTAS IMPUESTAS POR DICHO INSTITUTO, A EFECTOS DE POSIBILITAR EL COBRO DE IMPORTES DEBIDOS Y EXENCION DEL PAGO DE ARANCELES: MODIFICACIONES.",2015-04-21T00:00:00,2015,LEY,"ZIEGLER, ALEX ROBERTO",false,ninguno,,,,corpus,no,yerba mate aranceles
HCDN174865,PEDIDO DE INFORMES AL PODER EJECUTIVO SOBRE DIVERSAS CUESTIONES RELACIONADAS CON EL REGIMEN DE REGULACION Y PROMOCION PARA LA PRODUCCION Y USO SUSTENTABLES DE BIOCOMBUSTIBLES CONTEMPLADO EN LA LEY 26093.,2015-04-28T00:00:00,2015,RESOLUCION,"ZABALZA, JUAN CARLOS",false,ninguno,,,,corpus,no,biocombustibles ley
HCDN175082,"CONSERVACION DE BOSQUES NATIVOS, LEY 26331: MODIFICACION DEL ARTICULO 5, SOBRE AGREGADO DEL ITEM: PRESERVACION DEL EQUILIBRIO ECOLOGICO.",2015-05-04T00:00:00,2015,LEY,"MARTINEZ, JULIO CESAR",true,D,eudr_trazabilidad_forestal,administrativa_neutra,relacionada,corpus,si,26331 art 5
HCDN175105,EXPRESAR PREOCUPACION LA PRODUCCION Y VENTA DEL COMBUSTIBLE BIODIESEL.,2015-05-04T00:00:00,2015,DECLARACION,"MARTINEZ, JULIO CESAR",false,ninguno,,,,corpus,si,produccion y venta biodiesel (sonda)
HCDN176339,"INCORPORAR AL ORDENAMIENTO JURIDICO NACIONAL, A LOS EFECTOS PREVISTOS EN EL ARTICULO 40 DEL PROTOCOLO DE OURO PRETO APROBADO POR LEY 24560, LAS DECISIONES DEL CONSEJO DEL MERCADO COMUN DEL MERCOSUR 53 DEL 16/12/10 Y 52 DEL 6/12/12 Y LA RESOLUCION DEL GRUPO MERCADO COMUN DEL MERCOSUR 33 DEL 8/10/14, REFERIDA A LA IMPLEMENTACION DE LA PATENTE MERCOSUR.",2015-05-04T00:00:00,2015,MENSAJE Y PROYECTO DE LEY,"FERNANDEZ DE KIRCHNER, CRISTINA",true,C,mercosur_institucional,administrativa_neutra,relacionada,corpus,no,Decisiones CMC patente Mercosur
HCDN175112,"EXPRESAR PREOCUPACION POR LA SITUACION QUE ATRAVIESAN LAS ENTIDADES MUTUALISTAS DE COLECTIVIDADES, AL ENCONTRARSE OBLIGADAS A CUMPLIR CON NORMATIVAS Y ARANCELES EXCESIVOS PARA LOS SERVICIOS QUE PRESTAN EN LA ACTUALIDAD.",2015-05-07T00:00:00,2015,DECLARACION,"LINARES, MARIA VIRGINIA",false,ninguno,,,,corpus,no,mutuales aranceles
HCDN175251,"PRORROGASE POR 90 DIAS EL PAGO DE DERECHOS DE EXPORTACION DE MANZANAS, PERAS Y JUGO DE MANZANA CON DESTINO A LA UNION EUROPEA Y LA FEDERACION DE RUSIA.",2015-05-13T00:00:00,2015,LEY,"CEJAS, JORGE ALBERTO",true,B,comercio_ue_sectorial,pro_liberalizacion,relacionada,corpus,no,retenciones a peras y manzanas con destino UE
HCDN175265,"DECLARAR DE INTERES DE LA H. CAMARA LAS ""4° JORNADAS DE PROBLEMATICAS DE GENERO DEL MERCOSUR"", A REALIZARSE LOS DIAS 23 Y 24 DE JULIO DE 2015 EN LA CIUDAD AUTONOMA DE BUENOS AIRES.",2015-05-14T00:00:00,2015,RESOLUCION,"MAZURE, LILIANA AMALIA",false,ninguno,,,,corpus,no,jornadas
HCDN175843,"PEDIDO DE INFORMES AL PODER EJECUTIVO SOBRE LAS MEDIDAS ADOPTADAS EN ATENCION A LAS OBSERVACIONES FORMULADAS POR LA AUDITORIA GENERAL DE LA NACION (RESOLUCION AGN 118/14); APROBACION DEL INFORME DE AUDITORIA REFERIDO A LOS ESTADOS FINANCIEROS DEL EJERCICIO FINALIZADO EL 31/12/13, CORRESPONDIENTE AL ""PROYECTO DE MANEJO SOSTENIBLE DE LOS RECURSOS NATURALES"", REALIZADO POR LA UNIDAD EJECUTORA DEL PROYECTO BOSQUES NATIVOS Y AREAS PROTEGIDAS (UEP), CONTRATO DE PRESTAMO 7520 - AR BIRF - PARTE 3 AREAS PROTEGIDAS Y CORREDORES DE CONSERVACION.",2015-05-14T00:00:00,2015,RESOLUCION,PARLAMENTARIA MIXTA REVISORA DE CUENTAS,false,ninguno,,,,corpus,no,auditoria bosques
HCDN175574,PEDIDO DE INFORMES AL PODER EJECUTIVO SOBRE DIVERSAS CUESTIONES RELACIONADAS CON EL CUMPLIMIENTO DE LA LEY 26331 DE PROTECCION AMBIENTAL DE LOS BOSQUES NATIVOS.,2015-05-21T00:00:00,2015,RESOLUCION,"LINARES, MARIA VIRGINIA",true,D,eudr_trazabilidad_forestal,administrativa_neutra,relacionada,corpus,si,26331
HCDN175774,"REGULACION Y PROMOCION PARA LA PRODUCCION Y USO SUSTENTABLE DE BIOCOMBUSTIBLES - LEY 26093 -. MODIFICACION DEL ARTICULO 7, SOBRE MEZCLA DEL GASOIL O DIESEL OIL EN UN DIEZ POR CIENTO COMO MINIMO DE BIODIESEL.",2015-05-28T00:00:00,2015,LEY,"BINNER, HERMES JUAN",false,ninguno,,,,corpus,no,mezcla biodiesel
HCDN175789,"EXPRESAR BENEPLACITO POR LAS DECLARACIONES DE LA SEÑORA PRESIDENTA DE LA REPUBLICA FEDERATIVA DEL BRASIL, DILMA ROUSSEFF, QUIEN MANIFESTO QUE LA ""ALIANZA DEL PACIFICO Y EL MERCOSUR DEBEN SER COMPLEMENTARIOS"".",2015-05-28T00:00:00,2015,RESOLUCION,"ASSEFF, ALBERTO",true,C,mercosur_institucional,pro_liberalizacion,relacionada,corpus,no,complementariedad Alianza del Pacifico-Mercosur
HCDN175989,"SOLICITAR AL PODER EJECUTIVO QUE INSTE A LA CUMBRE DE LA COMUNIDAD DE ESTADOS LATINOAMERICANOS Y CARIBEÑOS -CELAC- Y LA UNION EUROPEA -UE-, A INCORPORAR COMO TEMA DE AGENDA LA CORRUPCION EN LA FIFA Y EN EL MUNDO FUTBOLISTICO.",2015-06-04T00:00:00,2015,RESOLUCION,"SCHMIDT LIERMANN, CORNELIA",false,ninguno,,,,corpus,no,CELAC-UE agenda FIFA
HCDN176065,"NIVEL DE REINTEGRO A LA EXPORTACION ASIGNADO A LOS PRODUCTOS COMPRENDIDOS EN LAS POSICIONES ARANCELARIAS DE LA NOMENCLATURA COMUN DEL MERCOSUR (N.C.M.), REFERIDAS AL ACEITE DE OLIVA ENVASADO Y A GRANEL.",2015-06-05T00:00:00,2015,LEY,"JUAREZ, MYRIAN DEL VALLE",false,ninguno,,,,corpus,no,NCM
HCDN176073,"PEDIDO DE INFORMES AL PODER EJECUTIVO SOBRE LA QUEJA FORMULADA POR EL GOBIERNO DE LA REPUBLICA BOLIVARIANA DE VENEZUELA A RAIZ DE LOS ELEVADOS GASTOS INCURRIDOS POR LA DIPLOMATICA ARGENTINA MARIANA VAZQUEZ, EN SU ROL DE COORDINADORA DE LA UNIDAD DE PARTICIPACION SOCIAL DEL MERCOSUR - UPS -, Y OTRAS CUESTIONES CONEXAS.",2015-06-05T00:00:00,2015,RESOLUCION,"ASSEFF, ALBERTO",true,C,mercosur_institucional,administrativa_neutra,relacionada,corpus,si,UPS del Mercosur gastos
HCDN176468,"PEDIDO DE INFORMES AL PODER EJECUTIVO SOBRE, LAS TAREAS Y FUNCIONAMIENTO DE LA COMISION NACIONAL ASESORA PARA LA PROMOCION DE LA PRODUCCION Y USO SUSTENTABLES DE LOS BIOCOMBUSTIBLES, Y OTRAS CUESTIONES CONEXAS.",2015-06-12T00:00:00,2015,RESOLUCION,"MARTINEZ, SOLEDAD",false,ninguno,,,,corpus,no,biocombustibles comision
HCDN176602,"SOLICITAR AL PODER EJECUTIVO DISPONGA LAS MEDIDAS NECESARIAS PARA PROMOVER Y PROTEGER EL DESARROLLO DE LA PRODUCCION DE CARNE VACUNA EN LA ZONA COMPRENDIDA DENTRO DE LA ""ZONA LIBRE DE AFTOSA SIN VACUNACION"" - PATAGONIA-.",2015-06-17T00:00:00,2015,DECLARACION,"AVOSCAN, HERMAN HORACIO",false,ninguno,,,,corpus,si,carne zona libre aftosa (sonda)
HCDN176898,"PRODUCCION, COMERCIALIZACION Y USO DE PRODUCTOS FITOSANITARIOS Y FERTILIZANTES: REGIMEN.",2015-06-23T00:00:00,2015,LEY,"BARCHETTA, OMAR SEGUNDO",false,ninguno,,,,corpus,no,fitosanitarios
HCDN176933,"EXPRESAR PREOCUPACION ANTE LOS DICHOS DEL TITULAR DE LA ""FEDERACION ARGENTINA SINDICAL DEL PETROLEO, GAS Y BIOCOMBUSTIBLES"", ALBERTO ROBERTI, POR PROBLEMAS EN EL SUMINISTRO DE GAS EN DIVERSAS PROVINCIAS DEL PAIS, COMO CONSECUENCIA DE UNA HUELGA QUE MANTIENEN EN RECLAMO DE AUMENTO SALARIAL.",2015-06-25T00:00:00,2015,RESOLUCION,"BIANCHI, IVANA MARIA",false,ninguno,,,,corpus,no,huelga sindical
HCDN177088,EXPRESAR PREOCUPACION POR LA CAIDA EN LA PRODUCCION DE ACERO RESPECTO DEL MISMO MES EN EL AÑO 2014.,2015-06-26T00:00:00,2015,RESOLUCION,"BIANCHI, IVANA MARIA",false,ninguno,,,,corpus,no,produccion acero domestica
HCDN177089,"PEDIDO DE INFORMES AL PODER EJECUTIVO SOBRE LA CAIDA DE LA PRODUCCION DE ACERO EN EL MES DE MAYO DE 2015, Y OTRAS CUESTIONES CONEXAS.",2015-06-26T00:00:00,2015,RESOLUCION,"BIANCHI, IVANA MARIA",false,ninguno,,,,corpus,no,produccion acero
HCDN177159,"PEDIDO DE INFORMES AL PODER EJECUTIVO SOBRE LA APERTURA DEL MERCADO DE LOS ESTADOS UNIDOS DE AMERICA PARA LA CARNE FRESCA DE ORIGEN ARGENTINO, Y OTRAS CUESTIONES CONEXAS.",2015-07-01T00:00:00,2015,RESOLUCION,"BIANCHI, IVANA MARIA",false,ninguno,,,,corpus,no,mercado EEUU carne
HCDN177164,"EXPRESAR BENEPLACITO POR LA DECISION DE LAS AUTORIDADES SANITARIAS DE LOS ESTADOS UNIDOS DE AMERICA, DE PERMITIR, LUEGO DE 14 AÑOS, EL INGRESO DE CARNE BOVINA FRESCA DE PROCEDENCIA ARGENTINA.",2015-07-01T00:00:00,2015,RESOLUCION,"BIANCHI, IVANA MARIA",false,ninguno,,,,corpus,no,mercado EEUU carne
HCDN177223,"REGULACION Y PROMOCION PARA LA PRODUCCION Y USO SUSTENTABLE DE BIOCOMBUSTIBLES - LEY 26093 . MODIFICACION DEL ARTICULO 8°, SOBRE MEZCLA DEL COMBUSTIBLE LIQUIDO, EN UN DIEZ POR CIENTO COMO MINIMO DE BIOETANOL.",2015-07-03T00:00:00,2015,LEY,"CASAÑAS, JUAN FRANCISCO",false,ninguno,,,,corpus,no,mezcla bioetanol
HCDN177395,"IMPUESTO A LOS COMBUSTIBLES LIQUIDOS Y GASEOSOS - LEY 23966 -. MODIFICACION DEL ARTICULO 4, SOBRE REDUCCION DE LA ALICUOTA DEL COMPONENTE NAFTA Y GASOIL EN UN 10% EN LOS BIOCOMBUSTIBLES Y EN LOS BIODIESEL.",2015-07-07T00:00:00,2015,LEY,"CASAÑAS, JUAN FRANCISCO",false,ninguno,,,,corpus,no,impuesto combustibles
HCDN177579,"PEDIDO DE INFORMES AL PODER EJECUTIVO SOBRE DIVERSAS CUESTIONES VINCULADAS A RESTRICCIONES A LA IMPORTACION DE PRODUCTOS TRANSGENICOS ARGENTINOS DERIVADOS DE LA SOJA Y EL MAIZ, POR PARTE DE LA UNION EUROPEA.",2015-07-08T00:00:00,2015,RESOLUCION,"BIANCHI, IVANA MARIA",true,B,comercio_ue_sectorial,proteccionista_defensiva,relacionada,corpus,no,restricciones UE a transgenicos argentinos
HCDN177584,"PEDIDO DE INFORMES AL PODER EJECUTIVO SOBRE DIVERSOS ASPECTOS RELACIONADOS CON EL CORRIMIENTO DE LA BARRERA FITOSANITARIA SEGUN LO NORMADO POR LA RESOLUCION DEL MINISTERIO DE AGRICULTURA, GANADERIA Y PESCA LA NACION, N° 141/2013.",2015-07-08T00:00:00,2015,RESOLUCION,"MAC ALLISTER, CARLOS JAVIER",false,ninguno,,,,corpus,si,barrera fitosanitaria interna (sonda)
HCDN177704,"ELABORACION, REGISTRO, COMERCIALIZACION Y CONTROL DE PRODUCTOS FITOSANITARIOS. REGIMEN.",2015-07-15T00:00:00,2015,LEY,"BASTERRA, LUIS EUGENIO",false,ninguno,,,,corpus,no,fitosanitarios
HCDN177771,"DECLARAR DE INTERES DE LA H. CAMARA EL ""CONGRESO NACIONAL DE VIVEROS CITRICOS, FORESTALES Y ORNAMENTALES"", A REALIZARSE DEL 4 AL 6 DE AGOSTO DE 2015 EN LA CIUDAD DE POSADAS, PROVINCIA DE MISIONES.",2015-07-16T00:00:00,2015,RESOLUCION,"BASTERRA, LUIS EUGENIO",false,ninguno,,,,corpus,no,congreso
HCDN177999,"EXPRESAR BENEPLACITO POR LA INCORPORACION DEL ESTADO PLURINACIONAL DE BOLIVIA AL ""MERCADO COMUN DEL SUR - MERCOSUR -"".",2015-07-21T00:00:00,2015,RESOLUCION,"ASSEFF, ALBERTO",true,C,mercosur_institucional,administrativa_neutra,relacionada,corpus,no,incorporacion Bolivia
HCDN178222,"SOLICITAR AL PODER EJECUTIVO DISPONGA LAS MEDIDAS NECESARIAS PARA INSTAR A LOS REPRESENTANTES ARGENTINOS ANTE EL PARLAMENTO DEL MERCOSUR - PARLASUR -, A LA ELIMINACION DEL TRABAJO INFANTIL DOMESTICO EN TODOS LOS ESTADOS MIEMBROS DEL BLOQUE Y EN PARTICULAR EN LA REPUBLICA DEL PARAGUAY.",2015-07-28T00:00:00,2015,RESOLUCION,"ASSEFF, ALBERTO",true,C,mercosur_institucional,administrativa_neutra,relacionada,corpus,si,Parlasur trabajo infantil
HCDN178339,PARLAMENTO DEL MERCOSUR. SE ESTABLECE COMO MEDIDA DE EXCEPCION QUE EL REGIMEN REMUNERATORIO Y LABORAL DE LOS PARLAMENTARIOS QUEDARA SUSPENDIDO HASTA TANTO SE IMPLEMENTE DEFINITIVAMENTE.,2015-07-31T00:00:00,2015,LEY,"PRADINES, ROBERTO ARTURO",true,C,mercosur_institucional,administrativa_neutra,relacionada,corpus,no,regimen Parlasur
HCDN178352,"EXPRESAR BENEPLACITO POR RESOLUCION FAVORABLE A LOS INTERESES NACIONALES QUE DISPUSO LA ""ORGANIZACION MUNDIAL DE COMERCIO - OMC -"", EN LA DISPUTA QUE LA REPUBLICA ARGENTINA MANTENIA CON LOS ESTADOS UNIDOS DE AMERICA, QUE VEDABA LA IMPORTACION A DICHO PAIS DE CARNE VACUNA DESDE EL AÑO 2001.",2015-07-31T00:00:00,2015,RESOLUCION,"ASSEFF, ALBERTO",false,ninguno,,,,corpus,no,OMC vs EEUU carne
HCDN178942,"PEDIDO DE INFORMES AL PODER EJECUTIVO SOBRE DIVERSAS CUESTIONES RELACIONADAS CON LA APARICION DE LA DENOMINADA ""ALIANZA CRIMINAL DEL MERCOSUR"".",2015-08-18T00:00:00,2015,RESOLUCION,"EHCOSOR, MARIA AZUCENA",false,ninguno,,,,corpus,si,alianza criminal con nombre Mercosur
HCDN179062,"EXPRESAR PREOCUPACION POR EL INTENTO DE ALGUNOS SECTORES RELACIONADOS CON LA CARNE EN ESTADOS UNIDOS DE AMERICA, DE BLOQUEAR LAS IMPORTACIONES DE NUESTRO PAIS.",2015-08-20T00:00:00,2015,DECLARACION,"MARTINEZ, JULIO CESAR",false,ninguno,,,,corpus,no,EEUU carne
HCDN179063,"EXPRESAR BENEPLACITO POR EL FALLO DE LA ""ORGANIZACION MUNDIAL DE COMERCIO - OMC -"", A FAVOR DE LA ARGENTINA COMO CONSECUENCIA DE LA PROHIBICION DE IMPORTAR CORTES VACUNOS A LOS ESTADOS UNIDOS DE AMERICA.",2015-08-20T00:00:00,2015,DECLARACION,"MARTINEZ, JULIO CESAR",false,ninguno,,,,corpus,no,OMC vs EEUU
HCDN179182,"SOLICITAR AL PODER EJECUTIVO, QUE EL PARLAMENTO DEL MERCOSUR PROPONGA A LOS PAISES MIEMBROS LA ARMONIZACION DE PARAMETROS EN LO RELATIVO A SISTEMAS DE SEGURIDAD SOCIAL, CON EL OBJETO DE MARCHAR HACIA UN SISTEMA UNIFICADO.",2015-08-21T00:00:00,2015,DECLARACION,"SANTIN, EDUARDO",true,C,mercosur_institucional,administrativa_neutra,relacionada,corpus,si,armonizacion seguridad social via Parlasur
HCDN179439,CUOTAS Y ARANCELES DE UNIVERSIDADES PRIVADAS. REGIMEN REGULATORIO.,2015-08-27T00:00:00,2015,LEY,"FERNANDEZ SAGASTI, ANABEL",false,ninguno,,,,corpus,no,aranceles universitarios
HCDN179572,"EXPRESAR BENEPLACITO POR EL RECIENTE FALLO FAVORABLE DE LA ""ORGANIZACION MUNDIAL DE COMERCIO - OMC -"", CON RESPECTO AL INGRESO DE CARNES ARGENTINAS AL MERCADO DE LOS ESTADOS UNIDOS DE AMERICA.",2015-09-01T00:00:00,2015,RESOLUCION,"BIANCHI, IVANA MARIA",false,ninguno,,,,corpus,no,OMC vs EEUU
HCDN179607,PEDIDO DE INFORMES AL PODER EJECUTIVO SOBRE DIVERSAS CUESTIONES RELACIONADAS CON EL ESTADO ACTUAL DE LAS NEGOCIACIONES QUE SE LLEVAN A CABO ENTRE EL MERCOSUR Y LA UNION EUROPEA.,2015-09-02T00:00:00,2015,RESOLUCION,"PEREZ, ADRIAN",true,A,acuerdo_ue_mercosur,administrativa_neutra,explicita,corpus,no,negociaciones Mercosur-UE
HCDN179703,"EXPRESAR PREOCUPACION POR LOS RESULTADOS DEL RECIENTE INFORME DE LA FAO - ORGANIZACION DE LAS NACIONES UNIDAS PARA LA AGRICULTURA Y LA ALIMENTACION -, SEGUN EL CUAL ARGENTINA SE ENCUENTRA ENTRE LOS 10 PAISES DEL MUNDO CON MAYOR DEFORESTACION.",2015-09-07T00:00:00,2015,RESOLUCION,"BIANCHI, IVANA MARIA",true,D,eudr_trazabilidad_forestal,administrativa_neutra,relacionada,corpus,no,deforestacion FAO
HCDN179900,"DECLARAR DE INTERES DE LA H. CAMARA LA ""21 FIESTA NACIONAL DE LA MIEL, EXPO APICOLA DEL MERCOSUR"", A REALIZARSE DEL 18 AL 20 DE MARZO DE 2016 EN LA CIUDAD DE VILLA GOBERNADOR MACIA, PROVINCIA DE ENTRE RIOS.",2015-09-15T00:00:00,2015,RESOLUCION,"ASSEFF, ALBERTO",false,ninguno,,,,corpus,no,expo
HCDN179965,SISTEMA DE TRAZABILIDAD DE LA FRUTA DE PEPITA Y CAROZO. CREACION.,2015-09-17T00:00:00,2015,LEY,"SORIA, MARIA EMILIA",true,D,eudr_trazabilidad_forestal,administrativa_neutra,relacionada,corpus,si,trazabilidad fruta (regla 2)
HCDN180181,"SOLICITAR AL PODER EJECUTIVO DISPONGA LAS MEDIDAS NECESARIAS PARA LEVANTAR TOTALMENTE LAS RESTRICCIONES , QUE A LA FECHA IMPIDEN EL INGRESO DE CARNE CON HUESO Y CARNES FRESCAS DE BOVINOS Y PORCINOS, AL SUR DEL RIO COLORADO, PROVENIENTE DE LA PROVINCIA DE LA PAMPA.",2015-09-24T00:00:00,2015,RESOLUCION,"FERNANDEZ MENDIA, GUSTAVO RODOLFO",false,ninguno,,,,corpus,si,barrera interna Rio Colorado (sonda)
HCDN180256,"PEDIDO DE INFORMES AL PODER EJECUTIVO SOBRE DIVERSAS CUESTIONES RELACIONADAS CON LA PERDIDA DEL MERCADO EUROPEO DE ACEITE DE GIRASOL, COMO CONSECUENCIA DE LAS RESTRICCIONES FITOSANITARIAS IMPUESTAS POR EL GOBIERNO NACIONAL.",2015-09-28T00:00:00,2015,RESOLUCION,"ASSEFF, ALBERTO",true,B,comercio_ue_sectorial,pro_liberalizacion,relacionada,corpus,no,perdida del mercado europeo de aceite de girasol
HCDN180326,"SOLICITAR AL PODER EJECUTIVO DISPONGA PROMOVER UNA ""MISION DE OBSERVACION ELECTORAL DEL MERCOSUR"" PARA QUE SEA VEEDOR EN LAS ELECCIONES LEGISLATIVAS DEL DIA 6 DE DICIEMBRE DE 2015, EN LA REPUBLICA BOLIVARIANA DE VENEZUELA.",2015-09-30T00:00:00,2015,RESOLUCION,"SCHMIDT LIERMANN, CORNELIA",true,C,mercosur_institucional,administrativa_neutra,relacionada,corpus,si,mision de observacion electoral del bloque
HCDN180492,"EXPRESAR BENEPLACITO POR EL TRABAJO DE INVESTIGACION ""PROSPECCION, AISLAMIENTO Y CARACTERIZACION DE BACTERIAS CELULOLITICAS DE SUELO DE BOSQUE NATIVO DE MISIONES, ARGENTINA"", REALIZADO POR EL LICENCIADO EN CIENCIAS BIOLOGICAS GONZALO JULIAN SABARIS DI LORENZO.",2015-10-05T00:00:00,2015,DECLARACION,"ZIEGLER, ALEX ROBERTO",false,ninguno,,,,corpus,no,investigacion
HCDN180612,"PEDIDO DE INFORMES AL PODER EJECUTIVO SOBRE EL MERCADO CITRICOLA NACIONAL Y LOS GRAVES PROBLEMAS DEL SECTOR PARA COSECHAR Y EXPORTAR SU PRODUCCION, Y OTRAS CUESTIONES CONEXAS.",2015-10-07T00:00:00,2015,RESOLUCION,"ASSEFF, ALBERTO",false,ninguno,,,,corpus,si,exportacion citricola sin contraparte (sonda)
HCDN180631,"EXPRESAR BENEPLACITO PORQUE LA PROVINCIA DEL CHACO SERA SEDE DEL ""XIII CONGRESO NACIONAL DE PRODUCCION PORCINA"", ""XIX JORNADAS DE ACTUALIZACION PORCINA"" Y ""VII CONGRESO DE PRODUCCION PORCINA DEL MERCOSUR"", A REALIZARSE DEL 9 AL 12 DE AGOSTO DE 2016, EN EL CENTRO DE CONVENCIONES GALA DE LA CIUDAD DE RESISTENCIA.",2015-10-07T00:00:00,2015,DECLARACION,"MARTINEZ CAMPOS, GUSTAVO JOSE",false,ninguno,,,,corpus,no,congreso
HCDN180951,"PEDIDO DE INFORMES AL PODER EJECUTIVO SOBRE DIVERSAS CUESTIONES RELACIONADAS CON LA APLICACION DE LA LEY 26331, DE PROTECCION AMBIENTAL DE LOS BOSQUES NATIVOS.",2015-10-21T00:00:00,2015,RESOLUCION,"ALFONSIN, RICARDO LUIS",true,D,eudr_trazabilidad_forestal,administrativa_neutra,relacionada,corpus,si,26331
HCDN181106,BIODIESEL. SE FIJAN LOS DERECHOS DE EXPORTACION EN 0%.,2015-11-04T00:00:00,2015,LEY,"TORROBA, FRANCISCO JAVIER",false,ninguno,,,,corpus,si,retenciones biodiesel 0% (sonda)
HCDN181293,"ELECCION DE PARLAMENTARIOS DEL MERCOSUR - LEY 27120 . DEROGACION DEL ARTICULO 16, SOBRE INMUNIDADES PARLAMENTARIAS, LABORALES, PREVISIONALES Y PROTOCOLARES.",2015-11-13T00:00:00,2015,LEY,"DURAND CORNEJO, GUILLERMO MARIO",true,C,mercosur_institucional,administrativa_neutra,relacionada,corpus,no,Parlasur inmunidades
HCDN182140,"PEDIDO DE INFORMES AL PODER EJECUTIVO SOBRE RESOLUCION REMITIDA POR LA AUDITORIA GENERAL DE LA NACION 87/14, APROBANDO EL INFORME SOBRE LOS ESTADOS FINANCIEROS DEL PROYECTO DE MANEJO SUSTENTABLE DE LOS RECURSOS NATURALES PARTE I, BOSQUES NATIVOS Y SU BIODIVERSIDAD, CONVENIO DE PRESTAMO 7520-AR BIRF (EJERCICIO NUMERO 5, AL 31 DE DICIEMBRE DE 2013).",2015-12-03T00:00:00,2015,RESOLUCION,PARLAMENTARIA MIXTA REVISORA DE CUENTAS,false,ninguno,,,,corpus,no,auditoria bosques
HCDN182480,"COMUNICACION DEL DECRETO 276 DEL 29 DE DICIEMBRE DE 2015 DICTADO EN USO DE LAS FACULTADES DELEGADAS POR EL CUAL SE PRORROGA HASTA EL 30 DE ABRIL DE 2016 LA VIGENCIA DEL TRATAMIENTO DISPUESTO POR EL ARTICULO 4 DE LA LEY 23966, PARA EL BIODIESEL COMBUSTIBLE Y BIODIESEL PURO.",2016-02-02T00:00:00,2016,MENSAJE,"PEÑA, MARCOS",false,ninguno,,,,corpus,si,prorroga tratamiento fiscal biodiesel (sonda)
HCDN182619,"SOLICITAR AL PODER EJECUTIVO DISPONGA REALIZAR LOS ACTOS DE EJECUCION PRESUPUESTARIA Y ADMINISTRATIVOS, PARA PONER EN FUNCIONES A LOS PARLAMENTARIOS ARGENTINOS DEL MERCOSUR, CON EL FIN DE CUMPLIR CON EL MANDATO POPULAR.",2016-02-16T00:00:00,2016,RESOLUCION,"CARMONA, GUILLERMO RAMON",true,C,mercosur_institucional,administrativa_neutra,relacionada,corpus,no,parlamentarios Mercosur
HCDN182630,"EXPRESAR PREOCUPACION POR EL GRAVE INCUMPLIMIENTO EN DOTAR A LOS PARLAMENTARIOS ARGENTINOS DEL MERCOSUR, DE LOS RECURSOS FISICOS Y ECONOMICOS NECESARIOS PARA CUMPLIR CON EL MANDATO POPULAR.",2016-02-16T00:00:00,2016,DECLARACION,"CARMONA, GUILLERMO RAMON",true,C,mercosur_institucional,administrativa_neutra,relacionada,corpus,no,parlamentarios Mercosur
HCDN182684,"BOSQUES NATIVOS (LEY 26331): MODIFICACION DEL ARTICULO 2, SOBRE AMPLIACION DE LA SUPERFICIE PROPIEDAD DE LAS COMUNIDADES INDIGENAS Y DE PEQUEÑOS PRODUCTORES A TREINTA HECTAREAS (REPRODUCCION DEL EXPEDIENTE 6391-D-14).",2016-03-01T00:00:00,2016,LEY,"BIANCHI, IVANA MARIA",true,D,eudr_trazabilidad_forestal,administrativa_neutra,relacionada,corpus,si,26331 art 2
HCDN182784,"SOLICITAR AL PODER EJECUTIVO DISPONGA LAS ACCIONES DESTINADAS A MITIGAR EL RIESGO PARA HUANGLONGBING (HLB) Y EL VECTOR DIAPHORINA CITRI, A FIN DE GARANTIZAR LA SEGURIDAD FITOSANITARIA DE LA PRODUCCION CITRICOLA DEL NOROESTE ARGENTINO (NOA).",2016-03-01T00:00:00,2016,DECLARACION,"TOMASSI, NESTOR NICOLAS",false,ninguno,,,,corpus,no,HLB
HCDN183351,"DERECHO DE EXPORTACION PARA LAS CARNES TERMOPROCESADAS: DISMINUCION DE LA ALICUOTA, MODIFICACION DEL DECRETO 526/12 (REPRODUCCION DEL EXPEDIENTE 2007-D-14).",2016-03-15T00:00:00,2016,LEY,"CASAÑAS, JUAN FRANCISCO",false,ninguno,,,,corpus,no,retenciones carnes
HCDN183367,"ELIMINACION DE LOS DERECHOS DE EXPORTACION PARA DETERMINADOS PRODUCTOS Y REDUCCION PARA LA SOJA Y SUBPRODUCTOS Y PRODUCTOS DE CARNE VACUNA; SUSTITUCION DEL ARTICULO 754 DEL CODIGO ADUANERO, LEY 22415 Y MODIFICATORIAS; DEROGACION DE LOS ARTICULOS, 749, 755 Y 756 DEL CODIGO ADUANERO, LEY 22415, COMO ASIMISMO LAS DEMAS NORMAS COMPLEMENTARIAS Y DECRETOS O RESOLUCIONES DEL PODER EJECUTIVO NACIONAL DICTADAS EN VIRTUD DE LAS MISMAS (REPRODUCCION DEL EXPEDIENTE 1985-D-14).",2016-03-15T00:00:00,2016,LEY,"CASAÑAS, JUAN FRANCISCO",false,ninguno,,,,corpus,no,retenciones
HCDN183381,PROGRAMA NACIONAL PARA LA GESTION DE ENVASES DE PRODUCTO FITOSANITARIOS: CREACION (REPRODUCCION DEL EXPEDIENTE 1980-D-14).,2016-03-15T00:00:00,2016,LEY,"CASAÑAS, JUAN FRANCISCO",false,ninguno,,,,corpus,no,fitosanitarios
HCDN183383,PRESUPUESTOS MINIMOS PARA LA APLICACION DE PRODUCTOS FITOSANITARIOS. CREACION (REPRODUCCION DEL EXPEDIENTE 1975-D-14).,2016-03-15T00:00:00,2016,LEY,"CASAÑAS, JUAN FRANCISCO",false,ninguno,,,,corpus,no,fitosanitarios
HCDN183600,"HONORARIOS PROFESIONALES DE ABOGADOS Y PROCURADORES - LEY 24432: MODIFICACION DEL ARTICULO 12° INCISOS E), J), K), L) Y Q), SOBRE INCORPORACION DEL ""JUS"" COMO UNIDAD ARANCELARIA DE HONORARIOS PROFESIONALES DEL ABOGADO, ACTUALIZACION DE MINIMOS E INTERESES DE HONORARIOS (REPRODUCCION DEL EXPEDIENTE 5857-D-14).",2016-03-22T00:00:00,2016,LEY,"MESTRE, DIEGO MATIAS",false,ninguno,,,,corpus,no,honorarios
HCDN183834,"SOLICITAR AL PODER EJECUTIVO DISPONGA LAS MEDIDAS NECESARIAS PARA AUTORIZAR EL TRANSITO DE CARNE BOVINA CON HUESO PLANO HACIA EL SUR DEL RIO COLORADO O ""ZONA LIBRE DE AFTOSA SIN VACUNACION"".",2016-03-31T00:00:00,2016,DECLARACION,"MAQUIEYRA, MARTIN",false,ninguno,,,,corpus,si,transito carne con hueso (sonda)
HCDN183851,"SOLICITAR AL PODER EJECUTIVO DISPONGA LAS MEDIDAS NECESARIAS PARA PROTEGER LA PRODUCCION Y COMERCIALIZACION DE PRODUCTOS NACIONES SENSIBLES A NUESTRA ECONOMIA COMO SON LAS CARNES DE POLLO, DE CERDO, LACTEOS, Y CITRICOS.",2016-03-31T00:00:00,2016,RESOLUCION,"CREMER DE BUSTI, MARIA CRISTINA",false,ninguno,,,,corpus,si,proteccion sectores sensibles sin contraparte UE
HCDN184032,"SOLICITAR AL PODER EJECUTIVO DISPONGA GESTIONAR LA INCORPORACION DE LA REPUBLICA ARGENTINA A LA ""ALIANZA GLOBAL CONTRA EL ABUSO SEXUAL DE NIÑOS EN INTERNET"", CELEBRADA EL AÑO 2012 POR LA UNION EUROPEA Y LOS ESTADOS UNIDOS DE AMERICA, EN BRUSELAS - BELGICA.",2016-04-04T00:00:00,2016,DECLARACION,"BIANCHI, IVANA MARIA",false,ninguno,,,,corpus,no,alianza UE-EEUU no comercial
HCDN184192,REGIMEN PENAL DE PROTECCION AL BOSQUE NATIVO.,2016-04-05T00:00:00,2016,LEY,"SORIA, MARIA EMILIA",true,D,eudr_trazabilidad_forestal,administrativa_neutra,relacionada,corpus,si,regimen penal bosque nativo
HCDN185957,"ADHERIR AL PROTOCOLO DE CONTROL Y PREVENCION DEL VIRUS DEL DENGUE Y DEL VECTOR AEDES AEGYPTI Y EL PROTOCOLO DE VIGILANCIA EPIDEMIOLOGICA DEL MERCOSUR DE LA ENFERMEDAD POR VIRUS ZIKA, SUSCRIPTO EL 14 DE MARZO DE 2016, EN LA CIUDAD DE MONTEVIDEO, REPUBLICA ORIENTAL DEL URUGUAY.",2016-04-11T00:00:00,2016,LEY,"GIMENEZ, SANDRA DANIELA",true,C,mercosur_institucional,administrativa_neutra,relacionada,corpus,si,protocolos sanitarios del bloque
HCDN184433,"BIOCOMBUSTIBLES - LEY 26334; INCORPORACION DEL ARTICULO 1 BIS, SOBRE MEZCLA DE COMBUSTIBLES CON UN 15% DE BIOETANOL.",2016-04-13T00:00:00,2016,LEY,"SNOPEK, GUILLERMO EUGENIO MARIO",false,ninguno,,,,corpus,no,mezcla bioetanol
HCDN184727,"PEDIDO DE INFORMES AL PODER EJECUTIVO SOBRE DIVERSAS CUESTIONES RELACIONADAS CON LA PREVENCION Y CONTROL DE LA ENFERMEDAD ""HLB - HUANGLONGBING O GREENING DE LOS CITRICOS -"".",2016-04-20T00:00:00,2016,RESOLUCION,"CASAÑAS, JUAN FRANCISCO",false,ninguno,,,,corpus,no,HLB
HCDN185563,"COMUNICACION DEL DECRETO 630 DEL 29 DE ABRIL DE 2016 DICTADO EN USO DE LAS FACULTADES DELEGADAS POR EL CUAL SE PRORROGA HASTA EL 30 DE ABRIL DE 2016 LA VIGENCIA DEL TRATAMIENTO DISPUESTO POR EL ARTICULO 4 DE LA LEY 23966, PARA EL BIODIESEL COMBUSTIBLE Y BIODIESEL PURO.",2016-05-04T00:00:00,2016,MENSAJE,"MACRI, MAURICIO",false,ninguno,,,,corpus,si,prorroga fiscal biodiesel (sonda)
HCDN185787,PEDIDO DE INFORMES AL PODER EJECUTIVO SOBRE LOS AVANCES PRODUCIDOS EN LAS NEGOCIACIONES COMERCIALES ENTRE EL MERCOSUR Y LA UNION EUROPEA.,2016-05-11T00:00:00,2016,RESOLUCION,"CARMONA, GUILLERMO RAMON",true,A,acuerdo_ue_mercosur,administrativa_neutra,explicita,corpus,no,negociaciones Mercosur-UE
HCDN185839,"PEDIDO DE INFORMES AL PODER EJECUTIVO SOBRE LOS CORTES DE CARNE BOVINA CON HUESO PLANO Y SU POSIBLE TRANSMISION DE LA ""AFTOSA"".",2016-05-12T00:00:00,2016,RESOLUCION,"MAQUIEYRA, MARTIN",false,ninguno,,,,corpus,no,aftosa
HCDN185973,"ELECCION DE PARLAMENTARIOS DEL MERCOSUR - LEY 27120 -. MODIFICACION DEL ARTICULO 16, SOBRE INMUNIDADES PARLAMENTARIAS Y DICTADO DE UNA LEY ESPECIAL PARA ESTABLECER LA SITUACION LABORAL, REMUNERATORIA, PREVISIONAL Y PROTOCOLAR.",2016-05-17T00:00:00,2016,LEY,"CARRIO, ELISA MARIA AVELINA",true,C,mercosur_institucional,administrativa_neutra,relacionada,corpus,no,Parlasur inmunidades
HCDN186249,SOLICITAR AL PODER EJECUTIVO DISPONGA LAS MEDIDAS NECESARIAS PARA PROTEGER AL SECTOR CITRICOLA ANTE LA CRECIENTE IMPORTACION REGISTRADA EN LOS ULTIMOS MESES.,2016-05-23T00:00:00,2016,RESOLUCION,"HUSS, JUAN MANUEL",false,ninguno,,,,corpus,si,importacion citricola sin contraparte
HCDN186466,ARANCELES Y HONORARIOS DE ABOGADOS Y PROCURADORES - LEY 21839 -. MODIFICACION SOBRE BASE REGULATORIA Y ACTUALIZACION DE LOS MONTOS.,2016-05-26T00:00:00,2016,LEY,"RECALDE, HECTOR PEDRO",false,ninguno,,,,corpus,no,honorarios
HCDN186784,"IMPUESTO AL VALOR AGREGADO - IVA - LEY 23349 -. MODIFICACION DEL ARTICULO 28, SOBRE REDUCCION DE LA ALICUOTA EN PRODUCTOS FITOSANITARIOS Y SEMILLAS.",2016-06-03T00:00:00,2016,LEY,"OLIVARES, HECTOR ENRIQUE",false,ninguno,,,,corpus,no,IVA fitosanitarios
HCDN186799,EXPRESAR BENEPLACITO POR LA INAUGURACION DE UN NUEVO LABORATORIO PARA POTENCIAR LA PRODUCCION DE LECHE Y CARNE.,2016-06-03T00:00:00,2016,DECLARACION,"OLIVARES, HECTOR ENRIQUE",false,ninguno,,,,corpus,no,laboratorio
HCDN186976,"EXPRESAR BENEPLACITO POR LA LABOR DE JUAN KHOURI Y CRISTIAN ORELLANA, QUIENES EL DIA 17 DE MAYO DE 2016 GANARON EL ""PREMIO JOVEN EMPRESARIO ARGENTINO"" EN LA ""CATEGORIA RESPONSABILIDAD SOCIAL EMPRESARIA"", COMO CONSECUENCIA DE SU EMPRENDIMIENTO ""ECOIL"", CONSISTENTE EN RECICLAR ACEITE VEGETAL USADO TRANSFORMANDOLO EN BIODIESEL.",2016-06-10T00:00:00,2016,RESOLUCION,"TROIANO, GABRIELA ALEJANDRA",false,ninguno,,,,corpus,no,premio biodiesel
HCDN187067,IMPORTACION DE AMBULANCIAS Y AUTOBOMBAS CON REGIMEN ARANCELARIO ESPECIAL. CREACION.,2016-06-14T00:00:00,2016,LEY,"BEVILACQUA, GUSTAVO",false,ninguno,,,,corpus,no,arancel importacion ambulancias
HCDN187204,"EXPRESAR BENEPLACITO POR EL ""PRIMER SEMINARIO GANADERO DEL INSTITUTO DE PROMOCION DE LA CARNE VACUNA ARGENTINA - IPCVA -"" CON EL ESLOGAN ""GANADERIA Y COMPROMISO, DIAGNOSTICO Y PROPUESTAS PARA EL DESARROLLO DE LA CADENA DE GANADOS Y CARNE VACUNA EN ZONAS ARIDAS"", REALIZADO EL 16 DE JUNIO DE 2016 EN LA CIUDAD CAPITAL DE LA PROVINCIA DE CATAMARCA.",2016-06-16T00:00:00,2016,RESOLUCION,"TOMASSI, NESTOR NICOLAS",false,ninguno,,,,corpus,no,seminario IPCVA
HCDN187321,EXPRESAR ACUERDO CON LA IMPORTANCIA DEL FUNCIONAMIENTO DE LA BARRERA SANITARIA Y DE LOS PROGRAMAS ZOOFITOSANITARIOS IMPLEMENTADOS POR EL SERVICIO NACIONAL DE SANIDAD Y CALIDAD AGROALIMENTARIA (SENASA) EN LA REGION PATAGONIA NORTE.,2016-06-22T00:00:00,2016,RESOLUCION,"HORNE, SILVIA RENEE",false,ninguno,,,,corpus,no,barrera sanitaria domestica
HCDN187349,"EXPRESAR BENEPLACITO POR EL DESEMPEÑO DEL DEPORTISTA PUNTANO ALEJANDRO LEDESMA, EN EL CAMPEONATO SUDAMERICANO Y MERCOSUR DE LA UNION LATINOAMERICANA DE LUCHADORES DE ARTES MARCIALES PROFESIONALES, EL 18 DE JUNIO DE 2016, EN LA CIUDAD DE CALETA OLIVIA, PROVINCIA DE SANTA CRUZ.",2016-06-23T00:00:00,2016,RESOLUCION,"BIANCHI, IVANA MARIA",false,ninguno,,,,corpus,no,deporte
HCDN187373,"EXPRESAR PREOCUPACION POR EL DESFINANCIAMIENTO DE LA LEY 26331, DE PRESUPUESTOS MINIMOS DE PROTECCION AMBIENTAL DE LOS BOSQUES NATIVOS, Y OTRAS CUESTIONES CONEXAS.",2016-06-24T00:00:00,2016,RESOLUCION,"COUSINET, GRACIELA",true,D,eudr_trazabilidad_forestal,administrativa_neutra,relacionada,corpus,si,desfinanciamiento 26331
HCDN187463,"DECLARAR DE INTERES DE LA H. CAMARA EL"" XIII CONGRESO NACIONAL DE PRODUCCION PORCINA; XIX JORNADAS DE ACTUALIZACION PORCINA; EL VIII CONGRESO DE PRODUCCION PORCINA DEL MERCOSUR Y EL ENCUENTRO MAS PRODUCTORES MAS PRODUCCION"", A REALIZARSE DEL 9 AL 12 DE AGOSTO DE 2016, EN LA CIUDAD CAPITAL DE LA PROVINCIA DEL CHACO.",2016-06-29T00:00:00,2016,RESOLUCION,"MARTINEZ CAMPOS, GUSTAVO JOSE",false,ninguno,,,,corpus,no,congreso
HCDN188099,"SOLICITAR AL PODER EJECUTIVO DISPONGA REMITIR UN LISTADO DE LAS NEGOCIACIONES ENTRE LA UNION EUROPEA Y EL MERCOSUR, EN OPORTUNIDAD DEL INTERCAMBIO DE OFERTAS CELEBRADO EL 11 DE MAYO DE 2016 EN BRUSELAS.",2016-07-15T00:00:00,2016,DECLARACION,"DE MENDIGUREN, JOSE IGNACIO",true,A,acuerdo_ue_mercosur,administrativa_neutra,explicita,corpus,no,intercambio de ofertas Bruselas
HCDN188341,"EXPRESAR BENEPLACITO POR EL PROGRAMA ""PARLAMENTO JUVENIL DEL MERCOSUR"".",2016-07-21T00:00:00,2016,DECLARACION,"DI STEFANO, DANIEL",true,C,mercosur_institucional,administrativa_neutra,relacionada,corpus,si,Parlamento Juvenil del Mercosur
HCDN189049,"PEDIDO DE INFORMES AL PODER EJECUTIVO SOBRE LA PROBLEMATICA FITOSANITARIA DE LA ENFERMEDAD ""HLB - HUANGLONGBING O GREENING DE LOS CITRICOS -"" CUYO INSECTO VECTOR ES EL ""PSILIDO ASIATICO DE LOS CITRUS - DIAPHORINA CITRI -"", Y OTRAS CUESTIONES CONEXAS.",2016-08-04T00:00:00,2016,DECLARACION,"SELVA, CARLOS AMERICO",false,ninguno,,,,corpus,no,HLB
HCDN189054,SOLICITAR AL PODER EJECUTIVO DISPONGA UNA SERIE DE MEDIDAS PARA EL DESARROLLO DE LA ECONOMIA REGIONAL DEL SECTOR CITRICOLA.,2016-08-04T00:00:00,2016,DECLARACION,"JUAREZ, MYRIAN DEL VALLE",false,ninguno,,,,corpus,no,citricola regional
HCDN189197,"AUTORIZACION, REGISTRO Y CONTROL DE PRODUCTOS FITOSANITARIOS. REGIMEN.",2016-08-10T00:00:00,2016,LEY,"OLIVARES, HECTOR ENRIQUE",false,ninguno,,,,corpus,no,fitosanitarios
HCDN189288,"SOLICITAR AL PODER EJECUTIVO DISPONGA LAS MEDIDAS NECESARIAS PARA INCLUIR EN EL PRESUPUESTO GENERAL DE LA ADMINISTRACION NACIONAL PARA EL EJERCICIO FISCAL 2017, LA CONSTITUCION DEL ""FONDO NACIONAL PARA EL ENRIQUECIMIENTO Y LA CONSERVACION DE LOS BOSQUES NATIVOS"", PREVISTOS EN LA LEY 26331 ""LEY DE PRESUPUESTOS MINIMOS DE PROTECCION AMBIENTAL DE LOS BOSQUES NATIVOS"".",2016-08-11T00:00:00,2016,DECLARACION,"FRANCO, JORGE DANIEL",true,D,eudr_trazabilidad_forestal,administrativa_neutra,relacionada,corpus,si,fondo bosques presupuesto
HCDN189318,EXPRESAR BENEPLACITO POR LA ASUNCION DE LA REPUBLICA BOLIVARIANA DE VENEZUELA A LA PRESIDENCIA PRO TEMPORE DEL MERCOSUR.,2016-08-12T00:00:00,2016,DECLARACION,"FERREYRA, ARACELI",true,C,mercosur_institucional,administrativa_neutra,relacionada,corpus,no,presidencia pro tempore
HCDN189551,"TARJETAS DE CREDITO - LEY 25065 -. MODIFICACION DE LOS ARTICULOS 15, SOBRE ARANCELES DIFERENCIADOS Y 16, SOBRE INTERES COMPENSATORIO O FINANCIERO.",2016-08-22T00:00:00,2016,LEY,"ISA, EVITA NELIDA",false,ninguno,,,,corpus,no,tarjetas
HCDN189562,"DECLARAR DE INTERES DE LA H. CAMARA EL CONGRESO LATINOAMERICANO DE FOLKLORE DEL MERCOSUR Y UNASUR, A REALIZARSE DEL 4 AL 7 DE OCTUBRE DE 2016 EN LA CIUDAD AUTONOMA DE BUENOS AIRES.",2016-08-22T00:00:00,2016,RESOLUCION,"LOPARDO, MARIA PAULA",false,ninguno,,,,corpus,no,folklore
HCDN189657,"SOLICITAR AL PODER EJECUTIVO DISPONGA LAS MEDIDAS NECESARIAS PARA CUMPLIR CON LA LEY 26331, DE PRESUPUESTOS MINIMOS DE PROTECCION AMBIENTAL DE LOS BOSQUES NATIVOS.",2016-08-24T00:00:00,2016,RESOLUCION,"LAGORIA, ELIA NELLY",true,D,eudr_trazabilidad_forestal,administrativa_neutra,relacionada,corpus,si,26331
HCDN189796,"SOLICITAR AL PODER EJECUTIVO DISPONGA LAS MEDIDAS NECESARIAS PARA PROTEGER AL SECTOR CITRICOLA FRENTE A LOS CASOS POSITIVOS DE ""HUANGLONGBING - HLB -"" Y SU VECTOR TRANSMISOR ""- DIAPHORINA CITRI -"" DETECTADOS EN LA PROVINCIA DE MISIONES.",2016-08-25T00:00:00,2016,RESOLUCION,"DI STEFANO, DANIEL",false,ninguno,,,,corpus,no,HLB
HCDN190036,"EXHIBICION EN FORMA PERMANENTE DE LA BANDERA DEL MERCOSUR EN EDIFICIOS PUBLICOS NACIONALES, PROVINCIALES Y MUNICIPALES.",2016-08-30T00:00:00,2016,LEY,"LUSQUIÑOS, LUIS BERNARDO",true,C,mercosur_simbolico,administrativa_neutra,relacionada,corpus,no,bandera del Mercosur (adjudicado)
HCDN190072,"DECLARAR DE INTERES DE LA H. CAMARA EL ""ENCUENTRO DE ABOGADOS DEL MERCOSUR, EN EL BICENTENARIO DE LA PATRIA Y BODAS DE PLATA DE LA INTEGRACION""",2016-08-30T00:00:00,2016,DECLARACION,"ALONSO, HORACIO FERNANDO",false,ninguno,,,,corpus,no,encuentro
HCDN190098,"TARJETAS DE CREDITO - LEY 25065 -. MODIFICACION DEL ARTICULO 15 E INCORPORACION DEL ARTICULO 15 BIS, SOBRE ARANCELES DIFERENCIADOS EN CONCEPTO DE COMISIONES U OTROS CARGOS.",2016-08-31T00:00:00,2016,LEY,"COSTA, EDUARDO RAUL",false,ninguno,,,,corpus,no,tarjetas
HCDN190707,EXPRESAR PREOCUPACION POR LA SITUACION DE LOS PRODUCTORES Y ORGANIZACIONES DEL SECTOR CITRICOLA DE LA PROVINCIA DE ENTRE RIOS.,2016-09-14T00:00:00,2016,DECLARACION,"SOLANAS, JULIO RODOLFO",false,ninguno,,,,corpus,no,citricola regional
HCDN191147,"""COOPERATIVA DE TRABAJO INCOB -INDUSTRIA DE LA CARNE OBRERA- LIMITADA"", UBICADA EN BAHIA BLANCA, PROVINCIA DE BUENOS AIRES. CONDONACION DE SU DEUDA CON LA ""ADMINISTRACION FEDERAL DE INGRESOS PUBLICOS -AFIP-"", EN EL LAPSO COMPRENDIDO ENTRE LOS AÑOS 2007 Y OCTUBRE DE 2015.",2016-09-27T00:00:00,2016,LEY,"PITROLA, NESTOR ANTONIO",false,ninguno,,,,corpus,no,cooperativa deuda
HCDN191232,"SECTOR PORCINO, CITRICOLA Y AVICOLA DE LA PROVINCIA DE ENTRE RIOS. SE DECLARA LA EMERGENCIA ECONOMICA Y FINANCIERA POR EL TERMINO DE UN AÑO.",2016-09-29T00:00:00,2016,LEY,"BARRETO, JORGE RUBEN",false,ninguno,,,,corpus,no,emergencia regional
HCDN191324,"REGIMEN PENAL DE PROTECCION AL BOSQUE NATIVO. MODIFICACION DEL ARTICULO 11, DE LA LEY 27146 -ORGANIZACION Y COMPETENCIA DE LA JUSTICIA FEDERAL Y NACIONAL PENAL-.",2016-10-03T00:00:00,2016,LEY,"DONDA PEREZ, VICTORIA ANALIA",true,D,eudr_trazabilidad_forestal,administrativa_neutra,relacionada,corpus,si,regimen penal bosque nativo
HCDN191417,PEDIDO DE INFORMES AL PODER EJECUTIVO SOBRE DIVERSAS CUESTIONES RELACIONADAS CON EL SISTEMA NACIONAL DE TRAZABILIDAD DE MEDICAMENTOS.,2016-10-05T00:00:00,2016,RESOLUCION,"RODRIGUEZ, RODRIGO MARTIN",false,ninguno,,,,corpus,no,trazabilidad medicamentos
HCDN191458,"PEDIDO DE INFORMES AL PODER EJECUTIVO SOBRE LAS DIFICULTADES LOGISTICAS EN LA IMPLEMENTACION DE TRAZABILIDAD PARA ALGUNAS ESPECIALIDADES MEDICINALES, DE LAS CUALES SE DISTRIBUYEN GRANDES VOLUMENES, SEGUN LA DISPOSICION 10564/16 DE LA ""ADMINISTRACION NACIONAL DE MEDICAMENTOS, ALIMENTOS Y TECNOLOGIA MEDICA - ANMAT -"", Y OTRAS CUESTIONES CONEXAS.",2016-10-06T00:00:00,2016,RESOLUCION,"CICILIANI, ALICIA MABEL",false,ninguno,,,,corpus,no,trazabilidad medicamentos
HCDN193174,"APROBACION DEL ACTA FINAL EN QUE SE INCORPORAN LOS RESULTADOS DE LA RONDA DE NEGOCIACIONES DE SAO PAULO, EL PROTOCOLO DE LA RONDA DE SAO PAULO AL ACUERDO SOBRE EL SISTEMA GLOBAL DE PREFERENCIAS COMERCIALES ENTRE PAISES EN DESARROLLO, LAS DISPOSICIONES PARA LA APLICACION DE LOS RESULTADOS DE LA RONDA DE NEGOCIACIONES DE SAO PAULO -DECISION MINISTERIAL DEL 15/12/10 - Y LA LISTA VII - MERCOSUR - RONDA DE SAO PAULO, ADOPTADOS EN FOZ DE IGUAZU, REPUBLICA FEDERATIVA DEL BRASIL, EL 15 DE DICIEMBRE DE 2010.",2016-10-06T00:00:00,2016,MENSAJE Y PROYECTO DE LEY,"MACRI, MAURICIO",true,C,mercosur_institucional,pro_liberalizacion,relacionada,corpus,no,SGPC ronda Sao Paulo lista Mercosur
HCDN191534,"ACEITE DE OLIVA VIRGEN Y REFINADO Y ACEITUNAS EN CONSERVA. SE INCREMENTA EN UN 5% EL REINTEGRO A LA EXPORTACION EXTRAZONA -R.E- ASIGNADO A LAS POSICIONES ARANCELARIAS DE LA ""NOMENCLATURA COMUN DEL MERCOSUR - N.C.M -"".",2016-10-12T00:00:00,2016,LEY,"CASELLES, GRACIELA MARIA",false,ninguno,,,,corpus,no,NCM
HCDN191542,UVAS FRESCAS Y PASAS DE UVA. SE INCREMENTA EN UN 5% EL REINTEGRO A LA EXPORTACION EXTRAZONA - R.E. -ASIGNADO A LAS POSICIONES ARANCELARIAS DE LA NOMENCLATURA COMUN DEL MERCOSUR - N.C.M. -.,2016-10-12T00:00:00,2016,LEY,"CASELLES, GRACIELA MARIA",false,ninguno,,,,corpus,no,NCM
HCDN191845,PEDIDO DE INFORMES AL PODER EJECUTIVO SOBRE DIVERSAS CUESTIONES RELACIONADAS CON LA POSIBLE QUITA DE ARANCELES A LA IMPORTACION DE PRODUCTOS INFORMATICOS.,2016-10-19T00:00:00,2016,RESOLUCION,"RUIZ ARAGON, JOSE ARNALDO",false,ninguno,,,,corpus,no,aranceles informatica
HCDN191846,"EXPRESAR PREOCUPACION POR NO HABERSE CONTEMPLADO EN EL PROYECTO DE LEY DEL PRESUPUESTO GENERAL DE LA ADMINISTRACION NACIONAL PARA EL EJERCICIO FISCAL DEL AÑO 2017, LAS PARTIDAS CORRESPONDIENTES PARA LOS APORTES DEL ESTADO NACIONAL AL PARLAMENTO DEL MERCOSUR.",2016-10-19T00:00:00,2016,RESOLUCION,"HELLER, CARLOS",true,C,mercosur_institucional,administrativa_neutra,relacionada,corpus,no,aportes al Parlasur
HCDN191903,"SOLICITAR AL PODER EJECUTIVO DISPONGA LAS MEDIDAS NECESARIAS PARA DEJAR SIN EFECTO LAS ALICUOTAS ARANCELARIAS TRANSITORIAS DEL 35 % DEL DERECHO DE IMPORTACION EXTRAZONA PARA LAS POSICIONES DE LA NOMENCLATURA COMUN DEL MERCOSUR, CORRESPONDIENTES PARA LA IMPORTACION DE LUMINARIAS Y APARATOS DE ALUMBRADO CON TECNOLOGIA ""LED"".",2016-10-20T00:00:00,2016,DECLARACION,"PRETTO, PEDRO JAVIER",true,C,mercosur_institucional,pro_liberalizacion,relacionada,corpus,si,alicuotas DIE del bloque (regla 5)
HCDN191957,"""ESPECIES EXOTICAS INVASORAS - EEI -"". SE ESTABLECE LA PROHIBICION DE SU INCLUSION EN LOS BOSQUES NATIVOS PROTEGIDOS POR LA LEY 26331.",2016-10-21T00:00:00,2016,LEY,"RUBIN, CARLOS GUSTAVO",true,D,eudr_trazabilidad_forestal,administrativa_neutra,relacionada,corpus,si,especies exoticas en bosques 26331
HCDN192069,"DECLARAR DE INTERES DE LA H. CAMARA LA FABRICACION Y BOTADURA DEL PRIMER BUQUE DE ACERO ""TUPA"", INTEGRAMENTE CONSTRUIDO EN LA PROVINCIA DE MISIONES.",2016-10-25T00:00:00,2016,DECLARACION,"BRITEZ, MARIA CRISTINA",false,ninguno,,,,corpus,no,buque acero
HCDN192172,PRESUPUESTOS MINIMOS DE PROTECCION AMBIENTAL PARA LA GESTION DE LOS ENVASES VACIOS DE FITOSANITARIOS - LEY 27279 -. MODIFICACIONES.,2016-10-27T00:00:00,2016,LEY,"VILLALONGA, JUAN CARLOS",false,ninguno,,,,corpus,no,envases fitosanitarios
HCDN192180,PEDIDO DE INFORMES AL PODER EJECUTIVO SOBRE EL IMPACTO QUE TENDRIA LA ELIMINACION DE ARANCELES DE IMPORTACION EN EL SECTOR DE PRODUCCION DE EQUIPOS INFORMATICOS.,2016-10-27T00:00:00,2016,RESOLUCION,"MIRANDA, PEDRO RUBEN",false,ninguno,,,,corpus,no,aranceles informatica
HCDN192256,"CREASE EN EL PRESUPUESTO NACIONAL, EN LA JURISDICCION I "" PODER LEGISLATIVO "", EL PROGRAMA "" FORMACION Y SANCION LEGISLATIVA. PARLAMENTO DEL MERCOSUR. """,2016-10-28T00:00:00,2016,LEY,"PEDRINI, JUAN MANUEL",true,C,mercosur_institucional,administrativa_neutra,relacionada,corpus,no,programa Parlasur
HCDN192367,"DECLARAR DE INTERES DE LA H. CAMARA EL SEMINARIO DE FORMACION A DISTANCIA ""EL LIBRE COMERCIO EN LAS AMERICAS: DEL ALCA A LOS ACUERDOS MEGARREGIONALES"", A REALIZARSE A PARTIR DEL 31 DE OCTUBRE DE 2016.",2016-11-01T00:00:00,2016,DECLARACION,"MAZURE, LILIANA AMALIA",false,ninguno,,,,corpus,no,seminario academico
HCDN192432,"PRESUPUESTOS MINIMOS DE PROTECCION AMBIENTAL PARA LA GESTION DE LOS ENVASES VACIOS DE FITOSANITARIOS - LEY 27279 -. MODIFICACION DEL ARTICULO 25, SOBRE MULTAS Y SUSPENSION DE ACTIVIDADES.",2016-11-02T00:00:00,2016,LEY,"TORROBA, FRANCISCO JAVIER",false,ninguno,,,,corpus,no,envases fitosanitarios
HCDN192973,"APROBACION DEL PROTOCOLO DE ENMIENDA DEL ACUERDO DE MARRAKECH, POR EL QUE SE ESTABLECE LA ORGANIZACION MUNDIAL DEL COMERCIO, HECHO EN LA CIUDAD DE GINEBRA - CONFEDERACION SUIZA, EL 27 DE NOVIEMBRE DE 2014.",2016-11-02T00:00:00,2016,MENSAJE Y PROYECTO DE LEY,"MACRI, MAURICIO",false,ninguno,,,,corpus,no,OMC Marrakech sin UE
HCDN192528,"EXPRESAR PREOCUPACION POR LA RESOLUCION DE LA REPUBLICA DE PERU, DONDE IMPONE DERECHOS ANTIDUMPING A LOS ENVIOS DE BIODIESEL DESDE LA REPUBLICA ARGENTINA.",2016-11-03T00:00:00,2016,DECLARACION,"BRIZUELA DEL MORAL, EDUARDO SEGUNDO",false,ninguno,,,,corpus,no,antidumping Peru
HCDN192595,IMPRESION DE ETIQUETAS DISTINTIVAS PARA CARNES DE FEEDLOT Y LAS CRIADAS A PASTO UNICAMENTE.,2016-11-04T00:00:00,2016,LEY,"RISKO, SILVIA LUCRECIA",false,ninguno,,,,corpus,no,etiquetado carne
HCDN192667,"EXPRESAR REPUDIO POR EL DICTADO DE LA RESOLUCION 626/2016, DEL ""SERVICIO NACIONAL DE SANIDAD Y CALIDAD AGROALIMENTARIA - SENASA -"", PERMITIENDO EL INGRESO DE: CARNE SIN HUESO - ENFRIADA O CONGELADA - Y EMBUTIDOS FRESCOS DE CARNE DE CERDO DOMESTICO PARA CONSUMO INTERNO.",2016-11-07T00:00:00,2016,RESOLUCION,"DOÑATE, CLAUDIO MARTIN",false,ninguno,,,,corpus,no,importacion cerdo
HCDN192767,"SE ESTABLECE UN REINTEGRO ADICIONAL DEL 5 % POR 5 AÑOS A LA ""EXPORTACION EXTRAZONA -R.E.-"" DE CRETA (PIEDRA CALIZA DE ORIGEN ORGANICO) ASIGNADO A LAS POSICIONES ARANCELARIAS DE LA ""NOMENCLATURA COMUN DEL MERCOSUR"".",2016-11-08T00:00:00,2016,LEY,"CASELLES, GRACIELA MARIA",false,ninguno,,,,corpus,no,NCM
HCDN192885,"EXPRESAR REPUDIO POR LA DECISION DE LA UNIVERSIDAD NACIONAL DEL NORDESTE, DE ARANCELAR UNA CARRERA DE GRADO.",2016-11-09T00:00:00,2016,RESOLUCION,"RUIZ ARAGON, JOSE ARNALDO",false,ninguno,,,,corpus,no,arancel universitario
HCDN193748,"APROBACION DEL ACUERDO SOBRE EL BENEFICIO DE LITIGAR SIN GASTOS Y LA ASISTENCIA JURIDICA GRATUITA ENTRE LOS ESTADOS PARTES DEL MERCOSUR, SUSCRIPTO EN LA CIUDAD DE FLORIANOPOLIS, REPUBLICA FEDERATIVA DEL BRASIL, EL 15 DE DICIEMBRE DE 2000.",2016-11-09T00:00:00,2016,MENSAJE Y PROYECTO DE LEY,"MACRI, MAURICIO",true,C,mercosur_institucional,administrativa_neutra,relacionada,corpus,no,acuerdo juridico del bloque
HCDN192981,"MODIFICACIONES A LA LEY 25065 ESTABLECIENDO QUE LAS ENTIDADES FINANCIERAS EMISORAS DE LAS TARJETAS, NO PODRAN FIJAR COMISIONES O ARANCELES, TASA DE INTERCAMBIO Y/O TASA DE ADQUIRENCIA DIFERENCIADA ENTRE COMERCIOS.",2016-11-15T00:00:00,2016,LEY,"AMADEO, EDUARDO PABLO",false,ninguno,,,,corpus,no,tarjetas
HCDN193031,"EXPRESAR REPUDIO POR LOS HECHOS DE PERSECUCION DEL ""SERVICIO NACIONAL DE SANIDAD Y CALIDAD AGROALIMENTARIA - SENASA -"" Y GENDARMERIA NACIONAL, A PRODUCTORES CITRICOLAS DE LA PROVINCIA DE MISIONES.",2016-11-16T00:00:00,2016,RESOLUCION,"BRITEZ, MARIA CRISTINA",false,ninguno,,,,corpus,no,SENASA citricola
HCDN193092,"SECRETARIA DE INSPECCION FITOSANITARIA AGROPECUARIA NACIONAL -IFAN-. CREACION EN EL AMBITO DEL MINISTERIO DE AGRICULTURA, GANADERIA Y PESCA DE LA NACION.",2016-11-17T00:00:00,2016,LEY,"GARRETON, FACUNDO",false,ninguno,,,,corpus,no,fitosanitarios
HCDN193108,"SOLICITAR AL PODER EJECUTIVO DISPONGA SUSPENDER LA RESOLUCION 626/2016, DEL ""SERVICIO NACIONAL DE SANIDAD Y CALIDAD AGROALIMENTARIA - SENASA -"", QUE PERMITE EL INGRESO DE: CARNE SIN HUESO - ENFRIADA O CONGELADA - Y EMBUTIDOS FRESCOS DE CARNE DE CERDO DOMESTICO PARA CONSUMO INTERNO.",2016-11-17T00:00:00,2016,DECLARACION,"SAN MARTIN, ADRIAN",false,ninguno,,,,corpus,no,importacion cerdo
HCDN193256,"COMPENSACIONES PARA PRODUCTORES DE CITRICOS AFECTADOS POR EL ""HLB - HUANGLONGBING O GREENING DE LOS CITRICOS -"". REGIMEN.",2016-11-24T00:00:00,2016,LEY,"DI STEFANO, DANIEL",false,ninguno,,,,corpus,no,HLB compensaciones
HCDN193260,"SE ESTABLECE UN 10 % DE REINTEGRO ADICIONAL A LA EXPORTACION EXTRAZONA - R.E. - ASIGNANDO A LAS POSICIONES ARANCELARIAS DE LA NOMENCLATURA COMUN DEL MERCOSUR - NCM -, QUE EMBARQUEN POR PUERTOS DEL OCEANO PACIFICO, PARA EL ACEITE DE OLIVA VIRGEN Y REFINADO Y ACEITUNAS EN CONSERVA.",2016-11-24T00:00:00,2016,LEY,"CASELLES, GRACIELA MARIA",false,ninguno,,,,corpus,no,NCM
HCDN193454,"FONDOS NACIONALES DE FORTALECIMIENTO DE LA PRODUCCION CITRICOLA - FONPROCI -, APICOLA - FONPROAPI - Y ARROCERA - FONPROARR - . CREACION.",2016-11-30T00:00:00,2016,LEY,"CREMER DE BUSTI, MARIA CRISTINA",false,ninguno,,,,corpus,no,fondos citricola
HCDN193487,"""ARANDANOS FRESCOS"". SE ESTABLECE LA ALICUOTA DEL CERO POR CIENTO EN LA APLICACION DE EXPORTACION A LAS MERCADERIAS COMPRENDIDAS EN LA POSICION ARANCELARIA DE LA NOMENCLATURA COMUN DEL MERCOSUR -N.C.M -.",2016-11-30T00:00:00,2016,LEY,"CREMER DE BUSTI, MARIA CRISTINA",false,ninguno,,,,corpus,no,NCM
HCDN194197,EXPRESAR PREOCUPACION POR LA REVISION DEL ORDENAMIENTO TERRITORIAL DE BOSQUES NATIVOS EN LA PROVINCIA DE CORDOBA.,2016-12-20T00:00:00,2016,RESOLUCION,"VILLALONGA, JUAN CARLOS",true,D,eudr_trazabilidad_forestal,administrativa_neutra,relacionada,corpus,si,OTBN Cordoba
HCDN194275,"COMUNICACION DEL DECRETO 1325/2016 POR EL CUAL SE PRORROGA A PARTIR DEL 1° DE ENERO HASTA EL 31 DE DICIEMBRE DE 2017 LA VIGENCIA DEL TRATAMIENTO DISPUESTO PARA EL BIODIESEL COMBUSTIBLE Y EL BIODIESEL PURO POR EL ARTICULO 4° DEL CAPITULO I DEL TITULO II DEL LA LEY 23966 Y SUS MODIFICATORIAS, CON RELACION AL IMPUESTO CREADO POR EL ARTICULO 1° DEL MISMO CAPITULO",2016-12-30T00:00:00,2016,MENSAJE,"PEÑA, MARCOS",false,ninguno,,,,corpus,si,prorroga fiscal biodiesel (sonda)
HCDN194585,"SOLICITAR AL PODER EJECUTIVO A TRAVES DE LA CANCILLERIA Y DE LOS PARLAMENTARIOS DEL PARLASUR , ESTABLEZCAN MECANISMOS PARA EXIGIR A LOS PAISES MIEMBROS DEL ""MERCADO COMUN DEL SUR - MERCOSUR -"", EL CUMPLIMIENTO DE LOS TRATADOS DE RECIPROCIDAD EN MATERIA EDUCATIVA Y DE ASISTENCIA MEDICA.",2017-02-01T00:00:00,2017,DECLARACION,"HUCZAK, STELLA MARIS",true,C,mercosur_institucional,administrativa_neutra,relacionada,corpus,si,reciprocidad educativa via Parlasur
HCDN194819,"APROBACION DEL TRATADO DE LIBRE COMERCIO ENTRE EL MERCOSUR Y LA REPUBLICA ARABE DE EGIPTO, CELEBRADO EN LA CIUDAD DE SAN JUAN, REPUBLICA ARGENTINA - EL 2 DE AGOSTO DE 2010.",2017-02-06T00:00:00,2017,MENSAJE Y PROYECTO DE LEY,"MACRI, MAURICIO",true,C,mercosur_institucional,pro_liberalizacion,relacionada,corpus,no,TLC Mercosur-Egipto
HCDN194743,"EXPRESAR PREOCUPACION POR EL EPISODIO QUE SUFRIO EL DIPUTADO OPOSITOR DE LA ASAMBLEA NACIONAL DE VENEZUELA Y PARLAMENTARIO DEL MERCOSUR, WILLIAMS DAVILA, OCURRIDO EL 7 DE FEBRERO DE 2017.",2017-02-15T00:00:00,2017,RESOLUCION,"BANFI, KARINA",true,C,mercosur_institucional,administrativa_neutra,relacionada,corpus,si,parlamentario del Mercosur agredido
HCDN194752,"EXPRESAR PREOCUPACION POR LA RESOLUCION N° 385/2016, EMITIDA POR LA ADMINISTRACION DE PARQUES NACIONALES, DONDE SE ESTABLECIERON LOS VALORES DE LOS DERECHOS DE ACCESO PARA LAS AREAS PROTEGIDAS, INCLUYENDO UNA NUEVA CATEGORIA PARA LOS NIÑOS DE 6 A 12 AÑOS Y SE SUPRIME LA CATEGORIA ""TARIFA CON BONIFICACION PARA RESIDENTES DEL MERCOSUR"".",2017-02-15T00:00:00,2017,DECLARACION,"GAILLARD, ANA CAROLINA",true,C,mercosur_institucional,administrativa_neutra,relacionada,corpus,si,tarifa diferencial para residentes del Mercosur
HCDN194965,EXPRESAR PREOCUPACION POR LA REVISION DEL ORDENAMIENTO TERRITORIAL DE BOSQUES NATIVOS EN LA PROVINCIA DE CORDOBA.,2017-03-01T00:00:00,2017,RESOLUCION,"VILLALONGA, JUAN CARLOS",true,D,eudr_trazabilidad_forestal,administrativa_neutra,relacionada,corpus,si,OTBN Cordoba
HCDN195097,"INSTITUTO NACIONAL DE LA YERBA MATE - LEY 25564: ARTICULO 20, SOBRE CARACTER DE TITULO EJECUTIVO A LAS MULTAS IMPUESTAS POR DICHO INSTITUTO, A EFECTOS DE POSIBILITAR EL COBRO DE IMPORTES DEBIDOS Y EXENCION DEL PAGO DE ARANCELES: MODIFICACIONES (REPRODUCCION DEL EXPEDIENTE 2054-D-15).",2017-03-03T00:00:00,2017,LEY,"ZIEGLER, ALEX ROBERTO",false,ninguno,,,,corpus,no,yerba mate
HCDN195695,PEDIDO DE INFORMES AL PODER EJECUTIVO SOBRE EL IMPACTO QUE TENDRIA LA ELIMINACION DE ARANCELES DE IMPORTACION EN EL SECTOR DE PRODUCCION DE EQUIPOS INFORMATICOS.,2017-03-15T00:00:00,2017,RESOLUCION,"MIRANDA, PEDRO RUBEN",false,ninguno,,,,corpus,no,aranceles informatica
HCDN195959,"PEDIDO DE INFORMES AL PODER EJECUTIVO, SOBRE DIVERSAS CUESTIONES RELACIONADAS CON LA NORMA NUMERO 260/14, MEDIANTE LA CUAL EL SERVICIO NACIONAL DE SANIDAD ANIMAL (SENASA) REALIZABA LOS CONTROLES FITOSANITARIOS DE MERCADERIAS DERIVADAS DE LOS GRANOS.",2017-03-21T00:00:00,2017,RESOLUCION,"CIAMPINI, JOSE ALBERTO",false,ninguno,,,,corpus,no,SENASA granos
HCDN196026,EXPRESAR PREOCUPACION POR LA REVISION DEL ORDENAMIENTO TERRITORIAL DE BOSQUES NATIVOS EN LA PROVINCIA DE CORDOBA.,2017-03-22T00:00:00,2017,RESOLUCION,"ESTEVEZ, GABRIELA BEATRIZ",true,D,eudr_trazabilidad_forestal,administrativa_neutra,relacionada,corpus,si,OTBN Cordoba
HCDN196066,"PEDIDO DE INFORMES AL PODER EJECUTIVO SOBRE LA EXCEPCION DEL CONTROL FITOSANITARIO Y DE CALIDAD A LOS EMBARQUES PARA EXPORTACION O REEXPORTACION DE ACEITES, HARINAS, PELLETS, EXPELLERS Y TORTAS DE CEREALES Y OLEAGINOSAS, Y OTRAS CUESTIONES CONEXAS.",2017-03-27T00:00:00,2017,RESOLUCION,"STOLBIZER, MARGARITA ROSA",false,ninguno,,,,corpus,si,control fitosanitario a embarques de exportacion
HCDN196212,"EXPRESAR BENEPLACITO POR INFORMES ESPECIALIZADOS QUE INDICAN QUE EN EL AÑO 2017, LA ARGENTINA ALCANZARA UN RECORD EN PRODUCCION DE CARNES QUE PERMITIRA INCREMENTAR LAS EXPORTACIONES.",2017-03-28T00:00:00,2017,RESOLUCION,"OLIVARES, HECTOR ENRIQUE",false,ninguno,,,,corpus,no,produccion carne
HCDN196218,PEDIDO DE INFORMES AL PODER EJECUTIVO SOBRE DIVERSAS CUESTIONES RELACIONADAS A LA SUSPENSION DE LA EXPORTACION DE LIMONES A ESTADOS UNIDOS.,2017-03-28T00:00:00,2017,RESOLUCION,"HORNE, SILVIA RENEE",false,ninguno,,,,corpus,no,limones a EEUU
HCDN196368,"ELECCION DE PARLAMENTARIOS DEL MERCOSUR - LEY 27120 -. MODIFICACION DEL ARTICULO 16, SOBRE REMUNERACIONES.",2017-04-03T00:00:00,2017,LEY,"CARRIZO, ANA CARLA",true,C,mercosur_institucional,administrativa_neutra,relacionada,corpus,no,Parlasur remuneraciones
HCDN196400,"DECLARAR DE INTERES DE LA H. CAMARA EL GALARDON OBTENIDO POR EL CORDOBES SERGIO IGLESIAS EN EL 19° CONCURSO INTERNACIONAL DE ""MIELES MULTIFLORALES"", REALIZADO DEL 24 AL 26 DE MARZO DE 2017, EN EL MARCO DE LA ""FIESTA NACIONAL DE LA APICULTURA"" DE LA ""22 EXPO - APICULTURA"" DEL MERCOSUR.",2017-04-04T00:00:00,2017,DECLARACION,"PRETTO, PEDRO JAVIER",false,ninguno,,,,corpus,no,expo apicola
HCDN196969,"DECLARAR DE INTERES DE LA H. CAMARA LAS ""RECOMENDACIONES PARA NORMATIVAS DE DEPARTAMENTOS, MUNICIPIOS Y PARTIDOS QUE REGULEN SOBRE APLICACIONES DE PRODUCTOS FITOSANITARIOS"", ELABORADAS POR LA ""RED DE BUENAS PRACTICAS AGRICOLAS"".",2017-04-12T00:00:00,2017,RESOLUCION,"TORELLO, PABLO",false,ninguno,,,,corpus,no,fitosanitarios
HCDN196975,"EXPRESAR PREOCUPACION POR EL EPISODIO QUE SUFRIO EL DIPUTADO OPOSITOR DE LA ASAMBLEA NACIONAL DE VENEZUELA Y PARLAMENTARIO DEL MERCOSUR, WILLIAMS DAVILA, OCURRIDO EL 7 DE FEBRERO DE 2017 (REPRODUCCION DEL EXPEDIENTE 8947-D-16).",2017-04-12T00:00:00,2017,RESOLUCION,"BANFI, KARINA",true,C,mercosur_institucional,administrativa_neutra,relacionada,corpus,si,parlamentario del Mercosur agredido
HCDN197079,FRANJAS MINIMAS DE PROTECCION SANITARIA Y AMBIENTAL PARA LA APLICACION DE PRODUCTOS FITOSANITARIOS. REGIMEN.,2017-04-17T00:00:00,2017,LEY,"STOLBIZER, MARGARITA ROSA",false,ninguno,,,,corpus,no,fitosanitarios
HCDN197242,"DECLARAR DE INTERES DE LA H. CAMARA LAS ""XVI JORNADAS NACIONALES DE COOPERATIVISMO Y MUTUALISMO EDUCACIONAL Y X DEL MERCOSUR"", A REALIZARSE DEL 29 DE JUNIO AL 1° DE JULIO DE 2017 EN LA CIUDAD DE PARANA , PROVINCIA DE ENTRE RIOS.",2017-04-19T00:00:00,2017,RESOLUCION,"MONFORT, MARCELO ALEJANDRO",false,ninguno,,,,corpus,no,jornadas
HCDN197945,"EXPRESAR BENEPLACITO POR EL ""PRIMER CONGRESO DE EDUCACION Y TECNOLOGIAS DEL MERCOSUR"", A REALIZARSE LOS DIAS 10 Y 11 DE AGOSTO DE 2017 EN LA CIUDAD CAPITAL DE LA PROVINCIA DE CORRIENTES.",2017-05-03T00:00:00,2017,DECLARACION,"MARTINEZ CAMPOS, GUSTAVO JOSE",false,ninguno,,,,corpus,no,congreso
HCDN199703,PROHIBICION DE APLICACION DE FITOSANITARIOS EN ZONAS DONDE EXISTEN ESTABLECIMIENTOS EDUCATIVOS.,2017-05-24T00:00:00,2017,LEY,"GERVASONI, LAUTARO",false,ninguno,,,,corpus,no,fitosanitarios
HCDN200620,EXPRESAR BENEPLACITO POR LA REALIZACION DEL PRIMER ENSAYO A ESCALA INDUSTRIAL EN ARGENTINA PARA OBTENER BIOCOMBUSTIBLE A PARTIR DE RESIDUOS AGRICOLAS DE COSECHA DE LA CAÑA DE AZUCAR.,2017-06-14T00:00:00,2017,RESOLUCION,"OLIVARES, HECTOR ENRIQUE",false,ninguno,,,,corpus,no,biocombustible
HCDN200747,"DECLARAR DE INTERES DE LA H. CAMARA LA ""XIII EDICION DEL PROGRAMA DE FORMACION EN VALORES EN EL MERCOSUR Y LA UNASUR: MANOS JOVENES ESCRIBEN EN GRANDE"", A REALIZARSE DEL 27 DE MARZO AL 15 DE DICIEMBRE DE 2017.",2017-06-19T00:00:00,2017,DECLARACION,"ARGUMEDO, ALCIRA SUSANA",true,C,mercosur_simbolico,administrativa_neutra,relacionada,corpus,si,programa formacion en valores SEM
HCDN202201,"SOLICITAR AL PODER EJECUTIVO AUTORICE EL TRANSITO DE CARNE BOVINA CON HUESO PLANO HACIA LA ""ZONA LIBRE DE AFTOSA SIN VACUNACION"".",2017-07-05T00:00:00,2017,DECLARACION,"MAQUIEYRA, MARTIN",false,ninguno,,,,corpus,si,transito carne zona libre aftosa (sonda)
HCDN202544,TRAZABILIDAD MELIFERA. REGIMEN.,2017-07-14T00:00:00,2017,LEY,"NAZARIO, ADRIANA MONICA",true,D,eudr_trazabilidad_forestal,administrativa_neutra,relacionada,corpus,si,trazabilidad melifera (regla 2)
HCDN202785,"DECLARAR DE INTERES DE LA H. CAMARA LA ""JORNADA DEBATE - 1° MESA NACIONAL CITRICOLA DE SAN PEDRO -"", A REALIZARSE EL 21 DE JULIO DE 2017 EN LA CIUDAD DE SAN PEDRO, PROVINCIA DE BUENOS AIRES.",2017-07-18T00:00:00,2017,RESOLUCION,"JUAREZ, MYRIAN DEL VALLE",false,ninguno,,,,corpus,no,jornada
HCDN204355,"PEDIDO DE INFORMES AL PODER EJECUTIVO SOBRE EL INCUMPLIMIENTO DE LA LEY 24305, QUE CREA EL PROGRAMA NACIONAL DE LUCHA CONTRA LA FIEBRE AFTOSA, EN LA PROVINCIA DE MISIONES.",2017-08-11T00:00:00,2017,RESOLUCION,"DI STEFANO, DANIEL",false,ninguno,,,,corpus,no,aftosa Misiones
HCDN204356,PEDIDO DE INFORMES AL PODER EJECUTIVO SOBRE DIVERSAS CUESTIONES RELACIONADAS CON LA SUSPENSION DE LA REPUBLICA BOLIVARIANA DE VENEZUELA DEL MERCOSUR.,2017-08-11T00:00:00,2017,RESOLUCION,"CARMONA, GUILLERMO RAMON",true,C,mercosur_institucional,administrativa_neutra,relacionada,corpus,no,suspension Venezuela
HCDN204519,"PEDIDO DE INFORMES AL PODER EJECUTIVO SOBRE DIVERSAS CUESTIONES RELACIONADAS CON LA IMPLEMENTACION DE LA LEY 26331, DE BOSQUES NATIVOS, EN LA PROVINCIA DE CORDOBA.",2017-08-16T00:00:00,2017,RESOLUCION,"ESTEVEZ, GABRIELA BEATRIZ",true,D,eudr_trazabilidad_forestal,administrativa_neutra,relacionada,corpus,si,26331 Cordoba
HCDN204543,"PEDIDO DE INFORMES AL PODER EJECUTIVO SOBRE LA INTENCION DE SUPRIMIR EL ENVIO GRATUITO DE PARTIDAS DE VACUNAS ANTI AFTOSA A LA PROVINCIA DE MISIONES, Y OTRAS CUESTIONES CONEXAS.",2017-08-17T00:00:00,2017,RESOLUCION,"BRITEZ, MARIA CRISTINA",false,ninguno,,,,corpus,no,vacunas aftosa
HCDN204598,"DECLARAR DE INTERES DE LA H. CAMARA EL ""II ENCUENTRO DE PAYADORES JUAN QUIROGA - PAYADAS DEL MERCOSUR"", REALIZADA EL 23 DE JULIO DE 2017 EN LA CIUDAD CAPITAL DE LA PROVINCIA DE NEUQUEN.",2017-08-18T00:00:00,2017,RESOLUCION,"VILLAR MOLINA, MARIA INES",false,ninguno,,,,corpus,no,payadores
HCDN204660,"EXPRESAR PREOCUPACION POR LA AUTORIZACION DEL GOBIERNO NACIONAL, PARA QUE INGRESE AL PAIS CARNE DE CERDO PROVENIENTE DE LOS ESTADOS UNIDOS DE AMERICA.",2017-08-23T00:00:00,2017,RESOLUCION,"GERVASONI, LAUTARO",false,ninguno,,,,corpus,no,importacion cerdo EEUU
HCDN204664,PEDIDO DE INFORMES AL PODER EJECUTIVO SOBRE DIVERSAS CUESTIONES RELACIONADAS CON LA IMPORTACION DE CARNE DE CERDO Y SUS DERIVADOS PROVENIENTES DE LOS ESTADOS UNIDOS DE AMERICA.,2017-08-23T00:00:00,2017,RESOLUCION,"HORNE, SILVIA RENEE",false,ninguno,,,,corpus,no,importacion cerdo EEUU
HCDN204703,"EXPRESAR BENEPLACITO POR LA CELEBRACION DEL ""1° ENCUENTRO DE EDUCACION RESPONSABLE EN NEGOCIOS DEL MERCOSUR"", REALIZADO LOS DIAS 25 Y 26 DE MAYO DE 2017, EN LA CIUDAD DE FOZ DO IGUAZU, REPUBLICA FEDERATIVA DEL BRASIL.",2017-08-24T00:00:00,2017,DECLARACION,"LOPARDO, MARIA PAULA",false,ninguno,,,,corpus,no,encuentro
HCDN204710,"PEDIDO DE INFORMES AL PODER EJECUTIVO SOBRE LOS ACUERDOS COMERCIALES FIRMADOS POR NUESTRO PAIS, PARA EL INGRESO DE CARNE DE CERDO PROVENIENTE DE ESTADOS UNIDOS DE AMERICA, Y OTRAS CUESTIONES CONEXAS.",2017-08-24T00:00:00,2017,RESOLUCION,"FRANA, SILVINA PATRICIA",false,ninguno,,,,corpus,no,cerdo EEUU
HCDN204714,SOLICITAR AL PODER EJECUTIVO DISPONGA LAS MEDIDAS NECESARIAS PARA RESTRINGIR LA APERTURA DE IMPORTACION DE CARNE DE CERDO PROVENIENTE DE ESTADOS UNIDOS DE AMERICA.,2017-08-24T00:00:00,2017,RESOLUCION,"SOLANAS, JULIO RODOLFO",false,ninguno,,,,corpus,no,cerdo EEUU
HCDN204720,EXPRESAR REPUDIO POR LA APERTURA A LA IMPORTACION DE CARNE DE CERDO PROVENIENTE DE ESTADOS UNIDOS DE AMERICA.,2017-08-24T00:00:00,2017,RESOLUCION,"DE PEDRO, EDUARDO ENRIQUE",false,ninguno,,,,corpus,no,cerdo EEUU
HCDN204751,PEDIDO DE INFORMES AL PODER EJECUTIVO SOBRE DIVERSOS PUNTOS RELACIONADOS CON LA IMPORTACION DE CARNE PORCINA PROVENIENTE DE LOS ESTADOS UNIDOS DE AMERICA.,2017-08-25T00:00:00,2017,RESOLUCION,"RECALDE, HECTOR PEDRO",false,ninguno,,,,corpus,no,cerdo EEUU
HCDN204755,"PEDIDO DE INFORMES VERBALES A LOS MINISTROS DE HACIENDA SEÑOR NICOLAS DUJOVNE, DE FINANZAS SEÑOR LUIS CAPUTO Y DE ENERGIA Y MINERIA SEÑOR JUAN JOSE ARANGUREN, SOBRE LA MEDIDA DEL GOBIERNO DE LOS ESTADOS UNIDOS DE AMERICA POR LA CUAL RESTRINGE EL INGRESO DE BIOCOMBUSTIBLE ARGENTINO, Y OTRAS CUESTIONES CONEXAS.",2017-08-25T00:00:00,2017,RESOLUCION,"DE PONTI, LUCILA MARIA",false,ninguno,,,,corpus,no,biodiesel EEUU
HCDN204851,EXPRESAR PREOCUPACION POR LA DECISION DEL GOBIERNO DE LOS ESTADOS UNIDOS DE AMERICA DE LIMITAR LA IMPORTACION DE BIODIESEL ARGENTINO.,2017-08-29T00:00:00,2017,DECLARACION,"BAZZE, MIGUEL ANGEL",false,ninguno,,,,corpus,no,biodiesel EEUU
HCDN204927,"EXPRESAR PREOCUPACION POR LA DECISION DEL GOBIERNO ARGENTINO DE ABRIR LA IMPORTACION SE CARNE DE CERDO PROVENIENTE DE LOS ESTADOS UNIDOS DE AMERICA, Y OTRAS CUESTIONES CONEXAS.",2017-08-30T00:00:00,2017,RESOLUCION,"CREMER DE BUSTI, MARIA CRISTINA",false,ninguno,,,,corpus,no,cerdo EEUU
HCDN204929,"DECLARAR DE INTERES DE LA H. CAMARA EL ""7 CONGRESO INTERNACIONAL DE TURISMO, EDUCACION, INTERCULTURAL Y DESARROLLO LOCAL DE LAS MISIONES JESUITICAS GUARANIES DEL MERCOSUR"", A REALIZARSE LOS DIAS 27 Y 28 DE SEPTIEMBRE DE 2017 EN LA LOCALIDAD DE CORPUS, PROVINCIA DE MISIONES.",2017-08-30T00:00:00,2017,RESOLUCION,"CLOSS, MAURICE FABIAN",false,ninguno,,,,corpus,no,congreso
HCDN204937,EXPRESAR PREOCUPACION POR LA DECISION DEL GOBIERNO DE LOS ESTADOS UNIDOS DE AMERICA DE LIMITAR LA IMPORTACION DE BIODIESEL ARGENTINO.,2017-08-30T00:00:00,2017,DECLARACION,"NAZARIO, ADRIANA MONICA",false,ninguno,,,,corpus,no,biodiesel EEUU
HCDN204982,PEDIDO DE INFORMES AL PODER EJECUTIVO SOBRE DIVERSAS CUESTIONES RELACIONADAS CON LA IMPORTACION DE CARNE PORCINA DESDE LOS ESTADOS UNIDOS DE AMERICA.,2017-08-31T00:00:00,2017,RESOLUCION,"FRANCO, JORGE DANIEL",false,ninguno,,,,corpus,no,cerdo EEUU
HCDN205002,"DECLARAR DE INTERES NACIONAL LA PROMOCION, INVESTIGACION, DESARROLLO, PRODUCCION Y EL USO DE BIOCOMBUSTIBLES O BIOCARBURANTES.",2017-09-01T00:00:00,2017,LEY,"FRANA, SILVINA PATRICIA",false,ninguno,,,,corpus,no,biocombustibles
HCDN205011,ENCOMENDAR A LA COMISION DE RELACIONES EXTERIORES Y CULTO DE LA HONORABLE CAMARA COLABORE EN LAS GESTIONES PARA SOLUCIONAR EL CONFLICTO EN LA COMERCIALIZACION DE BIODIESEL CON LOS ESTADOS UNIDOS DE AMERICA.,2017-09-01T00:00:00,2017,RESOLUCION,"COPES, ANA ISABEL",false,ninguno,,,,corpus,no,biodiesel EEUU
HCDN205112,"EXPRESAR PREOCUPACION POR LA DECISION DE LOS ESTADOS UNIDOS DE AMERICA, DE IMPONER ARANCELES A LAS IMPORTACIONES DE BIODIESEL PROVENIENTES DE ARGENTINA.",2017-09-06T00:00:00,2017,RESOLUCION,"MIRANDA, PEDRO RUBEN",false,ninguno,,,,corpus,no,biodiesel EEUU
HCDN205118,"EXPRESAR PREOCUPACION POR LA DECISION DE LOS ESTADOS UNIDOS DE AMERICA, DE IMPONER DERECHOS COMPENSATORIOS PRELIMINARES A LAS IMPORTACIONES DE BIODIESEL PROVENIENTES DE ARGENTINA.",2017-09-06T00:00:00,2017,DECLARACION,"DE MENDIGUREN, JOSE IGNACIO",false,ninguno,,,,corpus,no,biodiesel EEUU
HCDN205331,PEDIDO DE INFORMES AL PODER EJECUTIVO SOBRE DIVERSAS CUESTIONES RELACIONADAS CON LA IMPORTACION DE CARNE PORCINA PROVENIENTE DE LOS ESTADOS UNIDOS DE AMERICA.,2017-09-13T00:00:00,2017,RESOLUCION,"PEREYRA, JUAN MANUEL",false,ninguno,,,,corpus,no,cerdo EEUU
HCDN205334,EXPRESAR REPUDIO POR EL ANUNCIO DE LA APERTURA ARGENTINA A LAS IMPORTACIONES DE CARNE PORCINA PROVENIENTE DE ESTADOS UNIDOS DE AMERICA.,2017-09-13T00:00:00,2017,RESOLUCION,"MARTINEZ, DARIO",false,ninguno,,,,corpus,no,cerdo EEUU
HCDN205425,"PRESUPUESTOS MINIMOS DE PROTECCION AMBIENTAL DE LOS BOSQUES NATIVOS - LEY 26331 -. MODIFICACION DEL ARTICULO 30, SOBRE CREACION DE UN FONDO NACIONAL.",2017-09-18T00:00:00,2017,LEY,"ISA, EVITA NELIDA",true,D,eudr_trazabilidad_forestal,administrativa_neutra,relacionada,corpus,si,26331 fondo
HCDN205429,PEDIDO DE INFORMES AL PODER EJECUTIVO SOBRE LOS FONDOS NACIONALES PARA EL ENRIQUECIMIENTO Y LA CONSERVACION DE LOS BOSQUES NATIVOS.,2017-09-18T00:00:00,2017,RESOLUCION,"ISA, EVITA NELIDA",true,D,eudr_trazabilidad_forestal,administrativa_neutra,relacionada,corpus,si,fondo bosques
HCDN205533,"EXPRESAR PREOCUPACION POR LA RESOLUCION DEL ""SERVICIO NACIONAL DE SANIDAD ANIMAL - SENASA -"", MEDIANTE LA CUAL SE FACILITA A FRIGORIFICOS BRASILEÑOS LA EXPORTACION DE CARNE BOVINA A NUESTRO PAIS.",2017-09-22T00:00:00,2017,RESOLUCION,"BARRETO, JORGE RUBEN",false,ninguno,,,,corpus,no,carne Brasil importacion
HCDN205599,"PEDIDO DE INFORMES AL PODER EJECUTIVO SOBRE LOS MOTIVOS DE LA DEMORA EN LA REGLAMENTACION DEL ""PROGRAMA DE TRAZABILIDAD"", RESPECTO DEL USO DE LA ""RACTOPAMINA"" COMO PROMOTOR DE CRECIMIENTO PARA LA PRODUCCION DE CERDOS.",2017-09-27T00:00:00,2017,RESOLUCION,"ALEGRE, GILBERTO OSCAR",true,D,eudr_trazabilidad_forestal,administrativa_neutra,relacionada,corpus,si,ractopamina trazabilidad (adjudicado D3/regla 2)
HCDN205607,"DECLARAR DE INTERES DE LA H. CAMARA LA ""XII REUNION DE ANTROPOLOGIA DEL MERCOSUR: EXPERIENCIAS ETNOGRAFICAS: DESAFIOS Y ACCIONES PARA EL SIGLO XXI"", A REALIZARSE DEL 4 AL 7 DE DICIEMBRE DE 2017 EN LA CIUDAD DE POSADAS, PROVINCIA DE MISIONES.",2017-09-27T00:00:00,2017,DECLARACION,"BRITEZ, MARIA CRISTINA",false,ninguno,,,,corpus,no,reunion academica
HCDN206477,"EXPRESAR BENEPLACITO POR LA ""VII EDICION DE LA FERIA DE ARTESANIAS DEL MERCOSUR"", REALIZADA DEL 11 AL 16 DE OCTUBRE DE 2017 EN LA CIUDAD DE PUERTO IGUAZU, PROVINCIA DE MISIONES.",2017-10-19T00:00:00,2017,DECLARACION,"DI STEFANO, DANIEL",false,ninguno,,,,corpus,no,feria
HCDN206745,"SOLICITAR AL PODER EJECUTIVO DISPONGA LAS MEDIDAS NECESARIAS PARA REGLAMENTAR LA LEY 26906, -REGIMEN DE TRAZABILIDAD Y VERIFICACION DE APTITUD TECNICA DE LOS PRODUCTOS MEDICOS ACTIVOS DE SALUD EN USO-.",2017-10-31T00:00:00,2017,RESOLUCION,"GIOJA, JOSE LUIS",false,ninguno,,,,corpus,no,trazabilidad productos medicos
HCDN206769,"DECLARAR DE INTERES DE LA H. CAMARA LA XII REUNION DE ANTROPOLOGIA DEL MERCOSUR ""EXPERIENCIAS ETNOGRAFICAS: DESAFIOS Y ACCIONES PARA EL SIGLO XXI"", A REALIZARSE DEL 4 AL 7 DE DICIEMBRE DE 2017 EN LA CIUDAD DE POSADAS, PROVINCIA DE MISIONES.",2017-11-01T00:00:00,2017,DECLARACION,"DI STEFANO, DANIEL",false,ninguno,,,,corpus,no,reunion academica
HCDN206823,"PEDIDO DE INFORMES AL PODER EJECUTIVO SOBRE DIVERSAS CUESTIONES RELACIONADAS CON LA DEMORA EN LA REGLAMENTACION DE LA LEY 27279, DE PRESUPUESTOS MINIMOS DE PROTECCION AMBIENTAL, PARA LA GESTION DE LOS ENVASES VACIOS DE FITOSANITARIOS.",2017-11-03T00:00:00,2017,RESOLUCION,"SNOPEK, GUILLERMO EUGENIO MARIO",false,ninguno,,,,corpus,no,envases fitosanitarios
HCDN207177,"SOLICITAR AL GOBIERNO DE LA PROVINCIA DE TUCUMAN DISPONGA EL REEMPLAZO DE LOS ARBOLES CITRICOS UBICADOS EN LAS CALLES, HOSPEDEROS DEL VECTOR DE LA ENFERMEDAD ""HUANGLONGBING.",2017-11-10T00:00:00,2017,DECLARACION,"CASAÑAS, JUAN FRANCISCO",false,ninguno,,,,corpus,no,HLB
HCDN207397,ESTABLECER UN REINTEGRO ADICIONAL A LA EXPORTACION EXTRAZONA ASIGNADO A LAS POSICIONES ARANCELARIAS DE LA NOMENCLATURA COMUN DEL MERCOSUR PARA LOS PISTACHOS.,2017-11-21T00:00:00,2017,LEY,"CASELLES, GRACIELA MARIA",false,ninguno,,,,corpus,no,NCM
HCDN208610,"SE ESTABLECE UN 10 % DE REINTEGRO ADICIONAL A LA EXPORTACION EXTRAZONA - RE - ASIGNADO A LAS POSICIONES ARANCELARIAS DE LA NOMENCLATURA COMUN DEL MERCOSUR - NCM -, PARA LA ""DOLOMITA CRUDA"" Y ""DOLOMITA CALCINADA"".",2017-11-29T00:00:00,2017,LEY,"CASELLES, GRACIELA MARIA",false,ninguno,,,,corpus,no,NCM
HCDN208628,"SE ESTABLECE UN 10 % DE REINTEGRO ADICIONAL A LA EXPORTACION EXTRAZONA - RE - ASIGNADO A LAS POSICIONES ARANCELARIAS DE LA NOMENCLATURA COMUN DEL MERCOSUR - NCM -, PARA LA ""CAL VIVIA ""Y ""CAL APAGADA"".",2017-11-29T00:00:00,2017,LEY,"CASELLES, GRACIELA MARIA",false,ninguno,,,,corpus,no,NCM
HCDN208629,"SE ESTABLECE UN 10 % DE REINTEGRO ADICIONAL A LA EXPORTACION EXTRAZONA - RE - ASIGNADO A LAS POSICIONES ARANCELARIAS DE LA NOMENCLATURA COMUN DEL MERCOSUR - NCM, EN ""VINO ESPUMOSO"", ""VINOS"", ""VINO FINO"", ""VINOS A GRANEL"" Y ""MOSTO DE UVA"".",2017-11-29T00:00:00,2017,LEY,"CASELLES, GRACIELA MARIA",false,ninguno,,,,corpus,no,NCM
HCDN208631,"SE ESTABLECE UN 10 % DE REINTEGRO ADICIONAL A LA EXPORTACION EXTRAZONA - RE - ASIGNADO A LAS POSICIONES ARANCELARIAS DE LA NOMENCLATURA COMUN DEL MERCOSUR - NCM -, PARA LA ""CRETA"", ""CARBONATO DE CALCIO"" Y ""CARBURO DE CALCIO"".",2017-11-29T00:00:00,2017,LEY,"CASELLES, GRACIELA MARIA",false,ninguno,,,,corpus,no,NCM
HCDN208657,"ARANCELES Y HONORARIOS DE ABOGADOS Y PROCURADORES - LEY 21839 -. MODIFICACION, SOBRE BASE REGULATORIA Y ACTUALIZACION DE LOS MONTOS.",2017-11-30T00:00:00,2017,LEY,"RECALDE, HECTOR PEDRO",false,ninguno,,,,corpus,no,honorarios
HCDN208669,"SE ESTABLECE UN 10 % DE REINTEGRO ADICIONAL A LA EXPORTACION EXTRAZONA - RE - ASIGNADO A LAS POSICIONES ARANCELARIAS DE LA NOMENCLATURA COMUN DEL MERCOSUR - NCM, EN ""SILICIO"" Y ""FERROSILICIO"".",2017-11-30T00:00:00,2017,LEY,"CASELLES, GRACIELA MARIA",false,ninguno,,,,corpus,no,NCM
HCDN208676,"SE ESTABLECE UN 10 % DE REINTEGRO ADICIONAL A LA EXPORTACION EXTRAZONA - R.E - ASIGNADO A LAS POSICIONES ARANCELARIAS DE LA NOMENCLATURA COMUN DEL MERCOSUR - NCM -, EN ""CEBOLLAS"" Y ""ECHALOTES"".",2017-11-30T00:00:00,2017,LEY,"CASELLES, GRACIELA MARIA",false,ninguno,,,,corpus,no,NCM
HCDN208678,"SE ESTABLECE UN 10 % DE REINTEGRO ADICIONAL A LA EXPORTACION EXTRAZONA - RE - ASIGNADO A LAS POSICIONES ARANCELARIAS DE LA NOMENCLATURA COMUN DEL MERCOSUR - NCM, EN UVAS FRESCAS Y PASAS DE UVA.",2017-11-30T00:00:00,2017,LEY,"CASELLES, GRACIELA MARIA",false,ninguno,,,,corpus,no,NCM
HCDN208679,"SE ESTABLECE UN 10 % DE REINTEGRO ADICIONAL A LA EXPORTACION EXTRAZONA - RE - ASIGNADO A LAS POSICIONES ARANCELARIAS DE LA NOMENCLATURA COMUN DEL MERCOSUR - NCM, EN ""CIRUELAS EN FRESCO"" Y ""CIRUELAS SECAS"".",2017-11-30T00:00:00,2017,LEY,"CASELLES, GRACIELA MARIA",false,ninguno,,,,corpus,no,NCM
HCDN208806,DECLARAR DE INTERES DE LA H. CAMARA LA EXPORTACION DE BIODIESEL COMO ACTIVIDAD RELEVANTE DENTRO DEL COMERCIO EXTERIOR ARGENTINO.,2017-12-01T00:00:00,2017,DECLARACION,"SCHMIDT LIERMANN, CORNELIA",false,ninguno,,,,corpus,si,exportacion biodiesel sin contraparte (sonda)
HCDN208979,"COMUNICACION EL DECRETO 979 DE FECHA 28 DE NOVIEMBRE DE 2017, DICTADO EN USO DE FACULTADES DELEGADAS, POR EL CUAL SE ESTABLECE EN EL 10,5% LA TASA PREVISTA EN EL INCISO B) DEL ARTICULO 70 DE LA LEY DE IMPUESTOS INTERNOS, TEXTO ORDENADO 1979 Y SUS MODIFICACIONES, PARA LOS BIENES QUE SE CLASIFICAN EN LAS POSICIONES ARANCELARIAS DE LA NOMENCLATURA COMUN DEL MERCOSUR QUE SE INDICAN EN EL ANEXO DEL PRESENTE.",2017-12-07T00:00:00,2017,MENSAJE,"PEÑA, MARCOS",false,ninguno,,,,corpus,no,impuestos internos NCM
HCDN211605,"PEDIDO DE INFORMES AL PODER EJECUTIVO SOBRE EL ACUERDO ENTRE LA UNION EUROPEA Y EL MERCADO COMUN DEL SUR - MERCOSUR, Y OTRAS CUESTIONES CONEXAS.",2018-02-21T00:00:00,2018,RESOLUCION,"MERCADO, VERONICA",true,A,acuerdo_ue_mercosur,administrativa_neutra,explicita,corpus,no,acuerdo UE-Mercosur
HCDN211758,EXPRESAR RECHAZO POR LA BAJA Y/O ELIMINACION EN EL REGIMEN ARANCELARIO PARA EL INGRESO DE ACEITE DE OLIVA Y ACEITUNA DE MESA A NUESTRO PAIS.,2018-03-02T00:00:00,2018,RESOLUCION,"MERCADO, VERONICA",false,ninguno,,,,corpus,si,arancel importacion aceite de oliva sin contraparte
HCDN211903,IMPORTACION DE AMBULANCIAS Y AUTOBOMBAS CON REGIMEN ARANCELARIO ESPECIAL. CREACION.,2018-03-05T00:00:00,2018,LEY,"BEVILACQUA, GUSTAVO",false,ninguno,,,,corpus,no,arancel ambulancias
HCDN211972,REGIMEN PENAL DE PROTECCION AL BOSQUE NATIVO.,2018-03-06T00:00:00,2018,LEY,"SORIA, MARIA EMILIA",true,D,eudr_trazabilidad_forestal,administrativa_neutra,relacionada,corpus,si,regimen penal bosque nativo
HCDN211995,"BOSQUES NATIVOS (LEY 26331): MODIFICACION DEL ARTICULO 2, SOBRE AMPLIACION DE LA SUPERFICIE PROPIEDAD DE LAS COMUNIDADES INDIGENAS Y DE PEQUEÑOS PRODUCTORES A TREINTA HECTAREAS (REPRODUCCION DEL EXPEDIENTE 0077-D-16).",2018-03-06T00:00:00,2018,LEY,"BIANCHI, IVANA MARIA",true,D,eudr_trazabilidad_forestal,administrativa_neutra,relacionada,corpus,si,26331 art 2
HCDN212193,"SOLICITAR AL PODER EJECUTIVO DISPONGA DECLARAR EN EMERGENCIA ECONOMICA, PRODUCTIVA, FINANCIERA Y SOCIAL POR EL TERMINO DE 365 DIAS A LA CADENA DE PRODUCCION DE CITRICOS DE LAS PROVINCIAS DE ENTRE RIOS, CORRIENTES, MISIONES Y JUJUY.",2018-03-07T00:00:00,2018,RESOLUCION,"CRESTO, MAYDA",false,ninguno,,,,corpus,no,emergencia citricola
HCDN212222,"ELECCION DE PARLAMENTARIOS DEL MERCOSUR - LEY 27120 -. MODIFICACION DEL ARTICULO 16, SOBRE INMUNIDADES PARLAMENTARIAS Y DICTADO DE UNA LEY ESPECIAL PARA ESTABLECER LA SITUACION LABORAL, REMUNERATORIA, PREVISIONAL Y PROTOCOLAR.",2018-03-08T00:00:00,2018,LEY,"CARRIO, ELISA MARIA AVELINA",true,C,mercosur_institucional,administrativa_neutra,relacionada,corpus,no,Parlasur inmunidades
HCDN212506,"HONORARIOS PROFESIONALES DE ABOGADOS Y PROCURADORES - LEY 24432: MODIFICACION DEL ARTICULO 12° INCISOS E), J), K), L) Y Q), SOBRE INCORPORACION DEL ""JUS"" COMO UNIDAD ARANCELARIA DE HONORARIOS PROFESIONALES DEL ABOGADO, ACTUALIZACION DE MINIMOS E INTERESES DE HONORARIOS (REPRODUCCION DEL EXPEDIENTE 0848-D-16).",2018-03-12T00:00:00,2018,LEY,"MESTRE, DIEGO MATIAS",false,ninguno,,,,corpus,no,honorarios
HCDN212643,"DECLARAR DE INTERES DE LA HONORABLE CAMARA LAS ""RECOMENDACIONES PARA NORMATIVAS DE DEPARTAMENTOS, MUNICIPIOS Y PARTIDOS QUE REGULEN SOBRE APLICACIONES DE PRODUCTOS FITOSANITARIOS"", ELABORADAS POR LA RED DE BUENAS PRACTICAS AGRICOLAS.",2018-03-14T00:00:00,2018,RESOLUCION,"TORELLO, PABLO",false,ninguno,,,,corpus,no,fitosanitarios
HCDN213062,PRESUPUESTOS MINIMOS DE PROTECCION AMBIENTAL PARA LA TRAZABILIDAD DE AGROQUIMICOS. REGIMEN.,2018-03-22T00:00:00,2018,LEY,"ZAMARBIDE, FEDERICO RAUL",true,D,eudr_trazabilidad_forestal,administrativa_neutra,relacionada,corpus,si,trazabilidad agroquimicos (adjudicado D7)
HCDN213122,"EXPRESAR BENEPLACITO POR LA OBTENCION DEL SEGUNDO PUESTO DE LOS PRODUCTORES APICOLAS DE LA LOCALIDAD DE ALUMINE, PROVINCIA DEL NEUQUEN, EN LA ""EXPO MIEL DEL MERCOSUR"", REALIZADA DEL 16 AL 18 DE MARZO DEL 2018 EN LA PROVINCIA DE ENTRE RIOS.",2018-03-22T00:00:00,2018,DECLARACION,"SAPAG, ALMA LILIANA",false,ninguno,,,,corpus,no,expo miel
HCDN213317,"REGIMEN PENAL DE PROTECCION AL BOSQUE NATIVO. MODIFICACION DEL ARTICULO 11 DE LA LEY 27146, DE ORGANIZACION Y COMPETENCIA DE LA JUSTICIA FEDERAL Y NACIONAL PENAL.",2018-04-04T00:00:00,2018,LEY,"DONDA PEREZ, VICTORIA ANALIA",true,D,eudr_trazabilidad_forestal,administrativa_neutra,relacionada,corpus,si,regimen penal bosque nativo
HCDN213494,"NACIONAL DEL DEPORTE - LEY 20655 -. MODIFICACION DEL ARTICULO 2, SOBRE OBLIGATORIEDAD DEL CARNE SANITARIO DEPORTIVO -CSD-.",2018-04-05T00:00:00,2018,LEY,"MARTIARENA, JOSE LUIS",false,ninguno,,,,corpus,no,carne sanitario deportivo
HCDN213793,EXPRESAR PREOCUPACION POR LA DECISION DE LA COMISION DE COMERCIO INTERNACIONAL DE ESTADOS UNIDOS (ITC) DE COBRAR UN ARANCEL A LA IMPORTACION DE BIODIESEL ARGENTINO.,2018-04-11T00:00:00,2018,DECLARACION,"SAPAG, ALMA LILIANA",false,ninguno,,,,corpus,no,biodiesel EEUU
HCDN213895,"DECLARAR LA VALIDEZ DEL DECRETO 147/18, DE FACULTADES DELEGADAS, POR EL CUAL SE PRORROGA A PARTIR DEL 1 DE ENERO DE 2018 Y HASTA LA FECHA EN QUE SURTAN EFECTO LAS DISPOSICIONES DEL TITULO IV DE LA LEY 27430, LA VIGENCIA DEL TRATAMIENTO DISPUESTO PARA EL BIODIESEL COMBUSTIBLE Y EL BIODIESEL PURO ESTABLECIDO POR EL ARTICULO 4 DEL CAPITULO I DE LA LEY 23966.",2018-04-17T00:00:00,2018,RESOLUCION,BICAMERAL PERMANENTE DE TRAMITE LEGISLATIVO - LEY 26122,false,ninguno,,,,corpus,si,prorroga fiscal biodiesel (sonda)
HCDN214001,PROMOCION PARA LA PRODUCCION DE BIOCOMBUSTIBLES DE SEGUNDA GENERACION. REGIMEN.,2018-04-17T00:00:00,2018,LEY,"LEAVY, SERGIO NAPOLEON",false,ninguno,,,,corpus,no,biocombustibles
HCDN214389,EXPRESAR BENEPLACITO POR EL INCREMENTO DE LA PRODUCCION Y EL CONSUMO DE CARNE BOVINA EN EL ULTIMO AÑO.,2018-04-24T00:00:00,2018,DECLARACION,"OLIVARES, HECTOR ENRIQUE",false,ninguno,,,,corpus,no,produccion carne
HCDN214588,"PRESUPUESTOS MINIMOS DE PROTECCION AMBIENTAL PARA LA GESTION DE LOS ENVASES VACIOS DE FITOSANITARIOS - LEY 27279 -. MODIFICACION DEL ARTICULO 25, SOBRE MULTAS Y SUSPENSION DE ACTIVIDADES.",2018-04-26T00:00:00,2018,LEY,"TORELLO, PABLO",false,ninguno,,,,corpus,no,envases fitosanitarios
HCDN214784,EXPRESAR PREOCUPACION POR LAS NEGOCIACIONES DEL MERCOSUR TENDIENTES A CONCRETAR LA FIRMA DE UN TRATADO DE LIBRE COMERCIO CON LA UNION EUROPEA.,2018-05-04T00:00:00,2018,DECLARACION,"HUSS, JUAN MANUEL",true,A,acuerdo_ue_mercosur,proteccionista_defensiva,explicita,corpus,no,preocupacion por TLC Mercosur-UE
HCDN214912,"""COOPERATIVA DE TRABAJO INCOB -INDUSTRIA DE LA CARNE OBRERA- LIMITADA"", UBICADA EN BAHIA BLANCA, PROVINCIA DE BUENOS AIRES. CONDONACION DE SU DEUDA CON LA ""ADMINISTRACION FEDERAL DE INGRESOS PUBLICOS -AFIP-"", EN EL LAPSO COMPRENDIDO ENTRE LOS AÑOS 2007 Y OCTUBRE DE 2015 (REPRODUCCION DEL EXPEDIENTE 6685-D-16).",2018-05-10T00:00:00,2018,LEY,"DEL PLA, ROMINA",false,ninguno,,,,corpus,no,cooperativa deuda
HCDN215050,"HONORARIOS PROFESIONALES DE ABOGADOS, PROCURADORES Y AUXILIARES DE LA JUSTICIA NACIONAL Y FEDERAL - LEY 27423 -. MODIFICACION DEL ARTICULO 19, SOBRE UNIDAD DE MEDIDA ARANCELARIA -UMA-.",2018-05-15T00:00:00,2018,LEY,"HERS CABRAL, ANABELLA RUTH",false,ninguno,,,,corpus,no,honorarios
HCDN215119,"EXPRESAR BENEPLACITO POR EL PRIMER LUGAR EN LA CATEGORIA ""MIELES OSCURAS"" QUE OBTUVO EL APICULTOR SERGIO IGLESIAS, EN EL ""20 CONCURSO INTERNACIONAL DE MIELES MULTIFLORALES DE LA EXPOAPICOLA 2018 DEL MERCOSUR"".",2018-05-16T00:00:00,2018,RESOLUCION,"NAZARIO, ADRIANA MONICA",false,ninguno,,,,corpus,no,expo miel
HCDN215152,"PEDIDO DE INFORMES AL PODER EJECUTIVO SOBRE LA SITUACION ACTUAL DE LA EMPRESA ""BRF ARGENTINA - EX AVEX S.A. -"" QUE OPERA EN LA PROVINCIA DE CORDOBA, RESPECTO A LOS DESPIDOS DE TRABAJADORES INVOLUCRADOS EN LA ADULTERACION DE CARNE",2018-05-17T00:00:00,2018,RESOLUCION,"ESTEVEZ, GABRIELA BEATRIZ",false,ninguno,,,,corpus,no,BRF adulteracion
HCDN216279,SOLICITAR AL PODER EJECUTIVO ADOPTE LAS MEDIDAS NECESARIAS PARA RESTRINGIR LA IMPORTACION DE LLANTAS DE ACERO Y CHAPA.,2018-05-23T00:00:00,2018,RESOLUCION,"CONTIGIANI, LUIS GUSTAVO",false,ninguno,,,,corpus,no,importacion llantas acero
HCDN217993,"SECRETARIA DE INSPECCION FITOSANITARIA AGROPECUARIA NACIONAL -IFAN-. CREACION EN EL AMBITO DEL MINISTERIO DE AGRICULTURA, GANADERIA Y PESCA DE LA NACION.",2018-06-08T00:00:00,2018,LEY,"GARRETON, FACUNDO",false,ninguno,,,,corpus,no,fitosanitarios
HCDN217938,"APROBACION DEL ACUERDO DE COMPLEMENTACION ECONOMICA N° 35 CELEBRADO ENTRE LOS ESTADOS PARTES DEL MERCOSUR Y LA REPUBLICA DE CHILE- SEXAGESIMO PRIMER PROTOCOLO ADICIONAL, SUSCRIPTO EN LA CIUDAD DE MONTEVIDEO REPUBLICA ORIENTAL DEL URUGUAY - EL 4 DE ENERO DE 2018.",2018-06-12T00:00:00,2018,MENSAJE Y PROYECTO DE LEY,"MACRI, MAURICIO",true,C,mercosur_institucional,pro_liberalizacion,relacionada,corpus,no,ACE 35 Mercosur-Chile
HCDN218040,REGIMEN ARANCELARIO PARA LA EXPORTACION DE CUERO CRUDO BOVINO - VACUNO DE LA REPUBLICA ARGENTINA. CREACION.,2018-06-12T00:00:00,2018,LEY,"SELVA, CARLOS AMERICO",false,ninguno,,,,corpus,si,regimen arancelario exportacion cuero
HCDN218207,"PEDIDO DE INFORMES AL PODER EJECUTIVO SOBRE EL PRECIO DE ADQUISICION DEL BIOETANOL, DESTINADO A LA MEZCLA PARA LA PRODUCCION Y USO SUSTENTABLE DE BIOCOMBUSTIBLES CREADO POR LEY 26093, Y OTRAS CUESTIONES CONEXAS.",2018-06-18T00:00:00,2018,RESOLUCION,"MOISES, MARIA CAROLINA",false,ninguno,,,,corpus,no,bioetanol precio
HCDN218439,"HONORARIOS PROFESIONALES DE ABOGADOS, PROCURADORES Y AUXILIARES DE LA JUSTICIA NACIONAL Y FEDERAL - LEY 27423 -. MODIFICACION DEL ARTICULO 19, SOBRE UNIDAD DE MEDIDA ARANCELARIA -UMA-.",2018-06-26T00:00:00,2018,LEY,"HERS CABRAL, ANABELLA RUTH",false,ninguno,,,,corpus,no,honorarios
HCDN219069,"REGISTRO DE PROPIEDAD AUTOMOTOR - DECRETO LEY 6582/58 . MODIFICACION DEL ARTICULO 9, SOBRE ABONO DE ARANCELES.",2018-07-11T00:00:00,2018,LEY,"RAMON, JOSE LUIS",false,ninguno,,,,corpus,no,aranceles registro
HCDN219257,PEDIDO DE INFORMES AL PODER EJECUTIVO SOBRE EL CUMPLIMIENTO DE LA LEY 26331 - PROTECCION AMBIENTAL DE LOS BOSQUES NATIVOS - Y OTRAS CUESTIONES CONEXAS,2018-07-12T00:00:00,2018,RESOLUCION,"BIANCHI, IVANA MARIA",true,D,eudr_trazabilidad_forestal,administrativa_neutra,relacionada,corpus,si,26331
HCDN219343,"DECLARESE EL 26 DE MARZO DE CADA AÑO COMO ""DIA DEL MERCOSUR"".",2018-07-13T00:00:00,2018,LEY,"RISTA, OLGA MARIA",true,C,mercosur_simbolico,administrativa_neutra,relacionada,corpus,si,Dia del Mercosur
HCDN220007,"DECLARAR DE INTERES DE LA H. CAMARA LA ""JORNADA SOBRE BUENAS PRACTICAS DE APLICACION DE PRODUCTOS FITOSANITARIOS"", REALIZADA EL 18 DE JULIO DE 2018 EN VIALE, PROVINCIA DE ENTRE RIOS.",2018-08-03T00:00:00,2018,RESOLUCION,"FREGONESE, ALICIA",false,ninguno,,,,corpus,no,jornada
HCDN220013,SOLICITAR AL PODER EJECUTIVO DISPONGA LAS MEDIDAS NECESARIAS PARA ESPECIFICAR DE MANERA MAS PRECISA Y COMPLETA LOS REQUERIMIENTOS DEMOCRATICOS MINIMOS EXIGIBLES A LOS ESTADOS NACIONALES MIEMBROS DEL MERCOSUR.,2018-08-03T00:00:00,2018,RESOLUCION,"IGLESIAS, FERNANDO ADOLFO",true,C,mercosur_institucional,administrativa_neutra,relacionada,corpus,no,clausula democratica del bloque
HCDN220111,"PEDIDO DE INFORMES AL PODER EJECUTIVO SOBRE EL CUMPLIMIENTO DE LA LEY DE BOSQUES 26331 Y EL ESTADO ACTUAL DE LOS BOSQUES NATIVOS EN EL TERRITORIO DE LA REPUBLICA ARGENTINA, Y OTRAS CUESTIONES CONEXAS.",2018-08-07T00:00:00,2018,RESOLUCION,"BIANCHI, IVANA MARIA",true,D,eudr_trazabilidad_forestal,administrativa_neutra,relacionada,corpus,si,26331
HCDN220268,EXPRESAR PREOCUPACION POR LA APERTURA DE IMPORTACIONES PARA LA ADQUISICION DE CARNE PORCINA PROVENIENTE DE ESTADOS UNIDOS DE AMERICA.,2018-08-08T00:00:00,2018,RESOLUCION,"BIANCHI, IVANA MARIA",false,ninguno,,,,corpus,no,cerdo EEUU
HCDN220959,"SOLICITAR AL PODER EJECUTIVO LAS ACCIONES NECESARIAS PARA CONSTITUIR EL ""FONDO NACIONAL PARA EL ENRIQUECIMIENTO Y CONSERVACION DE LOS BOSQUES NATIVOS"" (FNECBN), PARA EL EJERCICIO 2018, PREVISTO EN LA LEY 26331 DE ""PRESUPUESTOS MINIMOS DE PROTECCION AMBIENTAL DE LOS BOSQUES NATIVOS"".",2018-08-24T00:00:00,2018,RESOLUCION,"DERNA, VERONICA",true,D,eudr_trazabilidad_forestal,administrativa_neutra,relacionada,corpus,si,fondo bosques
HCDN221977,"APROBACION DEL PROTOCOLO DE COOPERACION Y FACILITACION DE INVERSIONES INTRA - MERCOSUR, SUSCRIPTO EN LA CIUDAD AUTONOMA DE BUENOS AIRES, EL 7 DE ABRIL DE 2017.",2018-09-04T00:00:00,2018,MENSAJE Y PROYECTO DE LEY,"MACRI, MAURICIO",true,C,mercosur_institucional,pro_liberalizacion,relacionada,corpus,no,protocolo de inversiones intra-Mercosur
HCDN221582,SOLICITAR AL PODER EJECUTIVO DISPONGA LAS MEDIDAS NECESARIAS PARA ANALIZAR LOS EFECTOS NOCIVOS DEL USO DEL PRODUCTO GENERICO FITOSANITARIO DENOMINADO CLORPIRIFOS.,2018-09-06T00:00:00,2018,DECLARACION,"OLIVARES, HECTOR ENRIQUE",false,ninguno,,,,corpus,no,clorpirifos
HCDN221790,SISTEMA DE TRAZABILIDAD DE LA PESCA. CREACION.,2018-09-12T00:00:00,2018,LEY,"SELVA, CARLOS AMERICO",true,D,eudr_trazabilidad_forestal,administrativa_neutra,relacionada,corpus,si,trazabilidad pesca (adjudicado D5)
HCDN221831,"EXPRESAR BENEPLACITO POR LA REUNION CONJUNTA ENTRE LOS MINISTROS DE EDUCACION DE LOS PAISES MIEMBROS DEL G20 Y DE LA UNION EUROPEA, SOBRE LOS DESAFIOS EN LA EDUCACION EN LOS PROXIMOS AÑOS, REALIZADA EL 5 DE SEPTIEMBRE DE 2018 EN LA PROVINCIA DE MENDOZA.",2018-09-13T00:00:00,2018,DECLARACION,"MORALES, FLAVIA",false,ninguno,,,,corpus,no,G20-UE educacion
HCDN222231,"DECLARAR DE INTERES DE LA H. CAMARA LA PRESENTACION NACIONAL E INTERNACIONAL DE LA ""29 FIESTA NACIONAL Y 15 FIESTA DEL CHAMAME DEL MERCOSUR"", A CELEBRARSE EL DIA 30 DE SEPTIEMBRE DE 2018 EN LA CIUDAD AUTONOMA DE BUENOS AIRES.",2018-09-21T00:00:00,2018,RESOLUCION,"BRAMBILLA, SOFIA",false,ninguno,,,,corpus,no,chamame
HCDN222573,PEDIDO DE INFORMES AL PODER EJECUTIVO SOBRE LOS PUNTOS VINCULADOS A LA IMPORTACION DE CARNE PORCINA CONGELADA.,2018-10-02T00:00:00,2018,RESOLUCION,"DE MENDIGUREN, JOSE IGNACIO",false,ninguno,,,,corpus,no,importacion cerdo
HCDN222729,"DECLARAR DE INTERES DE LA H. CAMARA LA ""JORNADA SOBRE BUENAS PRACTICAS DE APLICACION DE PRODUCTOS FITOSANITARIOS"", A REALIZARSE EL 9 DE OCTUBRE DE 2018 EN LA LOCALIDAD DE VICTORIA, PROVINCIA DE ENTRE RIOS.",2018-10-05T00:00:00,2018,RESOLUCION,"FREGONESE, ALICIA",false,ninguno,,,,corpus,no,jornada
HCDN222816,"DECLARAR DE INTERES DE LA H. CAMARA LA ""VIII EDICION DE LA FERIA DE ARTESANIAS DEL MERCOSUR"", A REALIZARSE DEL 15 AL 19 DE NOVIEMBRE DE 2018 EN PUERTO IGUAZU, PROVINCIA DE MISIONES.",2018-10-09T00:00:00,2018,DECLARACION,"DERNA, VERONICA",false,ninguno,,,,corpus,no,feria
HCDN223222,"EXPRESAR BENEPLACITO POR LA CREACION DEL ""PROGRAMA SPOTLIGHT"", INICIATIVA GLOBAL DE LA ""UNION EUROPEA"" Y DE LAS ""NACIONES UNIDAS"" PARA LA ELIMINACION DE TODAS LAS FORMAS DE VIOLENCIA CONTRA LAS MUJERES Y LAS NIÑAS.",2018-10-19T00:00:00,2018,DECLARACION,"DI STEFANO, DANIEL",false,ninguno,,,,corpus,no,UE-ONU violencia genero
HCDN223243,"EXPRESAR BENEPLACITO POR EL ""VI ENCUENTRO DE BIBLIOTECARIOS Y AGENTES DE BIBLIOTECA DEL MERCOSUR"", A REALIZARSE EL 22 Y 23 DE OCTUBRE DE 2018 EN LA CIUDAD DE POSADAS, PROVINCIA DE MISIONES.",2018-10-22T00:00:00,2018,DECLARACION,"DI STEFANO, DANIEL",false,ninguno,,,,corpus,no,encuentro
HCDN223633,SE ESTABLECE UN 10 % DE REINTEGRO ADICIONAL A LA EXPORTACION EXTRAZONA - R.E. - ASIGNADO A LAS POSICIONES ARANCELARIAS DE LA NOMENCLATURA COMUN DEL MERCOSUR - NCM - PARA EL ACEITE DE OLIVA VIRGEN Y REFINADO Y ACEITUNAS EN CONSERVA.,2018-11-05T00:00:00,2018,LEY,"CASELLES, GRACIELA MARIA",false,ninguno,,,,corpus,no,NCM
HCDN224765,JUGO DE UVA - INCLUIDO EL MOSTO -. SE ESTABLECE UN REINTEGRO DEL 8% EN LAS POSICIONES ARANCELARIAS DE LA NOMENCLATURA COMUN DEL MERCOSUR.,2018-11-08T00:00:00,2018,LEY,"CASELLES, GRACIELA MARIA",false,ninguno,,,,corpus,no,NCM
HCDN224766,UVAS FRESCAS Y PASAS DE UVAS ENVASADAS. SE ESTABLECE UN REINTEGRO DEL 6% Y 7% EN LAS POSICIONES ARANCELARIAS DE LA NOMENCLATURA COMUN DEL MERCOSUR.,2018-11-08T00:00:00,2018,LEY,"CASELLES, GRACIELA MARIA",false,ninguno,,,,corpus,no,NCM
HCDN224877,"ELEVAR LOS PORCENTAJES DE LOS REINTEGROS A LA EXPORTACION ESTABLECIDOS EN EL DECRETO 767/18 SOBRE NOMENCLATURA COMUN DEL MERCOSUR PARAR VINOS DE UVAS FRESCAS, VINOS ESPUMANTES, VINOS A GRANEL Y MOSTO DE UVA.",2018-11-12T00:00:00,2018,LEY,"CASELLES, GRACIELA MARIA",false,ninguno,,,,corpus,no,NCM reintegros
HCDN225049,"DECLARAR DE INTERES DE LA H. CAMARA EL ""49° FESTIVAL NACIONAL DE LA MUSICA DEL LITORAL Y 11° DEL MERCOSUR"", A REALIZARSE DEL 16 AL 18 DE NOVIEMBRE DE 2018 EN LA CIUDAD DE POSADAS, PROVINCIA DE MISIONES.",2018-11-15T00:00:00,2018,RESOLUCION,"DI STEFANO, DANIEL",false,ninguno,,,,corpus,no,festival
HCDN225171,"DECLARAR DE INTERES DE LA HONORABLE CAMARA EL BIOCOMBUSTIBLE ""LADPAC"" DISEÑADO POR ALUMNOS DEL ""INSTITUTO PROVINCIAL DE EDUCACION TERCIARIA 76 GUSTAVO RIERMANN"", DE VILLA RUMIPAL, CALAMUCHITA , PROVINCIA DE CORDOBA.",2018-11-20T00:00:00,2018,DECLARACION,"HUMMEL, ASTRID",false,ninguno,,,,corpus,no,biocombustible escolar
HCDN225245,"EXPRESAR BENEPLACITO POR LA ""9° EDICION NACIONAL DEL PARLAMENTO JUVENIL MERCOSUR"", REALIZADA EN EL MES DE NOVIEMBRE DE 2018 EN LA CIUDAD AUTONOMA DE BUENOS AIRES.",2018-11-21T00:00:00,2018,DECLARACION,"VAZQUEZ, JUAN BENEDICTO",true,C,mercosur_simbolico,administrativa_neutra,relacionada,corpus,si,Parlamento Juvenil del Mercosur
HCDN225247,"DECLARAR DE INTERES DE LA H. CAMARA EL 49º FESTIVAL NACIONAL DE LA MUSICA DEL LITORAL Y 11º DEL MERCOSUR REALIZADO DEL 16 AL 18 DE NOVIEMBRE DE 2018 EN EL ANFITEATRO ""MANUEL ANTONIO RAMIREZ"" DE LA CIUDAD DE POSADAS, PROVINCIA DE MISIONES.",2018-11-21T00:00:00,2018,DECLARACION,"DI STEFANO, DANIEL",false,ninguno,,,,corpus,no,festival
HCDN225422,AJO Y SUS DERIVADOS. SE ESTABLECE UN REINTEGRO ENTRE EL 4% Y 9% EN LAS POSICIONES ARANCELARIAS DE LA NOMENCLATURA COMUN DEL MERCOSUR.,2018-11-27T00:00:00,2018,LEY,"CASELLES, GRACIELA MARIA",false,ninguno,,,,corpus,no,NCM
HCDN225467,PISTACHOS. SE ESTABLECE UN REINTEGRO DEL 6% EN LAS POSICIONES ARANCELARIAS DE LA NOMENCLATURA COMUN DEL MERCOSUR.,2018-11-28T00:00:00,2018,LEY,"CASELLES, GRACIELA MARIA",false,ninguno,,,,corpus,no,NCM
HCDN225488,"EXPRESAR BENEPLACITO POR EL ""ACUERDO DE RECONOCIMIENTO DE TITULOS DE GRADO DE EDUCACION SUPERIOR"", ENTRE AUTORIDADES EDUCATIVAS DEL MERCOSUR.",2018-11-28T00:00:00,2018,RESOLUCION,"MENDOZA, JOSEFINA",true,C,mercosur_institucional,administrativa_neutra,relacionada,corpus,no,acuerdo de titulos del bloque
HCDN225528,EXPRESAR BENEPLACITO POR LA RESTITUCION DEL SISTEMA DE EQUIVALENCIAS SANITARIAS PARA LA CARNE BOVINA ENTRE ESTADOS UNIDOS Y LA REPUBLICA ARGENTINA.,2018-12-03T00:00:00,2018,DECLARACION,"LOSPENNATO, SILVIA GABRIELA",false,ninguno,,,,corpus,no,equivalencias EEUU
HCDN225849,REGIMEN PENAL DE PROTECCION AL BOSQUE NATIVO.,2018-12-10T00:00:00,2018,LEY,"DOÑATE, CLAUDIO MARTIN",true,D,eudr_trazabilidad_forestal,administrativa_neutra,relacionada,corpus,si,regimen penal bosque nativo
HCDN227314,SOLICITAR AL PODER EJECUTIVO DISPONGA ACTUALIZAR LOS ARANCELES DEL SISTEMA DE PRESTACIONES BASICAS DE ATENCION INTEGRAL A FAVOR DE LAS PERSONAS CON DISCAPACIDAD.,2018-12-20T00:00:00,2018,RESOLUCION,"SIERRA, MAGDALENA",false,ninguno,,,,corpus,no,aranceles discapacidad
HCDN227787,"PEDIDO DE INFORMES AL PODER EJECUTIVO SOBRE DIVERSAS CUESTIONES RELACIONADAS CON EL CUMPLIMIENTO DE LA LEY 26331, DE PRESUPUESTOS MINIMOS DE PROTECCION AMBIENTAL DE LOS BOSQUES NATIVOS.",2019-02-12T00:00:00,2019,RESOLUCION,"CONTIGIANI, LUIS GUSTAVO",true,D,eudr_trazabilidad_forestal,administrativa_neutra,relacionada,corpus,si,26331
HCDN227840,"EXPRESAR PREOCUPACION POR EL ARANCELAMIENTO DE ESTUDIOS DE PREGRADO Y GRADO, A ESTUDIANTES CUYO PAIS DE EGRESO DE ESTUDIOS SECUNDARIOS NO SEA HISPANOPARLANTE, QUE IMPLEMENTO LA ""UNIVERSIDAD NACIONAL DE LA MATANZA"", PROVINCIA DE BUENOS AIRES.",2019-02-19T00:00:00,2019,RESOLUCION,"ALONSO, LAURA V.",false,ninguno,,,,corpus,no,arancel universitario
HCDN228063,"SOLICITAR AL PODER EJECUTIVO DISPONGA MODIFICAR EL DECRETO 128/2019, SOBRE ACTIVIDADES DE PRODUCCION Y PROCESAMIENTO DE CARNES Y PRODUCTOS CARNICOS DE LA REGION PATAGONICA.",2019-03-06T00:00:00,2019,DECLARACION,"DOÑATE, CLAUDIO MARTIN",false,ninguno,,,,corpus,si,decreto carnes Patagonia (sonda)
HCDN228132,SISTEMA DE TRAZABILIDAD DE LA FRUTA FRESCA DE PEPITA Y CAROZO. CREACION.,2019-03-07T00:00:00,2019,LEY,"SORIA, MARIA EMILIA",true,D,eudr_trazabilidad_forestal,administrativa_neutra,relacionada,corpus,si,trazabilidad fruta (adjudicado D3)
HCDN228169,"PEDIDO DE INFORMES AL PODER EJECUTIVO SOBRE DIVERSAS CUESTIONES RELACIONADAS CON EL CUMPLIMIENTO DE LA LEY 26331, DE PRESUPUESTOS MINIMOS DE PROTECCION AMBIENTAL DE LOS BOSQUES NATIVOS.",2019-03-07T00:00:00,2019,RESOLUCION,"CONTIGIANI, LUIS GUSTAVO",true,D,eudr_trazabilidad_forestal,administrativa_neutra,relacionada,corpus,si,26331
HCDN228178,SOLICITAR AL PODER EJECUTIVO DISPONGA LAS MEDIDAS NECESARIAS PARA RESTRINGIR LA IMPORTACION DE LLANTAS DE ACERO Y CHAPA.,2019-03-07T00:00:00,2019,RESOLUCION,"CONTIGIANI, LUIS GUSTAVO",false,ninguno,,,,corpus,no,llantas acero
HCDN228270,"PEDIDO DE INFORMES AL PODER EJECUTIVO SOBRE LA PROBLEMATICA FITOSANITARIA DE LA PLAGA ""CARPOCAPSA"" O ""CYDIA POMONELLA"" QUE AFECTA LA PRODUCCION FRUTIHORTICULA DE PERAS Y MANZANAS.",2019-03-08T00:00:00,2019,RESOLUCION,"SELVA, CARLOS AMERICO",false,ninguno,,,,corpus,no,carpocapsa
HCDN228288,"EXPRESAR BENEPLACITO POR LA INICIATIVA SPOTLIGHT TENDIENTE A ELIMINAR TODA FORMA DE VIOLENCIA CONTRA LAS MUJERES Y LAS NIÑAS, IMPULSADA POR NACIONES UNIDAS Y LA UNION EUROPEA.",2019-03-08T00:00:00,2019,DECLARACION,"FERNANDEZ LANGAN, EZEQUIEL",false,ninguno,,,,corpus,no,UE-ONU Spotlight
HCDN228439,"DECLARAR DE INTERES NACIONAL LA PROMOCION, INVESTIGACION, DESARROLLO, PRODUCCION Y EL USO DE BIOCOMBUSTIBLES O BIOCARBURANTES (REPRODUCCION DEL EXPEDIENTE 4657-D-17).",2019-03-12T00:00:00,2019,LEY,"FRANA, SILVINA PATRICIA",false,ninguno,,,,corpus,no,biocombustibles
HCDN229837,"DECLARAR LA EMERGENCIA ECONOMICA, PRODUCTIVA, FINANCIERA Y SOCIAL, POR EL TERMINO DE 365 DIAS, A LA CADENA DE PRODUCCION DE CITRICOS, DE LAS PROVINCIAS DE ENTRE RIOS, CORRIENTES, MISIONES Y JUJUY.",2019-03-20T00:00:00,2019,LEY,"CRESTO, MAYDA",false,ninguno,,,,corpus,no,emergencia citricola
HCDN229875,"SOLICITAR AL PODER EJECUTIVO DISPONGA LOS MEDIOS NECESARIOS PARA AUTORIZAR EL TRANSITO DE CARNE BOVINA CON HUESO PLANO HACIA LA ZONA ""LIBRE DE AFTOSA SIN VACUNACION"".",2019-03-20T00:00:00,2019,DECLARACION,"MAQUIEYRA, MARTIN",false,ninguno,,,,corpus,si,transito carne (sonda)
HCDN229905,TRAZABILIDAD MELIFERA. REGIMEN (REPRODUCCION DEL EXPEDIENTE 3900-D-17).,2019-03-21T00:00:00,2019,LEY,"NAZARIO, ADRIANA MONICA",true,D,eudr_trazabilidad_forestal,administrativa_neutra,relacionada,corpus,si,trazabilidad melifera
HCDN230150,"DEFENSA DEL CONSUMIDOR - LEY 24240 -. INCORPORACION DEL ARTICULO 4° BIS Y 39 BIS, SOBRE CUOTAS Y ARANCELES DE UNIVERSIDADES PRIVADAS.",2019-03-25T00:00:00,2019,LEY,"RAMON, JOSE LUIS",false,ninguno,,,,corpus,no,aranceles universitarios
HCDN230464,"ELECCION DE PARLAMENTARIOS DEL MERCOSUR - LEY 27120 -. MODIFICACION DEL ARTICULO 16, SOBRE DESEMPEÑO DE LOS PARLAMENTARIOS EN REPRESENTACION DE LA CIUDADANIA ARGENTINA.",2019-03-28T00:00:00,2019,LEY,"LOSPENNATO, SILVIA GABRIELA",true,C,mercosur_institucional,administrativa_neutra,relacionada,corpus,no,Parlasur
HCDN230669,"DECLARAR DE INTERES DE LA H. CAMARA LA 24° EDICION DE LA ""FIESTA NACIONAL DE LA APICULTURA Y EXPO APICOLA DEL MERCOSUR"", REALIZADA EN MARZO DE 2019, EN LA CIUDAD DE MACIA, PROVINCIA DE ENTRE RIOS.",2019-04-01T00:00:00,2019,RESOLUCION,"CRESTO, MAYDA",false,ninguno,,,,corpus,no,expo apicola
HCDN231746,"FIJESE EN LA ALICUOTA DEL CERO POR CIENTO (0%), EL DERECHO DE EXPORTACION DE LA ALFALFA, EN LAS POSICIONES ARANCELARIAS ESTABLECIDAS EN EL ANEXO I DE LA NOMENCLATURA COMUN DEL MERCOSUR (NCM).",2019-04-23T00:00:00,2019,LEY,"MESTRE, DIEGO MATIAS",false,ninguno,,,,corpus,no,NCM alfalfa
HCDN231767,EXPRESAR RECHAZO POR LA DECISION DEL CONSEJO DEL MERCADO COMUN - CMC- MEDIANTE LA CUAL SE ANUNCIA LA SUSPENSION DE LAS ELECCIONES DIRECTAS AL PARLAMENTO DEL MERCOSUR.,2019-04-23T00:00:00,2019,RESOLUCION,"CARMONA, GUILLERMO RAMON",true,C,mercosur_institucional,administrativa_neutra,relacionada,corpus,no,CMC suspende elecciones al Parlasur
HCDN231932,"DECLARAR DE INTERES DE LA HONORABLE CAMARA EL SEMINARIO REGIONAL DEL MERCOSUR ""POLITICAS SOCIALES EN ZONAS DE FRONTERAS CON ENFOQUE EN INCLUSION SOCIO LABORAL Y PRODUCTIVA"", A REALIZARSE EL 9 DE MAYO DE 2019, EN LA CIUDAD DE POSADAS, PROVINCIA DE MISIONES.",2019-04-29T00:00:00,2019,DECLARACION,"DI STEFANO, DANIEL",true,C,mercosur_simbolico,administrativa_neutra,relacionada,corpus,si,seminario regional del Mercosur
HCDN232099,"CONTROL DE ENFERMEDADES PREVENIBLES POR VACUNACION - LEY 27491 -. MODIFICACIONES SOBRE CREACION DEL ""CARNET UNICO DIGITAL DE VACUNACION - CUDV -"".",2019-05-07T00:00:00,2019,LEY,"MONALDI, OSMAR ANTONIO",false,ninguno,,,,corpus,no,carnet vacunacion
HCDN232145,SOLICITAR AL PODER EJECUTIVO DISPONGA LOS MEDIOS NECESARIOS A FIN DE GARANTIZAR LA NORMAL EJECUCION DEL PLAN DE LUCHA CONTRA LA FIEBRE AFTOSA EN LA ZONA DE FRONTERA INTERNACIONAL CON LA REPUBLICA PLURINACIONAL DE BOLIVIA Y PARAGUAY.,2019-05-08T00:00:00,2019,DECLARACION,"ZOTTOS, ANDRES",false,ninguno,,,,corpus,si,aftosa frontera (sonda regional)
HCDN232490,"REGIMEN DE FOMENTO DE LA PRODUCCION Y CONSUMO DE BIOCOMBUSTIBLES COMO FUENTE DE ENERGIA RENOVABLE. CREACION DEL ""PLAN NACIONAL DE BIOCOMBUSTIBLES -ARGENTINA 2030"".",2019-05-15T00:00:00,2019,LEY,"SNOPEK, ALEJANDRO FRANCISCO",false,ninguno,,,,corpus,no,biocombustibles plan
HCDN232507,"EXPRESAR BENEPLACITO POR EL CERTIFICADO PARA EXPORTAR LECHE A LA UNION EUROPEA QUE OBTUVO EL ""ESTABLECIMIENTO LA ROSALIA"", UBICADO EN LA LOCALIDAD DE ESPINILLO DEPARTAMENTO DE PARANA, PROVINCIA DE ENTRE RIOS.",2019-05-15T00:00:00,2019,RESOLUCION,"GAYOL, YANINA CELESTE",true,B,comercio_ue_sectorial,pro_liberalizacion,relacionada,corpus,no,certificado para exportar leche a la UE
HCDN232601,"DECLARAR LA EMERGENCIA ECONOMICA, PRODUCTIVA FINANCIERA Y SOCIAL, POR EL TERMINO DE TRESCIENTOS SESENTA Y CINCO (365) DIAS, A LA CADENA DE PRODUCCION DE CITRICOS DE LA PROVINCIA DE BUENOS AIRES.",2019-05-15T00:00:00,2019,LEY,"BULLRICH, ESTEBAN JOSE",false,ninguno,,,,corpus,no,emergencia citricola
HCDN232671,"SOLICITAR AL PODER EJECUTIVO DISPONGA LAS MEDIDAS NECESARIAS PARA LA MODIFICACION DE LA FORMULA DE PRECIO DE BIOCOMBUSTIBLES, ESTABLECIDA EN LA DISPOSICION 23/2019.",2019-05-16T00:00:00,2019,RESOLUCION,"DE MENDIGUREN, JOSE IGNACIO",false,ninguno,,,,corpus,no,precio biocombustibles
HCDN232753,"CONTROL DE LOS PRODUCTOS FITOSANITARIOS EMPLEADOS PARA LA PROTECCION, CRECIMIENTO Y DESARROLLO DE LOS CULTIVOS. REGIMEN.",2019-05-21T00:00:00,2019,LEY,"BASTERRA, LUIS EUGENIO",false,ninguno,,,,corpus,no,fitosanitarios
HCDN232886,"PEDIDO DE INFORMES AL PODER EJECUTIVO SOBRE EL PRECIO DE ADQUISICION DEL BIOETANOL, DESTINADO A LA MEZCLA PARA LA PRODUCCION Y USO SUSTENTABLE DE BIOCOMBUSTIBLES CREADO POR LEY 26093, Y OTRAS CUESTIONES CONEXAS.",2019-05-28T00:00:00,2019,RESOLUCION,"MOISES, MARIA CAROLINA",false,ninguno,,,,corpus,no,bioetanol precio
HCDN232897,"DECLARAR DE INTERES DE LA H. CAMARA LA CUMBRE A LA QUE ASISTIRAN LOS PRESIDENTES DEL ""MERCOSUR Y DE LOS ESTADOS ASOCIADOS"", A REALIZARSE DEL 13 AL 17 DE JULIO DE 2019, EN LA CIUDAD CAPITAL DE LA PROVINCIA DE SANTA FE.",2019-05-28T00:00:00,2019,RESOLUCION,"SCAGLIA, GISELA",true,C,mercosur_institucional,administrativa_neutra,relacionada,corpus,no,cumbre de presidentes
HCDN233208,PROMOCION Y PROTECCION DE LAS CARNES ALTERNATIVAS CORRESPONDIENTES A LAS DIFERENTES ECONOMIAS REGIONALES. REGIMEN.,2019-06-05T00:00:00,2019,LEY,"SELVA, CARLOS AMERICO",false,ninguno,,,,corpus,no,carnes alternativas
HCDN233466,"SOLICITAR AL PODER EJECUTIVO DISPONGA LA HACER EFECTIVA LA PRORROGA PREVISTA EN LA LEY 26093, DE REGIMEN DE REGULACION Y PROMOCION PARA LA PRODUCCION Y USO SUSTENTABLES DE BIOCOMBUSTIBLES.",2019-06-18T00:00:00,2019,RESOLUCION,"CANO, JOSE MANUEL",false,ninguno,,,,corpus,no,biocombustibles prorroga
HCDN233482,"PREVENCION Y CONTROL ZOO Y FITOSANITARIO REFERIDAS A LAS ENFERMEDADES DE BRUCELOSIS, GARRAPATAS, HIDATIDOSIS Y LOBESIA BOTRANA. REGIMEN.",2019-06-19T00:00:00,2019,LEY,"BENEDETTI, ATILIO FRANCISCO SALVADOR",false,ninguno,,,,corpus,no,zoofitosanitario
HCDN233494,EXPRESAR PREOCUPACION POR LA SITUACION QUE ATRAVIESA LA PRODUCCION DE LIMONES EN LA PROVINCIA DE TUCUMAN.,2019-06-19T00:00:00,2019,DECLARACION,"SELVA, CARLOS AMERICO",false,ninguno,,,,corpus,si,limones Tucuman sin contraparte (sonda)
HCDN233730,"DECLARAR DE INTERES DE LA H. CAMARA LA ""50° EDICION DEL FESTIVAL NACIONAL DE LA MUSICA DEL LITORAL Y 12° DEL MERCOSUR"", A REALIZARSE DEL 16 AL 18 DE NOVIEMBRE DE 2019 EN LA CIUDAD DE POSADAS, PROVINCIA DE MISIONES.",2019-06-27T00:00:00,2019,RESOLUCION,"MORALES, FLAVIA",false,ninguno,,,,corpus,no,festival
HCDN233752,"EXPRESAR BENEPLACITO POR LA PARTICIPACION DE LAS AUTORIDADES MUNICIPALES DE LA CIUDAD DE BANDA DEL RIO SALI, PROVINCIA DE TUCUMAN, EN LA REUNION DE LA MESA DE LA DIRECCION EJECUTIVA, COORDINADORES DE INSTANCIAS TEMATICAS Y SECRETARIA TECNICA PERMANENTE DE MERCO CIUDADES, EN LA SEDE DEL MERCOSUR, MONTEVIDEO, URUGUAY.",2019-06-27T00:00:00,2019,DECLARACION,"MEDINA, GLADYS",false,ninguno,,,,corpus,si,Mercociudades: red de municipios asociada al bloque
HCDN233773,"EXPRESAR BENEPLACITO POR LA FIRMA DEL ACUERDO DE ASOCIACION ESTRATEGICA ""MERCOSUR-UNION EUROPEA"", EL 28 DE JUNIO DE 2019, EN JAPON.",2019-06-28T00:00:00,2019,DECLARACION,"FERNANDEZ LANGAN, EZEQUIEL",true,A,acuerdo_ue_mercosur,pro_liberalizacion,explicita,corpus,no,firma del acuerdo 28-jun-2019
HCDN233831,"PEDIDO DE INFORMES VERBALES AL MINISTRO DE HACIENDA DE LA NACION, LICENCIADO NICOLAS DUJOVNE, AL MINISTRO DE RELACIONES EXTERIORES Y CULTO DE LA NACION, EMBAJADOR JORGE FAURIE Y AL MINISTRO DE PRODUCCION Y TRABAJO DE LA NACION, LICENCIADO DANTE SICA, SOBRE LAS CONDICIONES DEL ""ACUERDO DE ASOCIACION ESTRATEGICA ENTRE EL MERCOSUR Y LA UNION EUROPEA"".",2019-07-02T00:00:00,2019,RESOLUCION,"VALLEJOS, FERNANDA",true,A,acuerdo_ue_mercosur,administrativa_neutra,explicita,corpus,no,informes verbales sobre condiciones del acuerdo
HCDN233839,EXPRESAR PREOCUPACION POR EL PRE - ACUERDO CELEBRADO ENTRE EL MERCOSUR Y LA UNION EUROPEA (UE).,2019-07-02T00:00:00,2019,DECLARACION,"CORREA, WALTER",true,A,acuerdo_ue_mercosur,proteccionista_defensiva,explicita,corpus,no,preocupacion por el pre-acuerdo
HCDN233850,"PEDIDO DE INFORMES VERBALES AL MINISTRO DE RELACIONES EXTERIORES Y CULTO DE LA NACION, EMBAJADOR JORGE FAURIE, ANTE LAS COMISIONES DE RELACIONES EXTERIORES Y CULTO E INDUSTRIA DE LA H. CAMARA, SOBRE LAS CONDICIONES DEL ""ACUERDO DE ASOCIACION ESTRATEGICA ENTRE EL MERCOSUR Y LA UNION EUROPEA"".",2019-07-03T00:00:00,2019,RESOLUCION,"ESPINOZA, FERNANDO",true,A,acuerdo_ue_mercosur,administrativa_neutra,explicita,corpus,no,informes verbales canciller
HCDN233872,SISTEMA DE MONITOREO Y TRAZABILIDAD DE PULVERIZACIONES DE PRODUCTOS FITOSANITARIOS. REGIMEN.,2019-07-04T00:00:00,2019,LEY,"FREGONESE, ALICIA",false,ninguno,,,,corpus,si,trazabilidad de pulverizaciones: control de deriva ambiental
HCDN234066,SISTEMA DE MONITOREO PARA LA PREVENCION Y CONTROL DE LA DERIVA DE PULVERIZACIONES DE PRODUCTOS FITOSANITARIOS. REGIMEN.,2019-07-05T00:00:00,2019,LEY,"WECHSLER, MARCELO GERMAN",false,ninguno,,,,corpus,no,deriva fitosanitarios
HCDN234113,"PEDIDO DE INFORMES VERBALES AL MINISTRO DE PRODUCCION Y TRABAJO DE LA NACION, LICENCIADO DANTE SICA, SOBRE LAS CONDICIONES DEL ""ACUERDO DE ASOCIACION ESTRATEGICA ENTRE EL MERCOSUR Y LA UNION EUROPEA"".",2019-07-11T00:00:00,2019,RESOLUCION,"DE MENDIGUREN, JOSE IGNACIO",true,A,acuerdo_ue_mercosur,administrativa_neutra,explicita,corpus,no,informes verbales ministro
HCDN234288,"PEDIDO DE INFORMES VERBALES AL MINISTRO DE RELACIONES Y CULTO DE LA NACION, CANCILLER JORGE MARCELO FAURIE, ANTE LA COMISION DE INDUSTRIA DE LA H. CAMARA, SOBRE LAS CONDICIONES DEL ACUERDO DE ASOCIACION ESTRATEGICA ENTRE EL MERCOSUR Y LA UNION EUROPEA.",2019-07-18T00:00:00,2019,RESOLUCION,"DE MENDIGUREN, JOSE IGNACIO",true,A,acuerdo_ue_mercosur,administrativa_neutra,explicita,corpus,no,informes verbales canciller
HCDN234291,"PEDIDO DE INFORMES VERBALES AL SEÑOR MINISTRO DE PRODUCCION Y TRABAJO DE LA NACION, DANTE ENRIQUE SICA, ANTE LA COMISION DE INDUSTRIA DE ESTA HONORABLE CAMARA, A FIN DE BRINDAR DETALLES SOBRE EL RECIENTE ACUERDO SUSCRIPTO ENTRE EL MERCOSUR Y LA COMUNIDAD EUROPEA.",2019-07-18T00:00:00,2019,RESOLUCION,"DE MENDIGUREN, JOSE IGNACIO",true,A,acuerdo_ue_mercosur,administrativa_neutra,explicita,corpus,no,informes sobre acuerdo Mercosur-CE
HCDN234337,CREACION DE LA COMISION BICAMERAL ESPECIAL PARA EL SEGUIMIENTO Y RATIFICACION DEL ACUERDO DE ASOCIACION ESTRATEGICA MERCOSUR - UNION EUROPEA.-,2019-07-23T00:00:00,2019,LEY,"LEHMANN, MARIA LUCILA",true,A,acuerdo_ue_mercosur,administrativa_neutra,explicita,corpus,no,comision bicameral de seguimiento y ratificacion
HCDN234807,"DECLARAR DE INTERES DE LA HONORABLE CAMARA LA ""JORNADA SOBRE BUENAS PRACTICAS DE APLICACION DE PRODUCTOS FITOSANITARIOS"", A REALIZARSE EL 22 DE AGOSTO DE 2019, EN LA LOCALIDAD DE GUALEGUAY, PROVINCIA DE ENTRE RIOS.",2019-08-15T00:00:00,2019,RESOLUCION,"FREGONESE, ALICIA",false,ninguno,,,,corpus,no,jornada
HCDN234816,"SOLICITAR AL PODER EJECUTIVO DISPONGA CONSTITUIR EL ""FONDO NACIONAL PARA EL ENRIQUECIMIENTO Y CONSERVACION DE LOS BOSQUES NATIVOS -FNECBN-"", Y OTRAS CUESTIONES CONEXAS.",2019-08-15T00:00:00,2019,RESOLUCION,"DERNA, VERONICA",true,D,eudr_trazabilidad_forestal,administrativa_neutra,relacionada,corpus,si,fondo bosques
HCDN235390,"PEDIDO DE INFORMES AL PODER EJECUTIVO SOBRE EL CUMPLIMIENTO DESDE ENERO DE 2016 A LA FECHA DE LA LEY 26331, DE PRESUPUESTOS MINIMOS DE PROTECCION AMBIENTAL DE LOS BOSQUE NATIVOS, Y OTRAS CUESTIONES CONEXAS.",2019-09-10T00:00:00,2019,RESOLUCION,"STEFANI, HECTOR ANTONIO",true,D,eudr_trazabilidad_forestal,administrativa_neutra,relacionada,corpus,si,26331
HCDN235770,MEDICION DE LA TEMPERATURA DE LOS ALIMENTOS CARNEOS EN LOS LOCALES DE EXPENDIO DE COMIDAS PREPARADAS.,2019-09-27T00:00:00,2019,LEY,"WECHSLER, MARCELO GERMAN",false,ninguno,,,,corpus,no,temperatura alimentos
HCDN236723,RATIFICAR EL COMPROMISO CON LA CLAUSULA DEMOCRATICA DE LA OEA Y EL PROTOCOLO DE USHUAIA DEL MERCOSUR Y REPUDIAR LOS ATAQUES CONTRA EL SISTEMA DEMOCRATICO DEL ESTADO PLURINACIONAL DE BOLIVIA.,2019-11-13T00:00:00,2019,RESOLUCION,"NEGRI, MARIO RAUL",true,C,mercosur_institucional,administrativa_neutra,relacionada,corpus,si,Protocolo de Ushuaia clausula democratica
HCDN236737,"PROHIBESE A PARTIR DEL 30 DE DICIEMBRE DE 2020, EL USO A CAMPO Y LA COMERCIALIZACION DE LOS PRODUCTOS FITOSANITARIOS QUE CONTENGAN SUSTANCIAS QUIMICAS ACTIVAS DENOMINADAS ""IMIDACLOPRID"", ""CLOTIANIDINA"" Y ""TIAMETOXAM"".",2019-11-14T00:00:00,2019,LEY,"VILLALONGA, JUAN CARLOS",false,ninguno,,,,corpus,no,fitosanitarios neonicotinoides
HCDN236740,"CONVOCAR A ELECCIONES DE PARLAMENTARIOS DEL MERCOSUR, EN LOS TERMINOS DE LA LEY 27120.",2019-11-14T00:00:00,2019,LEY,"CARMONA, GUILLERMO RAMON",true,C,mercosur_institucional,administrativa_neutra,relacionada,corpus,no,convocar elecciones Parlasur
HCDN236884,EXPRESAR BENEPLACITO POR EL SEPTUAGESIMO ANIVERSARIO DE LA GRATUIDAD EN ARANCELAMIENTO UNIVERSITARIO EN LA REPUBLICA ARGENTINA.,2019-11-22T00:00:00,2019,RESOLUCION,"CASTRO, SANDRA DANIELA",false,ninguno,,,,corpus,no,arancel universitario
HCDN236918,"TARJETAS DE CREDITO - LEY 25065 -. MODIFICACION DE LOS ARTICULOS 2 Y 15, SOBRE DEFINICIONES Y DETERMINACION DE COMISIONES, ARANCELES Y/O CARGA DIFERENCIADA ENTRE COMERCIOS, RESPECTIVAMENTE.",2019-11-27T00:00:00,2019,LEY,"RAUSCHENBERGER, ARIEL",false,ninguno,,,,corpus,no,tarjetas
HCDN238140,"PRORROGENSE POR 10 AÑOS LOS BENEFICIOS PROMOCIONALES PARA LOS PROYECTOS DE RADICACION DE INDUSTRIAS DE BIOCOMBUSTIBLES, PREVISTOS EN LA LEY 26093.",2020-03-04T00:00:00,2020,LEY,"BERTONE, ROSANA ANDREA",false,ninguno,,,,corpus,no,biocombustibles
HCDN238251,"DECLARAR DE INTERES DE LA H. CAMARA EL ""IX CONGRESO NACIONAL DE TRIGO"" A REALIZARSE CONJUNTAMENTE CON EL ""VII SIMPOSIO DE CEREALES DE SIEMBRA OTOÑO - INVERNAL Y LA III REUNION DEL MERCOSUR"", DEL 8 AL 11 DE SEPTIEMBRE DE 2020 EN LA CIUDAD DE TRES ARROYOS, PROVINCIA DE BUENOS AIRES.",2020-03-06T00:00:00,2020,RESOLUCION,"SAPAG, ALMA LILIANA",false,ninguno,,,,corpus,no,congreso
HCDN238252,"EXPRESAR PREOCUPACION POR LA FALTA DE ACTUALIZACION DESDE EL AÑO 2015, DEL MAPA AMBIENTAL DE LA PROVINCIA DE CORDOBA, SEGUN LO PRESCRIPTO EN LA LEY 26331, NACIONAL DE PRESUPUESTOS MINIMOS DE PROTECCION AMBIENTAL DE LOS BOSQUES NATIVOS.",2020-03-06T00:00:00,2020,RESOLUCION,"AUSTIN, BRENDA LIS",true,D,eudr_trazabilidad_forestal,administrativa_neutra,relacionada,corpus,si,OTBN Cordoba
HCDN238366,PEDIDO DE INFORMES AL PODER EJECUTIVO SOBRE DIVERSAS CUESTIONES RELACIONADAS CON EL CUMPLIMIENTO LA LEY 26093 DE BIOCOMBUSTIBLES.,2020-03-09T00:00:00,2020,RESOLUCION,"CORNEJO, VIRGINIA",false,ninguno,,,,corpus,no,biocombustibles
HCDN239097,SOLICITAR AL PODER EJECUTIVO LAS MEDIDAS NECESARIAS PARA EXIMIR DEL ARANCEL CORRESPONDIENTE AL REGISTRO DE NUEVOS DOMINIOS DIGITALES EN EL MARCO DE LA PANDEMIA POR EL COVID-19.,2020-03-30T00:00:00,2020,RESOLUCION,"CACERES, ADRIANA",false,ninguno,,,,corpus,no,arancel dominios
HCDN239106,"SOLIDARIDAD SOCIAL Y REACTIVACION PRODUCTIVA EN EL MARCO DE LA EMERGENCIA PUBLICA - LEY 27541 - INCORPORACION DEL ARTICULO 74 BIS SOBRE EXIMICION DE DERECHOS DE IMPORTACION Y DE TODO IMPUESTO, GRAVAMEN, CONTRIBUCION, TASA O ARANCEL A INSUMOS DESTINADOS A LA ATENCION DE LA PANDEMIA DE CORONAVIRUS COVID-19.",2020-03-30T00:00:00,2020,LEY,"BALDASSI, HECTOR W.",false,ninguno,,,,corpus,no,COVID aranceles importacion
HCDN239138,"SOLICITAR AL PODER EJECUTIVO DISPONGA LAS MEDIDAS NECESARIAS PARA PROMOVER EL CONSUMO DE FRUTAS CITRICAS, FUENTE DE VITAMINA ""C"", ANTE LA PANDEMIA DEL ""CORONAVIRUS- COVID-19 -"".",2020-04-01T00:00:00,2020,RESOLUCION,"LENA, GABRIELA",false,ninguno,,,,corpus,no,consumo citricos
HCDN239547,"SOLICITAR AL PODER EJECUTIVO DISPONGA AUMENTAR EL PORCENTAJE DE PARTICIPACION DE LOS BIOCOMBUSTIBLES EN CORTES CON GASOIL O NAFTA, A LOS QUE SE REFIEREN LOS ARTICULOS 7º Y 8º DEL REGIMEN PROMOCIONAL PARA LA INVESTIGACION, DESARROLLO, GENERACION Y USO DE BIOCOMBUSTIBLES Y DERIVADOS OLEOQUIMICOS - LEY 26093 -, EN EL MARCO DE LA PANDEMIA POR EL COVID-19.",2020-04-17T00:00:00,2020,DECLARACION,"RIZZOTTI, JORGE",false,ninguno,,,,corpus,no,corte biocombustibles
HCDN239563,"EXENCION DE LOS DERECHOS DE EXPORTACION DE LANAS, CARNE OVINA, PRODUCTOS PESQUEROS Y FRUTAS ESTABLECIDOS EN EL ARTICULO 52 DE LA LEY DE SOLIDARIDAD SOCIAL Y REACTIVACION PRODUCTIVA EN EL MARCO DE LA PANDEMIA POR EL COVID-19.",2020-04-20T00:00:00,2020,LEY,"MENNA, GUSTAVO",false,ninguno,,,,corpus,no,retenciones COVID
HCDN239876,"PEDIDO DE INFORMES AL PODER EJECUTIVO SOBRE DIVERSAS CUESTIONES RELACIONADAS CON LAS MEDIDAS DISPUESTAS POR LA DECLARACION DE LOS PRESIDENTES DEL MERCOSUR SOBRE COORDINACION REGIONAL PARA LA CONTENCION Y MITIGACION DEL CORONAVIRUS Y SU IMPACTO, SUSCRIPTA EL 19 DE MARZO DE 2020.",2020-04-27T00:00:00,2020,RESOLUCION,"IGLESIAS, FERNANDO ADOLFO",true,C,mercosur_institucional,administrativa_neutra,relacionada,corpus,si,declaracion presidencial del bloque COVID
HCDN239932,"EXPRESAR PREOCUPACION POR LA DECISION DE LA REPUBLICA ARGENTINA DE ABANDONAR E INCUMPLIR LOS COMPROMISOS ASUMIDOS EN EL TRATADO DE ASUNCION CONSTITUTIVO DEL MERCOSUR, EN EL MARCO DE LA PANDEMIA POR EL COVID-19.",2020-04-29T00:00:00,2020,DECLARACION,"LENA, GABRIELA",true,C,mercosur_institucional,pro_liberalizacion,relacionada,corpus,no,incumplimiento del Tratado de Asuncion
HCDN239939,"PEDIDO DE INFORMES VERBALES AL MINISTRO DE RELACIONES EXTERIORES, COMERCIO INTERNACIONAL Y CULTO, FELIPE SOLA, SOBRE EL ABANDONO DE LA PARTICIPACION DE NUESTRO PAIS EN LAS NEGOCIACIONES DE LIBRE COMERCIO EN CURSO, EN EL MARCO DE LA PANDEMIA DEL COVID 19; Y OTRAS CUESTIONES CONEXAS.",2020-04-29T00:00:00,2020,RESOLUCION,"ENRIQUEZ, JORGE RICARDO",true,C,mercosur_institucional,administrativa_neutra,relacionada,corpus,no,abandono de negociaciones de libre comercio
HCDN239950,"EXIMASE DEL PAGO DE TODOS LOS ARANCELES CORRESPONDIENTES AL TRAMITE DE RENOVACION, POR 120 DIAS, DE LAS LICENCIAS DE CONDUCIR, OBLEAS DE GNC Y VERIFICACION TECNICA OBLIGATORIA PARA VEHICULOS PRIVADOS AFECTADOS A TAXIS Y/O REMISES CUYO VENCIMIENTO SE HAYA PRODUCIDO CON POSTERIORIDAD AL 20 DE MARZO DE 2020, EN EL MARCO DE LA PANDEMIA DEL COVID-19.",2020-04-30T00:00:00,2020,LEY,"GUEVARA, FRANCISCO",false,ninguno,,,,corpus,no,aranceles licencias
HCDN240035,"PEDIDO DE INFORMES AL PODER EJECUTIVO SOBRE DIVERSAS CUESTIONES RELACIONADAS CON LAS MEDIDAS DISPUESTAS POR LA DECLARACION DE LOS PRESIDENTES DEL MERCOSUR SOBRE ""COORDINACION REGIONAL PARA LA CONTENCION Y MITIGACION DEL CORONAVIRUS Y SU IMPACTO"", SUSCRIPTA EL 19 DE MARZO DE 2020.",2020-05-04T00:00:00,2020,RESOLUCION,"IGLESIAS, FERNANDO ADOLFO",true,C,mercosur_institucional,administrativa_neutra,relacionada,corpus,si,declaracion presidencial del bloque COVID
HCDN240232,"EXPRESAR BENEPLACITO POR LAS MEDIDAS ADOPTADAS POR EL MERCOSUR PARA FRENAR EL AVANCE DEL ""CORONAVIRUS - COVID-19 -"".",2020-05-08T00:00:00,2020,DECLARACION,"MOISES, MARIA CAROLINA",true,C,mercosur_institucional,administrativa_neutra,relacionada,corpus,si,medidas del bloque COVID
HCDN240236,PEDIDO DE INFORMES AL PODER EJECUTIVO SOBRE DIVERSAS CUESTIONES RELACIONADAS CON LA DECISION DE ABANDONAR LAS TRATATIVAS REGIONALES DE ACUERDOS DE LIBRE COMERCIO CON TERCEROS PAISES.,2020-05-08T00:00:00,2020,RESOLUCION,"LOSPENNATO, SILVIA GABRIELA",true,C,mercosur_institucional,administrativa_neutra,relacionada,corpus,no,abandono de tratativas de libre comercio
HCDN240386,"SOLICITAR AL PODER EJECUTIVO DISPONGA LAS MEDIDAS NECESARIAS PARA REDUCIR EN UN 50 % LOS MONTOS DE LOS ARANCELES MENSUALES FIJADOS POR PARTE DE LAS INSTITUCIONES EDUCATIVAS DE GESTION PRIVADA DE NIVEL SUPERIOR Y/O UNIVERSITARIO, INCORPORADAS A LA ENSEÑANZA OFICIAL, MIENTRAS DURE EL AISLAMIENTO SOCIAL, PREVENTIVO Y OBLIGATORIO.",2020-05-13T00:00:00,2020,RESOLUCION,"PEREZ ARAUJO, HERNAN",false,ninguno,,,,corpus,no,aranceles educativos
HCDN240545,"REGIMEN JURIDICO DEL AUTOMOTOR - DECRETO LEY Nº 6582/58, RATIFICADO POR LEY 14467 -. MODIFICACION DEL ARTICULO 9 SOBRE ARANCELES.",2020-05-15T00:00:00,2020,LEY,"RAMON, JOSE LUIS",false,ninguno,,,,corpus,no,aranceles automotor
HCDN240685,"EXPRESAR APOYO A LO MANIFESTADO POR LA ""UNION EUROPEA"" EL 14 DE MAYO DE 2020, EN RELACION AL DESCUBRIMIENTO DE UNA VACUNA CONTRA EL ""COVID - 19"", Y OTRAS CUESTIONES CONEXAS.",2020-05-19T00:00:00,2020,DECLARACION,"ZUVIC, MARIANA",false,ninguno,,,,corpus,no,UE vacuna COVID
HCDN240694,SISTEMA ARGENTINO DE TRAZABILIDAD DE LOS PRODUCTOS DE LA PESCA Y DE LA ACUICULTURA. CREACION.,2020-05-20T00:00:00,2020,LEY,"MENNA, GUSTAVO",true,D,eudr_trazabilidad_forestal,administrativa_neutra,relacionada,corpus,si,trazabilidad pesca
HCDN240718,"PEDIDO DE INFORMES AL PODER EJECUTIVO SOBRE LAS EVALUACIONES DE IMPACTO, SOSTENIBILIDAD Y DESEMPEÑO DE LOS TRATADOS DE LIBRE COMERCIO Y DE INVERSIONES, EN NEGOCIACION Y CONCLUIDOS, POR LA REPUBLICA ARGENTINA EN EL MARCO DEL MERCADO COMUN DEL SUR (MERCOSUR).",2020-05-20T00:00:00,2020,RESOLUCION,"SUAREZ LASTRA, FACUNDO",true,C,mercosur_institucional,administrativa_neutra,relacionada,corpus,no,evaluacion de TLC del bloque
HCDN240808,EXPRESAR BENEPLACITO POR LA POSICION DE LA REPUBLICA ARGENTINA RELATIVA AL SENDERO DEL RELACIONAMIENTO EXTERNO DEL MERCOSUR.,2020-05-22T00:00:00,2020,DECLARACION,"BRITEZ, MARIA CRISTINA",true,C,mercosur_institucional,administrativa_neutra,relacionada,corpus,no,relacionamiento externo del bloque
HCDN240941,"SOLICITAR AL PODER EJECUTIVO DISPONGA PRORROGAR LA EMERGENCIA ECONOMICA, PRODUCTIVA, FINANCIERA, Y SOCIAL A LA CADENA DE PRODUCCION DE CITRICOS DE LAS PROVINCIAS DE ENTRE RIOS, CORRIENTES, MISIONES, JUJUY Y SALTA DE CONFORMIDAD CON EL ARTICULO 6 DE LA LEY 27507.",2020-05-26T00:00:00,2020,RESOLUCION,"CRESTO, MAYDA",false,ninguno,,,,corpus,no,emergencia citricola
HCDN240951,"EXPRESAR PREOCUPACION POR EL MANEJO DE LA POLITICA EXTERIOR DE LA NACION, ESPECIALMENTE CON EL MERCOSUR.",2020-05-26T00:00:00,2020,DECLARACION,"SUAREZ LASTRA, FACUNDO",true,C,mercosur_institucional,administrativa_neutra,relacionada,corpus,no,politica exterior con el Mercosur
HCDN240998,PRESUPUESTOS MINIMOS DE PROTECCION AMBIENTAL DE LOS BOSQUES NATIVOS - LEY 26331 -. MODIFICACIONES SOBRE ORDENAMIENTOS TERRITORIALES.,2020-05-27T00:00:00,2020,LEY,"CAPARROS, MABEL LUISA",true,D,eudr_trazabilidad_forestal,administrativa_neutra,relacionada,corpus,si,26331 OTBN
HCDN241259,"PRORROGASE POR EL TERMINO DE TRESCIENTOS SESENTA Y CINCO (365) DIAS LA EMERGENCIA ECONOMICA, PRODUCTIVA, FINANCIERA Y SOCIAL, EN LA CADENA DE PRODUCCION DE CITRICOS, DE LAS PROVINCIAS DE ENTRE RIOS, CORRIENTES, MISIONES Y JUJUY. - LEY 27507 -.",2020-06-03T00:00:00,2020,LEY,"FREGONESE, ALICIA",false,ninguno,,,,corpus,no,emergencia citricola
HCDN241623,"PRORROGAR POR TRESCIENTOS SESENTA Y CINCO (365) DIAS LA VIGENCIA DEL ARTICULO 1 DE LA LEY 27507, EMERGENCIA ECONOMICA, PRODUCTIVA, FINANCIERA Y SOCIAL, A LA CADENA DE PRODUCCION DE CITRICOS DE LAS PROVINCIAS DE ENTRE RIOS, CORRIENTES, MISIONES, JUJUY Y SALTA, INCORPORAR A LA PROVINCIA DE BUENOS AIRES Y FACULTAR AL PODER EJECUTIVO A EXTENDER EL ALCANCE GEOGRAFICO.",2020-06-09T00:00:00,2020,LEY,"CLOSS, MAURICE FABIAN",false,ninguno,,,,corpus,no,emergencia citricola
HCDN241556,"EXPRESAR PREOCUPACION POR LAS DECLARACIONES DEL PRESIDENTE DE LA NACION EN LA PROVINCIA DE LA PAMPA, RELACIONADAS CON LA POSIBILIDAD DE REVISION Y CORRIMIENTO DE LA ""BARRERA SANITARIA PATAGONICA"", CONTEMPLADA EN EL MARCO DEL ""PLAN DE ERRADICACION DE FIEBRE AFTOSA"".",2020-06-11T00:00:00,2020,DECLARACION,"MENNA, GUSTAVO",false,ninguno,,,,corpus,si,barrera sanitaria patagonica (sonda)
HCDN241784,"PEDIDO DE INFORMES AL PODER EJECUTIVO SOBRE DIVERSAS CUESTIONES RELACIONADAS CON LA APLICACION DE LA LEY 26331, DE PRESUPUESTOS MINIMOS AMBIENTALES PARA LA PROTECCION DE LOS BOSQUES NATIVOS, EN LA PROVINCIA DE SANTIAGO DEL ESTERO.",2020-06-17T00:00:00,2020,RESOLUCION,"ZAMARBIDE, FEDERICO RAUL",true,D,eudr_trazabilidad_forestal,administrativa_neutra,relacionada,corpus,si,26331 Santiago del Estero
HCDN241903,"PEDIDO DE INFORMES AL PODER EJECUTIVO SOBRE DIVERSAS CUESTIONES RELACIONADAS CON LA APLICACION DE LAS LEYES 26562, 26815 Y 26331, DE PRESUPUESTOS MINIMOS DE PROTECCION AMBIENTAL PARA CONTROL DE ACTIVIDADES DE QUEMA, MANEJO DEL FUEGO Y BOSQUES NATIVOS, RESPECTIVAMENTE.",2020-06-22T00:00:00,2020,RESOLUCION,"GARCIA, XIMENA",true,D,eudr_trazabilidad_forestal,administrativa_neutra,relacionada,corpus,si,26331 y manejo del fuego
HCDN241999,"EXPRESAR ADHESION AL PROYECTO DE RECOMENDACION PRESENTADO POR PARLAMENTARIOS ARGENTINOS EN EL ""PARLAMENTO DEL MERCOSUR"", PARA ESTABLECER COMO BIEN DE USO PUBLICO, UNIVERSAL Y GRATUITO EN EL MERCOSUR, LA FORMULA GENERICA DE LA POSIBLE VACUNA DEL COVID - 19.",2020-06-24T00:00:00,2020,DECLARACION,"MARZIOTTA, GISELA",true,C,mercosur_institucional,administrativa_neutra,relacionada,corpus,si,recomendacion en el Parlasur
HCDN242249,"DESCUENTO DE LAS CUOTAS ARANCELARIAS DE LAS ESCUELAS PUBLICAS DE GESTION PRIVADA DURANTE LA VIGENCIA DEL AISLAMIENTO SOCIAL, PREVENTIVO Y OBLIGATORIO (ASPO). GARANTIA DE LAS VACANTES PARA EL CICLO LECTIVO 2021.",2020-07-01T00:00:00,2020,LEY,"MARZIOTTA, GISELA",false,ninguno,,,,corpus,no,aranceles escolares
HCDN242262,"SOLICITAR AL PODER EJECUTIVO DISPONGA PRORROGAR EL PLAZO ESTABLECIDO EN EL ARTICULO 1 DE LA LEY 26093, DE REGIMEN DE REGULACION Y PROMOCION PARA LA PRODUCCION Y USO SUSTENTABLES DE BIOCOMBUSTIBLES Y CUESTIONES CONEXAS.",2020-07-01T00:00:00,2020,RESOLUCION,"CANO, JOSE MANUEL",false,ninguno,,,,corpus,no,biocombustibles
HCDN242289,"EXPRESAR PREOCUPACION POR LA DEMORA EN LA PRORROGA DE LA LEY 26093, DE BIOCOMBUSTIBLES.",2020-07-02T00:00:00,2020,RESOLUCION,"FERNANDEZ LANGAN, EZEQUIEL",false,ninguno,,,,corpus,no,biocombustibles
HCDN242344,"SOLICITAR AL PODER EJECUTIVO DISPONGA LAS MEDIDAS NECESARIAS PARA PRORROGAR LA APLICACION DE LA LEY 26093, DE BIOCOMBUSTIBLES.",2020-07-06T00:00:00,2020,RESOLUCION,"LEITO, MARIO",false,ninguno,,,,corpus,no,biocombustibles
HCDN242650,"PRORROGA DE LA VIGENCIA DEL ""REGIMEN DE PROMOCION PARA LA PRODUCCION Y USO SUSTENTABLES DE BIOCOMBUSTIBLES"", HASTA EL 31 DE DICIEMBRE DEL 2024.",2020-07-08T00:00:00,2020,LEY,"SACNUN, MARIA DE LOS ANGELES",false,ninguno,,,,corpus,no,biocombustibles
HCDN242884,PEDIDO DE INFORMES AL PODER EJECUTIVO SOBRE DIVERSAS CUESTIONES RELACIONADAS CON LAS PROTECCION DE LOS BOSQUES NATIVOS DE LA PROVINCIA DE FORMOSA.,2020-07-23T00:00:00,2020,RESOLUCION,"ARCE, MARIO HORACIO",true,D,eudr_trazabilidad_forestal,administrativa_neutra,relacionada,corpus,si,bosques Formosa
HCDN242923,"SUSPENSION POR EL TERMINO DE SEIS (6) MESES DEL PAGO DE ARANCELES DE EJECUCION PUBLICA DE OBRAS EN RESTAURANTES, BARES Y CENTROS CULTURALES.",2020-07-24T00:00:00,2020,LEY,"FERRARO, MAXIMILIANO",false,ninguno,,,,corpus,no,aranceles SADAIC
HCDN242974,"PEDIDO DE INFORMES AL PODER EJECUTIVO SOBRE DIVERSAS CUESTIONES RELACIONADAS CON EL COMUNICADO OFICIAL DE LA CANCILLERIA FECHADO EL 6 DE JULIO DEL CORRIENTE AÑO, QUE DA CUENTA DE UN PROYECTO AVANZADO ENTRE EL GOBIERNO ARGENTINO Y EL MINISTERIO DE AGRICULTURA DE CHINA PARA LA PRODUCCION DE AL MENOS NUEVE MILLONES DE TONELADAS DE CARNE PORCINA CON DESTINO AL PAIS ASIATICO, Y QUE YA TIENE EL VISTO BUENO DE LA ASOCIACION CHINA PARA LA PROMOCION INDUSTRIAL Y LA ASOCIACION ARGENTINA DE PRODUCTORES PORCINOS.",2020-07-27T00:00:00,2020,RESOLUCION,"DEL CAÑO, NICOLAS",false,ninguno,,,,corpus,no,porcinos China
HCDN243023,REGIMEN DE PROMOCION PARA EL DESARROLLO DE LOS BIOCOMBUSTIBLES - LEY 26093 -. PRORROGASE HASTA EL 31 DE DICIEMBRE DE 2035 INCLUSIVE. MODIFICACIONES.,2020-07-29T00:00:00,2020,LEY,"RIZZOTTI, JORGE",false,ninguno,,,,corpus,no,biocombustibles
HCDN243046,"EXPRESAR BENEPLACITO POR EL VIGESIMO NOVENO ANIVERSARIO DE LA PROMULGACION DE LA LEY 23981, DIO ORIGEN AL MERCOSUR.",2020-07-29T00:00:00,2020,DECLARACION,"MARZIOTTA, GISELA",true,C,mercosur_simbolico,administrativa_neutra,relacionada,corpus,si,aniversario ley del Tratado
HCDN243060,"APROBACION DEL ACUERDO PARA LA ELIMINACION DEL COBRO DE CARGOS DE ROAMING INTERNACIONAL A LOS USUARIOS FINALES DEL MERCOSUR, CELEBRADO EL 17 DE JULIO DE 2019 EN LA CIUDAD CAPITAL DE LA PROVINCIA DE SANTA FE, REPUBLICA ARGENTINA.",2020-07-30T00:00:00,2020,MENSAJE Y PROYECTO DE LEY,"FERNANDEZ, ALBERTO",true,C,mercosur_institucional,administrativa_neutra,relacionada,corpus,no,acuerdo roaming del bloque
HCDN243113,"IMPORTACION CASUAL DE MAQUINARIA E IMPLEMENTOS AGRICOLAS USADOS, PROCEDENTES DE PAISES DEL MERCOSUR. REGIMEN.",2020-08-03T00:00:00,2020,LEY,"BARBARO, HECTOR ""CACHO""",true,C,mercosur_institucional,pro_liberalizacion,relacionada,corpus,no,importacion de maquinaria desde el Mercosur
HCDN243424,"PEDIDO DE INFORMES AL PODER EJECUTIVO SOBRE DIVERSAS CUESTIONES RELACIONADAS CON LOS TERMINOS DEL ENCUENTRO TELEFONICO ENTRE EL SEÑOR MINISTRO FELIPE SOLA Y EL SEÑOR MINISTRO DE COMERCIO DE LA REPUBLICA POPULAR CHINA, ZHONG SHAN, Y SOBRE EL AVANCE DE UN PROYECTO DE PRODUCCION DE CARNE PORCINA EN EL PAIS QUE INVOLUCRARIA UNA INVERSION POR CUATRO AÑOS.",2020-08-10T00:00:00,2020,RESOLUCION,"CAMAÑO, GRACIELA",false,ninguno,,,,corpus,no,porcinos China
HCDN243479,"SOLICITAR AL BANCO INTERAMERICANO DE DESARROLLO (BID) DISPONGA LA POSTERGACION HASTA MARZO DE 2021 DE LA ASAMBLEA DE GOBERNADORES QUE ELEGIRA AL PROXIMO PRESIDENTE DEL BID, TAL COMO LO HA SOLICITADO EL MINISTRO DE RELACIONES EXTERIORES Y CULTO DE LA REPUBLICA ARGENTINA, Y LAS AUTORIDADES DE MEXICO, COSTA RICA, CHILE Y LA UNION EUROPEA, ENTRE OTROS.",2020-08-12T00:00:00,2020,RESOLUCION,"CASARETTO, MARCELO PABLO",false,ninguno,,,,corpus,no,BID con UE incidental
HCDN243542,"DECLARAR DE INTERES DE LA H. CAMARA LA EDICION 2020 DEL PREMIO MERCOSUR DE CIENCIA Y TECNOLOGIA CUYO TEMA PRINCIPAL SERA ""INTELIGENCIA ARTIFICIAL"".",2020-08-13T00:00:00,2020,RESOLUCION,"RICCARDO, JOSE LUIS",true,C,mercosur_simbolico,administrativa_neutra,relacionada,corpus,si,Premio Mercosur de Ciencia y Tecnologia (programa oficial)
HCDN243547,EXPRESAR BENEPLACITO CON LA POSICION ADOPTADA POR LA UNION EUROPEA SOBRE LA REALIZACION DE ELECCIONES LIBRES Y JUSTAS EN LA REPUBLICA BOLIVARIANA DE VENEZUELA.,2020-08-13T00:00:00,2020,DECLARACION,"DE LAMADRID, ALVARO",false,ninguno,,,,corpus,no,UE sobre Venezuela
HCDN243874,TRANSPARENCIA EN LAS CONTRATACIONES DEL ESTADO. CUENTA BANCARIA UNICA DE TRAZABILIDAD DE LA CONTRATACION.,2020-08-26T00:00:00,2020,LEY,"OCAÑA, GRACIELA",false,ninguno,,,,corpus,no,trazabilidad contrataciones
HCDN244122,"PEDIDO DE INFORMES AL PODER EJECUTIVO SOBRE LA IMPLEMENTACION DE LA LEY DE PRESUPUESTOS MINIMOS DE PROTECCION AMBIENTAL DE LOS BOSQUES NATIVOS - 26331 -, DURANTE PERIODO DE INICIO DEL ""AISLAMIENTO SOCIAL, PREVENTIVO Y OBLIGATORIO"" SEGUN DECRETO 297/2020, HASTA LA FECHA.",2020-08-31T00:00:00,2020,RESOLUCION,"MENDOZA, JOSEFINA",true,D,eudr_trazabilidad_forestal,administrativa_neutra,relacionada,corpus,si,26331
HCDN244228,PEDIDO DE INFORMES AL PODER EJECUTIVO SOBRE DIVERSAS CUESTIONES RELACIONADAS CON LA REACTIVACION DE LA INDUSTRIA PARA LA PRODUCCION DE BIOCOMBUSTIBLES.,2020-09-08T00:00:00,2020,RESOLUCION,"ESTEVEZ, ENRIQUE",false,ninguno,,,,corpus,no,biocombustibles
HCDN244231,"PRORROGAR HASTA EL 31 DE DICIEMBRE DE 2024 LA LEY 26093, DE REGIMEN DE PROMOCION PARA LA PRODUCCION Y USO SUSTENTABLES DE BIOCOMBUSTIBLES.",2020-09-08T00:00:00,2020,LEY,"ESTEVEZ, ENRIQUE",false,ninguno,,,,corpus,no,biocombustibles
HCDN244289,EXPRESAR PREOCUPACION POR LA RESOLUCION N° 253/2020 DE LA SECRETARIA DE COMERCIO INTERIOR DEL MINISTERIO DE DESARROLLO PRODUCTIVO DE LA NACION QUE INCORPORA OBSTACULOS BUROCRATICOS Y POSICIONES ARANCELARIAS A LA IMPORTACION DE LIBROS Y OTRAS PUBLICACIONES GRAFICAS POR EL PLAZO DE TRESCIENTOS SESENTA Y CINCO DIAS CORRIDOS.,2020-09-09T00:00:00,2020,DECLARACION,"LOSPENNATO, SILVIA GABRIELA",false,ninguno,,,,corpus,no,importacion libros
HCDN244575,REGIMEN PENAL DE PROTECCION AL BOSQUE NATIVO.,2020-09-21T00:00:00,2020,LEY,"SORIA, MARTIN",true,D,eudr_trazabilidad_forestal,administrativa_neutra,relacionada,corpus,si,regimen penal bosque
HCDN244886,PRESUPUESTOS MINIMOS DEL USO DE FITOSANITARIOS.,2020-09-30T00:00:00,2020,LEY,"MENDOZA, JOSEFINA",false,ninguno,,,,corpus,no,fitosanitarios
HCDN245099,"SOLICITAR AL PODER EJECUTIVO DISPONGA LAS MEDIDAS NECESARIAS PARA ASEGURAR LA ASISTENCIA REGULAR A CLASES Y CULMINACION DEL CICLO LECTIVO 2020, A LOS ALUMNOS DE INSTITUCIONES EDUCATIVAS PRIVADAS QUE ADEUDEN EL PAGO DE MATRICULAS, CUOTAS O ARANCELES.",2020-10-05T00:00:00,2020,RESOLUCION,"DE MARCHI, OMAR",false,ninguno,,,,corpus,no,aranceles educativos
HCDN245209,COMUNICACION DEL DICTADO DEL DECRETO DE FACULTADES DELEGADAS 789 DEL 4 DE OCTUBRE DE 2020 POR EL CUAL SE FIJA LA ALICUOTA DEL DERECHO DE EXPORTACION (D.E.) PARA LAS MERCADERIAS COMPRENDIDAS EN LAS POSICIONES ARANCELARIAS DE LA NOMENCLATURA COMUN DEL MERCOSUR (N.C.M.).,2020-10-06T00:00:00,2020,MENSAJE,"CAFIERO, SANTIAGO ANDRES",false,ninguno,,,,corpus,no,NCM retenciones
HCDN245308,PEDIDO DE INFORMES AL PODER EJECUTIVO SOBRE DIVERSAS CUESTIONES RELACIONADAS CON LA EXPORTACION DE CARNE PORCINA DESDE LA REPUBLICA DE CHINA.,2020-10-08T00:00:00,2020,RESOLUCION,"ASSEFF, ALBERTO",false,ninguno,,,,corpus,no,porcinos China
HCDN245559,"EXPRESAR BENEPLACITO POR LA MEDIDA DEL BLOQUE DEL "" MERCOSUR "" DE APROBAR EL GIRO DE FONDOS A NUESTRO PAIS, PARA LA ADQUISICION DE EQUIPAMIENTO PARA COMBATIR EL "" COVID - 19 "".",2020-10-19T00:00:00,2020,DECLARACION,"MOISES, MARIA CAROLINA",true,C,mercosur_institucional,administrativa_neutra,relacionada,corpus,si,fondos del bloque COVID
HCDN245700,"EXPRESAR PREOCUPACION POR LA FLEXIBILIZACION DE LOS REQUISITOS PARA DESMONTES ESTABLECIDOS EN LA LEY 26331, DE BOSQUE NATIVOS, IMPLEMENTADOS EN LA PROVINCIA DE SALTA.",2020-10-22T00:00:00,2020,DECLARACION,"GODOY, LUCAS JAVIER",true,D,eudr_trazabilidad_forestal,administrativa_neutra,relacionada,corpus,si,desmontes Salta 26331
HCDN246224,"PEDIDO DE INFORMES AL PODER EJECUTIVO SOBRE DIVERSAS CUESTIONES RELACIONADAS CON LA LEY 26331, DE PRESUPUESTOS MINIMOS DE PROTECCION AMBIENTAL DE LOS BOSQUES NATIVOS.",2020-11-11T00:00:00,2020,RESOLUCION,"AUSTIN, BRENDA LIS",true,D,eudr_trazabilidad_forestal,administrativa_neutra,relacionada,corpus,si,26331
HCDN246299,"APROBACION DE LA ENMIENDA AL PROTOCOLO DE MONTEVIDEO SOBRE EL COMERCIO DE SERVICIOS DEL MERCOSUR, FIRMADA EN LA CIUDAD DE BENTO GONÇALVES - REPUBLICA FEDERATIVA DEL BRASIL- EL DIA 5 DE DICIEMBRE DE 2019.",2020-11-12T00:00:00,2020,MENSAJE Y PROYECTO DE LEY,"FERNANDEZ, ALBERTO",true,C,mercosur_institucional,pro_liberalizacion,relacionada,corpus,no,protocolo de servicios del bloque
HCDN246478,"DECLARASE DE INTERES PUBLICO NACIONAL, LA PRODUCCION, COMERCIALIZACION, INVESTIGACION Y USO EN MATERIA DE BIOCOMBUSTIBLES.",2020-11-19T00:00:00,2020,LEY,"GUTIERREZ, CARLOS MARIO",false,ninguno,,,,corpus,no,biocombustibles
HCDN246498,"CREAR DENTRO DE LA COMISION PERMANENTE DE MERCOSUR PREVISTA EN EL ARTICULO 101 DEL REGLAMENTO DE LA HCDN, EL ""OBSERVATORIO DE LOS ODS (OBJETIVOS DE DESARROLLO SOSTENIBLE) EN EL AVANCE DEL PROCESO DE INTEGRACION REGIONAL DEL MERCADO COMUN DEL SUR - MERCOSUR"".",2020-11-20T00:00:00,2020,RESOLUCION,"GINOCCHIO, SILVANA MICAELA",true,C,mercosur_institucional,administrativa_neutra,relacionada,corpus,no,observatorio ODS en comision Mercosur
HCDN246569,ESTABLECESE UN 5% DE REINTEGRO ADICIONAL A LA EXPORTACION EXTRAZONA (R.E.) ASIGNADO A LAS POSICIONES ARANCELARIAS DE LA NOMENCLATURA COMUN DEL MERCOSUR (N.C.M.) EN ACEITES DE OLIVA Y ACEITUNAS EN CONSERVA.,2020-11-25T00:00:00,2020,LEY,"CASELLES, GRACIELA MARIA",false,ninguno,,,,corpus,no,NCM
HCDN246618,ESTABLECESE UN 5 % DE REINTEGRO ADICIONAL A LA EXPORTACION EXTRAZONA (R.E.) ASIGNADO A LAS POSICIONES ARANCELARIAS DE LA NOMENCLATURA COMUN DEL MERCOSUR (N.C.M.) PARA EL PISTACHO.,2020-11-27T00:00:00,2020,LEY,"CASELLES, GRACIELA MARIA",false,ninguno,,,,corpus,no,NCM
HCDN246646,SOLICITAR AL PODER EJECUTIVO IMPLEMENTE UN REINTEGRO ADICIONAL A LA EXPORTACION EXTRAZONA (R.E.) ASIGNADO A LAS POSICIONES ARANCELARIAS DE LA NOMENCLATURA COMUN DEL MERCOSUR (N.C.M.) PARA EL PISTACHO.,2020-11-27T00:00:00,2020,DECLARACION,"CASELLES, GRACIELA MARIA",false,ninguno,,,,corpus,no,NCM
HCDN246939,EXPRESAR BENEPLACITO POR LA ASUNCION DE LA REPUBLICA ARGENTINA A LA PRESIDENCIA PRO TEMPORE DEL MERCOSUR DURANTE LA CUMBRE A DESARROLLARSE DEL 14 AL 16 DE DICIEMBRE DE 2020.,2020-12-15T00:00:00,2020,DECLARACION,"MOISES, MARIA CAROLINA",true,C,mercosur_institucional,administrativa_neutra,relacionada,corpus,no,presidencia pro tempore
HCDN247042,DESTRUCCION O DEGRADACION DE BOSQUE NATIVO. REGIMEN SANCIONATORIO. MODIFICACION DEL CODIGO PENAL.,2020-12-22T00:00:00,2020,LEY,"VALLEJOS, FERNANDA",true,D,eudr_trazabilidad_forestal,administrativa_neutra,relacionada,corpus,si,sancion penal desmonte
HCDN247047,"SOLICITAR AL PODER EJECUTIVO DISPONGA PRORROGAR LA VIGENCIA DE LOS REGIMENES DE PROMOCION PARA LA PRODUCCION Y USO SUSTENTABLES DE BIOCOMBUSTIBLES Y DE PROMOCION DE LA PRODUCCION DE BIOETANOL, RESPECTIVAMENTE, Y OTRAS CUESTIONES CONEXAS.",2020-12-22T00:00:00,2020,DECLARACION,"CISNEROS, CARLOS ANIBAL",false,ninguno,,,,corpus,no,biocombustibles
HCDN247123,"EXPRESAR RECHAZO AL DECRETO DE NECESIDAD Y URGENCIA N° 1060/2020 QUE FIJA LA ALICUOTA DEL DERECHO DE EXPORTACION PARA LAS MERCADERIAS COMPRENDIDAS EN LAS POSICIONES ARANCELARIAS DE LA NOMENCLATURA COMUN DEL MERCOSUR, EN LO REFERENTE A LA SUBA DE RETENCIONES DEL VINO Y EL MOSTO Y CUESTIONES CONEXAS.-",2021-01-04T00:00:00,2021,RESOLUCION,"CORNEJO, ALFREDO VICTOR",false,ninguno,,,,corpus,no,NCM retenciones vino
HCDN247137,COMUNICACION DEL DECRETO DE FACULTADES DELEGADAS 1060 POR EL CUAL SE FIJA LA ALICUOTA DEL DERECHO DE EXPORTACION PARA MERCADERIAS COMPRENDIDAS EN LAS POSICIONES ARANCELARIAS DE LA N.C.M.,2021-01-08T00:00:00,2021,MENSAJE,"CAFIERO, SANTIAGO ANDRES",false,ninguno,,,,corpus,no,NCM retenciones
HCDN247152,"SOLICITAR AL PODER EJECUTIVO IMPLEMENTE POLITICAS TERRITORIALES DE CONTENCION, INCLUYENDO UNA CAMPAÑA DE TESTEO MASIVO, AISLAMIENTO Y RASTREO DE CONTACTOS EN EL TERRITORIO PARA LA DETECCION PRECOZ, EL CONTROL DE LA TRANSMISION DE COVID-19 Y SU ADECUADA TRAZABILIDAD.",2021-01-11T00:00:00,2021,RESOLUCION,"NAJUL, CLAUDIA",false,ninguno,,,,corpus,no,trazabilidad COVID
HCDN247175,SOLICITAR AL PODER EJECUTIVO GESTIONE LAS MEDIDAS PERTINENTES PARA LLEVAR A CABO LA HABILITACION DE MATRICULAS MERCOSUR PARA EL TRANSPORTE EN BUQUE DE SEMIRREMOLQUES DE CARGA Y OTRAS CUESTIONES CONEXAS.,2021-01-18T00:00:00,2021,RESOLUCION,"ASSEFF, ALBERTO",true,C,mercosur_institucional,administrativa_neutra,relacionada,corpus,si,matriculas Mercosur transporte
HCDN247197,"SOLICITAR AL PODER EJECUTIVO DISPONGA INCLUIR EN EL DECRETO 964/2020 Y MODIFICATORIOS, POR EL CUAL SE CONVOCA A SESIONES EXTRAORDINARIAS, LOS PROYECTOS RELACIONADOS CON BIOCOMBUSTIBLES Y LA PRORROGA DE LA LEY 26093.",2021-01-18T00:00:00,2021,RESOLUCION,"MAQUIEYRA, MARTIN",false,ninguno,,,,corpus,no,biocombustibles
HCDN247208,PEDIDO DE INFORMES AL PODER EJECUTIVO SOBRE DIVERSAS CUESTIONES RELACIONADAS CON LAS POLITICAS SOBRE MALVINAS Y LOS OTROS DOS ARCHIPIELAGOS A CAUSA DE LA SALIDA DEL REINO UNIDO DE GRAN BRETAÑA DE LA UNION EUROPEA.,2021-01-18T00:00:00,2021,RESOLUCION,"ASSEFF, ALBERTO",false,ninguno,,,,corpus,no,Brexit Malvinas
HCDN247306,EXPRESAR PREOCUPACION POR LA FALTA DE PLANES DE DESARROLLO Y PRODUCCION DE BIOCOMBUSTIBLES.,2021-01-25T00:00:00,2021,DECLARACION,"CORNEJO, VIRGINIA",false,ninguno,,,,corpus,no,biocombustibles
HCDN247428,REGULACION Y PROMOCION PARA LA PRODUCCION Y USO SUSTENTABLE DE BIOCOMBUSTIBLES - LEY 26093 -. MODIFICACIONES SOBRE EL INCREMENTO DEL PORCENTAJE DE MEZCLA DE BIODIESEL Y BIOETANOL EN COMBUSTIBLES.,2021-02-08T00:00:00,2021,LEY,"RODRIGUEZ, ALEJANDRO ""TOPO""",false,ninguno,,,,corpus,no,mezcla biocombustibles
HCDN247751,"EXPRESAR BENEPLACITO POR LA DECISION POLITICA DE LA CANCILLERIA ARGENTINA DE INCORPORAR EN FORMA DEFINITIVA A LA REPLUBLICA PLURINACIONAL DE BOLIVIA AL MERCOSUR, EN EJERCICIO DE LA PRESIDENCIA PRO - TEMPORE.",2021-03-02T00:00:00,2021,DECLARACION,"BRITEZ, MARIA CRISTINA",true,C,mercosur_institucional,administrativa_neutra,relacionada,corpus,no,incorporacion Bolivia
HCDN247813,"REGIMEN DE REGULACION Y PROMOCION PARA LA PRODUCCION Y USO SUSTENTABLES DE BIOCOMBUSTIBLES - LEY 26093 -. MODIFICACION DE LOS ARTICULOS 7 Y 8, SOBRE LOS PORCENTAJES MINIMOS DE MEZCLA CON LA ESPECIE DE BIOCOMBUSTIBLE DENOMINADA ""BIODIESEL"" Y ""BIOETANOL"" QUE DEBEN CONTENER LOS COMBUSTIBLES FOSILES.",2021-03-04T00:00:00,2021,LEY,"GODOY, LUCAS JAVIER",false,ninguno,,,,corpus,no,mezcla biocombustibles
HCDN247897,"EXPRESAR BENEPLACITO POR EL TRIGESIMO ANIVERSARIO DE LA FIRMA DEL TRATADO DE ASUNCION, SUSCRIPTO ENTRE ARGENTINA, BRASIL, PARAGUAY Y URUGUAY EL 26 DE MARZO DE 1991 Y QUE DIO ORIGEN AL MERCADO COMUN DEL SUR (MERCOSUR).",2021-03-05T00:00:00,2021,DECLARACION,"BERISSO, HERNAN",true,C,mercosur_simbolico,administrativa_neutra,relacionada,corpus,si,aniversario del bloque
HCDN247925,"SOLICITAR AL PODER EJECUTIVO DISPONGA LAS MEDIDAS PERTINENTES PARA LLEVAR A CABO LA HABILITACION DE MATRICULAS MERCOSUR PARA EL TRANSPORTE EN BUQUE DE SEMIRREMOLQUES DE CARGA, Y OTRAS CUESTIONES CONEXAS.",2021-03-08T00:00:00,2021,RESOLUCION,"ASSEFF, ALBERTO",true,C,mercosur_institucional,administrativa_neutra,relacionada,corpus,si,matriculas Mercosur transporte
HCDN247984,SOLICITAR AL PODER EJECUTIVO PROCEDA A REACTIVAR Y PROMOVER EL SISTEMA DE PAGOS EN MONEDAS LOCALES (SML) PARA EL PAGO Y COBRO DE EXPORTACIONES E IMPORTACIONES EN MONEDAS NACIONALES DE LOS PAISES DEL MERCOSUR.,2021-03-09T00:00:00,2021,RESOLUCION,"PASTORI, LUIS MARIO",true,C,mercosur_institucional,pro_liberalizacion,relacionada,corpus,no,SML pagos intra-Mercosur
HCDN248067,"ELECCION DE PARLAMENTARIOS DEL MERCOSUR - LEY 27120 -. MODIFICACION DEL ARTICULO 16, SOBRE REMUNERACIONES.",2021-03-10T00:00:00,2021,LEY,"CARRIZO, ANA CARLA",true,C,mercosur_institucional,administrativa_neutra,relacionada,corpus,no,Parlasur remuneraciones
HCDN248098,"PEDIDO DE INFORMES VERBALES AL SEÑOR MINISTRO DE RELACIONES EXTERIORES, COMERCIO INTERNACIONAL Y CULTO, INGENIERO FELIPE SOLA, SOBRE LOS MOTIVOS POR LOS QUE EL PAIS NO SUSCRIBIO EL DOCUMENTO DEL ""GRUPO DE CONTACTO INTERNACIONAL PARA VENEZUELA"", DONDE SE RECHAZO LA DECISION DEL REGIMEN VENEZOLANO DE DECLARAR A LA EMBAJADORA DE LA UNION EUROPEA COMO ""PERSONA NON GRATA"".",2021-03-11T00:00:00,2021,RESOLUCION,"ENRIQUEZ, JORGE RICARDO",false,ninguno,,,,corpus,si,embajadora UE en Venezuela: diplomatico no comercial
HCDN248203,COMUNICACION EL DICTADO DEL DECRETO DE FACULTADES DELEGADAS N° 150 DEL 8 DE MARZO DE 2021 POR EL QUE SE FIJA LA ALICUOTA DEL DERECHO DE EXPORTACION (D.E.) PARA LAS MERCADERIAS COMPRENDIDAS EN LAS POSICIONES ARANCELARIAS DE LA NOMENCLATURA COMUN DEL MERCOSUR (N.C.M.).,2021-03-12T00:00:00,2021,MENSAJE,"CAFIERO, SANTIAGO ANDRES",false,ninguno,,,,corpus,no,NCM retenciones
HCDN248301,"SOLICITAR AL PODER EJECUTIVO DISPONGA LAS MEDIDAS NECESARIAS PARA CONTINUAR CON LOS BENEFICIOS PREVISTOS EN LAS LEYES 26093 Y 26334, DE BIOCOMBUSTIBLES Y BIOETANOL, RESPECTIVAMENTE.",2021-03-12T00:00:00,2021,DECLARACION,"CISNEROS, CARLOS ANIBAL",false,ninguno,,,,corpus,no,biocombustibles
HCDN248421,"PRESUPUESTOS MINIMOS AMBIENTALES PARA LA PROTECCION DE LOS BOSQUES NATIVOS - LEY 26331 -. MODIFICACION, SOBRE INCUMPLIMIENTO.",2021-03-15T00:00:00,2021,LEY,"VIVERO, CARLOS ALBERTO",true,D,eudr_trazabilidad_forestal,administrativa_neutra,relacionada,corpus,si,26331 incumplimiento
HCDN248559,PEDIDO DE INFORMES AL PODER EJECUTIVO SOBRE DIVERSAS CUESTIONES RELACIONADAS CON EL INVENTARIO DE BOSQUES NATIVOS.,2021-03-15T00:00:00,2021,RESOLUCION,"SAPAG, ALMA LILIANA",true,D,eudr_trazabilidad_forestal,administrativa_neutra,relacionada,corpus,si,inventario de bosques nativos
HCDN248541,"EXPRESAR BENEPLACITO POR EL 30 ANIVERSARIO DE LA FIRMA DEL ""TRATADO DE ASUNCION"", QUE CONSTITUYO EL ""MERCADO COMUN DEL SUR - MERCOSUR -"", SUSCRIPTO EL 26 DE MARZO DE 1991 ENTRE LAS REPUBLICAS DE ARGENTINA, FEDERATIVA DEL BRASIL, PARAGUAY Y ORIENTAL DEL URUGUAY.",2021-03-16T00:00:00,2021,RESOLUCION,"IGLESIAS, FERNANDO ADOLFO",true,C,mercosur_simbolico,administrativa_neutra,relacionada,corpus,si,aniversario del bloque
HCDN248663,BIOCOMBUSTIBLES - LEY 26093 -. PRORROGASE SU VIGENCIA POR UN PLAZO DE DIEZ (10) AÑOS.,2021-03-17T00:00:00,2021,LEY,"MOISES, MARIA CAROLINA",false,ninguno,,,,corpus,no,biocombustibles
HCDN248717,"MANEJO DEL FUEGO - LEY 26815 -. MODIFICACIONES, SOBRE INCENDIOS DE BOSQUES NATIVOS.",2021-03-18T00:00:00,2021,LEY,"FREGONESE, ALICIA",true,D,eudr_trazabilidad_forestal,administrativa_neutra,relacionada,corpus,si,incendios de bosques nativos
HCDN248759,EXPRESAR PREOCUPACION POR LA FALTA DE PLANES DE DESARROLLO Y PRODUCCION DE BIOCOMBUSTIBLES.,2021-03-18T00:00:00,2021,DECLARACION,"CORNEJO, VIRGINIA",false,ninguno,,,,corpus,no,biocombustibles
HCDN248874,"PRORROGUESE HASTA EL 31 DE DICIEMBRE DE 2025 LA VIGENCIA DE LA 26093, DE BIOCOMBUSTIBLES.",2021-03-22T00:00:00,2021,LEY,"LATORRE, JIMENA",false,ninguno,,,,corpus,no,biocombustibles
HCDN248894,"SOLICITAR AL PODER EJECUTIVO DISPONGA LAS MEDIDAS NECESARIAS TENDIENTES A LA ACTUALIZACION DE LOS ARANCELES PROFESIONALES, Y MODULOS DE PRESTACIONES MEDICAS Y DE TRANSPORTE EN SERVICIOS DE ATENCION PARA PERSONAS CON DISCAPACIDAD, Y OTRAS CUESTIONES CONEXAS.",2021-03-22T00:00:00,2021,DECLARACION,"CARRIZO, SOLEDAD",false,ninguno,,,,corpus,no,aranceles discapacidad
HCDN249099,"EXPRESAR REPUDIO POR LAS EXPRESIONES DEL PRESIDENTE ALBERTO FERNANDEZ SOBRE UNA DECLARACION DEL PRESIDENTE DE LA REPUBLICA FEDERATIVA DEL BRASIL, SEÑOR BOLSONARO, RELACIONADAS A LA BAJA DE ARANCELES.",2021-03-26T00:00:00,2021,DECLARACION,"SCAGLIA, GISELA",true,C,mercosur_institucional,administrativa_neutra,relacionada,corpus,si,disputa por baja del AEC con Brasil
HCDN249106,"EXPRESAR REPUDIO POR LOS DICHOS DEL SEÑOR PRESIDENTE DE LA NACION, EL 26 DE MARZO DE 2021, EN EL MARCO DE LA CUMBRE POR LOS 30 AÑOS DE LA CREACION DEL MERCOSUR.",2021-03-29T00:00:00,2021,DECLARACION,"LEHMANN, MARIA LUCILA",true,C,mercosur_institucional,administrativa_neutra,relacionada,corpus,si,cumbre 30 anos del bloque
HCDN249311,"EXPRESAR RECHAZO POR LAS DECLARACIONES DEL PRESIDENTE DE LA NACION, DOCTOR ALBERTO FERNANDEZ RELACIONADAS CON EL MERCOSUR.",2021-04-05T00:00:00,2021,RESOLUCION,"IGLESIAS, FERNANDO ADOLFO",true,C,mercosur_institucional,administrativa_neutra,relacionada,corpus,no,declaraciones presidenciales sobre el Mercosur
HCDN249420,PEDIDO DE INFORMES AL PODER EJECUTIVO SOBRE DIVERSAS CUESTIONES RELACIONADAS CON LA REACTIVACION DE LA INDUSTRIA PARA LA PRODUCCION DE BIOCOMBUSTIBLES.,2021-04-08T00:00:00,2021,RESOLUCION,"ESTEVEZ, ENRIQUE",false,ninguno,,,,corpus,no,biocombustibles
HCDN249569,"PEDIDO DE INFORMES VERBALES AL MINISTRO DE DESARROLLO PRODUCTIVO DE LA NACION, LICENCIADO MATIAS KULFAS, Y A LA SECRETARIA DE COMERCIO INTERIOR, DOCTORA PAULA ESPAÑOL, SOBRE DIVERSAS CUESTIONES RELACIONADAS CON LAS POLITICAS DE CONTROL DE PRECIOS Y CIERRES DE EXPORTACIONES PARA EL SECTOR DE LA CARNE.",2021-04-13T00:00:00,2021,RESOLUCION,"ANGELINI, FEDERICO",false,ninguno,,,,corpus,si,cierre export carne (sonda)
HCDN249595,PEDIDO DE INFORMES AL PODER EJECUTIVO SOBRE DIVERSAS CUESTIONES RELACIONADAS CON LA POSIBILIDAD DEL CIERRE DE EXPORTACIONES DE CARNE.,2021-04-14T00:00:00,2021,RESOLUCION,"BERISSO, HERNAN",false,ninguno,,,,corpus,si,cierre export carne (sonda)
HCDN249614,"REGIMEN DE REGULACION Y PROMOCION PARA LA PRODUCCION Y USO SUSTENTABLES DE BIOCOMBUSTIBLES - LEY 26093 -. MODIFICACION DE LOS ARTICULOS 7 Y 8, SOBRE AMPLIACION DE LOS PORCENTAJES MINIMOS DE CORTE BIOETANOL Y BIODIESEL.",2021-04-14T00:00:00,2021,LEY,"MESTRE, DIEGO MATIAS",false,ninguno,,,,corpus,no,mezcla biocombustibles
HCDN249738,"EXPRESAR ADHESION POR LA PETICION A LA "" ORGANIZACION MUNDIAL DE COMERCIO - OMC -"", PARA QUE SE REALICE UNA EXENCION DE LOS DERECHOS DE PATENTE EN LA FABRICACION DE INSUMOS SANITARIOS DESTINADOS A LA LUCHA CONTRA EL COVID - 19.",2021-04-19T00:00:00,2021,DECLARACION,"HAGMAN, ITAI",false,ninguno,,,,corpus,no,OMC patentes COVID
HCDN249840,"EXPRESAR BENEPLACITO POR LA REALIZACION DEL ENCUENTRO TITULADO "" POLITICA EXTERIOR ARGENTINA Y MERCOSUR "", CON LA PRESENCIA DEL CANCILLER ARGENTINO FELIPE SOLA, REALIZADO EL 19 DE ABRIL DE 2021.",2021-04-21T00:00:00,2021,RESOLUCION,"GINOCCHIO, SILVANA MICAELA",false,ninguno,,,,corpus,si,encuentro sobre politica exterior y Mercosur
HCDN249874,"MARCO REGULATORIO DE BIOCOMBUSTIBLES. DEROGACION DE LAS LEYES 23287, 26093 Y 26334.",2021-04-22T00:00:00,2021,LEY,"FELIX, OMAR CHAFI",false,ninguno,,,,corpus,no,biocombustibles
HCDN249900,"SOLICITAR AL PODER EJECUTIVO DISPONGA PROROGAR LA VIGENCIA DE LA LEY 26093, DE REGIMEN DE REGULACION Y PROMOCION PARA LA PRODUCCION Y USO SUSTENTABLE DE BIOCOMBUSTIBLES.",2021-04-23T00:00:00,2021,RESOLUCION,"AVILA, BEATRIZ LUISA",false,ninguno,,,,corpus,no,biocombustibles
HCDN249902,EXPRESAR BENEPLACITO POR EL ACCESO AL MERCADO PERUANO DE CITRICOS Y NUEZ DE NOGAL DE PRODUCCION NACIONAL.,2021-04-23T00:00:00,2021,RESOLUCION,"GINOCCHIO, SILVANA MICAELA",false,ninguno,,,,corpus,no,mercado peruano
HCDN249959,"EXPRESAR PREOCUPACION POR LOS CONTROLES DE EXPORTACIONES DE CARNES, GRANOS Y LACTEOS.",2021-04-26T00:00:00,2021,DECLARACION,"CORNEJO, VIRGINIA",false,ninguno,,,,corpus,si,controles export carnes (sonda)
HCDN250035,"SOLICITAR AL PODER EJECUTIVO DISPONGA REGLAMENTAR LA LEY 27569, LA CUAL PRORROGA POR 365 DIAS LA DECLARACION DE EMERGENCIA ECONOMICA, PRODUCTIVA, FINANCIERA Y SOCIAL, A LA CADENA DE PRODUCCION DE CITRICOS DE LAS PROVINCIAS DE ENTRE RIOS, CORRIENTES, MISIONES, JUJUY, SALTA, BUENOS AIRES, TUCUMAN Y CATAMARCA.",2021-04-27T00:00:00,2021,RESOLUCION,"VARA, JORGE",false,ninguno,,,,corpus,no,emergencia citricola
HCDN250098,"SOLICITAR AL PODER EJECUTIVO DISPONGA LA PRORROGA HASTA EL AÑO 2025 DE LA LEY 26093, REGULACION Y PROMOCION PARA LA PRODUCCION Y USO SUSTENTABLE DE BIOCOMBUSTIBLES.",2021-04-28T00:00:00,2021,RESOLUCION,"CORNEJO, VIRGINIA",false,ninguno,,,,corpus,no,biocombustibles
HCDN250115,CREACION DEL SISTEMA UNIFICADO DE TRAZABILIDAD DE LA PESCA (SUTRAP).,2021-04-29T00:00:00,2021,LEY,"SELVA, CARLOS AMERICO",true,D,eudr_trazabilidad_forestal,administrativa_neutra,relacionada,corpus,si,trazabilidad pesca
HCDN250196,PRORROGUESE EL REGIMEN DE REGULACION Y PROMOCION PARA LA PRODUCCION Y USO SUSTENTABLES DE BIOCOMBUSTIBLES - LEY 26093 -.,2021-05-03T00:00:00,2021,LEY,"MAQUIEYRA, MARTIN",false,ninguno,,,,corpus,no,biocombustibles
HCDN250322,"EXPRESAR PREOCUPACION POR EL INCUMPLIMIENTO DE LO PRESCRIPTO EN LA LEY 26331, DE PROTECCION AMBIENTAL DE BOSQUES NATIVOS, EN LA PROVINCIA DE SANTIAGO DEL ESTERO, Y OTRAS CUESTIONES CONEXAS.",2021-05-06T00:00:00,2021,RESOLUCION,"ZAMARBIDE, FEDERICO RAUL",true,D,eudr_trazabilidad_forestal,administrativa_neutra,relacionada,corpus,si,26331 Santiago del Estero
HCDN250338,"EXPRESAR BENEPLACITO POR LA FIRMA DEL ""ACUERDO SOBRE COMERCIO ELECTRONICO DEL MERCOSUR"", CELEBRADO EL 29 DE ABRIL EN LA CIUDAD DE MONTEVIDEO, POR LOS REPRESENTANTES PERMANENTES DE ARGENTINA, BRASIL, PARAGUAY Y URUGUAY.",2021-05-07T00:00:00,2021,RESOLUCION,"GINOCCHIO, SILVANA MICAELA",true,C,mercosur_institucional,pro_liberalizacion,relacionada,corpus,no,acuerdo de comercio electronico del bloque
HCDN250417,"COMUNICACION DEL DICTADO DEL DECRETO DE FACULTADES DELEGADAS 302 DEL 7 DE MAYO DEL 2021 POR EL CUAL SE DESGRAVA EL DERECHO DE EXPORTACION A LAS EXPORTACIONES QUE REALICEN LAS MICRO, PEQUEÑAS Y MEDIANAS EMPRESAS (MIPYMES) RESPECTO DE LAS MERCADERIAS COMPRENDIDAS EN DETERMINADAS POSICIONES ARANCELARIAS DE LA NOMENCLATURA COMUN DEL MERCOSUR (NCM).",2021-05-11T00:00:00,2021,MENSAJE,"CAFIERO, SANTIAGO ANDRES",false,ninguno,,,,corpus,no,NCM retenciones
HCDN250543,PRESUPUESTOS MINIMOS DE PROTECCION AMBIENTAL EN LOS EQUIPOS DE PULVERIZACION DE PRODUCTOS FITOSANITARIOS. REGIMEN.,2021-05-14T00:00:00,2021,LEY,"FREGONESE, ALICIA",false,ninguno,,,,corpus,no,fitosanitarios
HCDN250603,"EXPRESAR ADHESION AL PEDIDO DE SUDAFRICA E INDIA A LA ""ORGANIZACION MUNDIAL DE COMERCIO"", PARA QUE SE EXIMAN DE LOS DERECHOS DE PATENTE PARA LA PRODUCCION DE INSUMOS MEDICOS PARA LUCHAR CON EL COVID - 19.",2021-05-18T00:00:00,2021,DECLARACION,"MUÑOZ, ROSA ROSARIO",false,ninguno,,,,corpus,no,OMC patentes COVID
HCDN250604,EXPRESAR PREOCUPACION POR LA SUSPENSION DE LA EXPORTACION DE CARNES DURANTE 30 DIAS.,2021-05-18T00:00:00,2021,DECLARACION,"CORNEJO, VIRGINIA",false,ninguno,,,,corpus,si,suspension export carne (sonda)
HCDN250607,"COMUNICACION DEL DICTADO DEL DECRETO DE FACULTADES DELEGADAS 322 DEL 8 DE MAYO DEL 2021, POR EL CUAL EXTIENDE LA VIGENCIA DEL REGIMEN DE PROMOCION PARA LA PRODUCCION Y USO SUSTENTABLES DE BIOCOMBUSTIBLES ESTABLECIDO POR LA LEY 26093, HASTA EL 12 DE JULIO DE 2021 O HASTA QUE ENTRE EN VIGENCIA UN NUEVO MARCO REGULATORIO DE BIOCOMBUSTIBLES.",2021-05-18T00:00:00,2021,MENSAJE,"CAFIERO, SANTIAGO ANDRES",false,ninguno,,,,corpus,no,biocombustibles
HCDN250622,EXPRESAR REPUDIO POR LA SUSPENSION DE LA EXPORTACION DE CARNES DURANTE 30 DIAS.,2021-05-19T00:00:00,2021,RESOLUCION,"TORELLO, PABLO",false,ninguno,,,,corpus,si,suspension export carne (sonda)
HCDN250634,PEDIDO DE INFORMES AL PODER EJECUTIVO SOBRE DIVERSAS CUESTIONES RELACIONADAS CON LA SUSPENSION POR 30 DIAS DE LAS EXPORTACIONES DE CARNE.,2021-05-20T00:00:00,2021,RESOLUCION,"BERHONGARAY, MARTIN ANTONIO",false,ninguno,,,,corpus,si,suspension export carne (sonda)
HCDN250682,EXPRESAR PREOCUPACION POR EL CIERRE DE LAS EXPORTACIONES DE CARNE VACUNA POR 30 DIAS.,2021-05-21T00:00:00,2021,RESOLUCION,"SAPAG, ALMA LILIANA",false,ninguno,,,,corpus,si,cierre export carne (sonda)
HCDN250688,EXPRESAR REPUDIO POR EL CIERRE DE LAS EXPORTACIONES DE CARNE POR 30 DIAS.,2021-05-21T00:00:00,2021,DECLARACION,"LEHMANN, MARIA LUCILA",false,ninguno,,,,corpus,si,cierre export carne (sonda)
HCDN250689,"EXPRESAR REPUDIO AL CIERRE DE LAS EXPORTACIONES DE CARNE POR 30 DIAS DISPUESTO POR RESOLUCION 75/21 DEL MINISTERIO DE AGRICULTURA, GANADERIA Y PESCA DE LA NACION.",2021-05-21T00:00:00,2021,DECLARACION,"JETTER, INGRID",false,ninguno,,,,corpus,si,cierre export carne (sonda)
HCDN250861,"DECLARAR DE INTERES DE LA H. CAMARA EL ""IX CONGRESO NACIONAL DE EXTENSION UNIVERSITARIA"" Y LAS ""VIII JORNADAS DE EXTENSION DEL MERCOSUR"", A REALIZARSE EN FORMA VIRTUAL DEL 14 AL 21 DE SETIEMBRE DE 2021.",2021-05-31T00:00:00,2021,RESOLUCION,"CARRO, PABLO",false,ninguno,,,,corpus,no,congreso
HCDN251340,"EXPRESAR REPUDIO POR LAS MANIFESTACIONES ANTISEMITAS DEL SEÑOR ALBERTO SAMID, RELACIONADAS CON LA COMPRA DE CARNE POR PARTE DE ISRAEL Y CUESTIONES CONEXAS.",2021-06-16T00:00:00,2021,DECLARACION,"ENRIQUEZ, JORGE RICARDO",false,ninguno,,,,corpus,no,antisemitismo
HCDN251480,"DECLARAR DE INTERES DE LA H. CAMARA A LA ASOCIACION DE BOMBEROS VOLUNTARIOS ""AGUILAS DE ACERO"". FUNDADA EN EL MES DE SEPTIEMBRE DEL AÑO 2012, COMO RESPUESTA A LAS DEMANDAS DE LA COMUNIDAD RIOJANA.",2021-06-22T00:00:00,2021,DECLARACION,"SAHAD, JULIO ENRIQUE",false,ninguno,,,,corpus,no,bomberos
HCDN251560,"DECLARAR DE INTERES DE LA H. CAMARA EL ""IX CONGRESO NACIONAL DE TRIGO"" A REALIZARSE DE FORMA VIRTUAL CON EL ""VII SIMPOSIO DE CEREALES DE SIEMBRA OTOÑO - INVERNAL"" Y LA ""III REUNION DEL MERCOSUR"", EL 29 Y 30 DE SEPTIEMBRE DE 2021 EN TRES ARROYOS, PROVINCIA DE BUENOS AIRES.",2021-06-23T00:00:00,2021,RESOLUCION,"SAPAG, ALMA LILIANA",false,ninguno,,,,corpus,no,congreso
HCDN251736,"COMUNICACION DEL DICTADO DEL DECRETO DE FACULTADES DELEGADAS 410 DEL 25 DE JUNIO DEL 2021, POR EL CUAL FIJA LA ALICUOTA DEL DERECHO DE EXPORTACION (D.E.) PARA DETERMINADAS MERCADERIAS COMPRENDIDAS EN LAS POSICIONES ARANCELARIAS DE LA NOMENCLATURA COMUN DEL MERCOSUR (N.C.M.) -.",2021-06-29T00:00:00,2021,MENSAJE,"CAFIERO, SANTIAGO ANDRES",false,ninguno,,,,corpus,no,NCM retenciones
HCDN251905,"EXPRESAR RECHAZO POR LA DECISION DE SUSPENDER LA EXPORTACION DE DIVERSOS CORTES DE CARNE HASTA EL 31 DE DICIEMBRE DE 2021 INCLUSIVE, Y OTRAS CUESTIONES CONEXAS.",2021-07-07T00:00:00,2021,DECLARACION,"JETTER, INGRID",false,ninguno,,,,corpus,si,suspension export cortes (sonda)
HCDN252274,PEDIDO DE INFORMES AL PODER EJECUTIVO SOBRE DIVERSAS CUESTIONES VINCULADAS AL CIERRE DE EXPORTACIONES DE CARNE.,2021-07-20T00:00:00,2021,RESOLUCION,"FREGONESE, ALICIA",false,ninguno,,,,corpus,si,cierre export carne (sonda)
HCDN252299,"EXPRESAR PREOCUPACION POR LA SITUACION DE LAS INSTITUCIONES, PROFESIONALES Y TRANSPORTISTAS QUE BRINDAN ATENCION Y SERVICIOS A PERSONAS CON DISCAPACIDAD A RAIZ DEL DESFASAJE ARANCELARIO EN EL SISTEMA DE PRESTACIONES.",2021-07-21T00:00:00,2021,DECLARACION,"BALDASSI, HECTOR W.",false,ninguno,,,,corpus,no,aranceles discapacidad
HCDN252700,"SOLICITAR AL PODER EJECUTIVO DISPONGA LOS MEDIOS NECESARIOS PARA LA ACTUALIZACION, SEGUN LA INFLACION VIGENTE, DE LOS ARANCELES DEL NOMENCLADOR DE PRESTACIONES BASICAS PARA PERSONAS CON DISCAPACIDAD.",2021-08-11T00:00:00,2021,DECLARACION,"SCAGLIA, GISELA",false,ninguno,,,,corpus,no,aranceles discapacidad
HCDN252848,EXENCION DEL IMPUESTO AL VALOR AGREGADO A LOS CORTES POPULARES DE CARNE VACUNA.,2021-08-23T00:00:00,2021,LEY,"OLIVETO LAGO, PAULA",false,ninguno,,,,corpus,no,IVA carne
HCDN252856,"DECLARAR DE INTERES DE LA H. CAMARA LA CAMPAÑA "" TRAZABILIDAD DE LA PESCA "" Y EL SEMINARIO "" TRAZABILIDAD DE LA PESCA "" QUE SE LLEVARA A CABO EL 9 DE SEPTIEMBRE DE 2021.",2021-08-23T00:00:00,2021,RESOLUCION,"MENNA, GUSTAVO",false,ninguno,,,,corpus,si,campana y seminario de trazabilidad pesquera = evento
HCDN253056,"DECLARAR DE INTERES DE LA H. CAMARA EL IX CONGRESO NACIONAL DE EXTENSION Y VIII JORNADA DE EXTENSION DEL MERCOSUR, ORGANIZADO POR LA RED NACIONAL DE EXTENSION UNIVERSITARIA (REXUNI) A REALIZARSE, EN FORMA VIRTUAL, DEL 14 AL 17 DE SETIEMBRE DE 2021.",2021-08-30T00:00:00,2021,DECLARACION,"MORALES GORLERI, VICTORIA",false,ninguno,,,,corpus,no,congreso
HCDN253059,"EXPRESAR BENEPLACITO POR LA ""MEDALLA UE"" QUE OTORGO LA DELEGACION DE LA UNION EUROPEA EN ARGENTINA, AL TRABAJO SOSTENIDO DE LA RED ARGENTINA DE MUNICIPIOS FRENTE AL CAMBIO CLIMATICO.",2021-08-30T00:00:00,2021,DECLARACION,"JETTER, INGRID",false,ninguno,,,,corpus,no,medalla UE municipios
HCDN253089,"EXPRESAR PREOCUPACION POR LA EXTENSION HASTA EL 31 DE OCTUBRE DE 2021, EL CEPO PARA LA EXPORTACION DE CARNES.",2021-09-01T00:00:00,2021,RESOLUCION,"SCAGLIA, GISELA",false,ninguno,,,,corpus,si,cepo export carnes (sonda)
HCDN253102,"EXPRESAR APOYO A LA INICIATIVA DE LA DIPUTADA NACIONAL MARIA LUCILA LEHMANN EN RELACION A LA PRESENTACION QUE EFECTUO EN EL TRIBUNAL DE DEFENSA DE LA COMPETENCIA A FIN DE QUE ESTE ORGANISMO EVALUE Y SOLICITE UNA CAUTELAR PARA PONER UN FRENO AL CEPO A LA EXPORTACION DE CARNE, Y OTRAS CUESTIONES CONEXAS.",2021-09-01T00:00:00,2021,DECLARACION,"CORNEJO, VIRGINIA",false,ninguno,,,,corpus,si,cepo export carne (sonda)
HCDN253167,EXPRESAR RECHAZO POR LAS POLITICAS EN MATERIA DE CONTROL Y RESTRICCIONES A LA EXPORTACION DE CARNE.,2021-09-06T00:00:00,2021,DECLARACION,"LEHMANN, MARIA LUCILA",false,ninguno,,,,corpus,si,restricciones export carne (sonda)
HCDN253569,PEDIDO DE INFORMES AL PODER EJECUTIVO SOBRE DIVERSAS CUESTIONES RELACIONADAS CON EL MERCADO DEL BIODIESEL ARGENTINO EN LOS ESTADOS UNIDOS DE AMERICA.,2021-09-30T00:00:00,2021,RESOLUCION,"TORELLO, PABLO",false,ninguno,,,,corpus,no,biodiesel EEUU
HCDN254296,COMUNICACION DEL DICTADO DEL DECRETO DE FACULTADES DELEGADAS 754 MEDIANTE EL CUAL SE FIJA LA ALICUOTA DEL DERECHO DE EXPORTACION PARA LAS MERCADERIAS COMPRENDIDAS EN LAS POSICIONES ARANCELARIAS DE LA NOMENCLATURA COMUN DEL MERCOSUR.,2021-11-11T00:00:00,2021,MENSAJE,"MANZUR, JUAN LUIS",false,ninguno,,,,corpus,no,NCM retenciones
HCDN254392,"PEDIDO DE INFORMES AL PODER EJECUTIVO SOBRE DIVERSAS CUESTIONES RELACIONADAS CON LA PARTICIPACION EN LA ""DUODECIMA CONFERENCIA MINISTERIAL - CM12 -"" DE LA ""ORGANIZACION MUNDIAL DE COMERCIO - OMC -"", A REALIZARSE DEL 30 DE NOVIEMBRE AL 3 DE DICIEMBRE DE 2021 EN GINEBRA, CONFEDERACION HELVETICA.",2021-11-23T00:00:00,2021,RESOLUCION,"ASSEFF, ALBERTO",false,ninguno,,,,corpus,no,OMC conferencia
HCDN254666,"APROBACION DEL ACUERDO SOBRE RECONOCIMIENTO DE TITULOS DE GRADO DE EDUCACION SUPERIOR EN EL MERCOSUR, CELEBRADO EN LA CIUDAD DE MONTEVIDEO - REPUBLICA ORIENTAL DEL URUGUAY - EL 17 DE DICIEMBRE DE 2018.",2021-12-02T00:00:00,2021,MENSAJE Y PROYECTO DE LEY,"FERNANDEZ, ALBERTO",true,C,mercosur_institucional,administrativa_neutra,relacionada,corpus,no,acuerdo de titulos del bloque
HCDN254889,"SOLICITAR AL PODER EJECUTIVO DISPONGA LAS MEDIDAS NECESARIAS PARA QUE LA CIRUELA SECA, TIERNIZADA O DE INDUSTRIA INGRESE SIN ARANCELES A LOS PAISES DESTINO DE LAS EXPORTACIONES ARGENTINAS.",2021-12-09T00:00:00,2021,RESOLUCION,"ZAMARBIDE, FEDERICO RAUL",false,ninguno,,,,corpus,si,aranceles de destino para ciruela sin contraparte identificada
HCDN254965,"APROBACION DEL ACUERDO DE COMERCIO ELECTRONICO DEL MERCOSUR, CELEBRADO EN LA CIUDAD DE MONTEVIDEO, REPUBLICA ORIENTAL DEL URUGUAY, EL 29 DE ABRIL DE 2021.",2021-12-16T00:00:00,2021,MENSAJE Y PROYECTO DE LEY,"FERNANDEZ, ALBERTO",true,C,mercosur_institucional,pro_liberalizacion,relacionada,corpus,no,acuerdo comercio electronico del bloque
HCDN254963,"COMUNICACION DEL DICTADO DEL DECRETO DE FACULTADES DELEGADAS N° 851 DEL 14 DE DICIEMBRE DE 2021 SOBRE FIJAR A PARTIR DEL 1° DE ENERO DE 2022, LAS ALICUOTAS DEL DERECHO DE EXPORTACION EN LAS POSICIONES ARANCELARIAS DE LA NOMENCLATURA COMUN DEL MERCOSUR.",2021-12-17T00:00:00,2021,MENSAJE,"MANZUR, JUAN LUIS",false,ninguno,,,,corpus,no,NCM retenciones
HCDN255053,"PEDIDO DE INFORMES AL PODER EJECUTIVO SOBRE DIVERSAS CUESTIONES RELACIONADAS CON LAS ACCIONES DEL SERVICIO NACIONAL DE MANEJO DEL FUEGO DE ACUERDO PARA PREVENIR LA PROPAGACION Y DESARROLLO DE LOS INCENDIOS EN LOS BOSQUES NATIVOS DE LA ZONA DE LAGO MARTIN Y LAGO STEFFEN, PROVINCIA DE RIO NEGRO.",2021-12-30T00:00:00,2021,RESOLUCION,"CAMAÑO, GRACIELA",true,D,eudr_trazabilidad_forestal,administrativa_neutra,relacionada,corpus,si,incendios en bosques nativos
HCDN255055,PEDIDO DE INFORMES AL PODER EJECUTIVO SOBRE DIVERSAS CUESTIONES RELACIONADAS CON LA SUSPENSION DE LAS EXPORTACIONES DE CARNE BOVINA PARA EL AÑO 2022.,2021-12-30T00:00:00,2021,RESOLUCION,"TORELLO, PABLO",false,ninguno,,,,corpus,si,suspension export carne (sonda)
HCDN255082,"COMUNICACION DEL DICTADO DEL DECRETO DE FACULTADES DELEGADAS 908 MEDIANTE EL CUAL SE PRORROGA, HASTA EL 31 DE DICIEMBRE DE 2023, INCLUSIVE, Y A PARTIR DE LA FECHA DE SU VENCIMIENTO, LA ALICUOTA DEL DERECHO DE EXPORTACION DEL 8 % PARA LAS MERCADERIAS COMPRENDIDAS EN LAS POSICIONES ARANCELARIAS DE LA NOMENCLATURA COMUN DEL MERCOSUR.",2022-01-03T00:00:00,2022,MENSAJE,"MANZUR, JUAN LUIS",false,ninguno,,,,corpus,no,NCM retenciones
HCDN255147,"DECLARAR DE INTERES DE LA H. CAMARA LA 31 FIESTA NACIONAL DEL CHAMAME Y 17 FIESTA DEL CHAMAME DEL MERCOSUR A CELEBRARSE EN LA CIUDAD DE CORRIENTES, DEL 14 AL 23 DE ENERO DE 2022.-",2022-01-17T00:00:00,2022,RESOLUCION,"BRAMBILLA, SOFIA",false,ninguno,,,,corpus,no,chamame
HCDN255172,SUSPENDASE POR 365 DIAS LA APLICACION DE LOS DERECHOS DE EXPORTACION A LAS POSICIONES ARANCELARIAS DE LOS PRODUCTOS DE TABACO.,2022-01-24T00:00:00,2022,LEY,"BARBARO, HECTOR ""CACHO""",false,ninguno,,,,corpus,no,retenciones tabaco
HCDN255416,"SOLICITAR AL PODER EJECUTIVO DISPONGA EL SUMINISTRO DE UNA CUARTA DOSIS DE VACUNA CONTRA EL COVID - 19, A AQUELLOS ARGENTINOS QUE HAN RECIBIDO DOS DOSIS DE SPUTNIK V Y SE ENCUENTRAN IMPEDIDOS DE VIAJAR A LA UNION EUROPEA Y LOS ESTADOS UNIDOS DE AMERICA.",2022-02-14T00:00:00,2022,RESOLUCION,"CHUMPITAZ, GABRIEL FELIPE",false,ninguno,,,,corpus,no,vacunas y viajes
HCDN255610,"PEDIDO DE INFORMES AL PODER EJECUTIVO SOBRE DIVERSAS CUESTIONES RELACIONADAS CON LAS ACCIONES DEL SERVICIO NACIONAL DE MANEJO DEL FUEGO DE ACUERDO PARA PREVENIR LA PROPAGACION Y DESARROLLO DE LOS INCENDIOS EN LOS BOSQUES NATIVOS DE LA ZONA DE LAGO MARTIN Y LAGO STEFFEN, PROVINCIA DE RIO NEGRO Y EN LOS ESTEROS DEL IBERA, PROVINCIA DE CORRIENTES.",2022-03-02T00:00:00,2022,RESOLUCION,"CAMAÑO, GRACIELA",true,D,eudr_trazabilidad_forestal,administrativa_neutra,relacionada,corpus,si,incendios en bosques nativos
HCDN255994,IMPORTACION CASUAL DE MAQUINARIA E IMPLEMENTOS AGRICOLAS USADOS PROCEDENTES DE PAISES DEL MERCOSUR. REGIMEN.,2022-03-04T00:00:00,2022,LEY,"BARBARO, HECTOR ""CACHO""",true,C,mercosur_institucional,pro_liberalizacion,relacionada,corpus,no,importacion de maquinaria desde el Mercosur
HCDN256171,"CREACION DENTRO DE LA COMISION PERMANENTE DE MERCOSUR DE LA H. CAMARA DE DIPUTADOS DE LA NACION, EL OBSERVATORIO DE LOS ODS - OBJETIVOS DE DESARROLLO SOSTENIBLE - EN EL AVANCE DEL PROCESO DE INTEGRACION REGIONAL DEL MERCADO COMUN DEL SUR - MERCOSUR.",2022-03-08T00:00:00,2022,RESOLUCION,"GINOCCHIO, SILVANA MICAELA",true,C,mercosur_institucional,administrativa_neutra,relacionada,corpus,no,observatorio ODS comision Mercosur
HCDN256173,"EXPRESAR BENEPLACITO POR LA FIRMA DEL ACUERDO SOBRE COMERCIO ELECTRONICO DEL MERCOSUR, CELEBRADO EL 29 DE ABRIL EN LA CIUDAD DE MONTEVIDEO, POR LOS REPRESENTANTES PERMANENTES DE ARGENTINA, BRASIL, PARAGUAY Y URUGUAY.",2022-03-08T00:00:00,2022,RESOLUCION,"GINOCCHIO, SILVANA MICAELA",true,C,mercosur_institucional,pro_liberalizacion,relacionada,corpus,no,acuerdo comercio electronico del bloque
HCDN256175,EXPRESAR BENEPLACITO POR EL ACCESO AL MERCADO PERUANO DE CITRICOS Y NUEZ DE NOGAL DE PRODUCCION NACIONAL.,2022-03-08T00:00:00,2022,RESOLUCION,"GINOCCHIO, SILVANA MICAELA",false,ninguno,,,,corpus,no,mercado peruano
HCDN256207,EXENCION DEL IMPUESTO AL VALOR AGREGADO A LOS CORTES POPULARES DE CARNE VACUNA.,2022-03-09T00:00:00,2022,LEY,"OLIVETO LAGO, PAULA",false,ninguno,,,,corpus,no,IVA carne
HCDN256554,"SOLIDARIDAD SOCIAL Y REACTIVACION PRODUCTIVA EN EL MARCO DE LA EMERGENCIA PUBLICA - LEY 27541 -. INCORPORACION DEL ARTICULO 74 BIS, SOBRE EXIMICION DE DERECHOS DE IMPORTACION Y DE TODO IMPUESTO, GRAVAMEN, CONTRIBUCION, TASA O ARANCEL A INSUMOS DESTINADOS A LA ATENCION DE LA PANDEMIA DE CORONAVIRUS COVID - 19.",2022-03-16T00:00:00,2022,LEY,"BALDASSI, HECTOR W.",false,ninguno,,,,corpus,no,COVID aranceles
HCDN256789,SOLICITAR AL PODER EJECUTIVO DISPONGA LAS MEDIDAS NECESARIAS PARA LA ACTUALIZACION DEL PRECIO MINIMO DE ADQUISICION DEL BIODIESEL PARA SU MEZCLA OBLIGATORIA CON GASOIL Y DEL BIOETANOL PARA SU MEZCLA OBLIGATORIA CON NAFTA.,2022-03-23T00:00:00,2022,RESOLUCION,"POGGI, CLAUDIO JAVIER",false,ninguno,,,,corpus,no,precio biodiesel
HCDN256838,TRANSPARENCIA EN LAS CONTRATACIONES DEL ESTADO Y CREACION DE UNA CUENTA BANCARIA UNICA DE TRAZABILIDAD DE LA CONTRATACION.,2022-03-23T00:00:00,2022,LEY,"OCAÑA, GRACIELA",false,ninguno,,,,corpus,no,trazabilidad contrataciones
HCDN256896,"EXPRESAR BENEPLACITO POR LA CONMEMORACION DEL TRIGESIMO PRIMER ANIVERSARIO DE LA PROMULGACION DE LA LEY 23981, QUE DIO ORIGEN AL ""MERCOSUR"".",2022-03-25T00:00:00,2022,DECLARACION,"MARZIOTTA, GISELA",true,C,mercosur_simbolico,administrativa_neutra,relacionada,corpus,si,aniversario ley del Tratado
HCDN257383,"SOLICITAR AL PODER EJECUTIVO DISPONGA ELEVAR EL PORCENTAJE OBLIGATORIO DE BIODIESEL A 13%, MEDIDO SOBRE LA CANTIDAD TOTAL DEL PRODUCTO FINAL.",2022-04-05T00:00:00,2022,RESOLUCION,"GARCIA, XIMENA",false,ninguno,,,,corpus,no,corte biodiesel
HCDN257470,"BIOCOMBUSTIBLES - LEY 27640 -. MODIFICACION, SOBRE ABASTECIMIENTO.",2022-04-06T00:00:00,2022,LEY,"GARCIA, XIMENA",false,ninguno,,,,corpus,no,biocombustibles
HCDN257474,SOLICITAR AL PODER EJECUTIVO DISPONGA EL AUMENTO DEL CUPO DE BIODIESEL EN EL GASOIL.,2022-04-06T00:00:00,2022,RESOLUCION,"BROUWER DE KONING, GABRIELA",false,ninguno,,,,corpus,no,cupo biodiesel
HCDN257516,"SOLICITAR AL PODER EJECUTIVO DISPONGA LAS MEDIDAS NECESARIAS PARA SUSTITUIR LA IMPORTACION DE COMBUSTIBLES FOSILES POR BIOCOMBUSTIBLES, Y OTRAS CUESTIONES CONEXAS.",2022-04-07T00:00:00,2022,RESOLUCION,"MIRABELLA, ROBERTO",false,ninguno,,,,corpus,no,biocombustibles
HCDN257671,PROMOCION Y PROTECCION DE LAS CARNES ALTERNATIVAS CORRESPONDIENTES A LAS DIFERENTES ECONOMIAS REGIONALES. REGIMEN.,2022-04-12T00:00:00,2022,LEY,"SELVA, CARLOS AMERICO",false,ninguno,,,,corpus,no,carnes alternativas
HCDN257840,REGIMEN ARANCELARIO PARA LA EXPORTACION DE CUERO CRUDO BOVINO - VACUNO DE LA REPUBLICA ARGENTINA. CREACION.,2022-04-19T00:00:00,2022,LEY,"SELVA, CARLOS AMERICO",false,ninguno,,,,corpus,si,regimen arancelario exportacion cuero
HCDN257849,SISTEMA DE TRAZABILIDAD DE LA PESCA. CREACION.,2022-04-19T00:00:00,2022,LEY,"SELVA, CARLOS AMERICO",true,D,eudr_trazabilidad_forestal,administrativa_neutra,relacionada,corpus,si,trazabilidad pesca
HCDN257876,"SOLICITAR AL PODER EJECUTIVO DISPONGA LAS MEDIDAS NECESARIAS PARA PERMITIR EL TRANSITO DE CARNE BOVINA CON HUESO PLANO DESDE LA ""ZONA LIBRE DE AFTOSA CON VACUNACION"", AL NORTE DEL RIO COLORADO, HACIA LA ""ZONA LIBRE SIN VACUNACION"", AL SUR DE DICHO CURSO FLUVIAL.",2022-04-20T00:00:00,2022,RESOLUCION,"MARIN, VARINIA LIS",false,ninguno,,,,corpus,si,transito carne barrera interna (sonda)
HCDN258453,"NACIONAL DE TRANSITO - LEY 24449 -. MODIFICACION DEL ARTICULO 13, REDUCCION DE LA VIGENCIA DEL CARNET DE CONDUCIR PARA PERSONAS MAYORES A 65 AÑOS.",2022-05-04T00:00:00,2022,LEY,"STEFANI, HECTOR ANTONIO",false,ninguno,,,,corpus,no,carnet conducir
HCDN258681,"APROBACION DEL ACUERDO SOBRE FACILITACION DEL COMERCIO DEL MERCOSUR, SUSCRIPTO EN LA CIUDAD DE BENTO GONÇALVES - REPUBLICA FEDERATIVA DEL BRASIL - EL DIA 5 DE DICIEMBRE DE 2019.",2022-05-05T00:00:00,2022,MENSAJE Y PROYECTO DE LEY,"FERNANDEZ, ALBERTO",true,C,mercosur_institucional,pro_liberalizacion,relacionada,corpus,no,acuerdo de facilitacion del comercio del bloque
HCDN258757,"FIJESE EN LA ALICUOTA DEL CERO POR CIENTO (0%), EL DERECHO DE EXPORTACION DE TRIGO Y SUS DERIVADOS CORRESPONDIENTES A LAS POSICIONES DE LA NOMENCLATURA COMUN DEL MERCOSUR (NCM).",2022-05-19T00:00:00,2022,LEY,"TORELLO, PABLO",false,ninguno,,,,corpus,no,NCM retenciones
HCDN258758,"CONDONASE LA DEUDA CON LA ADMINISTRACION FEDERAL DE INGRESOS PUBLICOS A LA COOPERATIVA DE TRABAJO INCOB - INDUSTRIA DE LA CARNE OBRERA - LTDA, UBICADA EN BAHIA BLANCA, PROVINCIA DE BUENOS AIRES, EN EL LAPSO COMPRENDIDO ENTRE LOS AÑOS 2007 A OCTUBRE 2015.",2022-05-19T00:00:00,2022,LEY,"LOPEZ, JUAN MANUEL",false,ninguno,,,,corpus,no,cooperativa deuda
HCDN258836,SOLICITAR AL PODER EJECUTIVO DISPONGA RECONSIDERAR EL AUMENTO DEL VALOR DE LOS ARANCELES VIGENTES DEL SISTEMA DE PRESTACIONES PARA LA ATENCION INTEGRAL A FAVOR DE LAS PERSONAS CON DISCAPACIDAD.,2022-05-24T00:00:00,2022,RESOLUCION,"LOPEZ MURPHY, RICARDO HIPOLITO",false,ninguno,,,,corpus,no,aranceles discapacidad
HCDN259271,"MARCO REGULATORIO DEL BIOCOMBUSTIBLE - LEY 27640 -. MODIFICACIONES, SOBRE IMPULSO DE SU INDUSTRIA.",2022-06-03T00:00:00,2022,LEY,"ESTEVEZ, ENRIQUE",false,ninguno,,,,corpus,no,biocombustibles
HCDN259335,"SOLICITAR AL PODER EJECUTIVO DISPONGA AUMENTAR EL PORCENTAJE DE BIOCOMBUSTIBLES EN LA MEZCLA CON COMBUSTIBLES FOSILES PARA EL ABASTECIMIENTO DEL INCREMENTO DE LA DEMANDA DE DIESEL, PREVISTO EN EL ARTICULO 8° DE LA LEY 27640.",2022-06-06T00:00:00,2022,RESOLUCION,"CASARETTO, MARCELO PABLO",false,ninguno,,,,corpus,no,mezcla biocombustibles
HCDN259263,"APROBACION DEL PROTOCOLO DE CONTRATACIONES PUBLICAS DEL MERCOSUR, SUSCRIPTO EN LA CIUDAD DE BRASILIA, REPUBLICA FEDERATIVA DEL BRASIL, EL 21 DE DICIEMBRE DE 2017.",2022-06-07T00:00:00,2022,MENSAJE Y PROYECTO DE LEY,"FERNANDEZ, ALBERTO",true,C,mercosur_institucional,pro_liberalizacion,relacionada,corpus,no,protocolo de contrataciones publicas del bloque
HCDN259516,"BIOCOMBUSTIBLES - LEY 27640 -. MODIFICACIONES, SOBRE PORCENTAJE EN LA MEZCLA DE BIODIESEL Y ABASTECIMIENTO.",2022-06-13T00:00:00,2022,LEY,"GUTIERREZ, CARLOS MARIO",false,ninguno,,,,corpus,no,biocombustibles
HCDN259586,"BIOCOMBUSTIBLES - LEY 27640 -. MODIFICACIONES, SOBRE MEZCLA Y ABASTECIMIENTO DE BIOCOMBUSTIBLES.",2022-06-15T00:00:00,2022,LEY,"DE LOREDO, RODRIGO",false,ninguno,,,,corpus,no,biocombustibles
HCDN259718,"COMUNICACION DEL DICTADO DEL DECRETO DE NECESIDAD Y URGENCIA 330 DEL 16 DE JUNIO DEL 2022 POR EL CUAL SE ESTABLECE POR EL PLAZO DE SESENTA DIAS, EL REGIMEN DE CORTE OBLIGATORIO TRANSITORIO ADICIONAL DE BIODIESEL - COTAB -, DESTINADO A INCREMENTAR LA CAPACIDAD DE ABASTECIMIENTO DE GASOIL GRADO 2 Y GRADO 3.",2022-06-21T00:00:00,2022,MENSAJE,"MANZUR, JUAN LUIS",false,ninguno,,,,corpus,no,corte biodiesel
HCDN259875,"PRESUPUESTOS MINIMOS DE PROTECCION AMBIENTAL PARA LA GESTION DE LOS ENVASES VACIOS DE FITOSANITARIOS - LEY 27279 -. MODIFICACION DEL ARTICULO 25, SOBRE MULTAS Y SUSPENSION DE ACTIVIDADES.",2022-06-28T00:00:00,2022,LEY,"TORELLO, PABLO",false,ninguno,,,,corpus,no,envases fitosanitarios
HCDN259901,EXPRESAR BENEPLACITO POR LA ENTRADA EN VIGOR DEL ACUERDO MARCO PARA LA DISPOSICION DE BIENES DECOMISADOS DE LA DELINCUENCIA ORGANIZADA TRANSNACIONAL EN EL MERCOSUR.,2022-06-29T00:00:00,2022,DECLARACION,"IGLESIAS, FERNANDO ADOLFO",true,C,mercosur_institucional,administrativa_neutra,relacionada,corpus,si,acuerdo marco del bloque sobre decomisos
HCDN260037,"DECLARAR DE INTERES DE LA H. CAMARA EL ""PRIMERA EXPO CARNE Y EL PRIMER FORO DE LA CARNE"", A REALIZARSE DEL 3 AL 7 DE AGOSTO DE 2022 EN LA CIUDAD DE RECONQUISTA, DEPARTAMENTO GENERAL OBLIGADO, PROVINCIA DE SANTA FE.",2022-07-06T00:00:00,2022,RESOLUCION,"CASTETS, LAURA CAROLINA",false,ninguno,,,,corpus,no,expo carne
HCDN261866,PROHIBICION Y SUSPENSION DE LOS DESMONTES DE LOS BOSQUES NATIVOS POR UN PERIODO DE 24 MESES PRORROGABLES.,2022-08-09T00:00:00,2022,LEY,"DEL PLA, ROMINA",true,D,eudr_trazabilidad_forestal,administrativa_neutra,relacionada,corpus,si,suspension de desmontes
HCDN262765,"EXPRESAR PREOCUPACION POR LA APLICACION DEL DECRETO 851/2021, POR EL CUAL SE APLICAN DERECHOS DE EXPORTACION CORRESPONDIENTES A LAS POSICIONES DE LA NOMENCLATURA COMUN DEL MERCOSUR (NCM) VINCULADAS A LOS PRODUCTOS AGRICOLAS EN GENERAL.",2022-09-07T00:00:00,2022,DECLARACION,"CAMPAGNOLI, MARCELA",false,ninguno,,,,corpus,no,NCM retenciones
HCDN262768,"EXPRESAR PREOCUPACION POR EL DAÑO AMBIENTAL PRODUCIDO POR LA TALA INDISCRIMINADA DE ESPECIES DE BOSQUE NATIVO Y LOS VUELCOS DIRECTOS DE RESIDUOS SOLIDOS URBANOS EN EL HUMEDAL Y ESPEJO DE AGUA DE LA RIVERA DEL RIO DE LA PLATA, DEL PARTIDO DE MAGDALENA, PROVINCIA DE BUENOS AIRES.",2022-09-07T00:00:00,2022,DECLARACION,"FAGIOLI, FEDERICO",true,D,eudr_trazabilidad_forestal,administrativa_neutra,relacionada,corpus,si,tala de bosque nativo
HCDN263098,FIJESE ARANCEL CERO POR CIENTO (0 %) COMO DERECHO DE EXPORTACION PARA LA MERCADERIA DE LA FORESTO INDUSTRIA.,2022-09-19T00:00:00,2022,LEY,"SCHIAVONI, ALFREDO OSCAR",false,ninguno,,,,corpus,si,retenciones foresto-industria: exportador forestal sin contraparte
HCDN263243,FIJESE ARANCEL CERO POR CIENTO (0 %) COMO DERECHO DE EXPORTACION PARA LA MERCADERIA DE LA FORESTO INDUSTRIA,2022-09-22T00:00:00,2022,LEY,"SCHIAVONI, ALFREDO OSCAR",false,ninguno,,,,corpus,si,retenciones foresto-industria
HCDN263686,SOLICITAR AL PODER EJECUTIVO DISPONGA LAS MEDIDAS DESTINADAS AL DESARROLLO Y FUNCIONAMIENTO DE LOS ESTABLECIMIENTOS FRIGORIFICOS MUNICIPALES QUE OPERAN EN EL MERCADO DE LA CARNE.,2022-10-11T00:00:00,2022,DECLARACION,"JETTER, INGRID",false,ninguno,,,,corpus,no,frigorificos municipales
HCDN263994,PEDIDO DE INFORMES AL PODER EJECUTIVO SOBRE LOS VOLUMENES ENTREGADOS POR LA EMPRESAS PRODUCTORAS DE BIODIESEL PARA EL CORTE OBLIGATORIO DE BIODIESEL EN GASOIL.,2022-10-18T00:00:00,2022,RESOLUCION,"GARCIA, XIMENA",false,ninguno,,,,corpus,no,corte biodiesel
HCDN264020,"DECLARAR DE INTERES DE LA H. CAMARA EL ""CICLO DE CAPACITACIONES PARA LA TRANSICION ENERGETICA SANTAFESINA - FORMACION EN BIOCOMBUSTIBLES"", A REALIZARSE EL 25 Y 27 DE OCTUBRE DE 2022 EN LA CIUDAD DE ESPERANZA, PROVINCIA DE SANTA FE.",2022-10-18T00:00:00,2022,DECLARACION,"MIRABELLA, ROBERTO",false,ninguno,,,,corpus,no,capacitacion
HCDN264024,"COMUNICA EL DICTADO DEL DECRETO DE FACULTADES DELEGADAS N° 682 DEL 12 DE OCTUBRE DEL 2022, SOBRE PERCEPCION DEL IMPUESTO PARA UNA ARGENTINA INCLUSIVA Y SOLIDARIA - PAIS - A LA COMPRA DE BILLETES Y DIVISAS EN MONEDA EXTRANJERA QUE SE REALICEN PARA LA ADQUISICION EN EL EXTERIOR DE SERVICIOS PERSONALES, CULTURALES Y RECREATIVOS - NO INCLUYE ENSEÑANZA EDUCATIVA - Y LA IMPORTACION DE LOS BIENES SUNTUARIOS INCLUIDOS EN LAS POSICIONES ARANCELARIAS DE LA NOMENCLATURA COMUN DEL MERCOSUR - NCM -.",2022-10-18T00:00:00,2022,MENSAJE,"MANZUR, JUAN LUIS",false,ninguno,,,,corpus,no,impuesto PAIS NCM
HCDN264164,"EXPRESAR PREOCUPACION POR LA PRESENCIA DE REPRESENTANTES DE LOS GOBIERNOS DE LAS REPUBLICAS BOLIVARIANA DE VENEZUELA, DE CUBA Y DE NICARAGUA EN LA XXIII REUNION DE MINISTROS DE LA COMUNIDAD DE ESTADOS LATINOAMERICANOS Y CARIBEÑOS - CELAC - Y LA III REUNION DE MINISTROS CELAC - UNION EUROPEA, QUE SE REALIZA DEL 25 AL 27 DE OCTUBRE DE 2022 EN NUESTRO PAIS.",2022-10-27T00:00:00,2022,DECLARACION,"AJMECHET, SABRINA",false,ninguno,,,,corpus,no,CELAC-UE reunion ministerial
HCDN264582,ESTABLECESE UN 5 % DE REINTEGRO ADICIONAL A LA EXPORTACION EXTRAZONA (R.E.) ASIGNADO A LAS POSICIONES ARANCELARIAS DE LA NOMENCLATURA COMUN DEL MERCOSUR (N.C.M.) PARA EL PISTACHO.,2022-11-15T00:00:00,2022,LEY,"CASELLES, GRACIELA MARIA",false,ninguno,,,,corpus,no,NCM
HCDN264663,UVAS FRESCAS Y PASAS DE UVAS ENVASADAS. SE ESTABLECE UN REINTEGRO DEL 7% EN LAS POSICIONES ARANCELARIAS DE LA NOMENCLATURA COMUN DEL MERCOSUR.,2022-11-18T00:00:00,2022,LEY,"CASELLES, GRACIELA MARIA",false,ninguno,,,,corpus,no,NCM
HCDN265114,PEDIDO DE INFORMES AL PODER EJECUTIVO SOBRE DIVERSAS CUESTIONES RELACIONADAS CON LOS DERECHOS ANTIDUMPING Y COMPENSATORIOS EN OPERACIONES DE EXPORTACION.,2022-12-07T00:00:00,2022,RESOLUCION,"LOPEZ, JUAN MANUEL",false,ninguno,,,,corpus,si,antidumping sin contraparte identificada
HCDN265161,"SUSPENSION DE LA APLICACION DE LA LEY 27120, DE ELECCION DE PARLAMENTARIOS DEL MERCOSUR.",2022-12-14T00:00:00,2022,LEY,"ZUVIC, MARIANA",true,C,mercosur_institucional,administrativa_neutra,relacionada,corpus,no,suspension eleccion Parlasur
HCDN265449,"CODIGO PENAL. INCORPORACION DEL ARTICULO 186 BIS, SOBRE DESMONTES Y/O ACTIVIDADES DE TALA DE BOSQUES NATIVOS.",2022-12-29T00:00:00,2022,LEY,"PEDRINI, JUAN MANUEL",true,D,eudr_trazabilidad_forestal,administrativa_neutra,relacionada,corpus,si,penal desmontes
HCDN265624,"APRUEBASE EL ""ACUERDO SOBRE SUBVENCIONES A LA PESCA"", ADOPTADO EN GINEBRA EN LA ""DUODECIMA CONFERENCIA MINISTERIAL - CM12 -"" DE LA ""ORGANIZACION MUNDIAL DE COMERCIO - OMC -"", EL 17 DE JUNIO DE 2022.",2023-02-06T00:00:00,2023,LEY,"ZUVIC, MARIANA",false,ninguno,,,,corpus,no,OMC pesca
HCDN265992,"APRUEBESE EL ACUERDO SOBRE COMERCIO ELECTRONICO DEL MERCOSUR, CELEBRADO EL 29 DE ABRIL DE 2021 EN LA CIUDAD DE MONTEVIDEO, REPUBLICA ORIENTAL DEL URUGUAY.",2023-03-01T00:00:00,2023,LEY,"GINOCCHIO, SILVANA MICAELA",true,C,mercosur_institucional,pro_liberalizacion,relacionada,corpus,no,acuerdo comercio electronico del bloque
HCDN266070,SUSPENDASE POR 365 DIAS LA APLICACION DE LOS DERECHOS DE EXPORTACION A LAS POSICIONES ARANCELARIAS DE LOS PRODUCTOS DE TABACO.,2023-03-02T00:00:00,2023,LEY,"BARBARO, HECTOR ""CACHO""",false,ninguno,,,,corpus,no,retenciones tabaco
HCDN266200,EXENCION DEL IMPUESTO AL VALOR AGREGADO A LOS CORTES POPULARES DE CARNE VACUNA.,2023-03-06T00:00:00,2023,LEY,"OLIVETO LAGO, PAULA",false,ninguno,,,,corpus,no,IVA carne
HCDN266513,"DECLARAR DE INTERES DE LA H. CAMARA LA XXVIII EDICION DEL FESTIVAL DE DANZAS DEL MERCOSUR, QUE SE LLEVARA A CABO DEL 6 AL 10 DE SEPTIEMBRE DE 2023 EN LA CIUDAD DE PUERTO IGUAZU, PROVINCIA DE MISIONES.",2023-03-14T00:00:00,2023,RESOLUCION,"ARJOL, MARTIN",false,ninguno,,,,corpus,no,festival
HCDN266540,"DECLARAR DE INTERES DE LA H. CAMARA LA ""26 EDICION DE LA FIESTA NACIONAL DE LA APICULTURA Y EXPO APICOLA DEL MERCOSUR"" QUE SE CELEBRARA DEL 24 AL 26 DE MARZO DE 2023 EN LA CIUDAD DE MACIA, PROVINCIA DE ENTRE RIOS.",2023-03-15T00:00:00,2023,RESOLUCION,"CASARETTO, MARCELO PABLO",false,ninguno,,,,corpus,no,expo apicola
HCDN266678,"PEDIDO DE INFORMES AL PODER EJECUTIVO SOBRE DIVERSAS CUESTIONES RELACIONADAS CON EL CUMPLIMIENTO DE LA LEY 26331, DE PRESUPUESTOS MINIMOS DE PROTECCION AMBIENTAL DE LOS BOSQUES NATIVOS.",2023-03-21T00:00:00,2023,RESOLUCION,"CARRIZO, SOLEDAD",true,D,eudr_trazabilidad_forestal,administrativa_neutra,relacionada,corpus,si,26331
HCDN267043,FIJESE ARANCEL CERO POR CIENTO - 0 % - COMO DERECHO DE EXPORTACION PARA LA MERCADERIA DE LA FORESTO INDUSTRIA.,2023-03-30T00:00:00,2023,LEY,"SCHIAVONI, ALFREDO OSCAR",false,ninguno,,,,corpus,si,retenciones foresto-industria
HCDN268112,"TRANSITO - LEY 24449 -. MODIFICACION DEL ARTICULO 13, SOBRE REDUCCION DE LA VIGENCIA DEL CARNET DE CONDUCIR A PARTIR DE LOS 75 AÑOS DE EDAD.",2023-04-25T00:00:00,2023,LEY,"SANCHEZ, FRANCISCO",false,ninguno,,,,corpus,no,carnet conducir
HCDN268434,APROBAR EL ACUERDO SOBRE RECONOCIMIENTO MUTUO DE MEDIDAS DE PROTECCION PARA LAS MUJERES EN SITUACION DE VIOLENCIA DE GENERO ENTRE LOS ESTADOS PARTES DEL MERCOSUR Y ESTADOS ASOCIADOS.,2023-05-10T00:00:00,2023,MENSAJE Y PROYECTO DE LEY,"FERNANDEZ, ALBERTO",true,C,mercosur_institucional,administrativa_neutra,relacionada,corpus,no,acuerdo del bloque sobre violencia de genero
HCDN268437,USO DEL CARNET SANITARIO PARA REALIZAR ACTIVIDADES DEPORTIVAS.,2023-05-12T00:00:00,2023,LEY,"BOUHID, GUSTAVO",false,ninguno,,,,corpus,no,carnet sanitario
HCDN268743,"APROBACION DEL PROTOCOLO DE ENMIENDA DEL ACUERDO DE MARRAKECH, POR EL QUE SE ESTABLECE LA ORGANIZACION MUNDIAL DEL COMERCIO - ACUERDO SOBRE SUBVENCIONES DE PESCA-. HECHO EN LA CIUDAD DE GINEBRA -CONFEDERACION SUIZA, EL 17 DE JUNIO DE 2022.",2023-05-15T00:00:00,2023,MENSAJE Y PROYECTO DE LEY,"FERNANDEZ, ALBERTO",false,ninguno,,,,corpus,no,OMC pesca
HCDN269135,"BIOCOMBUSTIBLES - LEY 27640 -. MODIFICACION DE LOS ARTICULOS 8 Y 9, AUMENTANDO EL PORCENTAJE DE LA MEZCLA OBLIGATORIA DE BIOCOMBUSTIBLES CON COMBUSTIBLES FOSILES.",2023-06-09T00:00:00,2023,LEY,"CASARETTO, MARCELO PABLO",false,ninguno,,,,corpus,no,mezcla biocombustibles
HCDN269241,"APROBACION DE LA ENMIENDA AL PROTOCOLO DE MONTEVIDEO SOBRE EL COMERCIO DE SERVICIOS DEL MERCOSUR, CELEBRADA EN LA CIUDAD DE MONTEVIDEO - REPUBLICA ORIENTAL DEL URUGUAY - EL 6 DE JULIO DE 2022.",2023-06-14T00:00:00,2023,MENSAJE Y PROYECTO DE LEY,"FERNANDEZ, ALBERTO",true,C,mercosur_institucional,pro_liberalizacion,relacionada,corpus,no,protocolo de servicios del bloque
HCDN269345,BIOCOMBUSTIBLES - LEY 27640 -. MODIFICACIONES SOBRE EL CRECIMIENTO GRADUAL DE UN PUNTO PORCENTUAL ANUAL.,2023-06-21T00:00:00,2023,LEY,"MIRABELLA, ROBERTO",false,ninguno,,,,corpus,no,biocombustibles
HCDN269350,"SOLICITAR AL PODER EJECUTIVO DISPONGA REGLAMENTAR EL ARTICULO 14 DE LA LEY 27640, QUE ESTABLECE LA FIJACION DE LOS PRECIOS DE LOS BIOCOMBUSTIBLES.",2023-06-21T00:00:00,2023,RESOLUCION,"MIRABELLA, ROBERTO",false,ninguno,,,,corpus,no,precios biocombustibles
HCDN269407,"PEDIDO DE INFORMES AL PODER EJECUTIVO SOBRE DIVERSAS CUESTIONES RELACIONADAS CON LA CREACION DE UNA ""UNIDAD DE SEGUIMIENTO, TRAZABILIDAD Y PROMOCION DE LAS OPERACIONES DE COMERCIO"".",2023-06-26T00:00:00,2023,RESOLUCION,"VIDAL, MARIA EUGENIA",false,ninguno,,,,corpus,no,unidad de trazabilidad comercial
HCDN269896,"EXPRESAR ADHESION AL PRONUNCIAMIENTO HISTORICO CONJUNTO DE LA UNION EUROPEA (UE) CON LA COMUNIDAD DE ESTADOS LATINOAMERICANOS Y CARIBEÑOS (CELAC), RECONOCIENDO LA POSICION ARGENTINA Y LATINOAMERICANA CON RESPECTO A LA CUESTION DE LAS ISLAS MALVINAS.",2023-07-19T00:00:00,2023,DECLARACION,"CAPARROS, MABEL LUISA",false,ninguno,,,,corpus,si,pronunciamiento UE-CELAC sobre Malvinas: no comercial
HCDN269897,"REGIMEN DE IMPULSO A LA PRODUCCION, COMERCIALIZACION Y USO SUSTENTABLE DE BIODIESEL PARA EL CUIDADO DEL AMBIENTE Y EL DESARROLLO PRODUCTIVO EN EL TERRITORIO DE LA NACION ARGENTINA.",2023-07-20T00:00:00,2023,LEY,"RODRIGUEZ, ALEJANDRO ""TOPO""",false,ninguno,,,,corpus,no,biodiesel regimen
HCDN270100,IMPULSO AL USO DE BIOCOMBUSTIBLES O CORTES LIBRES DE BIOCOMBUSTIBLES CON COMBUSTIBLES FOSILES EN FLOTAS VEHICULARES PUBLICAS. REGIMEN.,2023-08-09T00:00:00,2023,LEY,"RODRIGUEZ, ALEJANDRO ""TOPO""",false,ninguno,,,,corpus,no,biocombustibles flotas
HCDN270553,SOLICITAR AL PODER EJECUTIVO DISPONGA SOLUCIONAR EL CONFLICTO QUE LOS PROFESIONALES DE LA SALUD DE LA PROVINCIA DE MENDOZA MANTIENEN CON EL SISTEMA DE OBRAS SOCIALES Y MEDICINA PREPAGA POR LOS ARANCELES QUE LOS PRIMEROS PERCIBEN POR LAS CONSULTAS.,2023-09-06T00:00:00,2023,RESOLUCION,"COBOS, JULIO",false,ninguno,,,,corpus,no,aranceles salud
HCDN270683,PRESUPUESTOS MINIMOS PARA LA GESTION DE PRODUCTOS FITOSANITARIOS.,2023-09-12T00:00:00,2023,LEY,"BURYAILE, RICARDO",false,ninguno,,,,corpus,no,fitosanitarios
HCDN270696,"COMUNICACION DEL DECRETO DE FACULTADES DELEGADAS N° 462, POR EL CUAL SE MODIFICAN EL ESQUEMA DE ALICUOTAS DEL DERECHO DE EXPORTACION PARA DETERMINADAS POSICIONES ARANCELARIAS DE LA NOMENCLATURA COMUN DEL MERCOSUR (N.C.M.), CORRESPONDIENTES AL SECTOR AGROINDUSTRIAL.",2023-09-12T00:00:00,2023,MENSAJE,"ROSSI, AGUSTIN OSCAR",false,ninguno,,,,corpus,no,NCM retenciones
HCDN271050,"PEDIDO DE INFORMES AL PODER EJECUTIVO SOBRE DIVERSAS CUESTIONES RELACIONADAS CON LA LEY N° 26331, DE PRESUPUESTOS MINIMOS DE PROTECCION AMBIENTAL DE LOS BOSQUES NATIVOS.",2023-09-27T00:00:00,2023,RESOLUCION,"ESTEVEZ, ENRIQUE",true,D,eudr_trazabilidad_forestal,administrativa_neutra,relacionada,corpus,si,26331
HCDN271160,"COMUNICACION DEL DICTADO DEL DECRETO DE FACULTADES DELEGADAS 506 POR EL CUAL SE SUSPENDEN, HASTA EL 31 DE DICIEMBRE DE 2023, INCLUSIVE, PARA LAS MERCADERIAS COMPRENDIDAS EN LAS POSICIONES ARANCELARIAS DE LA NOMENCLATURA COMUN DEL MERCOSUR LAS ALICUOTAS DEL DERECHO DE EXPORTACION.",2023-10-06T00:00:00,2023,MENSAJE,"ROSSI, AGUSTIN OSCAR",false,ninguno,,,,corpus,no,NCM retenciones
HCDN271252,EXPRESAR QUE VERIA CON AGRADO QUE EL PODER EJECUTIVO DISPONGA LAS MEDIDAS NECESARIAS PARA GENERAR EN LAS PRESTACIONES POR DISCAPACIDAD UNA ACTUALIZACION ARANCELARIA CORRESPONDIENTE AL INDICE DE INFLACION ACTUAL.,2023-10-11T00:00:00,2023,RESOLUCION,"REZINOVSKY, DINA",false,ninguno,,,,corpus,no,aranceles discapacidad
HCDN271317,"DECLARAR DE INTERES DE LA H. CAMARA LA ""1° CUMBRE DE AGRICULTURA SOSTENIBLE DEL MERCOSUR"" BAJO EL LEMA ""AGRICULTURA Y SALUD DE LA MANO"", A REALIZARSE EL 18 DE OCTUBRE DE 2023 EN LA CIUDAD DE POSADAS, PROVINCIA DE MISIONES.",2023-10-12T00:00:00,2023,DECLARACION,"SARTORI, DIEGO HORACIO",false,ninguno,,,,corpus,no,cumbre de agricultura (evento)
HCDN272064,BIOCOMBUSTIBLES - LEY 27640 -. MODIFICACIONES SOBRE LIBERACION DEL MERCADO DE PRODUCCION Y VENTA.,2023-12-05T00:00:00,2023,LEY,"CORNEJO, VIRGINIA",false,ninguno,,,,corpus,no,biocombustibles
HCDN272139,DECLARAR DE INTERES DE LA H. CAMARA LA REVISION DE LOS TERMINOS DE LAS RESTRICCIONES PREVISTAS EN EL MARCO DEL PLAN DE ERRADICACION DE LA FIEBRE AFTOSA APROBADO POR RESOLUCION Nº 5 DE 2001 DEL SERVICIO NACIONAL DE SANIDAD Y CALIDAD AGROALIMENTARIA (SENASA).,2023-12-07T00:00:00,2023,RESOLUCION,"PEREZ ARAUJO, HERNAN",false,ninguno,,,,corpus,si,restricciones aftosa (sonda)
HCDN272374,"ELIMINESE LA BARRERA ZOOFITOSANITARIA HACIA EL SUR DEL RIO COLORADO, IMPUESTA POR EL SERVICIO NACIONAL DE SANIDAD Y CALIDAD AGROALIMENTARIA (SENASA).",2024-01-04T00:00:00,2024,LEY,"ARDOHAIN, MARTIN",false,ninguno,,,,corpus,si,barrera zoofitosanitaria interna (sonda)
HCDN272403,"SOLICITAR AL PODER EJECUTIVO DISPONGA LA ACTUALIZACION DE LOS ARANCELES PROFESIONALES Y MODULOS DE PRESTACIONES MEDICAS Y DE TRANSPORTE EN SERVICIOS DE ATENCION PARA PERSONAS CON DISCAPACIDAD, Y OTRAS CUESTIONES CONEXAS.",2024-01-12T00:00:00,2024,RESOLUCION,"IANNI, ANA MARIA",false,ninguno,,,,corpus,no,aranceles discapacidad
HCDN272769,APRUEBASE EL ACUERDO SOBRE SUBVENCIONES A LA PESCA DE LA ORGANIZACION MUNDIAL DE COMERCIO.,2024-03-04T00:00:00,2024,LEY,"FERRARO, MAXIMILIANO",false,ninguno,,,,corpus,no,OMC pesca
HCDN272773,SISTEMA UNICO DE TRAZABILIDAD DE LOS PRODUCTOS DE LA PESCA Y LA ACUICULTURA. CREACION.,2024-03-04T00:00:00,2024,LEY,"FERRARO, MAXIMILIANO",true,D,eudr_trazabilidad_forestal,administrativa_neutra,relacionada,corpus,si,trazabilidad pesca
HCDN272886,SISTEMA DE TRAZABILIDAD DE LA PESCA Y LA ACUICULTURA. CREACION.,2024-03-04T00:00:00,2024,LEY,"PASSO, MARCELA FABIANA",true,D,eudr_trazabilidad_forestal,administrativa_neutra,relacionada,corpus,si,trazabilidad pesca
HCDN273107,"BIOCOMBUSTIBLES - LEY 27640 -. MODIFICACIONES SOBRE ACTIVIDADES DE ELABORACION, ALMACENAJE, COMERCIALIZACION Y MEZCLA DE BIOCUMBUSTIBLES.",2024-03-06T00:00:00,2024,LEY,"SANCHEZ, ROBERTO ANTONIO",false,ninguno,,,,corpus,no,biocombustibles
HCDN273263,"SOLICITAR AL PODER EJECUTIVO DISPONGA LA ACTUALIZACION DE LOS ARANCELES PROFESIONALES Y MODULOS DE PRESTACIONES MEDICAS Y DE TRANSPORTE EN SERVICIOS DE ATENCION PARA PERSONAS CON DISCAPACIDAD, Y OTRAS CUESTIONES CONEXAS.",2024-03-08T00:00:00,2024,RESOLUCION,"IANNI, ANA MARIA",false,ninguno,,,,corpus,no,aranceles discapacidad
HCDN273635,SOLICITAR AL PODER EJECUTIVO DISPONGA EL CUMPLIMIENTO DE LA LEY 24305 - PROGRAMA NACIONAL DE LUCHA CONTRA LA FIEBRE AFTOSA -.,2024-03-15T00:00:00,2024,RESOLUCION,"ARDOHAIN, MARTIN",false,ninguno,,,,corpus,no,aftosa
HCDN273811,SOLICITAR AL PODER EJECUTIVO DISPONGA PROHIBIR EL INGRESO A LA REPUBLICA ARGENTINA DE CARNE PORCINA EN CUYA PRODUCCION SE HAYA UTILIZADO RACTOPAMINA Y OTRAS CUESTIONES CONEXAS.,2024-03-21T00:00:00,2024,RESOLUCION,"PICAT, LUIS ALBINO",true,D,eudr_trazabilidad_forestal,proteccionista_defensiva,relacionada,corpus,si,prohibir carne con ractopamina: estandar de mercado de destino
HCDN274007,"PEDIDO DE INFORMES VERBALES AL SECRETARIO DE AGRICULTURA, GANADERIA Y PESCA, LICENCIADO FERNANDO VILELLA, Y AL PRESIDENTE DEL SERVICIO NACIONAL DE SANIDAD Y CALIDAD AGROALIMENTARIA (SENASA), LICENCIADO PABLO CORTESE, SOBRE EL COSTO Y LA PROVISION DE DOSIS PARA LA REALIZACION DE LAS CAMPAÑAS DE VACUNACION CONTRA LA FIEBRE AFTOSA.",2024-03-26T00:00:00,2024,RESOLUCION,"GALIMBERTI, PEDRO JORGE",false,ninguno,,,,corpus,no,aftosa vacunas
HCDN274247,QUE VERIA CON AGRADO QUE EL PODER EJECUTIVO AUTORICE LA IMPORTACION DE VACUNAS PARA LA PREVENCION DE LA FIEBRE AFTOSA.,2024-04-09T00:00:00,2024,DECLARACION,"MORCHIO, FRANCISCO",false,ninguno,,,,corpus,no,aftosa vacunas
HCDN274294,"BIOCOMBUSTIBLES - LEY 27640 -. MODIFICACIONES, SOBRE PORCENTAJE EN LA MEZCLA DE BIODIESEL Y ABASTECIMIENTO.",2024-04-10T00:00:00,2024,LEY,"GUTIERREZ, CARLOS",false,ninguno,,,,corpus,no,biocombustibles
HCDN274540,"DECLARAR DE INTERES DE LA H. CAMARA LA EXPO MERCOSUR, A REALIZARSE EL 7 Y 8 DE AGOSTO DE 2024 EN LA CIUDAD CAPITAL DE LA PROVINCIA DE CORDOBA.",2024-04-17T00:00:00,2024,DECLARACION,"RODRIGUEZ MACHADO, LAURA",false,ninguno,,,,corpus,no,expo (adjudicado)
HCDN274584,"EXPRESAR BENEPLACITO POR LA JORNADA DE DIFUSION ACERCA DEL REGLAMENTO DE LA UNION EUROPEA SOBRE ""CADENAS DE SUMINISTROS LIBRES DE DEFORESTACION Y DEGRADACION FORESTAL, EL ROL DE LOS SISTEMAS DE CERTIFICACION Y LOS DESAFIOS PARA EL SECTOR EXPORTADOR"", A REALIZARSE EL 18 DE ABRIL DE 2024 EN LA PROVINCIA DE MISIONES.",2024-04-18T00:00:00,2024,RESOLUCION,"FERNANDEZ, CARLOS ALBERTO",false,ninguno,,,,corpus,si,jornada de difusion del EUDR: evento pero objeto = reglamento UE
HCDN274720,SUSPENSION DE LOS DESMONTES Y CAMBIOS DE USO DEL SUELO DE LOS BOSQUES NATIVOS POR UN PERIODO DE 24 MESES.,2024-04-23T00:00:00,2024,LEY,"DEL PLA, ROMINA",true,D,eudr_trazabilidad_forestal,administrativa_neutra,relacionada,corpus,si,suspension de desmontes
HCDN275111,ELIMINACION DE RETENCIONES AL TABACO. FIJESE ARANCEL CERO POR CIENTO COMO DERECHO DE EXPORTACION PARA TODAS LAS MERCADERIAS CORRESPONDIENTES A LA POSICION ARANCELARIA 2401 DEL NOMENCLADOR COMUN DEL MERCOSUR (N.C.M.).,2024-05-03T00:00:00,2024,LEY,"BIANCHETTI, EMMANUEL",false,ninguno,,,,corpus,no,retenciones tabaco NCM
HCDN275190,EXPRESAR PREOCUPACION POR LA SANCION POR PARTE DE LA LEGISLATURA DE LA PROVINCIA DEL CHACO DE LA LEY DE ORDENAMIENTO TERRITORIAL DE BOSQUES NATIVOS (OTBN) Y OTRAS CUESTIONES CONEXAS.,2024-05-08T00:00:00,2024,RESOLUCION,"ESTEVEZ, GABRIELA BEATRIZ",true,D,eudr_trazabilidad_forestal,administrativa_neutra,relacionada,corpus,si,OTBN Chaco
HCDN275212,"EXPRESAR BENEPLACITO POR LA PREMIACION A PRODUCTORES MISIONEROS DE MIELES EN EL ""24° CONCURSO INTERNACIONAL DE MIELES MULTIFLORALES"" EN EL MARCO DE LA ""27 EXPO MACIA, FIESTA NACIONAL DE LA APICULTURA Y EXPO APICOLA DEL MERCOSUR"", REALIZADO EN LA PROVINCIA DE ENTRE RIOS.",2024-05-10T00:00:00,2024,DECLARACION,"RUIZ, YAMILA",false,ninguno,,,,corpus,no,expo apicola
HCDN275364,"EXPRESAR PREOCUPACION POR LA DECISION DEL PODER EJECUTIVO DE FACULTAR A LOS ORGANISMOS PUBLICOS NACIONALES FINANCIADORES DEL SISTEMA DE PRESTACIONES BASICAS DE ATENCION INTEGRAL, A FIJAR DE FORMA INDEPENDIENTE LOS VALORES ARANCELARIOS DE LAS PRESTACIONES PARA PERSONAS CON DISCAPACIDAD.",2024-05-20T00:00:00,2024,RESOLUCION,"CHICA, JORGE",false,ninguno,,,,corpus,no,aranceles discapacidad
HCDN275380,"DECLARAR DE INTERES DE LA H. CAMARA LA EXPO MERCOSUR, QUE SE LLEVARA A CABO EL 7 Y 8 DE AGOSTO DE 2024, EN LA PROVINCIA DE CORDOBA.",2024-05-20T00:00:00,2024,DECLARACION,"RODRIGUEZ MACHADO, LAURA",false,ninguno,,,,corpus,no,expo
HCDN275396,SISTEMA DE PRESTACIONES BASICAS EN HABILITACION Y REHABILITACION INTEGRAL A FAVOR DE LAS PERSONAS CON DISCAPACIDAD -LEY 24901-. MODIFICACIONES SOBRE AUTORIDAD DE APLICACION Y ACTUALIZACION MENSUAL DE VALORES ARANCELARIOS.,2024-05-21T00:00:00,2024,LEY,"ARROYO, DANIEL",false,ninguno,,,,corpus,no,aranceles discapacidad
HCDN275451,CREACION DEL INSTITUTO DE PROMOCION DE CARNE VACUNA - LEY 25507 -. DEROGACION.,2024-05-24T00:00:00,2024,LEY,"ACEVEDO, SERGIO",false,ninguno,,,,corpus,no,IPCVA
HCDN275562,EXPRESAR PREOCUPACION POR LA POSIBLE DESREGULARIZACION DEL SISTEMA DE DETERMINACION DE LOS VALORES ARANCELARIOS DE LAS PRESTACIONES INCLUIDAS EN EL NOMENCLADOR DEL SISTEMA UNICO DE PRESTACIONES BASICAS DE ATENCION INTEGRAL EN FAVOR DE LAS PERSONAS CON DISCAPACIDAD.,2024-05-29T00:00:00,2024,RESOLUCION,"CARRIZO, SOLEDAD",false,ninguno,,,,corpus,no,aranceles discapacidad
HCDN275603,SUSPENSION DE LA APLICACION DE LA LEY 27120 DE ELECCION DE PARLAMENTARIOS DEL MERCOSUR.,2024-05-30T00:00:00,2024,LEY,"LOPEZ, JUAN MANUEL",true,C,mercosur_institucional,administrativa_neutra,relacionada,corpus,no,suspension eleccion Parlasur
HCDN275633,"EXPRESAR PREOCUPACION POR LA VIOLACION, DEL ACUERDO DE BARBADOS, FIRMADO POR LAS AUTORIDADES VENEZOLANAS Y PARTIDOS OPOSITORES, AL NO PERMITIR LA OBSERVACION DE LA UNION EUROPEA EN LOS COMICIOS A REALIZARSE EL 28 DE JULIO DE 2024.",2024-05-30T00:00:00,2024,DECLARACION,"ARABIA, DAMIAN",false,ninguno,,,,corpus,no,observacion UE en Venezuela
HCDN275668,"ESTABLEZCASE QUE LOS ARANCELES FIJADOS EN EL ANEXO I DE LA RESOLUCION 428/1999, DEL MINISTERIO DE SALUD DE LA NACION, SERAN ACTUALIZADOS POR LA AGENCIA NACIONAL DE DISCAPACIDAD, O EL ORGANISMO QUE EN EL FUTURO LO REEMPLACE, CONFORME LA VARIACION DEL INDICE DE PRECIOS AL CONSUMIDOR (IPC).",2024-05-31T00:00:00,2024,LEY,"LOPEZ MURPHY, RICARDO HIPOLITO",false,ninguno,,,,corpus,no,aranceles discapacidad
HCDN275895,"ESTABLEZCASE QUE HASTA QUE SE CELEBRE LA ELECCION DIRECTA DE PARLAMENTARIOS DEL MERCOSUR, LA REPRESENTACION DE LA REPUBLICA ARGENTINA SERA EJERCIDA POR LEGISLADORES NACIONALES NOMINADOS POR CADA UNA DE LAS CAMARAS DEL HONORABLE CONGRESO DE LA NACION, EN IGUAL NUMERO, RESPETANDO LAS PROPORCIONES PARTIDARIAS. MODIFICACION DEL CODIGO ELECTORAL NACIONAL Y DE DIVERSAS LEYES.",2024-06-06T00:00:00,2024,LEY,"LOSPENNATO, SILVIA",true,C,mercosur_institucional,administrativa_neutra,relacionada,corpus,no,representacion argentina en Parlasur
HCDN275907,SOLICITAR AL PODER EJECUTIVO DISPONGA REVISAR LA POLITICA SANITARIA NACIONAL SOBRE EL TRANSITO DE PAISES LIBRES DE AFTOSA CON VACUNACION A REGIONES LIBRES DE AFTOSA SIN VACUNACION.,2024-06-06T00:00:00,2024,RESOLUCION,"ARDOHAIN, MARTIN",false,ninguno,,,,corpus,si,politica sanitaria aftosa (sonda)
HCDN275957,EXPRESAR PREOCUPACION POR LA MEDIDA DEL SENASA DE PERMITIR EL INGRESO DE HACIENDA DE ANIMALES DESDE LA ZONA LIBRE DE AFTOSA CON VACUNACION A LA ZONA DE LIBRE SIN VACUNACION.,2024-06-07T00:00:00,2024,DECLARACION,"ROMERO, ANA CLARA",false,ninguno,,,,corpus,si,SENASA aftosa (sonda)
HCDN276120,"DECLARASE CAPITAL NACIONAL DE LA INDUSTRIA DE LA CARNE A LA CIUDAD DE VILLA GOBERNADOR GALVEZ, PROVINCIA DE SANTA FE.",2024-06-14T00:00:00,2024,LEY,"FEIN, MONICA",false,ninguno,,,,corpus,no,capital de la carne
HCDN276142,SOLICITAR AL PODER EJECUTIVO DISPONGA CUMPLIR CON LOS PRESUPUESTOS MINIMOS DE PROTECCION AMBIENTAL DE LOS BOSQUES NATIVOS Y TRANSFIERA A LA PROVINCIA DE SALTA LO CORRESPONDIENTE AL FONDO NACIONAL PARA LA CONSERVACION DE LOS BOSQUES NATIVOS.,2024-06-18T00:00:00,2024,RESOLUCION,"OUTES, PABLO",true,D,eudr_trazabilidad_forestal,administrativa_neutra,relacionada,corpus,si,fondo bosques Salta
HCDN276328,DISPONGASE HASTA EL 31 DE DICIEMBRE DE 2025 LA ALICUOTA DEL DERECHO DE EXPORTACION DEL 8 % PARA LAS DIVERSAS MERCADERIAS COMPRENDIDAS EN LAS POSICIONES ARANCELARIAS DE LA NOMENCLATURA COMUN DEL MERCOSUR (N.C.M.).,2024-06-27T00:00:00,2024,LEY,"AGUIRRE, MANUEL IGNACIO",false,ninguno,,,,corpus,no,NCM retenciones
HCDN276437,"DECLARAR DE INTERES DE LA H. CAMARA LA PRESENTACION DE LA OBRA ""NOGOYA"" EN EL TEATRO CARNERO, DE LA CIUDAD AUTONOMA DE BUENOS AIRES, BASADA EN EL LIBRO DE LA DOCTORA CLAUDIA CESARONI.",2024-07-03T00:00:00,2024,RESOLUCION,"MACHA, MONICA",false,ninguno,,,,corpus,no,teatro Carnero
HCDN276520,"PEDIDO DE INFORMES AL PODER EJECUTIVO SOBRE DIVERSAS CUESTIONES RELACIONADAS CON LOS MOTIVOS POR LOS CUALES EL PRESIDENTE LA NACION, JAVIER MILEI, NO FUE PARTE DE LA CUMBRE DE LIDERES DEL MERCOSUR QUE TUVO LUGAR EL 8 DE JULIO DE 2024 EN ASUNCION, REPUBLICA DEL PARAGUAY.",2024-07-08T00:00:00,2024,RESOLUCION,"MONZON, ROXANA",true,C,mercosur_institucional,administrativa_neutra,relacionada,corpus,no,ausencia presidencial en cumbre
HCDN276651,INCORPORAR AL ORDENAMIENTO JURIDICO NACIONAL LA DECISION DEL CONSEJO DEL MERCADO COMUN DEL MERCOSUR SOBRE LAS DISPOSICIONES RELATIVAS A LAS COOPERATIVAS DEL MERCOSUR.,2024-07-11T00:00:00,2024,LEY,"CORREA LLANO, FACUNDO",true,C,mercosur_institucional,administrativa_neutra,relacionada,corpus,no,Decision CMC cooperativas
HCDN276664,"EXPRESAR PREOCUPACION POR EL ACCIONAR NEGLIGENTE DEL PODER EJECUTIVO DE NO INCLUIR EN EL DOCUMENTO FINAL DE LA CUMBRE DE JEFES DE ESTADO DEL MERCOSUR, EL RECLAMO POR LA PLENA SOBERANIA ARGENTINA SOBRE LAS ISLAS MALVINAS.",2024-07-11T00:00:00,2024,DECLARACION,"TONIOLLI, EDUARDO",true,C,mercosur_institucional,administrativa_neutra,relacionada,corpus,si,documento final de cumbre y Malvinas
HCDN276698,REGIMEN PENAL DE PROTECCION DEL BOSQUE NATIVO.,2024-07-12T00:00:00,2024,LEY,"SORIA, MARTIN",true,D,eudr_trazabilidad_forestal,administrativa_neutra,relacionada,corpus,si,regimen penal bosque nativo
HCDN277123,SOLICITAR AL PODER EJECUTIVO DISPONGA ELIMINAR EL ARANCEL RESPECTIVO PARA LA IMPORTACION DE POLIMEROS QUE SE UTILIZAN PARA EL SISTEMA DE RECUPERACION TERCIARIA DE HIDROCARBUROS.,2024-08-06T00:00:00,2024,RESOLUCION,"ROMERO, ANA CLARA",false,ninguno,,,,corpus,no,arancel polimeros
HCDN277611,"PEDIDO DE INFORMES AL PODER EJECUTIVO SOBRE DIVERSAS CUESTIONES RELACIONADAS CON LA IMPLEMENTACION DE LA LEY 26331, DE PRESUPUESTOS MINIMOS DE PROTECCION AMBIENTAL DE LOS BOSQUES NATIVOS.",2024-08-26T00:00:00,2024,RESOLUCION,"FERRARO, MAXIMILIANO",true,D,eudr_trazabilidad_forestal,administrativa_neutra,relacionada,corpus,si,26331
HCDN277667,BIOCOMBUSTIBLES. -LEY 27640-. MODIFICACIONES SOBRE MARCO REGULATORIO DE LA ACTIVIDAD.,2024-08-29T00:00:00,2024,LEY,"GUTIERREZ, CARLOS",false,ninguno,,,,corpus,no,biocombustibles
HCDN278325,"EXPRESAR APOYO A LAS GESTIONES DEL PODER EJECUTIVO NACIONAL PARA POSTERGAR LA ENTRADA EN VIGENCIA DEL REGLAMENTO N° 2023/1115 DE LA UNION EUROPEA, QUE ESTABLECE RESTRICCIONES AL COMERCIO.",2024-09-20T00:00:00,2024,RESOLUCION,"BENEDETTI, ATILIO",true,D,eudr_trazabilidad_forestal,pro_liberalizacion,explicita,corpus,no,EUDR reglamento 2023/1115: apoya postergacion
HCDN278458,PEDIDO DE INFORMES AL PODER EJECUTIVO SOBRE DIVERSAS CUESTIONES RELACIONADAS CON EL FONDO FIDUCIARIO PARA LA PROTECCION AMBIENTAL DE BOSQUES NATIVOS -FOBOSQUE-.,2024-09-24T00:00:00,2024,RESOLUCION,"FREITES, ANDREA",true,D,eudr_trazabilidad_forestal,administrativa_neutra,relacionada,corpus,si,FOBOSQUE
HCDN278505,PEDIDO DE INFORMES AL PODER EJECUTIVO SOBRE DIVERSAS CUESTIONES RELACIONADAS CON EL ACUERDO ENTRE MERCADO COMUN DEL SUR (MERCOSUR) Y LA UNION EUROPEA (UE).,2024-09-26T00:00:00,2024,RESOLUCION,"CAFIERO, SANTIAGO",true,A,acuerdo_ue_mercosur,administrativa_neutra,explicita,corpus,no,acuerdo Mercosur-UE
HCDN278510,PEDIDO DE INFORMES AL PODER EJECUTIVO SOBRE DIVERSAS CUESTIONES RELACIONADAS CON LA DECISION ADMINISTRATIVA 888/2024 SOBRE EL REGIMEN DE VIATICOS Y PASAJES A LOS PARLAMENTARIOS ELECTOS DEL MERCOSUR.,2024-09-26T00:00:00,2024,RESOLUCION,"MIRABELLA, ROBERTO",true,C,mercosur_institucional,administrativa_neutra,relacionada,corpus,no,viaticos parlamentarios Mercosur
HCDN278513,EXHORTAR AL PODER EJECUTIVO NACIONAL A QUE ASEGURE LA PARTICIPACION DE LOS PARLAMENTARIOS ELECTOS DEL MERCOSUR EN LAS SESIONES DEL PARLASUR.,2024-09-26T00:00:00,2024,RESOLUCION,"MIRABELLA, ROBERTO",true,C,mercosur_institucional,administrativa_neutra,relacionada,corpus,no,participacion en Parlasur
HCDN278840,"EXPRESAR REPUDIO POR LA DECISION DEL PODER EJECUTIVO NACIONAL DE DISOLVER EL FONDO FIDUCIARIO PARA LA PROTECCION AMBIENTAL DE LOS BOSQUES NATIVOS (FOBOSQUE) MEDIANTE EL DECRETO 888/2024 DEL 8 DE OCTUBRE DEL 2024, Y OTRAS CUESTIONES CONEXAS.",2024-10-08T00:00:00,2024,RESOLUCION,"SELVA, SABRINA",true,D,eudr_trazabilidad_forestal,administrativa_neutra,relacionada,corpus,si,FOBOSQUE disolucion
HCDN278878,PEDIDO DE INFORMES AL PODER EJECUTIVO SOBRE DIVERSAS CUESTIONES RELACIONADAS CON LA IMPLEMENTACION DE LA LEY 26331 - PRESUPUESTOS MINIMOS DE PROTECCION AMBIENTAL DE LOS BOSQUES NATIVOS.,2024-10-10T00:00:00,2024,RESOLUCION,"PAULON, ESTEBAN",true,D,eudr_trazabilidad_forestal,administrativa_neutra,relacionada,corpus,si,26331
HCDN278891,EXPRESAR REPUDIO A LA SUSPENSION DEL FONDO FIDUCIARIO ESTABLECIDO POR LA LEY 26331 DE PRESUPUESTOS MINIMOS PARA LA PROTECCION AMBIENTAL DE LOS BOSQUES NATIVOS.,2024-10-14T00:00:00,2024,RESOLUCION,"BERTOLDI, TANYA",true,D,eudr_trazabilidad_forestal,administrativa_neutra,relacionada,corpus,si,fondo 26331
HCDN279089,"PEDIDO DE INFORMES AL PODER EJECUTIVO SOBRE LA DISOLUCION DEL FONDO FIDUCIARIO PARA LA PROTECCION DE LOS BOSQUES NATIVOS - FOBOSQUE -, CREADO POR LA LEY 27431, DISPUESTA POR DECRETO 888/2024, Y OTRAS CUESTIONES CONEXAS.",2024-10-21T00:00:00,2024,RESOLUCION,"YUTROVIC, CAROLINA",true,D,eudr_trazabilidad_forestal,administrativa_neutra,relacionada,corpus,si,FOBOSQUE
HCDN279503,FONDO FIDUCIARIO PARA LA PROTECCION AMBIENTAL DE LOS BOSQUES NATIVOS. CREACION.,2024-11-08T00:00:00,2024,LEY,"OUTES, PABLO",true,D,eudr_trazabilidad_forestal,administrativa_neutra,relacionada,corpus,si,FOBOSQUE creacion
HCDN279515,"DECLARAR DE INTERES DE LA H. CAMARA LA ""ASAMBLEA GENERAL ORDINARIA DEL BLOQUE REGIONAL DE INTENDENTES, PREFEITOS, ALCALDES Y EMPRESARIOS DEL MERCOSUR - BRIPAEM 2024 -"", A REALIZARSE EL 21 Y 22 DE NOVIEMBRE DE 2024 EN PARAGUAY.",2024-11-08T00:00:00,2024,DECLARACION,"FRADE, MONICA",false,ninguno,,,,corpus,si,BRIPAEM: red de intendentes del Mercosur (evento)
HCDN279633,MARCO REGULATORIO DE BIOCOMBUSTIBLES. DEROGACION DE LA LEY 27640.,2024-11-15T00:00:00,2024,LEY,"VILLAVERDE, LORENA",false,ninguno,,,,corpus,no,biocombustibles
HCDN279784,"PEDIDO DE INFORMES AL PODER EJECUTIVO SOBRE DIVERSAS CUESTIONES RELACIONADAS CON LA SUSPENSION EN LA APLICACION DEL ""NUEVO PLAN DE VACUNACION CONTRA LA FIEBRE AFTOSA"".",2024-11-21T00:00:00,2024,RESOLUCION,"BRAMBILLA, SOFIA",false,ninguno,,,,corpus,si,plan de vacunacion aftosa (sonda)
HCDN279961,SOLICITAR AL PODER EJECUTIVO DISPONGA PROMOVER LA COORDINACION ENTRE EL CONSEJO DEL MERCADO COMUN (CMC) Y LOS ESTADOS PARTE DEL MERCOSUR PARA DESARROLLAR UNA POLITICA COMUN SOBRE LA HIDROVIA PARAGUAY-PARANA-URUGUAY Y OTRAS CUESTIONES CONEXAS.,2024-11-28T00:00:00,2024,RESOLUCION,"LEDESMA, TOMAS",true,C,mercosur_institucional,administrativa_neutra,relacionada,corpus,no,CMC politica comun hidrovia
HCDN280298,"EXPRESAR BENEPLACITO POR LA CONCLUSION DE LAS RENEGOCIACIONES DEL ACUERDO COMERCIAL ENTRE EL MERCOSUR Y LA UNION EUROPEA EN EL MARCO DE LA CUMBRE DEL MERCOSUR DESARROLLADA EN MONTEVIDEO, REPUBLICA ORIENTAL DEL URUGUAY, EL 6 DE DICIEMBRE DE 2024.",2024-12-06T00:00:00,2024,RESOLUCION,"COBOS, JULIO",true,A,acuerdo_ue_mercosur,pro_liberalizacion,explicita,corpus,no,conclusion de renegociaciones dic-2024
HCDN280323,"EXPRESAR BENEPLACITO POR LOS CONSENSOS ALCANZADOS EN LA 65ª CUMBRE DE PRESIDENTES DE LOS ESTADOS PARTE DEL MERCOSUR DESARROLLADA EL 5 DE DICIEMBRE DE 2024 EN MONTEVIDEO, REPUBLICA DEL URUGUAY.",2024-12-09T00:00:00,2024,RESOLUCION,"IGLESIAS, FERNANDO ADOLFO",true,C,mercosur_institucional,administrativa_neutra,relacionada,corpus,no,cumbre 65 del bloque
HCDN280442,"PEDIDO DE INFORMES VERBALES ANTE LA COMISION DEL MERCOSUR DE ESTA H. CAMARA, A FUNCIONARIOS DE LA CANCILLERIA SOBRE LOS PUNTOS CENTRALES DEL ACUERDO MERCOSUR-UNION EUROPEA.",2024-12-17T00:00:00,2024,RESOLUCION,"PAULON, ESTEBAN",true,A,acuerdo_ue_mercosur,administrativa_neutra,explicita,corpus,no,informes sobre puntos centrales del acuerdo
HCDN280523,PEDIDO DE INFORMES AL PODER EJECUTIVO SOBRE DIVERSAS CUESTIONES RELACIONADAS CON LA ALICUOTA DEL DERECHO DE EXPORTACION (D.E.) PARA LAS MERCADERIAS COMPRENDIDAS EN LAS POSICIONES ARANCELARIAS DE LA NOMENCLATURA COMUN DEL MERCOSUR.,2024-12-20T00:00:00,2024,RESOLUCION,"ALLENDE, WALBERTO",false,ninguno,,,,corpus,no,NCM retenciones
HCDN280546,"EXPRESAR PREOCUPACION POR LA SANCION DE LA LEY DE SEGURO DE SALUD POR PARTE DE LA LEGISLATURA DE LA PROVINCIA DE JUJUY, QUE ESTABLECE EL COBRO DE UN ARANCEL A LA POBLACION QUE CUENTE CON UN INGRESO MAYOR A DOS SALARIOS MINIMO VITAL Y MOVIL Y QUE NO CUENTE CON OBRA SOCIAL.",2024-12-27T00:00:00,2024,RESOLUCION,"VILCA, ALEJANDRO",false,ninguno,,,,corpus,no,arancel salud Jujuy
HCDN280654,"EXPRESAR REPUDIO Y PREOCUPACION POR LA INTENCION DEL PODER EJECUTIVO DE FIRMAR UN TRATADO DE LIBRE COMERCIO CON ESTADOS UNIDOS DE AMERICA, AUNQUE ELLO IMPLIQUE LA RUPTURA DEL MERCOSUR, Y OTRAS CUESTIONES CONEXAS.",2025-01-23T00:00:00,2025,DECLARACION,"ROMERO, JORGE ANTONIO",true,C,mercosur_institucional,proteccionista_defensiva,relacionada,corpus,no,TLC con EEUU y ruptura del Mercosur
HCDN282180,"EXPRESAR RECHAZO POR LA SANCION DEL DECRETO 888/24 QUE DISUELVE EL FONDO NACIONAL DE EMERGENCIAS, FONDO FIDUCIARIO ""PROGRESAR"" Y FONDO FIDUCIARIO PARA LA PROTECCION AMBIENTAL DE LOS BOSQUES NATIVOS.",2025-03-05T00:00:00,2025,DECLARACION,"AVEIRO, MARTIN",true,D,eudr_trazabilidad_forestal,administrativa_neutra,relacionada,corpus,si,FOBOSQUE disolucion
HCDN282328,PEDIDO DE INFORMES AL PODER EJECUTIVO SOBRE DIVERSAS CUESTIONES RELACIONADAS CON LA PRESIDENCIA PRO TEMPORE DEL MERCOSUR.,2025-03-07T00:00:00,2025,RESOLUCION,"TETAZ, MARTIN ALBERTO",true,C,mercosur_institucional,administrativa_neutra,relacionada,corpus,no,presidencia pro tempore
HCDN282346,"SOLICITAR AL PODER EJECUTIVO DISPONGA REANUDAR DE MANERA INMEDIATA LA APLICACION DEL ""NUEVO PLAN DE VACUNACION CONTRA LA FIEBRE AFTOSA"".",2025-03-07T00:00:00,2025,RESOLUCION,"BRAMBILLA, SOFIA",false,ninguno,,,,corpus,si,plan vacunacion aftosa (sonda)
HCDN282819,PRESUPUESTOS MINIMOS DE PROTECCION AMBIENTAL PARA LA GESTION DE LOS ENVASES VACIOS DE FITOSANITARIOS - LEY 27279 -. MODIFICACIONES SOBRE INCENTIVOS FISCALES PARA PRODUCTORES AGROPECUARIOS.,2025-03-19T00:00:00,2025,LEY,"AGOST CARREÑO, OSCAR",false,ninguno,,,,corpus,no,envases fitosanitarios
HCDN282832,"PEDIDO DE INFORMES AL PODER EJECUTIVO SOBRE DIVERSAS CUESTIONES RELACIONADAS CON LA RESOLUCION N 180/2025 DE SENASA, SOBRE EL LEVANTAMIENTO DE LA BARRERA FITOSANITARIA EN ZONAS LIBRES DE FIEBRE AFTOSA Y OTRAS CUESTIONES CONEXAS.",2025-03-19T00:00:00,2025,RESOLUCION,"SORIA, MARTIN",false,ninguno,,,,corpus,si,barrera fitosanitaria interna (sonda)
HCDN282855,EXENCION DEL IMPUESTO AL VALOR AGREGADO A LOS CORTES POPULARES DE CARNE VACUNA.,2025-03-20T00:00:00,2025,LEY,"OLIVETO LAGO, PAULA",false,ninguno,,,,corpus,no,IVA carne
HCDN282967,"EXPRESAR PREOCUPACION Y RECHAZO POR LA RESOLUCION N° 180/2025 DEL SENASA, QUE PERMITE EL INGRESO DE CARNES Y PRODUCTOS CARNICOS DESDE LA ZONA LIBRE CON VACUNACION A LA ZONA LIBRE SIN VACUNACION.",2025-03-21T00:00:00,2025,DECLARACION,"ROMERO, ANA CLARA",false,ninguno,,,,corpus,si,SENASA zonas de aftosa (sonda)
HCDN283097,PEDIDO DE INFORMES AL PODER EJECUTIVO SOBRE DIVERSAS CUESTIONES RELACIONADAS CON EL SERVICIO NACIONAL DE SANIDAD Y CALIDAD AGROALIMENTARIA (SENASA) Y LA VACUNA CONTRA LA FIEBRE AFTOSA.,2025-03-26T00:00:00,2025,RESOLUCION,"LOPEZ, JUAN MANUEL",false,ninguno,,,,corpus,no,SENASA aftosa
HCDN283100,EXPRESAR PREOCUPACION POR LA RESOLUCION N° 180/2025 DEL SENASA RELACIONADA CON EL LEVANTAMIENTO DE LA BARRERA FITOSANITARIA EN ZONAS LIBRES DE FIEBRE AFTOSA.,2025-03-26T00:00:00,2025,DECLARACION,"REYES, ROXANA NAHIR",false,ninguno,,,,corpus,si,barrera fitosanitaria (sonda)
HCDN283344,INSTAR AL PODER EJECUTIVO RETOME LAS NEGOCIACIONES CON LOS ORGANISMOS INTERNACIONALES CORRESPONDIENTES PARA GARANTIZAR LA CONTINUIDAD DE LAS EXPORTACIONES ARGENTINAS MIENTRAS DURE LA SUSPENSION DE LA REGULACION 2023/1115 DE LA UNION EUROPEA.,2025-03-28T00:00:00,2025,RESOLUCION,"BRAMBILLA, SOFIA",true,D,eudr_trazabilidad_forestal,pro_liberalizacion,explicita,corpus,no,continuidad de exportaciones ante suspension del EUDR
HCDN283348,"PEDIDO DE INFORMES AL PODER EJECUTIVO SOBRE DIVERSAS CUESTIONES RELACIONADAS CON LA RESOLUCION 19/2025, QUE POSPONE LA OBLIGATORIEDAD DE LA TRAZABILIDAD INDIVIDUAL ELECTRONICA PARA GANADO BOVINO, BUBALINO Y CERVIDO Y OTRAS CUESTIONES CONEXAS.",2025-03-28T00:00:00,2025,RESOLUCION,"BRAMBILLA, SOFIA",true,D,eudr_trazabilidad_forestal,administrativa_neutra,relacionada,corpus,no,trazabilidad electronica bovina
HCDN283413,PEDIDO DE INFORMES AL PODER EJECUTIVO SOBRE DIVERSAS CUESTIONES RELACIONADAS CON LAS RESOLUCIONES 180/25 Y 186/25 REFERENTES A LA FLEXIBILIZACION PARA LA VACUNACION DE LA FIEBRE AFTOSA.,2025-03-31T00:00:00,2025,RESOLUCION,"DOMINGO, AGUSTIN",false,ninguno,,,,corpus,si,flexibilizacion vacunacion aftosa (sonda)
HCDN283543,"PEDIDO DE INFORMES VERBALES, ANTE LA COMISION DEL MERCOSUR DE ESTA H. CAMARA, A DIVERSOS FUNCIONARIOS DE CANCILLERIA, SOBRE EL ACUERDO MERCOSUR-UNION EUROPEA.",2025-04-03T00:00:00,2025,RESOLUCION,"PAULON, ESTEBAN",true,A,acuerdo_ue_mercosur,administrativa_neutra,explicita,corpus,no,informes sobre el acuerdo Mercosur-UE
HCDN283558,"SOLICITAR AL SEÑOR PRESIDENTE DE ESTA HONORABLE CAMARA DE DIPUTADOS DE LA NACION CONVOQUE A LOS FUNCIONARIOS DEPENDIENTES DEL MINISTERIO DE ECONOMIA, A FIN DE QUE BRINDEN EXPLICACIONES SOBRE EL DECRETO 236/2025 RELACIONADO CON LA BAJA DE ARANCELES PARA ROPA, CALZADO Y TELA PROVENIENTES DEL EXTERIOR.",2025-04-03T00:00:00,2025,RESOLUCION,"CARIGNANO, FLORENCIA",false,ninguno,,,,corpus,no,baja aranceles importacion textil
HCDN283621,"PEDIDO DE INFORMES VERBALES, ANTE LA COMISION DEL MERCOSUR DE ESTA H. CAMARA, A DIVERSOS FUNCIONARIOS DE CANCILLERIA SOBRE EL ACUERDO MERCOSUR-UNION EUROPEA.",2025-04-04T00:00:00,2025,RESOLUCION,"PAULON, ESTEBAN",true,A,acuerdo_ue_mercosur,administrativa_neutra,explicita,corpus,no,informes sobre el acuerdo Mercosur-UE
HCDN283851,"PEDIDO DE INFORMES AL PODER EJECUTIVO SOBRE DIVERSAS CUESTIONES RELACIONADAS CON LA RESOLUCION N° 180/2025 DEL SENASA, SOBRE EL LEVANTAMIENTO DE LA BARRERA FITOSANITARIA EN ZONAS LIBRES DE FIEBRE AFTOSA Y OTRAS CUESTIONES CONEXAS.",2025-04-11T00:00:00,2025,RESOLUCION,"RAUSCHENBERGER, ARIEL",false,ninguno,,,,corpus,si,barrera fitosanitaria (sonda)
HCDN284017,"DECLARAR DE INTERES DE LA H. CAMARA EL PRIMER CAMPEONATO MUNDIAL DE CARNES-CMDC, A REALIZARSE EN RESTAURANTE CENTRAL DE LA RURAL, CIUDAD AUTONOMA DE BUENOS AIRES, EL 30 DE OCTUBRE DE 2025.",2025-04-22T00:00:00,2025,RESOLUCION,"LOPEZ MURPHY, RICARDO HIPOLITO",false,ninguno,,,,corpus,no,campeonato de carnes
HCDN284239,SUSPENSION DE LOS DESMONTES DE LOS BOSQUES NATIVOS.,2025-04-30T00:00:00,2025,LEY,"BIASI, VANINA",true,D,eudr_trazabilidad_forestal,administrativa_neutra,relacionada,corpus,si,suspension de desmontes
HCDN284758,"DECLARAR DE INTERES DE LA H. CAMARA LA EDICION 2025 DEL ""FESTIVAL DEL ACERO Y EL FOLKLORE"", A REALIZARSE EN EL MES DE OCTUBRE DE 2025, EN LA CIUDAD DE PALPALA, PROVINCIA DE JUJUY.",2025-05-20T00:00:00,2025,RESOLUCION,"SARAPURA, NATALIA SILVINA",false,ninguno,,,,corpus,no,festival
HCDN284837,CARNE - LEY 25507 - MODIFICACIONES SOBRE CONTRIBUCION VOLUNTARIA A CARGO DEL ESTABLECIMIENTO FRIGORIFICO Y DEL PROPIETARIO DEL ANIMAL DESTINADO A FAENA. DEROGACION DE ARTICULOS 16 Y 17.,2025-05-22T00:00:00,2025,LEY,"PAGANO, MARCELA MARINA",false,ninguno,,,,corpus,no,IPCVA contribucion
HCDN285236,"EXPRESAR REPUDIO POR AL DECRETO 333/2025, POR EL QUE SE MODIFICAN LOS ARANCELES PARA LA IMPORTACION DE CELULARES.",2025-06-03T00:00:00,2025,RESOLUCION,"YUTROVIC, CAROLINA",false,ninguno,,,,corpus,no,aranceles celulares
HCDN285272,"EXPRESAR BENEPLACITO POR LA REALIZACION DEL 33° CONGRESO DE AVIACION AGRICOLA DEL MERCOSUR, QUE TENDRA LUGAR EL 21 Y 22 DE JULIO DE 2025, EN LA CIUDAD AUTONOMA DE BUENOS AIRES.",2025-06-04T00:00:00,2025,DECLARACION,"BENEDIT, BELTRAN",false,ninguno,,,,corpus,no,congreso
HCDN285569,PROTECCION Y PROMOCION DE LA PRODUCCION CITRICOLA Y TROPICAL DEL NOA.,2025-06-18T00:00:00,2025,LEY,"SARAPURA, NATALIA SILVINA",false,ninguno,,,,corpus,no,citricola NOA
HCDN285678,EXPRESAR BENEPLACITO POR EL ACUERDO ENTRE LOS ESTADOS PARTE DEL MERCOSUR SOBRE LA CREACION DE UNA AGENCIA REGIONAL PARA LA LUCHA CONTRA EL CRIMEN ORGANIZADO.,2025-06-23T00:00:00,2025,DECLARACION,"BANFI, KARINA",true,C,mercosur_institucional,administrativa_neutra,relacionada,corpus,si,agencia regional del bloque
HCDN285950,EXPRESAR BENEPLACITO POR EL TRATADO DE LIBRE COMERCIO ENTRE MERCOSUR CON LA ASOCIACION EUROPEA.,2025-07-03T00:00:00,2025,DECLARACION,"MILMAN, GERARDO",true,C,mercosur_institucional,pro_liberalizacion,relacionada,corpus,si,TLC Mercosur-EFTA (asociacion europea)
HCDN286159,"EXPRESAR BENEPLACITO POR LAS DECLARACIONES DE LA JEFA DE LA DIPLOMACIA DE LA UNION EUROPEA, KAJA KALLAS, CONDENANDO LOS ATAQUES PERPETRADOS POR LA FEDERACION RUSA CONTRA UCRANIA.",2025-07-14T00:00:00,2025,DECLARACION,"MILMAN, GERARDO",false,ninguno,,,,corpus,no,UE sobre Ucrania
HCDN286723,SISTEMA NACIONAL DE ALERTA Y TRAZABILIDAD DE EVENTOS CRITICOS EN SALUD (SNATECS). CREACION.,2025-08-11T00:00:00,2025,LEY,"GIUDICI, SILVANA",false,ninguno,,,,corpus,no,trazabilidad salud
HCDN287004,"PREVENCION, SANCION Y TRAZABILIDAD DE CIBERFRAUDES. MODIFICACION DEL CODIGO PENAL DE LA NACION.",2025-08-27T00:00:00,2025,LEY,"AGOST CARREÑO, OSCAR",false,ninguno,,,,corpus,no,trazabilidad ciberfraudes
HCDN287013,"DECLARAR DE INTERES DE LA H. CAMARA LA PUESTA EN MARCHA DEL 2° CENTRO DE ALMACENAMIENTO TRANSITORIO (C.A.T.) DE ENVASES VACIOS DE PRODUCTOS FITOSANITARIOS DESARROLLADO POR LA ASOCIACION CIVIL ""CAMPOLIMPIO"" DE LA PROVINCIA DE SANTIAGO DEL ESTERO.",2025-08-27T00:00:00,2025,RESOLUCION,"MONTOTO, MARIA LUISA",false,ninguno,,,,corpus,no,envases fitosanitarios
HCDN287093,"PEDIDO DE INFORMES AL PODER EJECUTIVO SOBRE DIVERSAS CUESTIONES RELACIONADAS CON LA DECISION DEL CONSEJO DEL MERCADO COMUN DEL MERCOSUR, MEDIANTE LA CUAL SE AMPLIO LAS POSICIONES ARANCELARIAS EXCEPTUADAS DEL ARANCEL EXTERNO COMUN (AEC) QUE CADA ESTADO PARTE PUEDE APLICAR HASTA LOS AÑOS 2028/2030.",2025-08-29T00:00:00,2025,RESOLUCION,"POKOIK, LORENA",true,C,mercosur_institucional,administrativa_neutra,relacionada,corpus,no,Decision CMC excepciones al AEC
HCDN287183,EXPRESAR BENEPLACITO POR EL TRATADO DE LIBRE COMERCIO ENTRE LA UNION EUROPEA Y EL MERCOSUR.,2025-09-03T00:00:00,2025,RESOLUCION,"IGLESIAS, FERNANDO ADOLFO",true,A,acuerdo_ue_mercosur,pro_liberalizacion,explicita,corpus,no,TLC UE-Mercosur
HCDN287405,"SOLICITAR AL PODER EJECUTIVO DISPONGA PROMOVER EN EL AMBITO DEL MERCADO COMUN DEL SUR (MERCOSUR) LA ADOPCION DE UNA RENOVADA POSICION COMUN, EN FAVOR DE LA PAZ EN MEDIO ORIENTE.",2025-09-11T00:00:00,2025,RESOLUCION,"CAFIERO, SANTIAGO",true,C,mercosur_institucional,administrativa_neutra,relacionada,corpus,si,posicion comun del bloque Medio Oriente
HCDN287507,"DECLARAR DE INTERES DE LA H. CAMARA EL XIII CONGRESO INTERNACIONAL DE TURISMO, EDUCACION INTERCULTURAL Y DESARROLLO LOCAL DE LAS MISIONES JESUITICAS GUARANIES DEL MERCOSUR, A REALIZARSE EL 26 DE SEPTIEMBRE DE 2025 EN LA PROVINCIA DE MISIONES.",2025-09-17T00:00:00,2025,RESOLUCION,"RUIZ, YAMILA",false,ninguno,,,,corpus,no,congreso
HCDN287662,PEDIDO DE INFORMES AL PODER EJECUTIVO SOBRE DIVERSAS CUESTIONES RELACIONADAS CON LAS RESOLUCIONES 333/2025 Y 338/2025 SOBRE IMPORTACION DE LA VACUNA CONTRA LA FIEBRE AFTOSA.,2025-09-23T00:00:00,2025,DECLARACION,"ARDOHAIN, MARTIN",false,ninguno,,,,corpus,no,vacuna aftosa
HCDN287732,SISTEMA NACIONAL DE TRAZABILIDAD DE OBLEAS DE CARGA DE GAS NATURAL COMPRIMIDO (GNC) Y PROGRAMA NACIONAL DE PROMOCION DEL USO DEL GNC VEHICULAR. CREACION.,2025-09-29T00:00:00,2025,LEY,"MIRABELLA, ROBERTO",false,ninguno,,,,corpus,no,trazabilidad GNC
HCDN287760,EXPRESAR BENEPLACITO POR EL ACUERDO SOBRE SUBVENCIONES A LA PESCA DE LA ORGANIZACION MUNDIAL DEL COMERCIO (OMC) Y POR LA IMPLEMENTACION DEL TRATADO INTERNACIONAL DE ALTA MAR DE LAS NACIONES UNIDAS SOBRE LA BIODIVERSIDAD MARINA.,2025-09-29T00:00:00,2025,DECLARACION,"ROMERO, ANA CLARA",false,ninguno,,,,corpus,no,OMC pesca
HCDN287861,BIOCOMBUSTIBLES. - LEY 27640 -. MODIFICACIONES SOBRE MARCO REGULATORIO DE LA ACTIVIDAD.,2025-10-01T00:00:00,2025,LEY,"VEGA, YOLANDA",false,ninguno,,,,corpus,no,biocombustibles
HCDN287914,"EXPRESAR BENEPLACITO POR EL RECONOCIMIENTO EFECTUADO POR EL PARLAMENTO DEL MERCOSUR (PARLASUR), AL SINDICATO UNICO DE TRABAJADORES DE FERIAS DE LA REPUBLICA ARGENTINA.",2025-10-02T00:00:00,2025,RESOLUCION,"VANCSIK, DANIEL",true,C,mercosur_institucional,administrativa_neutra,relacionada,corpus,si,reconocimiento del Parlasur
HCDN287929,PRESUPUESTOS MINIMOS DE PROTECCION AMBIENTAL PARA LA APLICACION DE PRODUCTOS FITOSANITARIOS.,2025-10-03T00:00:00,2025,LEY,"BENEDETTI, ATILIO",false,ninguno,,,,corpus,no,fitosanitarios
HCDN288039,INSTAR AL PODER EJECUTIVO A PUBLICAR EL PRECIO DE VENTA DEL BIODIESEL CORRESPONDIENTE AL MES DE OCTUBRE DE 2025 Y A LOS PERIODOS SUBSIGUIENTES.,2025-10-13T00:00:00,2025,RESOLUCION,"MIRABELLA, ROBERTO",false,ninguno,,,,corpus,no,precio biodiesel
HCDN288056,REGIMEN DE TRAZABILIDAD UNITARIA Y DIGITAL DE MEDICAMENTOS DE ALTO RIESGO. CREACION EN EL AMBITO DE LA ANMAT.,2025-10-14T00:00:00,2025,LEY,"JULIANO, PABLO",false,ninguno,,,,corpus,no,trazabilidad medicamentos
HCDN288229,REGIMEN DE PROMOCION PARA EL USO AMPLIADO DE BIODIESEL EN ESTACIONES DE SERVICIO.,2025-10-22T00:00:00,2025,LEY,"AGOST CARREÑO, OSCAR",false,ninguno,,,,corpus,no,biodiesel
HCDN288424,MEDICAMENTOS - LEY 16463 -. MODIFICACIONES SOBRE INTEGRIDAD Y TRAZABILIDAD FINANCIERA FARMACEUTICA.,2025-11-06T00:00:00,2025,LEY,"PAGANO, MARCELA MARINA",false,ninguno,,,,corpus,no,trazabilidad medicamentos
HCDN288485,"EXPRESAR REPUDIO POR EL VOTO NEGATIVO EMITIDO POR LA ARGENTINA RESPECTO A LA IGUALDAD DE GENERO INCLUIDA EN LA DECLARACION FINAL CONJUNTA DE LA IV CUMBRE CELAC-UNION EUROPEA, Y OTRAS CUESTIONES CONEXAS.",2025-11-11T00:00:00,2025,RESOLUCION,"MACHA, MONICA",false,ninguno,,,,corpus,si,cumbre CELAC-UE: voto sobre genero
HCDN288494,"LIBRE COMERCIO DE PRODUCTOS LOCALES ELABORADOS POR PEQUEÑOS PRODUCTORES DE LA PROVINCIA DE TIERRA DEL FUEGO, ANTARTIDA E ISLAS DEL ATLANTICO SUR.",2025-11-12T00:00:00,2025,LEY,"GARRAMUÑO, RICARDO",false,ninguno,,,,corpus,no,libre comercio local TDF
HCDN288546,ELECCION DE PARLAMENTARIOS DEL MERCOSUR - LEY 27120 -. MODIFICACIONES.,2025-11-17T00:00:00,2025,LEY,"GIUDICI, SILVANA",true,C,mercosur_institucional,administrativa_neutra,relacionada,corpus,no,eleccion Parlasur
HCDN288576,ESTABLECER UN REGIMEN DE TRAZABILIDAD Y CONTROL DE LA EVOLUCION PATRIMONIAL DE LOS FUNCIONARIOS PUBLICOS. DEROGACION DE LA LEY 26857.,2025-11-18T00:00:00,2025,LEY,"CAMPERO, MARIANO",false,ninguno,,,,corpus,no,trazabilidad patrimonial
HCDN288655,BIOCOMBUSTIBLES. - LEY 27640 - . MODIFICACIONES SOBRE ELEVACION DEL PORCENTAJE DE MEZCLA OBLIGATORIA DE BIOETANOL EN NAFTAS.,2025-11-25T00:00:00,2025,LEY,"CALLETTI, PAMELA",false,ninguno,,,,corpus,no,biocombustibles
HCDN288853,REGIMEN NACIONAL DE TRAZABILIDAD Y REPROCESAMIENTO DE DISPOSITIVOS MEDICOS REUTILIZABLES. - DEROGACION DE LA LEY 26906 Y LA RESOLUCION 255/94 DEL MINISTERIO DE SALUD Y ACCION SOCIAL.,2025-12-02T00:00:00,2025,LEY,"KLIPAUKA LEWTAK, FLORENCIA",false,ninguno,,,,corpus,no,trazabilidad dispositivos medicos
HCDN288857,"ESTABLEZCASE QUE HASTA QUE SE CELEBRE LA ELECCION DIRECTA DE PARLAMENTARIOS DEL MERCOSUR, LA REPRESENTACION DE LA REPUBLICA ARGENTINA SERA EJERCIDA POR LEGISLADORES NACIONALES NOMINADOS POR CADA UNA DE LAS CAMARAS DEL HONORABLE CONGRESO DE LA NACION, EN IGUAL NUMERO, RESPETANDO LAS PROPORCIONES PARTIDARIAS. MODIFICACION DEL CODIGO ELECTORAL NACIONAL Y DE DIVERSAS LEYES.",2025-12-02T00:00:00,2025,LEY,"LOSPENNATO, SILVIA",true,C,mercosur_institucional,administrativa_neutra,relacionada,corpus,no,representacion argentina en Parlasur
HCDN096128,PEDIDO DE INFORMES AL PODER EJECUTIVO SOBRE EL IMPACTO DE LOS BIOCOMBUSTIBLES EN LA CRISIS ALIMENTARIA MUNDIAL.,2008-06-10T00:00:00,2008,RESOLUCION,"BIANCHI, IVANA MARIA",false,ninguno,,,,gold_adjudicado,no,
HCDN258880,"SISTEMA INTEGRADO DE PROTECCION A LAS PERSONAS DISCAPACITADAS - LEY 22431 -. MODIFICACIONES DEL ARTICULO 20 E INCORPORACION DEL ARTICULO 4 BIS, SOBRE BARRERAS ARQUITECTONICAS Y EXIMICION DE IMPUESTOS PARA LAS IMPORTACIONES TECNOLOGICAS PARA USO PERSONAL, RESPECTIVAMENTE.",2022-05-26T00:00:00,2022,LEY,"ORREGO, HUMBERTO MARCELO",false,ninguno,,,,gold_adjudicado,no,
HCDN180275,"PEDIDO DE INFORMES AL PODER EJECUTIVO SOBRE RESOLUCION REMITIDA POR LA AUDITORIA GENERAL DE LA NACION 182/14, APROBANDO EL INFORME DE AUDITORIA REALIZADO EN EL AMBITO DEL SERVICIO NACIONAL DE SANIDAD Y CALIDAD AGROALIMENTARIA (SENASA), PROGRAMA 20 SANIDAD ANIMAL, CON EL OBJETO DE ""AUDITAR LA GESTION DEL SENASA EN MATERIA DE SANIDAD ANIMAL DURANTE EL AÑO 2011 Y EL PRIMER SEMESTRE DE 2012, ESPECIFICAMENTE EN LO QUE CONCIERNE AL PROGRAMA NACIONAL DE LUCHA CONTRA LA FIEBRE AFTOSA, EL SISTEMA DE IDENTIFICACION ANIMAL Y TRAZABILIDAD Y EL PROGRAMA DE BIENESTAR ANIMAL"".",2015-09-15T00:00:00,2015,RESOLUCION,PARLAMENTARIA MIXTA REVISORA DE CUENTAS,true,D,eudr_trazabilidad_forestal,administrativa_neutra,relacionada,gold_adjudicado,no,auditoria SENASA incluye trazabilidad ganadera
HCDN190953,"SECRETARIAS EN LAS FISCALIAS DE PRIMERA INSTANCIA FEDERALES 1, 2 Y 3 DE ROSARIO, PROVINCIA DE SANTA FE. CREACION.",2016-09-21T00:00:00,2016,LEY,"GONZALEZ, JOSEFINA VICTORIA",false,ninguno,,,,gold_adjudicado,no,
HCDN165644,"DECLARAR DE INTERES DE LA HONORABLE CAMARA DE DIPUTADOS DE LA NACION EL 90 ANIVERSARIO DE LA FUNDACION DE LA EMISORA RADIAL LT9 ""BRIGADIER LOPEZ"", CELEBRADO EL DIA 24 DE JUNIO DE 2014 EN LA PROVINCIA DE SANTA FE.",2014-07-18T00:00:00,2014,RESOLUCION,"MARTINEZ, OSCAR ARIEL",false,ninguno,,,,gold_adjudicado,no,
HCDN093150,PEDIDO DE INFORMES AL PODER EJECUTIVO SOBRE EL CONTROL DE LA ACTIVIDAD QUE DESARROLLA LA ORGANIZACION VERAZ SA EN SU CARACTER DE PORTADORA DE BASE DE DATOS PERSONALES.,2008-03-28T00:00:00,2008,RESOLUCION,"GENEM, AMANDA SUSANA",false,ninguno,,,,gold_adjudicado,no,
HCDN094169,EXPORTACIONES DE CARNES: DESTINAR EL 50 % DE LAS RETENCIONES A LAS EXPORTACIONES DE CARNES A OTORGAR SUBSIDIOS A LOS PRODUCTORES GANADEROS PRIMARIOS DE HASTA MIL CABEZAS DE GANADO.,2008-04-24T00:00:00,2008,LEY,"PORTELA, AGUSTIN ALBERTO",false,ninguno,,,,gold_adjudicado,no,retenciones domesticas a exportacion de carnes
HCDN214241,"EXPRESAR PREOCUPACION POR LA SITUACION QUE ATRAVIESA LA EMPRESA INVAP S.E. Y RECLAMAR POR ""EL PLAN SATELITAL GEOESTACIONARIO ARGENTINO 2015-2035""",2018-04-19T00:00:00,2018,RESOLUCION,"DOÑATE, CLAUDIO MARTIN",false,ninguno,,,,gold_adjudicado,no,
HCDN200287,"DESIGNACION DE LA LOCALIDAD DE YAPEYU, PROVINCIA DE CORRIENTES, COMO SEDE OFICIAL DE LOS ACTOS DEL NATALICIO Y FALLECIMIENTO DEL GENERAL DON JOSE FRANCISCO DE SAN MARTIN, A CONMEMORARSE ANUALMENTE LOS DIAS 25 DE FEBRERO Y 17 DE AGOSTO, RESPECTIVAMENTE.",2017-06-07T00:00:00,2017,LEY,"VALDES, GUSTAVO ADOLFO",false,ninguno,,,,gold_adjudicado,no,
HCDN149257,"CREACION DEL ""PROGRAMA DE MODERNIZACION DE LA INFRAESTRUCTURA DEL TRANSPORTE TERRESTRE -PROMITT-"".",2013-03-15T00:00:00,2013,LEY,"ASSEFF, ALBERTO",false,ninguno,,,,gold_adjudicado,no,
HCDN282348,EXPRESAR RECHAZO POR LA RESOLUCION DE LA SECRETARIA DE CULTURA DE LA NACION MEDIANTE LA CUAL SE MODIFICA EL REGLAMENTO GENERAL DEL SALON NACIONAL DE LAS ARTES VISUALES Y. OTRAS CUESTIONES CONEXAS.,2025-03-07T00:00:00,2025,RESOLUCION,"GINOCCHIO, SILVANA MICAELA",false,ninguno,,,,gold_adjudicado,no,
HCDN142034,PEDIDO DE INFORMES AL PODER EJECUTIVO NACIONAL SOBRE LAS MEDIDAS NECESARIAS PARA MITIGAR LA FUGA DE DEPOSITOS EN DOLARES QUE VIENEN SUFRIENDO LAS ENTIDADES BANCARIAS ARGENTINAS.,2012-09-20T00:00:00,2012,RESOLUCION,"ATANASOF, ALFREDO NESTOR",false,ninguno,,,,gold_adjudicado,no,
HCDN163486,"SOLICITAR AL PODER EJECUTIVO DISPONGA LAS MEDIDAS NECESARIAS PARA QUE SE ABSTENGA DE DAR COMIENZO DE EJECUCION AL ""MEMORANDUM DE ENTENDIMIENTO ENTRE EL GOBIERNO DE LA REPUBLICA ARGENTINA Y LA REPUBLICA DE IRAN, SOBRE LOS TEMAS VINCULADOS AL ATAQUE TERRORISTA A LA SEDE DE LA AMIA, EN BUENOS AIRES, EL DIA 18 DE JULIO DE 1994"", Y OTRAS CUESTIONES CONEXAS.",2014-05-20T00:00:00,2014,RESOLUCION,"NEGRI, MARIO RAUL",false,ninguno,,,,gold_adjudicado,no,
HCDN249454,SOLICITAR AL PODER EJECUTIVO DISPONGA LOS MEDIOS NECESARIOS PARA LA ACTUALIZACION DE LOS ARANCELES DEL NOMENCLADOR DE PRESTACIONES BASICAS PARA PERSONAS CON DISCAPACIDAD.,2021-04-09T00:00:00,2021,RESOLUCION,"ZAMARBIDE, FEDERICO RAUL",false,ninguno,,,,gold_adjudicado,no,aranceles de nomenclador prestacional (no tarifario)
HCDN164307,PEDIDO DE INFORMES AL PODER EJECUTIVO NACIONAL SOBRE DIVERSAS CUESTIONES RELACIONADAS CON UN NUEVO INCUMPLIMIENTO DE LA CUOTA HILTON.,2014-06-09T00:00:00,2014,RESOLUCION,"MARTINEZ, JULIO CESAR",true,B,comercio_ue_sectorial,administrativa_neutra,relacionada,gold_adjudicado,no,
HCDN272141,SOLICITAR AL PODER EJECUTIVO DISPONGA LAS MEDIDAS NECESARIAS PARA HABILITAR LA COMERCIALIZACION DE CORTES DE CARNE BOVINA CON HUESO AL SUR DEL RÍO COLORADO.,2023-12-07T00:00:00,2023,DECLARACION,"PEREZ ARAUJO, HERNAN",false,ninguno,,,,gold_adjudicado,no,barrera sanitaria interna Patagonia sin eje UE
HCDN115461,"EXPRESAR PREOCUPACION POR LA DECLARACIONES DE JOSE SERRA, CANDIDATO PRESIDENCIAL DEL PARTIDO SOCIAL DEMOCRATA DE BRASIL (PSDB) SOBRE LA CONTINUIDAD DEL MERCOSUR.",2010-05-05T00:00:00,2010,DECLARACION,"SABBATELLA, MARTIN",true,C,mercosur_institucional,administrativa_neutra,relacionada,gold_adjudicado,no,continuidad del bloque
HCDN129732,PEDIDO DE INFORMES AL PODER EJECUTIVO NACIONAL SOBRE DIVERSAS CUESTIONES RELACIONADAS CON LA DISTRIBUCION DE LA CUOTA HILTON 2011-2012.,2011-07-28T00:00:00,2011,RESOLUCION,"GRIBAUDO, CHRISTIAN ALEJANDRO",true,B,comercio_ue_sectorial,administrativa_neutra,relacionada,gold_adjudicado,no,
HCDN113390,"APROBAR LA CONSTRUCCION DE UN TERCER CARRIL, EN AMBOS SENTIDOS DE CIRCULACION, EN LA RUTA NACIONAL 9 QUE UNE LAS PROVINCIAS DE SANTA FE CON BUENOS AIRES.",2010-03-16T00:00:00,2010,LEY,"COMI, CARLOS MARCELO",false,ninguno,,,,gold_adjudicado,no,
HCDN119747,"SOLICITAR AL PODER EJECUTIVO DISPONGA GESTIONAR ANTE EL ""PARLAMENTO DEL MERCOSUR - PARLASUR -"", LA ADHESION AL PEDIDO DE LA JUSTICIA ARGENTINA PARA PROCEDER A LA EXTRADICION DE FUNCIONARIOS IRANIES IMPLICADOS Y ACUSADOS EN LA CAUSA POR EL ATENTADO A LA ""ASOCIACION MUTUAL ISRAELITA ARGENTINA - AMIA -.""",2010-09-10T00:00:00,2010,DECLARACION,"BULLRICH, PATRICIA",true,C,mercosur_institucional,administrativa_neutra,relacionada,gold_adjudicado,si,gestion ante Parlasur con objeto AMIA; politica no comercial del bloque
HCDN192422,"IMPUESTO A LAS GANANCIAS - LEY 20628 -. MODIFICACION DEL ARTICULO 104, SOBRE DESTINAR EL 10% DE LO PRODUCIDO POR EL GRAVAMEN A LA PROVINCIA DE BUENOS AIRES.",2016-11-02T00:00:00,2016,LEY,"BUIL, SERGIO OMAR",false,ninguno,,,,gold_adjudicado,no,
HCDN259351,CREASE EL PLAN DE ACTUACION ESCOLAR PARA LA ATENCION DE LA PROBLEMATICA DEL ALUMNO CON DIAGNOSTICO DE DIABETES.,2022-06-07T00:00:00,2022,LEY,"VIDAL, MARIA EUGENIA",false,ninguno,,,,gold_adjudicado,no,
HCDN168478,"EXPRESAR BENEPLACITO POR EL ""PRIMER TALLER DE ABEJAS NATIVAS SIN AGUIJON - ANSA -"", QUE SE REALIZARA LOS DIAS 21 Y 22 DE OCTUBRE DE 2014 EN COLONIA BENITEZ, PROVINCIA DEL CHACO.",2014-10-14T00:00:00,2014,RESOLUCION,"MARTINEZ, JULIO CESAR",false,ninguno,,,,gold_adjudicado,no,
HCDN125475,"APROBACION DEL CONVENIO ENTRE LA REPUBLICA ARGENTINA Y LA REPUBLICA DE ECUADOR PARA EL CUMPLIMIENTO DE CONDENAS PENALES, SUSCRIPTO EN BUENOS AIRES, EL 20 DE SEPTIEMBRE DE 2007, Y EL ACUERDO POR CANJE DE NOTAS POR EL QUE SE ENMIENDA EL ARTICULO 10 DEL MISMO, DEL 18 DE ENERO DE 2010.",2011-03-03T00:00:00,2011,MENSAJE Y PROYECTO DE LEY,"FERNANDEZ DE KIRCHNER, CRISTINA",false,ninguno,,,,gold_adjudicado,no,
HCDN150092,"PEDIDO DE INFORMES AL PODER EJECUTIVO SOBRE DIVERSAS CUESTIONES RELACIONADAS CON LOS ANTECEDENTES TECNICOS DE LA LICITACION PUBLICA N 36/12 LLEVADA A CABO POR EL MINISTERIO DE SALUD, PARA LA ADQUISICION DE EQUIPOS DE RAYOS X FIJOS.",2013-04-08T00:00:00,2013,RESOLUCION,"GARRIDO, MANUEL",false,ninguno,,,,gold_adjudicado,no,
HCDN159802,"PEDIDO DE INFORMES AL PODER EJECUTIVO NACIONAL SOBRE DIVERSAS CUESTIONES RELACIONADAS CON LA POSICION DE ARGENTINA EN LA NEGOCIACION QUE ESTAN LLEVANDO A CABO LOS MIEMBROS DEL MERCOSUR: BRASIL, PARAGUAY Y URUGUAY, PARA LA CONCRECION DE UN TRATADO DE LIBRE COMERCIO CON LA UNION EUROPEA.",2014-03-07T00:00:00,2014,RESOLUCION,"ASSEFF, ALBERTO",true,A,acuerdo_ue_mercosur,administrativa_neutra,explicita,gold_adjudicado,no,
HCDN139309,"EXPRESAR APOYO EN SU RECLAMO POR DESPIDOS, CON LOS TRABAJADORES DE LA EMPRESA LATIN BIOCOMBUSTIBLES DE LA CIUDAD DE ARROYO SECO, PROVINCIA DE SANTA FE.",2012-07-10T00:00:00,2012,RESOLUCION,"PERALTA, FABIAN FRANCISCO",false,ninguno,,,,gold_adjudicado,si,despidos en biocombustibles en era antidumping UE; titulo sin UE (sonda recall)
HCDN153653,TARJETAS DE CREDITO (LEY 25065) MODIFICACION DE LOS ARTICULOS 15 Y 16 SOBRE ARANCELES DIFERENCIADOS EN CONCEPTO DE COMISIONES Y OTROS CARGOS Y DE INTERES COMPENSATORIO O FINANCIERO.,2013-07-02T00:00:00,2013,LEY,"MILMAN, GERARDO",false,ninguno,,,,gold_adjudicado,no,
HCDN135856,REGIMEN DISTRIBUTIVO PARA EL CUPO TARIFARIO DE CORTES ENFRIADOS VACUNOS SIN HUESO DE ALTA CALIDAD ASIGNADOS ANUALMENTE POR LA UNION EUROPEA.,2012-04-19T00:00:00,2012,LEY,"ALONSO, GUMERSINDO FEDERICO",true,B,comercio_ue_sectorial,administrativa_neutra,relacionada,gold_adjudicado,no,regimen distributivo de cupo UE
HCDN176187,"DECLARAR DE INTERES DE LA H. CAMARA EL ""XII CONGRESO NACIONAL DE CIENCIA POLITICA"", A REALIZARSE DEL 12 AL 15 DE AGOSTO DE 2015, EN LA CIUDAD CAPITAL DE LA PROVINCIA DE MENDOZA.",2015-06-10T00:00:00,2015,RESOLUCION,"ASSEFF, ALBERTO",false,ninguno,,,,gold_adjudicado,no,
HCDN191159,"EXPRESAR BENEPLACITO POR EL FALLO DE LA ""CORTE GENERAL DE JUSTICIA DE LA UNION EUROPEA - UE -"" ANULANDO LA APLICACION DE LOS DERECHOS SOBRE EL BIODIESEL DE SOJA ARGENTINO.",2016-09-27T00:00:00,2016,RESOLUCION,"NAZARIO, ADRIANA MONICA",true,B,comercio_ue_sectorial,pro_liberalizacion,relacionada,gold_adjudicado,no,celebra anulacion de derechos UE al biodiesel
HCDN137942,"EXPRESAR PREOCUPACION POR EL INCUMPLIMIENTO DE LA ""CUOTA HILTON"" DE CARNES DESTINADAS A LA UNION EUROPEA.",2012-06-07T00:00:00,2012,RESOLUCION,"BIANCHI, IVANA MARIA",true,B,comercio_ue_sectorial,pro_liberalizacion,relacionada,gold_adjudicado,no,
HCDN113854,PEDIDO DE INFORMES AL PODER EJECUTIVO SOBRE LOS MOTIVOS POR LOS CUALES SE INCUMPLIRA CON EL ENVIO DE LA TOTALIDAD DE LA CUOTA HILTON ASIGNADA PARA EL PERIODO 2009-2010.,2010-03-25T00:00:00,2010,RESOLUCION,"GRIBAUDO, CHRISTIAN ALEJANDRO",true,B,comercio_ue_sectorial,administrativa_neutra,relacionada,gold_adjudicado,no,
HCDN138539,"DECLARAR DE INTERES DE LA H. CAMARA LA ""XVIII EXPO-RURAL DEL MERCOSUR"", A REALIZARSE DEL 30 DE AGOSTO AL 3 DE SEPTIEMBRE DE 2012 EN GOBERNADOR VIRASORO, PROVINCIA DE CORRIENTES.",2012-06-22T00:00:00,2012,RESOLUCION,"ASPIAZU, LUCIO BERNARDO",false,ninguno,,,,gold_adjudicado,no,expo de terceros
HCDN249071,COMISION BICAMERAL ESPECIAL PARA EL SEGUIMIENTO Y RATIFICACION DEL ACUERDO DE ASOCIACION ESTRATEGICA MERCOSUR - UNION EUROPEA. CREACION EN EL AMBITO DEL H. CONGRESO DE LA NACION.,2021-03-26T00:00:00,2021,LEY,"LEHMANN, MARIA LUCILA",true,A,acuerdo_ue_mercosur,administrativa_neutra,explicita,gold_adjudicado,no,
HCDN282629,PEDIDO DE INFORMES AL PODER EJECUTIVO SOBRE DIVERSAS CUESTIONES RELACIONADAS CON LA SITUACION DE LAS POLITICAS DE GENERO VIGENTES Y OTRAS CUESTIONES CONEXAS.,2025-03-14T00:00:00,2025,RESOLUCION,"PAULON, ESTEBAN",false,ninguno,,,,gold_adjudicado,no,
HCDN204995,"EXPRESAR PREOCUPACION POR LA DECISION DEL GOBIERNO ARGENTINO DE AMPLIAR LAS POSIBILIDADES DE INTERCAMBIO DE TODA LA CARNE PORCINA FRESCA, REFRIGERADA Y CONGELADA Y SUS DERIVADOS, PROVENIENTES DE LOS ESTADOS UNIDOS DE AMERICA.",2017-08-31T00:00:00,2017,DECLARACION,"DE MENDIGUREN, JOSE IGNACIO",false,ninguno,,,,gold_adjudicado,no,contraparte EEUU
HCDN138999,"EXPRESAR PREOCUPACION POR LAS DECLARACIONES DE LA ""UNION EUROPEA"", MANIFESTANDOSE SOBRE LAS POLITICAS COMERCIALES ARGENTINAS.",2012-07-02T00:00:00,2012,DECLARACION,"ATANASOF, ALFREDO NESTOR",true,B,comercio_ue_sectorial,proteccionista_defensiva,relacionada,gold_adjudicado,si,tema general no sectorial; valencia contra presion UE inferida
HCDN140332,SISTEMA BRAILLE: SE ESTABLECE QUE LAS ENTIDADES BANCARIAS PUBLICAS Y PRIVADAS DEBEN CONTAR EN SUS SUCURSALES CON FORMULARIOS DE DICHAS CARACTERISTICAS.,2012-08-08T00:00:00,2012,LEY,"MAJDALANI, SILVIA CRISTINA",false,ninguno,,,,gold_adjudicado,no,
HCDN113704,EXPRESAR RECHAZO Y REPUDIO POR LAS MANIOBRAS QUE IMPIDEN LA EXPORTACION DE CARNE VACUNA.,2010-03-19T00:00:00,2010,DECLARACION,"CASAÑAS, JUAN FRANCISCO",false,ninguno,,,,gold_adjudicado,si,cierre exportador domestico de carne (sonda recall)
HCDN132016,PREMIO NACIONAL A LA LABOR DESTACADA EN ARBITRAJE FUTBOLISTICO EN TORNEOS NACIONALES DE PRIMERA DIVISION: CREACION.,2011-11-03T00:00:00,2011,LEY,"MARTINEZ, SOLEDAD",false,ninguno,,,,gold_adjudicado,no,
HCDN240112,"IMPUESTO A LAS GANANCIAS. MODIFICACION DEL ARTICULO 27, SOBRE LAS REMUNERACIONES PERCIBIDAS EN CONCEPTO DE GUARDIAS OBLIGATORIAS POR PARTE DE PROFESIONALES, TECNICOS, AUXILIARES Y PERSONAL OPERATIVO DEL SISTEMA DE SALUD EN EL MARCO DE LA PANDEMIA DEL COVID 19.",2020-05-06T00:00:00,2020,LEY,"GINOCCHIO, SILVANA MICAELA",false,ninguno,,,,gold_adjudicado,no,
HCDN248945,"EXPRESAR BENEPLACITO POR EL 30 ANIVERSARIO DE LA FIRMA DEL TRATADO DE ASUNCION, SUSCRIPTO EL 26 DE MARZO DE 1991 ENTRE LAS REPUBLICAS DE ARGENTINA, FEDERATIVA DEL BRASIL, PARAGUAY Y ORIENTAL DE URUGUAY, QUE CONSTITUYO EL MERCADO COMUN DEL SUR - MERCOSUR -.",2021-03-23T00:00:00,2021,DECLARACION,"FERNANDEZ LANGAN, EZEQUIEL",true,C,mercosur_simbolico,administrativa_neutra,relacionada,gold_adjudicado,si,familia aniversario del bloque (frontera documentada)
HCDN153809,"DECLARAR DE INTERES DE LA H. CAMARA EL FESTIVAL ""37 ANIVERSARIO DE LOS BOMBEROS VOLUNTARIOS DE SALADAS"", REALIZADO EL DIA 8 DE JUNIO DE 2013 EN LA PROVINCIA DE CORRIENTES.",2013-07-10T00:00:00,2013,RESOLUCION,"CHIENO, MARIA ELENA PETRONA",false,ninguno,,,,gold_adjudicado,no,
HCDN209202,PEDIDO DE INFORMES AL PODER EJECUTIVO SOBRE DIVERSAS CUESTIONES RELACIONADAS CON LA EXPORTACION DE BIODIESEL.,2017-12-14T00:00:00,2017,RESOLUCION,"FRANA, SILVINA PATRICIA",false,ninguno,,,,gold_adjudicado,si,exportacion de biodiesel sin contraparte en era antidumping (sonda recall)
HCDN240730,"EXPRESAR ADHESION A LA ""DECLARACION ESPECIAL DE LOS ESTADOS PARTES Y ESTADOS ASOCIADOS DEL MERCOSUR SOBRE LA PESCA ILEGAL, NO DECLARADA Y NO REGLAMENTADA"", EMITIDA POR LOS PRESIDENTES DE LOS ESTADOS PARTES Y ESTADOS ASOCIADOS DEL MERCOSUR, EN MENDOZA, EL 21 DE JULIO DE 2017. SOLICITAR AL PODER EJECUTIVO IMPULSE UNA NEGOCIACION EN EL AMBITO DEL CONSEJO DEL MERCADO COMUN DEL SUR (CMC) Y DE OTROS ORGANOS DEL MERCOSUR COMPETENTES EN LA MATERIA, SOBRE LA BASE DE LINEAMIENTOS CON EL FIN DE ELABORAR UNA POLITICA REGIONAL PESQUERA CONSENSUADA.",2020-05-20T00:00:00,2020,DECLARACION,"ZUVIC, MARIANA",true,C,mercosur_institucional,administrativa_neutra,relacionada,gold_adjudicado,no,declaracion del bloque + CMC pesca
HCDN126742,"DECLARAR DE INTERES DE LA H. CAMARA EL ""XXXVII CONGRESO DE LA ASOCIACION ARGENTINA DE AGENCIAS DE VIAJES Y TURISMO"", A REALIZARSE DEL 2 AL 4 DE JUNIO DE 2011 EN ROSARIO, PROVINCIA DE SANTA FE.",2011-04-19T00:00:00,2011,RESOLUCION,"PANSA, SERGIO HORACIO",false,ninguno,,,,gold_adjudicado,no,
HCDN247131,"PEDIDO DE INFORMES AL PODER EJECUTIVO SOBRE LA COMUNICACION DE LA SUBSECRETARIA DE MERCADOS AGROPECUARIOS RELACIONADA CON LA SUSPENSION TEMPORARIA DE LA REGISTRACION DE DECLARACIONES JURADAS DE VENTA AL EXTERIOR DE MAIZ, CON FECHA DE EMBARQUE ANTERIOR AL 1° DE MARZO 2021.-",2021-01-04T00:00:00,2021,RESOLUCION,"FREGONESE, ALICIA",false,ninguno,,,,gold_adjudicado,no,
HCDN096506,"EXPRESAR ADHESION A LA DECLARACION DE LA COMISION DE ASUNTOS POLITICOS, MUNICIPALES Y DE INTEGRACION DEL PARLAMENTO LATINOAMERICANO REFERIDA A LA PARTICIPACION DE ARGENTINA, URUGUAY Y EL MERCOSUR EN LA SOLUCION DE CONTROVERSIAS AMBIENTALES EXISTENTES EN LOS PAISES DEL BLOQUE.",2008-06-23T00:00:00,2008,DECLARACION,"IGLESIAS, FERNANDO ADOLFO",true,C,mercosur_institucional,administrativa_neutra,relacionada,gold_adjudicado,si,controversias ambientales del bloque via Parlatino
HCDN095278,"DECLARAR DE INTERES EL SEMINARIO - TALLER ""LOS DESAFIOS DE LA INTEGRACION REGIONAL EN MERCOSUR: LA MIRADA LOCAL"", REALIZADO LOS DIAS 8 Y 9 DE MAYO DE 2008 EN TANDIL, PROVINCIA DE BUENOS AIRES.",2008-05-19T00:00:00,2008,RESOLUCION,"GALANTINI, EDUARDO LEONEL",false,ninguno,,,,gold_adjudicado,no,seminario academico de terceros
HCDN256577,ALICUOTA DIFERENCIADA DEL ARANCEL EXTERNO COMUN PARA CABLES DE ACERO GALVANIZADOS EN EL MARCO DE LA EMERGENCIA AGRO-ECOLOGICA EN LAS PROVINCIAS DE CORRIENTES Y MISIONES.,2022-03-17T00:00:00,2022,LEY,"FERNANDEZ, CARLOS ALBERTO",true,C,mercosur_institucional,pro_liberalizacion,relacionada,gold_adjudicado,si,AEC alicuota diferenciada; orientacion = pide bajar arancel
HCDN155723,"DECLARAR DE INTERES DE LA H. CAMARA EL ""CONGRESO INTERNACIONAL DE PERIODISTAS AGROPECUARIOS"", A REALIZARSE DEL 1 AL 5 DE SEPTIEMBRE DE 2013, EN LA PROVINCIA DE BUENOS AIRES Y ROSARIO, PROVINCIA DE SANTA FE.-",2013-08-29T00:00:00,2013,RESOLUCION,"SCHMIDT LIERMANN, CORNELIA",false,ninguno,,,,gold_adjudicado,no,
HCDN282486,"DECLARAR DE INTERES DE LA H. CAMARA EL PROGRAMA ""INCLUSION EN EL AIRE"", QUE SE EMITE POR LA RADIO DE LA BIBLIOTECA DEL CONGRESO DE LA NACION, POR SU DESTACADA CONTRIBUCION A LA PROMOCION DE LOS DERECHOS DE LAS PERSONAS CON DISCAPACIDAD.",2025-03-11T00:00:00,2025,DECLARACION,"ARROYO, DANIEL",false,ninguno,,,,gold_adjudicado,no,
HCDN183148,SOLICITAR AL PODER EJECUTIVO REALIZAR LOS ACTOS DE EJECUCION PRESUPUESTARIA Y ADMINISTRATIVOS DISPUESTOS POR EL ARTICULO 16 DE LA LEY 27120 - ELECCION DE PARLAMENTARIOS DEL MERCOSUR -.,2016-03-08T00:00:00,2016,RESOLUCION,"CARMONA, GUILLERMO RAMON",true,C,mercosur_institucional,administrativa_neutra,relacionada,gold_adjudicado,no,
HCDN095433,SOLICITAR AL PODER EJECUTIVO DISPONGA LAS MEDIDAS NECESARIAS PARA ESTABLECER UNA SEDE O CAPITAL ALTERNA DEL MERCOSUR EN LA PROVINCIA DE MENDOZA.,2008-05-22T00:00:00,2008,RESOLUCION,"GENEM, AMANDA SUSANA",true,C,mercosur_institucional,administrativa_neutra,relacionada,gold_adjudicado,no,
HCDN250690,EXPRESAR PREOCUPACION POR EL CIERRE DE LAS EXPORTACIONES DE CARNE VACUNA POR 30 DIAS.,2021-05-21T00:00:00,2021,DECLARACION,"MAQUIEYRA, MARTIN",false,ninguno,,,,gold_adjudicado,si,cierre exportaciones carne 2021 afecto Hilton; titulo sin UE (sonda recall)
HCDN240504,PEDIDO DE INFORMES AL PODER EJECUTIVO SOBRE DIVERSAS CUESTIONES RELACIONADAS CON LOS FUNDAMENTOS DE LA DECISION DE SUSPENDER LA PARTICIPACION ARGENTINA EN LAS NEGOCIACIONES DEL MERCOSUR.,2020-05-14T00:00:00,2020,RESOLUCION,"DE LAMADRID, ALVARO",true,C,mercosur_institucional,administrativa_neutra,relacionada,gold_adjudicado,no,
HCDN279302,"EXPRESAR PREOCUPACION POR LA APLICACION SISTEMATICA Y ESTRICTA DE LA BAJA DEL REGISTRO DE ESTABLECIMIENTOS RURALES INSCRIPTOS COMO PROVEEDORES DE GANADO PARA FAENA DE EXPORTACION CON DESTINO A LA UNION EUROPEA POR PARTE DEL ESTADO NACIONAL, A TRAVES DEL SENASA.",2024-10-30T00:00:00,2024,DECLARACION,"MORCHIO, FRANCISCO",true,D,eudr_trazabilidad_forestal,pro_liberalizacion,relacionada,gold_adjudicado,si,registro SENASA export UE; orientacion = defiende acceso exportador
HCDN241505,"DECLARAR DE INTERES DE LA H. CAMARA LAS ACTIVIDADES REALIZADAS EL 12 DE JULIO DE 2020 EN EL ""MUSEO ANA FRANK"", EN EL MARCO DEL ""DIA DE LOS ADOLESCENTES Y JOVENES POR LA INCLUSION SOCIAL Y LA CONVIVENCIA, CONTRA TODA FORMA DE VIOLENCIA Y DISCRIMINACION"".",2020-06-09T00:00:00,2020,DECLARACION,"MORALES GORLERI, VICTORIA",false,ninguno,,,,gold_adjudicado,no,
HCDN116235,"CREACION EN EL AMBITO DEL CONGRESO DE LA NACION ARGENTINA, LA COMISION BICAMERAL REVISORA DE NORMATIVA AMBIENTAL PARA LA ARMONIZACION DE DIRECTRICES AMBIENTALES DEL MERCADO COMUN DEL SUR (MERCOSUR).",2010-05-11T00:00:00,2010,LEY,"MICHETTI, MARTA GABRIELA",true,C,mercosur_institucional,administrativa_neutra,relacionada,gold_adjudicado,no,armonizacion ambiental del bloque
HCDN115412,"ADHERIR AL DIA INTERNACIONAL DEL CELIACO, A CELEBRARSE EL 5 DE MAYO DE 2010.",2010-05-05T00:00:00,2010,RESOLUCION,"ALFARO, GERMAN ENRIQUE",false,ninguno,,,,gold_adjudicado,no,
HCDN118582,"DECLARAR DE INTERES DE LA H CAMARA LA DECIMA TEMPORADA DEL ""TEATRO X LA IDENTIDAD"".",2010-08-05T00:00:00,2010,RESOLUCION,"MORANTE, ANTONIO ARNALDO MARIA",false,ninguno,,,,gold_adjudicado,no,
HCDN165073,EXPRESAR PREOCUPACION POR EL INCUMPLIMIENTO DE LA CUOTA HILTON.,2014-07-04T00:00:00,2014,DECLARACION,"SCAGLIA, GISELA",true,B,comercio_ue_sectorial,pro_liberalizacion,relacionada,gold_adjudicado,no,
HCDN128198,"PEDIDO DE INFORMES AL PODER EJECUTIVO NACIONAL SOBRE DIVERSAS CUESTIONES RELACIONADAS CON LA ""CUOTA HILTON"".",2011-06-06T00:00:00,2011,RESOLUCION,"MARTINEZ, JULIO CESAR",true,B,comercio_ue_sectorial,administrativa_neutra,relacionada,gold_adjudicado,no,
HCDN184957,EXPRESAR BENEPLACITO POR EL 25° ANIVERSARIO DE LA FIRMA DEL TRATADO DE ASUNCION QUE DIO ORIGEN AL MERCADO COMUN DEL SUR - MERCOSUR -.,2016-04-22T00:00:00,2016,RESOLUCION,"NEGRI, MARIO RAUL",true,C,mercosur_simbolico,administrativa_neutra,relacionada,gold_adjudicado,si,familia aniversario
HCDN103073,PEDIDO DE INFORMES AL PODER EJECUTIVO SOBRE EL ESTADO DEL TRAMITE DE INGRESO AL MERCOSUR COMO MIEMBRO PLENO DE LA REPUBLICA BOLIVARIANA DE VENEZUELA.,2009-03-02T00:00:00,2009,RESOLUCION,"OBIGLIO, JULIAN MARTIN",true,C,mercosur_institucional,administrativa_neutra,relacionada,gold_adjudicado,no,adhesion de Venezuela
HCDN141219,"INCORPORACION AL ORDENAMIENTO JURIDICO NACIONAL DEL CODIGO ADUANERO DEL MERCOSUR, APROBADO POR EL CONSEJO DEL MERCADO COMUN, MEDIANTE LA DECISION 27/10 (CMC), DURANTE LA REUNION XXXIX, REALIZADA EL 2 DE AGOSTO DE 2010 EN LA CIUDAD DE SAN JUAN DE LA REPUBLICA ARGENTINA.",2012-08-02T00:00:00,2012,MENSAJE Y PROYECTO DE LEY,"FERNANDEZ DE KIRCHNER, CRISTINA",true,C,mercosur_institucional,administrativa_neutra,relacionada,gold_adjudicado,no,Codigo Aduanero del Mercosur (CMC)
HCDN148668,EXPRESAR PREOCUPACION POR LA CONFIRMACION DE QUE LA GENDARMERIA NACIONAL ESPIO A DIRIGENTES SOCIALES VIOLANDO LA LEY DE SEGURIDAD INTERIOR.,2013-03-07T00:00:00,2013,RESOLUCION,"BIANCHI, IVANA MARIA",false,ninguno,,,,gold_adjudicado,no,
HCDN163318,CARGAS DE EXPORTACION ORIGINADAS EN PUERTOS ARGENTINOS: APLICABILIDAD UNICAMENTE EN EL AMBITO DE LOS PUERTOS NACIONALES Y EN LOS PAISES QUE INTEGRAN EL MERCOSUR.,2014-05-15T00:00:00,2014,LEY,"HARISPE, GASTON",true,C,mercosur_institucional,proteccionista_defensiva,relacionada,gold_adjudicado,si,reserva de cargas intra-Mercosur; orientacion inferida
HCDN173621,CODIGO NACIONAL ELECTORAL (LEY 19945) Y FINANCIAMIENTO DE LOS PARTIDOS POLITICOS (LEY 26215). MODIFICACIONES SOBRE PUBLICIDAD DE LOS CANDIDATOS A CARGOS ELECTIVOS (REPRODUCCION DEL EXPEDIENTE 5603-D-13).,2015-03-27T00:00:00,2015,LEY,"BIELLA CALVET, BERNARDO JOSE",false,ninguno,,,,gold_adjudicado,no,
HCDN211982,IMPUESTO AL VALOR AGREGADO - IVA -. SE ESTABLECE SU DEVOLUCION A LOS BENEFICIARIOS DE PLANES SOCIALES O ASISTENCIALES.,2018-03-06T00:00:00,2018,LEY,"CARRIO, ELISA MARIA AVELINA",false,ninguno,,,,gold_adjudicado,no,
HCDN272142,"EXPRESAR BENEPLACITO POR LA SUSCRIPCION DEL ACUERDO ENTRE LA UNION EUROPEA (UE) Y EL MERCADO COMUN DEL SUR (MERCOSUR), QUE SE LLEVARIA A CABO EN LA 63 EDICION DE LA CUMBRE DE JEFES DE ESTADO DEL MERCOSUR, EL 7 DE DICIEMBRE DEL 2023 EN RIO DE JANEIRO, REPUBLICA FEDERATIVA DEL BRASIL.",2023-12-07T00:00:00,2023,DECLARACION,"MARTINEZ, ALVARO",true,A,acuerdo_ue_mercosur,pro_liberalizacion,explicita,gold_adjudicado,no,
HCDN118043,INCLUSION DE LA CADENA CITRICOLA TRANSFRONTERIZA ARGENTINO - URUGUAYA EN EL MARCO DEL GRUPO DE INTEGRACION PRODUCTIVA EN EL MERCOSUR.,2010-07-08T00:00:00,2010,LEY,"CHIENO, MARIA ELENA PETRONA",true,C,mercosur_institucional,administrativa_neutra,relacionada,gold_adjudicado,no,integracion productiva citricola
HCDN099003,EXPRESAR PREOCUPACION POR LA SITUACION DE CRISIS IMPERANTE EN LA REPUBLICA DE BOLIVIA.,2008-09-15T00:00:00,2008,RESOLUCION,"AZCOITI, PEDRO JOSE",false,ninguno,,,,gold_adjudicado,no,
HCDN234151,"DECLARAR DE INTERES DE LA H. CAMARA LA ""CUMBRE DE MUJERES DEL MERCOSUR"", A REALIZARSE EL 16 DE JULIO DE 2019 EN LA CIUDAD DE VERA CRUZ, PROVINCIA DE SANTA FE.",2019-07-15T00:00:00,2019,DECLARACION,"HUMMEL, ASTRID",false,ninguno,,,,gold_adjudicado,si,Cumbre de Mujeres en Vera Cruz: evento de terceros (vs REM oficial)
HCDN240130,"EXPRESAR RECHAZO POR LA DECISION UNILATERAL ADOPTADA POR EL PODER EJECUTIVO NACIONAL DE DEJAR DE PARTICIPAR EN LAS NEGOCIACIONES DE LOS ACUERDOS COMERCIALES EN CURSO Y DE LAS FUTURAS NEGOCIACIONES DEL BLOQUE DEL MERCADO COMUN DEL SUR (MERCOSUR). CONVOCAR AL MINISTRO DE RELACIONES EXTERIORES, COMERCIO INTERNACIONAL Y CULTO, FELIPE SOLA, A LAS COMISIONES DE MERCOSUR Y DE RELACIONES EXTERIORES Y CULTO DE ESTA H. CAMARA.",2020-05-06T00:00:00,2020,RESOLUCION,"IGLESIAS, FERNANDO ADOLFO",true,C,mercosur_institucional,pro_liberalizacion,relacionada,gold_adjudicado,no,rechaza retiro de negociaciones comerciales
HCDN286008,INSTITUYASE EL 9 DE SEPTIEMBRE DE CADA AÑO COMO DIA NACIONAL DEL SINDROME DE ALFI.,2025-07-07T00:00:00,2025,LEY,"RUIZ, YAMILA",false,ninguno,,,,gold_adjudicado,no,
HCDN112556,"CREACION DEL PARQUE NACIONAL DE LA MEMORIA EN LA CIUDAD CAPITAL DE LA PROVINCIA DE CORDOBA, EN EL PREDIO BAJO USO DEL TERCER CUERPO DE EJERCITO (REPRODUCCION DEL EXPEDIENTE 4289-D-08).",2010-03-04T00:00:00,2010,LEY,"MERCHAN, PAULA CECILIA",false,ninguno,,,,gold_adjudicado,no,
HCDN200178,"RECORDAR Y CONDENAR EL GOLPE MILITAR OCURRIDO EL 28 DE JUNIO DE 1966, QUE DESTITUYO AL GOBIERNO CONSTITUCIONAL DEL DOCTOR ARTURO ILLIA.",2017-06-05T00:00:00,2017,DECLARACION,"ALFONSIN, RICARDO LUIS",false,ninguno,,,,gold_adjudicado,no,
HCDN100321,SOLICITAR AL PODER EJECUTIVO NACIONAL DISPONGA LAS MEDIDAS NECESARIAS PARA QUE LOS PASOS FRONTERIZOS ACTUEN EN FORMA INTEGRADA CON LOS DE OTROS PAISES DEL MERCOSUR Y ASOCIADOS.,2008-10-20T00:00:00,2008,RESOLUCION,"OBIGLIO, JULIAN MARTIN",true,C,mercosur_institucional,administrativa_neutra,relacionada,gold_adjudicado,no,integracion fronteriza
HCDN275239,EXPRESAR SOLIDARIDAD CON EL PUEBLO DE LA REPUBLICA FEDERATIVA DEL BRASIL POR LAS INUNDACIONES DEL ESTADO DE RIO GRANDE DO SUL.,2024-05-13T00:00:00,2024,RESOLUCION,"CHICA, JORGE",false,ninguno,,,,gold_adjudicado,no,
HCDN135883,"EXPRESAR BENEPLACITO POR EL MANIFIESTO INTERES DE LOS GOBIERNOS NACIONALES DEL MERCOSUR DE RATIFICAR EL ACUERDO MARCO DE COMERCIO Y COOPERACION ECONOMICA ENTRE MERCOSUR Y LA ORGANIZACION PARA LA LIBERACION DE PALESTINA, SUSCRIPTO DURANTE LA CUMBRE DE PRESIDENTES DEL MERCOSUR EN LA CIUDAD DE MONTEVIDEO, REPUBLICA ORIENTAL DEL URUGUAY, EL 20 DE DICIEMBRE DE 2011.",2012-04-19T00:00:00,2012,RESOLUCION,"CHIENO, MARIA ELENA PETRONA",true,C,mercosur_institucional,pro_liberalizacion,relacionada,gold_adjudicado,no,acuerdo comercial Mercosur-OLP
HCDN279193,EXPRESAR BENEPLACITO POR EL PROGRAMA DE CREDITOS DE CARBONO Y SU IMPLEMENTACION BAJO EL ESQUEMA REDD+ (REDUCCION DE EMISIONES DERIVADAS DE LA DEFORESTACION Y LA DEGRADACION DE LOS BOSQUES) EN LA PROVINCIA DE MISIONES.,2024-10-25T00:00:00,2024,DECLARACION,"RUIZ, YAMILA",true,D,eudr_trazabilidad_forestal,administrativa_neutra,relacionada,gold_adjudicado,si,REDD+ caso limite del codebook
HCDN160768,"DECLARAR DE INTERES DE LA HONORABLE CAMARA DE DIPUTADOS DE LA NACION EL ""DIA DEL MERCOSUR"", A CELEBRARSE EL DIA 26 DE MARZO DE 2014.",2014-03-26T00:00:00,2014,RESOLUCION,"GRANADOS, DULCE",true,C,mercosur_simbolico,administrativa_neutra,relacionada,gold_adjudicado,si,familia Dia del Mercosur
HCDN247912,"PEDIDO DE INFORMES AL PODER EJECUTIVO SOBRE DIVERSAS CUESTIONES RELACIONADAS CON LAS ACCIONES QUE SE LLEVARAN A CABO ATENTO LOS CAMBIOS SUSTANCIALES QUE ESTAN EXPERIMENTANDO LOS HABITANTES DE LAS ISLAS MALVINAS, ISLAS GEORGIAS DEL SUR Y SANDWICH DEL SUR, A CAUSA DE LA SALIDA DEL REINO UNIDO DE LA UNION EUROPEA.",2021-03-08T00:00:00,2021,RESOLUCION,"ASSEFF, ALBERTO",false,ninguno,,,,gold_adjudicado,no,Brexit-Malvinas: politica exterior
HCDN239935,"PEDIDO DE INFORMES VERBALES AL MINISTRO DE RELACIONES EXTERIORES, COMERCIO INTERNACIONAL Y CULTO, FELIPE SOLA, SOBRE EL COMUNICADO EMITIDO POR LA PRESIDENCIA PRO TEMPORE DEL MERCOSUR QUE DA CUENTA DE LA DECISION DE LA REPUBLICA ARGENTINA DE DEJAR DE PARTICIPAR EN LAS NEGOCIACIONES DE LOS ACUERDOS COMERCIALES EN CURSO Y DE LAS FUTURAS NEGOCIACIONES DEL BLOQUE, EN EL MARCO DE LA PANDEMIA POR EL COVID-19.",2020-04-29T00:00:00,2020,RESOLUCION,"ASSEFF, ALBERTO",true,C,mercosur_institucional,administrativa_neutra,relacionada,gold_adjudicado,no,
HCDN212787,CREDITO Y REFINANCIAMIENTO DE DEUDAS PARA LA REACTIVACION DEL SECTOR AGROPECUARIO.,2018-03-16T00:00:00,2018,LEY,"OLMEDO, ALFREDO HORACIO",false,ninguno,,,,gold_adjudicado,no,
HCDN179759,"DECLARAR DE INTERES DE LA H. CAMARA EL LANZAMIENTO OFICIAL DE LA ""26° FIESTA NACIONAL Y 12° FIESTA DEL CHAMAME DEL MERCOSUR"", A REALIZARSE EL 13 DE SEPTIEMBRE DE 2015, EN LA CIUDAD AUTONOMA DE BUENOS AIRES.",2015-09-09T00:00:00,2015,RESOLUCION,"PORTELA, AGUSTIN ALBERTO",false,ninguno,,,,gold_adjudicado,no,
HCDN118755,"DECLARAR DE INTERES DE H. CAMARA LA CREACION DEL INSTITUTO DE POLITICAS PUBLICAS EN DERECHOS HUMANOS DEL MERCOSUR, QUE SERA INSTALADO EN LA EX ESMA.",2010-08-06T00:00:00,2010,RESOLUCION,"FERRA DE BARTOL, MARGARITA",true,C,mercosur_institucional,administrativa_neutra,relacionada,gold_adjudicado,si,IPPDH organo del bloque; contenido DDHH
HCDN230709,"ELECCION DE PARLAMENTARIOS DEL MERCOSUR - LEY 27120 -. MODIFICACION DEL ARTICULO 16, SOBRE REMUNERACIONES (REPRODUCCION DEL EXPEDIENTE 1349-D-17).",2019-04-03T00:00:00,2019,LEY,"CARRIZO, ANA CARLA",true,C,mercosur_institucional,administrativa_neutra,relacionada,gold_adjudicado,no,
HCDN120895,ELECCION DE PARLAMENTARIOS DEL MERCOSUR. MODIFICACION DE LA LEY 19945 (CODIGO ELECTORAL NACIONAL).,2010-11-03T00:00:00,2010,LEY,"MERLO, MARIO RAUL",true,C,mercosur_institucional,administrativa_neutra,relacionada,gold_adjudicado,no,
HCDN116668,"EXPRESAR PREOCUPACION POR LOS INCUMPLIMIENTOS REITERADOS DE LA ""AUTORIDAD CUENCA MATANZA RIACHUELO - ACUMAR -"", DE LOS GOBIERNOS: NACIONAL, DE LA PROVINCIA DE BUENOS AIRES Y DE LA CIUDAD AUTONOMA DE BUENOS AIRES; NO RESPONDIENDO LOS INFORMES QUE REQUIRIO LA CORTE SUPREMA DE JUSTICIA DE LA NACION EN EL MARCO DE LA CAUSA ""MENDOZA"".",2010-06-02T00:00:00,2010,DECLARACION,"GIUDICI, SILVANA MYRIAM",false,ninguno,,,,gold_adjudicado,no,
HCDN278623,PEDIDO DE INFORMES AL PODER EJECUTIVO SOBRE LAS ACCIONES QUE ESTA IMPLEMENTANDO EL GOBIERNO NACIONAL EN POS DEL CUMPLIMIENTO DEL REGLAMENTO RELATIVO A LA COMERCIALIZACION Y EXPORTACION DE PRODUCTOS ASOCIADOS A LA DEFORESTACION Y LA DEGRADACION FORESTAL EN EL MERCADO DE LA UNION EUROPEA.,2024-10-03T00:00:00,2024,RESOLUCION,"BALLEJOS, NANCY",true,D,eudr_trazabilidad_forestal,administrativa_neutra,explicita,gold_adjudicado,no,EUDR explicito
HCDN204712,"PEDIDO DE INFORMES AL PODER EJECUTIVO SOBRE LOS ACUERDOS COMERCIALES FIRMADOS CON LOS ESTADOS UNIDOS DE AMERICA RELACIONADOS CON LA IMPORTACION DE CARNE DE CERDO, Y OTRAS CUESTIONES CONEXAS.",2017-08-24T00:00:00,2017,RESOLUCION,"CICILIANI, ALICIA MABEL",false,ninguno,,,,gold_adjudicado,no,contraparte EEUU
HCDN178970,"EXPRESAR PREOCUPACION POR LA PROPUESTA DEL SEÑOR PRESIDENTE DEL SENADO FEDERAL DE LA REPUBLICA FEDERATIVA DEL BRASIL, RENAN CALHEIROS, INSTANDO A PONER FIN A LA UNION ADUANERA DEL MERCOSUR, Y OTRAS CUESTIONES CONEXAS.",2015-08-18T00:00:00,2015,RESOLUCION,"ASSEFF, ALBERTO",true,C,mercosur_institucional,administrativa_neutra,relacionada,gold_adjudicado,no,fin de la union aduanera
HCDN286280,DEROGUESE EL DECRETO N° 462/2025 DEL PODER EJECUTIVO NACIONAL.,2025-07-17T00:00:00,2025,LEY,"CARIGNANO, FLORENCIA",false,ninguno,,,,gold_adjudicado,no,titulo insuficiente
HCDN139913,SOLICITAR AL PODER EJECUTIVO DISPONGA ABSTENERSE DE VULNERAR TRATADOS VIGENTES DEL MERCOSUR.,2012-07-31T00:00:00,2012,DECLARACION,"PINEDO, FEDERICO",true,C,mercosur_institucional,administrativa_neutra,relacionada,gold_adjudicado,si,vulneracion de tratados del bloque; orientacion indeterminable
HCDN243812,REGULACION DE LOS SERVICIOS DIGITALES DE INTERMEDIACION EN LINEA PARA LA DEFENSA DE LA COMPETENCIA Y LOS CONSUMIDORES.,2020-08-25T00:00:00,2020,LEY,"RAMON, JOSE LUIS",false,ninguno,,,,gold_adjudicado,no,
HCDN164745,CODIGO ELECTORAL NACIONAL - LEY 19945 - MODIFICACIONES SOBRE ELECCIONES DE REPRESENTANTES AL PARLAMENTO DEL MERCOSUR.,2014-06-24T00:00:00,2014,LEY,"EHCOSOR, MARIA AZUCENA",true,C,mercosur_institucional,administrativa_neutra,relacionada,gold_adjudicado,no,
HCDN115917,SOLICITAR AL PODER EJECUTIVO DISPONGA LA PROMOCION DE PROGRAMAS REGIONALES DE CULTIVOS ENERGETICOS ALTERNATIVOS DESTINADOS A LA PRODUCCION DE BIOCOMBUSTIBLES.,2010-05-14T00:00:00,2010,DECLARACION,"VILARIÑO, JOSE ANTONIO",false,ninguno,,,,gold_adjudicado,no,
HCDN248077,"EXPRESAR REPUDIO POR EL COMUNICADO DEL PARTIDO JUSTICIALISTA DE CLORINDA, PROVINCIA DE FORMOSA, EN TERMINOS AGRAVIANTES Y ANTISEMITAS CONTRA EL DIPUTADO NACIONAL WALDO WOLFF.",2021-03-10T00:00:00,2021,DECLARACION,"IGLESIAS, FERNANDO ADOLFO",false,ninguno,,,,gold_adjudicado,no,
HCDN141855,"EXPRESAR PESAR POR EL FALLECIMIENTO DE LA BAILARINA Y COREOGRAFA OLGA FERRI, OCURRIDO EL DIA 17 DE SEPTIEMBRE DE 2012.",2012-09-18T00:00:00,2012,DECLARACION,"GUZMAN, OLGA ELIZABETH",false,ninguno,,,,gold_adjudicado,no,
HCDN161347,MATRICULADOS EN CIENCIAS ECONOMICAS EN MATERIA JUDICIAL Y ADMINISTRATIVA: REGULACION DE LA ACTIVIDAD PROFESIONAL Y REGIMEN ARANCELARIO; CREACION DEL REGISTRO DE ASIGNACION DE PROFESIONALES EN CIENCIAS ECONOMICAS (REPRODUCCION DEL EXPEDIENTE 5273-D-11).,2014-04-07T00:00:00,2014,LEY,"DIAZ ROIG, JUAN CARLOS",false,ninguno,,,,gold_adjudicado,no,
HCDN110216,"EXPRESAR BENEPLACITO POR LA APROBACION EN EL PARLAMENTO LATINOAMERICANO DE LA PROPUESTA DE CREACION DE UNA AGENCIA AMBIENTAL DEL ""MERCOSUR"".",2009-11-06T00:00:00,2009,DECLARACION,"IGLESIAS, FERNANDO ADOLFO",true,C,mercosur_institucional,administrativa_neutra,relacionada,gold_adjudicado,si,agencia ambiental del bloque
HCDN244584,OBSERVATORIO LEGISLATIVO ANTICORRUPCION. CREACION EN EL AMBITO DE LA H. CAMARA DE DIPUTADOS DE LA NACION.,2020-09-21T00:00:00,2020,RESOLUCION,"CAMAÑO, GRACIELA",false,ninguno,,,,gold_adjudicado,no,
HCDN109227,"SOLICITAR AL PODER EJECUTIVO DISPONGA LAS MEDIDAS NECESARIAS PARA PROPONERLE A LOS ESTADOS - PARTE DEL MERCOSUR UNA DEFINICION MAS PRECISA Y COMPLETA DE LOS ALCANCES DE LA ""CLAUSULA DEMOCRATICA DEL MERCOSUR"" ACORDADA EL DIA 24 DE JULIO DE 1998 EN EL PROTOCOLO DE USHUAIA.",2009-10-02T00:00:00,2009,RESOLUCION,"IGLESIAS, FERNANDO ADOLFO",true,C,mercosur_institucional,administrativa_neutra,relacionada,gold_adjudicado,no,clausula democratica / Ushuaia
HCDN273565,"LUCHA CONTRA EL ALCOHOLISMO - LEY 24788 -. MODIFICACION, SOBRE PUBLICIDAD, DIFUSION Y PROMOCION DEL CONSUMO DE BEBIDAS ALCOHOLICAS. MODIFICACION DE LA LEY 26870.",2024-03-14T00:00:00,2024,LEY,"FRADE, MONICA",false,ninguno,,,,gold_adjudicado,no,
HCDN135802,"EXPRESAR REPUDIO POR LAS DECLARACIONES DEL SEÑOR MINISTRO DE INDUSTRIA JOSE SORIA Y DEL SEÑOR IÑIGO MENDEZ DE VIGO, SECRETARIO PARA LA UNION EUROPEA, AMBOS DEL REINO DE ESPAÑA, VINCULADAS AL EJERCICIO DE LA SOBERANIA DEL ESTADO NACIONAL ARGENTINO SOBRE LAS EMPRESAS RADICADAS EN NUESTRO PAIS Y FUNDAMENTALMENTE A LOS RECURSOS PRETROLEROS ARGENTINOS.",2012-04-17T00:00:00,2012,RESOLUCION,"BARRANDEGUY, RAUL ENRIQUE",true,B,comercio_ue_sectorial,proteccionista_defensiva,relacionada,gold_adjudicado,si,disputa YPF-Repsol con Espana/UE; frontera inversion-comercio
HCDN163289,EXPRESAR PREOCUPACION POR EL INMINENTE INCUMPLIMIENTO DE LA TOTALIDAD DEL CUPO OTORGADO A NUESTRO PAIS BAJO EL REGIMEN DE CUOTA HILTON CORRESPONDIENTE AL PERIODO 2013- 2014.,2014-05-15T00:00:00,2014,RESOLUCION,"CASAÑAS, JUAN FRANCISCO",true,B,comercio_ue_sectorial,pro_liberalizacion,relacionada,gold_adjudicado,no,
HCDN113433,"COMUNICACION DEL DECRETO 311/2010 DICTADO EN USO DE FACULTADES DELEGADAS POR EL CUAL SE ESTABLECE UNA REDUCCION DEL DERECHO DE IMPORTACION EXTRAZONA (DIE) AL DOS POR CIENTO (2%) PARA VEHICULOS PROVENIENTES DE PAISES QUE INTEGRAN EL MERCOSUR, CON PROPULSION A: MOTOR ELECTRICO Y ALTERNATIVO, MOTOR ELECTRICO EXCLUSIVAMENTE U OTRO TIPO DE ENERGIAS ALTERNATIVAS.",2010-03-16T00:00:00,2010,MENSAJE,"FERNANDEZ, ANIBAL DOMINGO",true,C,mercosur_institucional,administrativa_neutra,relacionada,gold_adjudicado,si,DIE instrumento arancelario del bloque
HCDN193318,"ESTABLECESE UN REINTEGRO ADICIONAL DEL 5% A LA ""EXPORTACION EXTRAZONA - RE -"", ASIGNADO A LAS POSICIONES ARANCELARIAS DE LA ""NOMENCLATURA COMUN DEL MERCOSUR - NCM -"", CORRESPONDIENTE A LA DOLOMITA CRUDA Y CALCINADA.",2016-11-25T00:00:00,2016,LEY,"CASELLES, GRACIELA MARIA",false,ninguno,,,,gold_adjudicado,no,NCM dolomita
HCDN268996,INCORPORAR COMO PRESTACION OBLIGATORIA LA COBERTURA INTEGRAL DEL LINFEDEMA COMO ENFERMEDAD EN EL PROGRAMA MEDICO OBLIGATORIO (PMO). INSTITUIR EL 6 DE MARZO DE CADA AÑO COMO DIA NACIONAL DEL LINFEDEMA.,2023-06-01T00:00:00,2023,LEY,"MANZI, RUBEN",false,ninguno,,,,gold_adjudicado,no,
HCDN120696,SISTEMA INTEGRADO DE ESTADISTICAS SOCIODEMOGRAFICAS Y EDUCATIVAS - SIESE -. CREACION,2010-10-22T00:00:00,2010,LEY,"ARGUMEDO, ALCIRA SUSANA",false,ninguno,,,,gold_adjudicado,no,
HCDN288510,ESTABLEZCASE UNA CAMPAÑA NACIONAL PARA PROMOVER EL USO RESPONSABLE DE MEDICAMENTOS Y PREVENIR LA AUTOMEDICACION.,2025-11-13T00:00:00,2025,LEY,"CALLETTI, PAMELA",false,ninguno,,,,gold_adjudicado,no,
HCDN243038,SOLICITAR AL PODER EJECUTIVO DISPONGA INCLUIR EN EL PRESUPUESTO NACIONAL DEL AÑO 2021 LAS PARTIDAS DINERARIAS NECESARIAS Y SUFICIENTES PARA CONCLUIR LA TOTALIDAD DE LA OBRA DEL BELGRANO CARGAS EN TODA SU EXTENSION.,2020-07-29T00:00:00,2020,DECLARACION,"CORNEJO, VIRGINIA",false,ninguno,,,,gold_adjudicado,no,
HCDN259104,"PEDIDO DE INFORMES AL PODER EJECUTIVO SOBRE DIVERSAS CUESTIONES RELACIONADAS CON LA REUBICACION DE ASENTAMIENTOS PRECARIOS SITOS EN LA CUENCA MATANZA RIACHUELO HASTA EL MES DE MAYO DE 2022, Y OTRAS CUESTIONES CONEXAS.",2022-05-31T00:00:00,2022,RESOLUCION,"SALVADOR, SEBASTIAN NICOLAS",false,ninguno,,,,gold_adjudicado,no,
HCDN287673,PROCEDIMIENTO SUMARISIMO DE RESTITUCION DE LA PROPIEDAD PRIVADA. REGIMEN.,2025-09-24T00:00:00,2025,LEY,"MILMAN, GERARDO",false,ninguno,,,,gold_adjudicado,no,
HCDN248436,"RUINAS DEL ANTIGUO CASCO DE ESTANCIA DE LOS MONTAÑO EN COLANGÜIL, PROVINCIA DE SAN JUAN. SE LAS DECLARA MONUMENTO HISTORICO NACIONAL.",2021-03-15T00:00:00,2021,LEY,"GIOJA, JOSE LUIS",false,ninguno,,,,gold_adjudicado,no,
HCDN172021,"SOLICITAR AL PODER EJECUTIVO DISPONGA LAS MEDIDAS NECESARIAS PARA PROMOVER LA SUSPENSION DE LA REPUBLICA BOLIVARIANA DE VENEZUELA, DEL BLOQUE QUE CONFORMAN EL MERCOSUR.",2015-02-20T00:00:00,2015,RESOLUCION,"GRIBAUDO, CHRISTIAN ALEJANDRO",true,C,mercosur_institucional,administrativa_neutra,relacionada,gold_adjudicado,no,suspension de Venezuela
HCDN256120,"DECLARAR DE INTERES DE LA H. CAMARA EL 30 ANIVERSARIO DE LA FIRMA DEL TRATADO DE ASUNCION Y CONSTITUCION DEL MERCADO COMUN DEL SUR ( MERCOSUR ) ENTRE ARGENTINA, BRASIL, URUGUAY Y PARAGUAY, QUE SE CUMPLIRA EL 26 DE MARZO DE 2021 Y OTRAS CUESTIONES CONEXAS.",2022-03-07T00:00:00,2022,RESOLUCION,"GINOCCHIO, SILVANA MICAELA",true,C,mercosur_simbolico,administrativa_neutra,relacionada,gold_adjudicado,si,familia aniversario
HCDN098216,"PEDIDO DE INFORMES AL PODER EJECUTIVO SOBRE EL ESTADO DE TRANSITABILIDAD DE LAS VIAS FERREAS DEL TRAMO CHILLAR - MARIA IGNACIA - VELA, PROVINCIA DE BUENOS AIRES.",2008-08-29T00:00:00,2008,RESOLUCION,"ALCUAZ, HORACIO ALBERTO",false,ninguno,,,,gold_adjudicado,no,
HCDN248035,BIOCOMBUSTIBLES - LEY 26093 -. SE PRORROGA SU VIGENCIA HASTA EL 31 DE DICIEMBRE DE 2022.,2021-03-10T00:00:00,2021,LEY,"GUTIERREZ, CARLOS MARIO",false,ninguno,,,,gold_adjudicado,no,biocombustibles domestico
HCDN235630,ADOPCION DEL SIMBOLO INTERNACIONAL DE ACCESIBILIDAD UNIVERSAL.,2019-09-19T00:00:00,2019,LEY,"MASIN, MARIA LUCILA",false,ninguno,,,,gold_adjudicado,no,
HCDN159723,EXPRESAR BENEPLACITO POR EL ACUERDO FIRMADO POR EL GOBIERNO ARGENTINO CON LA EMPRESA REPSOL.,2014-03-06T00:00:00,2014,RESOLUCION,"DONKIN, CARLOS GUILLERMO",false,ninguno,,,,gold_adjudicado,no,acuerdo con empresa privada
HCDN131080,"DECLARAR DE INTERES DE LA HONORABLE CAMARA DE DIPUTADOS DE LA NACION EL PRIMER PROYECTO BINACIONAL DE REDUCCION DE LA DEFORESTACION Y DEGRADACION DE BOSQUES NATIVOS EN LA ARGENTINA Y CHILE, DENOMINADO PROYECTO NATIVO.",2011-09-08T00:00:00,2011,RESOLUCION,"VILARIÑO, JOSE ANTONIO",false,ninguno,,,,gold_adjudicado,si,proyecto binacional deforestacion; conservacion sin cadena productiva
HCDN101234,"EXPRESAR BENEPLACITO POR LA INAUGURACION DE LAS ESCUELAS AGROTECNICAS ""CORNELIO SAAVEDRA"" Y ""PROVINCIA DE SANTA CRUZ"" EL DIA 24 DE NOVIEMBRE DE 2008 EN EL MARCO DEL 255 ANIVERSARIO DE LA CIUDAD DE RODEO, PROVINCIA DE SAN JUAN.",2008-12-03T00:00:00,2008,RESOLUCION,"CASELLES, GRACIELA MARIA",false,ninguno,,,,gold_adjudicado,no,
HCDN170519,"SOLICITAR AL PODER EJECUTIVO DISPONGA LAS MEDIDAS NECESARIAS PARA QUE CONFORME A LO DISPUESTO POR EL PROTOCOLO CONSTITUTIVO DEL PARLAMENTO DEL MERCOSUR, SEA FIJADO EL ""DIA DEL MERCOSUR CIUDADANO"".",2014-12-03T00:00:00,2014,RESOLUCION,"NEGRI, MARIO RAUL",true,C,mercosur_institucional,administrativa_neutra,relacionada,gold_adjudicado,no,Dia del Mercosur Ciudadano (Parlasur)
HCDN165580,"EXPRESAR BENEPLACITO POR LA OBRA QUE REALIZA LA ""FUNDACION RECIDUCA"" EN LA INCLUSION DE LOS JOVENES.",2014-07-17T00:00:00,2014,DECLARACION,"MESTRE, DIEGO MATIAS",false,ninguno,,,,gold_adjudicado,no,
HCDN273216,"EXPRESAR BENEPLACITO POR LA SELECCION DE LOS PERROS DE KILLARI COMO GANADOR DEL PROYECTO AUDIOVISUAL REALIZADO EN LA LOCALIDAD DE VILLAVIL, BELEN, CATAMARCA.",2024-03-11T00:00:00,2024,RESOLUCION,"GINOCCHIO, SILVANA MICAELA",false,ninguno,,,,gold_adjudicado,no,
HCDN198423,CREACION DEL SISTEMA DE TRAZABILIDAD DE LA FRUTA FRESCA DE PEPITA Y CAROZO,2017-05-15T00:00:00,2017,LEY,"SORIA, MARIA EMILIA",true,D,eudr_trazabilidad_forestal,administrativa_neutra,relacionada,gold_adjudicado,no,trazabilidad de fruta
HCDN124398,"REGIMEN PENAL TRIBUTARIO, LEY 24769 Y MODIFICATORIAS: DEROGACION DEL ARTICULO 16, SOBRE EXTINCION DE LA ACCION PENAL (REPRODUCCION DEL EXPEDIENTE 0182-D-09).",2011-03-01T00:00:00,2011,LEY,"COMELLI, ALICIA MARCELA",false,ninguno,,,,gold_adjudicado,no,
HCDN117904,"EXPRESAR REPUDIO POR LAS DECLARACIONES DEL GENOCIDA JORGE RAFAEL VIDELA, VERTIDAS EN EL MARCO DEL JUICIO POR LOS DELITOS DE LA ULTIMA DICTADURA QUE SE LLEVA A CABO EN LA CIUDAD DE CORDOBA.",2010-07-07T00:00:00,2010,RESOLUCION,"GULLO, JUAN CARLOS DANTE",false,ninguno,,,,gold_adjudicado,no,
HCDN180647,"ELECCION DE PARLAMENTARIOS DEL MERCOSUR - LEY 27120: MODIFICACION DEL ARTICULO 16, SOBRE INMUNIDADES PARLAMENTARIAS, LABORALES, PREVISIONALES Y PROTOCOLARES.",2015-10-08T00:00:00,2015,LEY,"CARRIZO, ANA CARLA",true,C,mercosur_institucional,administrativa_neutra,relacionada,gold_adjudicado,no,
HCDN258590,"APROBACION DEL ACUERDO PARA LA PROTECCION MUTUA DE LAS INDICACIONES GEOGRAFICAS ORIGINARIAS EN LOS TERRITORIOS DE LOS ESTADOS PARTE DEL MERCOSUR, SUSCRIPTO EN LA CIUDAD DE BENTO GONÇALVES - REPUBLICA FEDERATIVA DEL BRASIL EL 5 DE DICIEMBRE DE 2019.",2022-05-05T00:00:00,2022,MENSAJE Y PROYECTO DE LEY,"FERNANDEZ, ALBERTO",true,C,mercosur_institucional,administrativa_neutra,relacionada,gold_adjudicado,no,indicaciones geograficas del bloque
HCDN138017,PEDIDO DE INFORMES AL PODER EJECUTIVO SOBRE DIVERSAS CUESTIONES RELACIONADAS CON LA RESPUESTA A LA DEMANDA DE LA UNION EUROPEA POR LA RESTRICCION A LAS IMPORTACIONES IMPUESTAS POR LA REPUBLICA ARGENTINA.,2012-06-11T00:00:00,2012,RESOLUCION,"ATANASOF, ALFREDO NESTOR",true,B,comercio_ue_sectorial,administrativa_neutra,relacionada,gold_adjudicado,si,disputa UE-Argentina general no sectorial
HCDN212433,PEDIDO DE INFORMES AL PODER EJECUTIVO SOBRE DIVERSAS CUESTIONES RELACIONADAS CON LA SUSPENSION DE LA REPUBLICA BOLIVARIANA DE VENEZUELA DEL MERCOSUR (REPRODUCCION DEL EXPEDIENTE 4308-D-17).,2018-03-09T00:00:00,2018,RESOLUCION,"CARMONA, GUILLERMO RAMON",true,C,mercosur_institucional,administrativa_neutra,relacionada,gold_adjudicado,no,
HCDN252245,"EXPRESAR PREOCUPACION POR LAS DECLARACIONES DEL GOBIERNO URUGUAYO EN LA REUNION DE CANCILLERES DEL MERCOSUR, SOBRE LA INTENCION DE REALIZAR NEGOCIACIONES COMERCIALES UNILATERALES.",2021-07-16T00:00:00,2021,DECLARACION,"BRITEZ, MARIA CRISTINA",true,C,mercosur_institucional,administrativa_neutra,relacionada,gold_adjudicado,si,disciplina negociadora del bloque; valencia ambigua
HCDN165669,PEDIDO DE INFORMES AL PODER EJECUTIVO SOBRE DIVERSAS CUESTIONES RELACIONADAS CON LA SITUACION DE ESTANCAMIENTO DEL MERCOSUR Y LA POSIBLE ELECCION DEL EX PRESIDENTE COLOMBIANO ERNESTO SAMPER COMO SECRETARIO GENERAL DE UNASUR.,2014-07-21T00:00:00,2014,RESOLUCION,"ASSEFF, ALBERTO",true,C,mercosur_institucional,administrativa_neutra,relacionada,gold_adjudicado,no,
HCDN278885,"PROVINCIALIZACION DE TIERRA DEL FUEGO, ANTARTIDA E ISLAS DEL ATLANTICO SUR - LEY 26552-. MODIFICACIONES SOBRE LIMITES GEOGRAFICOS Y MARITIMOS. MODIFICACION DE LA LEY 23775.",2024-10-14T00:00:00,2024,LEY,"ARAUJO HERNANDEZ, JORGE NERI",false,ninguno,,,,gold_adjudicado,no,
HCDN197648,"SOLICITAR AL PODER EJECUTIVO DISPONGA REMITIR EL LISTADO DE NEGOCIACIONES ENTRE LA ""UNION EUROPEA"" Y EL ""MERCOSUR"", EN OPORTUNIDAD DEL INTERCAMBIO DE OFERTAS CELEBRADO EN BRUSELAS, EL 11 DE MAYO DE 2016.",2017-04-26T00:00:00,2017,DECLARACION,"DE MENDIGUREN, JOSE IGNACIO",true,A,acuerdo_ue_mercosur,administrativa_neutra,explicita,gold_adjudicado,no,
HCDN268328,EXPRESAR QUE LA LIBERTAD DE EXPRESION Y DE PRENSA SON VALORES FUNDAMENTALES PARA LA VIDA EN DEMOCRACIA Y SOLIDARIDAD CON LA PERIODISTA MARCELA PAGANO CENSURADA EN SU LABOR POR PARTE DEL GRUPO AMERICA.,2023-05-04T00:00:00,2023,DECLARACION,"AJMECHET, SABRINA",false,ninguno,,,,gold_adjudicado,no,
HCDN218021,"EXPRESAR PREOCUPACION POR EL ESTADO DE LA ATENCION PRIMARIA DE LA SALUD, LA PREVENCION Y CONTROL DE TODAS LAS FORMAS DE TRANSMISION DE LA ENFERMEDAD DE CHAGAS EN LA REPUBLICA ARGENTINA.",2018-06-08T00:00:00,2018,DECLARACION,"CAMAÑO, GRACIELA",false,ninguno,,,,gold_adjudicado,no,
HCDN258652,"PEDIDO DE INFORMES AL PODER EJECUTIVO SOBRE LAS MEDIDAS DE ALERTA Y PREVENCION RESPECTO A LA ENFERMEDAD DE CHAGAS Y SU CONTAGIO EL MONTO ASIGNADO PARA CADA PROVINCIA A LOS EFECTOS DE LA PREVENCION, CONCIENTIZACION Y TRATAMIENTO.",2022-05-13T00:00:00,2022,RESOLUCION,"CORNEJO, VIRGINIA",false,ninguno,,,,gold_adjudicado,no,
HCDN211870,"EJERCICIO DE LA PROFESION DE CIENCIAS ECONOMICAS - LEY 20488 -. MODIFICACION DE LOS ARTICULOS 8° Y 19 E INCORPORACION DEL ARTICULO 18 BIS, SOBRE INSCRIPCION DE LA MATRICULA Y MULTAS.",2018-03-05T00:00:00,2018,LEY,"BIANCHI, IVANA MARIA",false,ninguno,,,,gold_adjudicado,no,
HCDN251418,CREASE EL PROGRAMA DE ESCUELAS DE OFICIOS.,2021-06-18T00:00:00,2021,LEY,"CRESTO, MAYDA",false,ninguno,,,,gold_adjudicado,no,
HCDN163265,"SOLICITAR AL PODER EJECUTIVO NACIONAL DISPONGA LAS MEDIDAS NECESARIAS PARA LA DIFUSION DE CAMPAÑAS DE CONCIENTIZACION Y SENSIBILIZACION PARA PREVENIR Y ERRADICAR EL ACOSO CALLEJERO, DURANTE LA TRANSMISION DE LOS PROGRAMAS ""FUTBOL PARA TODOS, AUTOMOVILISMO PARA TODOS Y DEPORTE PARA TODOS"", CON MOTIVO DE CONMEMORARSE LA SEMANA INTERNACIONAL CONTRA EL ACOSO CALLEJERO.",2014-05-15T00:00:00,2014,DECLARACION,"RUIZ, AIDA DELIA",false,ninguno,,,,gold_adjudicado,no,
HCDN252195,"COMUNICACION DEL DICTADO DEL DECRETO DE FACULTADES DELEGADAS N° 456 DEL 12 DE JULIO DE 2021, POR EL CUAL SE EXTIENDE LA VIGENCIA DEL REGIMEN DE PROMOCION PARA LA PRODUCCION Y USO SUSTENTABLE DE BIOCOMBUSTIBLES ESTABLECIDO POR LA LEY26093, HASTA EL 27 DE AGOSTO DE 2021 O HASTA QUE ENTRE EN VIGENCIA UN NUEVO ""MARCO REGULATORIO DE BIOCOMBUSTIBLES"".",2021-07-15T00:00:00,2021,MENSAJE,"CAFIERO, SANTIAGO ANDRES",false,ninguno,,,,gold_adjudicado,no,biocombustibles domestico
HCDN234074,PEDIDO DE INFORMES AL PODER EJECUTIVO SOBRE DIVERSAS CUESTIONES RELACIONADAS CON EL ACUERDO DE LIBRE COMERCIO ENTRE EL MERCOSUR Y LOS ESTADOS UNIDOS DE NORTEAMERICA.,2019-07-05T00:00:00,2019,RESOLUCION,"MERCADO, VERONICA",true,C,mercosur_institucional,administrativa_neutra,relacionada,gold_adjudicado,no,TLC Mercosur-EEUU negociacion externa del bloque
HCDN126291,"EXPRESAR BENEPLACITO POR LA FIRMA DE UN CONVENIO DE COOPERACION INSTITUCIONAL ENTRE EL MINISTERIO DE RELACIONES EXTERIORES, COMERCIO INTERNACIONAL Y CULTO Y LA FUNDACION MADRES DE PLAZA DE MAYO, SOBRE IMPLEMENTACION DEL PROGRAMA MISION SUEÑOS COMPARTIDOS.",2011-04-06T00:00:00,2011,RESOLUCION,"MORANTE, ANTONIO ARNALDO MARIA",false,ninguno,,,,gold_adjudicado,no,
HCDN218449,"PEDIDO DE INFORMES AL PODER EJECUTIVO SOBRE LA PRESENTACION DEL CONSORCIO VIAL AGRO - TIISA, EN LICITACIONES PARA REHABILITAR O REPARAR TRAMOS DEL FERROCARRIL BELGRANO, Y OTRAS CUESTIONES CONEXAS.",2018-06-26T00:00:00,2018,RESOLUCION,"MOYANO, JUAN FACUNDO",false,ninguno,,,,gold_adjudicado,no,
HCDN162482,"CODIGO ELECTORAL NACIONAL - LEY 19945 Y MODIFICATORIAS: MODIFICACIONES, SOBRE ELECCION DE PARLAMENTARIOS DEL MERCOSUR.",2014-04-29T00:00:00,2014,LEY,"PEREZ, ADRIAN",true,C,mercosur_institucional,administrativa_neutra,relacionada,gold_adjudicado,no,
HCDN251306,PEDIDO DE INFORMES AL PODER EJECUTIVO SOBRE LA COMPRA DE CARNE Y PESCADO PARA CONSUMO DE FUNCIONARIOS NACIONALES Y EMPLEADOS DE PLANTA QUE TRABAJAN DE MANERA PRESENCIAL.,2021-06-15T00:00:00,2021,RESOLUCION,"REZINOVSKY, DINA",false,ninguno,,,,gold_adjudicado,no,
HCDN189424,"SOLICITAR AL PODER EJECUTIVO DISPONGA LAS MEDIDAS NECESARIAS PARA PROMOVER UNA REUNION DEL CONSEJO DEL MERCADO COMUN DEL MERCOSUR, A FIN DE FORMALIZAR EL TRASPASO DE LA PRESIDENCIA PRO TEMPORE.",2016-08-17T00:00:00,2016,DECLARACION,"CICILIANI, ALICIA MABEL",true,C,mercosur_institucional,administrativa_neutra,relacionada,gold_adjudicado,no,
HCDN164273,PEDIDO DE INFORMES AL PODER EJECUTIVO NACIONAL SOBRE DIVERSAS CUESTIONES RELACIONADAS CON LA DISTRIBUCION DE LA CUOTA HILTON CORRESPONDIENTE AL PERIODO 2013 - 2014.,2014-06-06T00:00:00,2014,RESOLUCION,"GRIBAUDO, CHRISTIAN ALEJANDRO",true,B,comercio_ue_sectorial,administrativa_neutra,relacionada,gold_adjudicado,no,
HCDN153152,"DECLARAR DE INTERES DE LA H. CAMARA EL LIBRO ""MONTE CASEROS - BELLA UNION - BARRA DO QUARAI: UN ESCENARIO PRIVILEGIADO DE COOPERACION TRANSFRONTERIZA EN EL CORAZON DEL MERCOSUR"", DE LOS AUTORES ARGENTINOS EDUARDO LEONEL GALANTINI Y NAHUEL ODDONE.",2013-06-27T00:00:00,2013,RESOLUCION,"CHIENO, MARIA ELENA PETRONA",false,ninguno,,,,gold_adjudicado,no,libro
HCDN138970,"PEDIDO DE INFORMES VERBALES AL MINISTRO DE RELACIONES EXTERIORES Y CULTO, SEÑOR HECTOR TIMERMAN ANTE LA COMISION DE RELACIONES EXTERIORES Y CULTO, SOBRE SUS DECLARACIONES EN LA CUMBRE SOCIAL DEL MERCOSUR.",2012-06-29T00:00:00,2012,RESOLUCION,"FERRARI, GUSTAVO ALFREDO HORACIO",true,C,mercosur_institucional,administrativa_neutra,relacionada,gold_adjudicado,si,control al canciller por Cumbre Social del bloque
HCDN096963,"DECLARAR DE INTERES DE LA H CAMARA EL LIBRO ""SAN MARTIN Y EL CRUCE DE LOS ANDES"", DE LOS ESCRITORES EDGARDO S. MENDOZA Y CLAUDIO D. MONACHESI.",2008-07-04T00:00:00,2008,RESOLUCION,"FERRA DE BARTOL, MARGARITA",false,ninguno,,,,gold_adjudicado,no,
HCDN249585,"EXPRESAR BENEPLACITO POR EL TRIGESIMO ANIVERSARIO DE LA FIRMA DEL TRATADO DE ASUNCION, SUSCRIPTO ENTRE ARGENTINA, BRASIL, PARAGUAY Y URUGUAY EL 26 DE MARZO DE 1991 Y QUE DIO ORIGEN AL "" MERCADO COMUN DEL SUR - MERCOSUR -"".",2021-04-14T00:00:00,2021,DECLARACION,"GONZALEZ, ALVARO GUSTAVO",true,C,mercosur_simbolico,administrativa_neutra,relacionada,gold_adjudicado,si,familia aniversario
HCDN258650,EXCEPTUANSE DEL PAGO DE DERECHO DE EXPORTACION A LAS POSICIONES ARANCELARIAS DE LA NOMENCLATURA COMUN DEL MERCOSUR CORRESPONDIENTES A LAS MANUFACTURAS DE TABACO Y TABACO SIN ELABORAR.,2022-05-13T00:00:00,2022,LEY,"ARJOL, MARTIN",false,ninguno,,,,gold_adjudicado,no,NCM tabaco
HCDN208932,"DECLARESE EL 5 DE MARZO DE CADA AÑO COMO ""DIA NACIONAL DE LA SUBMARINISTA FEMENINA"".",2017-12-06T00:00:00,2017,LEY,"DI STEFANO, DANIEL",false,ninguno,,,,gold_adjudicado,no,
HCDN143682,"EXPRESAR REPUDIO POR EL INTENTO INTIMIDATORIO DEL MILITAR RETIRADO GUSTAVO DE MARCHI CONTRA EL PERIODISTA DEL ""DIARIO DE CUYO"", CLAUDIO LEIVA, OCURRIDO EN EL MARCO DEL JUICIO POR DELITOS DE LESA HUMANIDAD LLEVADO ADELANTE POR EL TRIBUNAL ORAL FEDERAL DE LA PROVINCIA DE SAN JUAN.",2012-11-02T00:00:00,2012,RESOLUCION,"CASELLES, GRACIELA MARIA",false,ninguno,,,,gold_adjudicado,no,
HCDN138968,"PEDIDO DE INFORMES VERBALES AL SEÑOR CANCILLER DE LA REPUBLICA ARGENTINA, HECTOR TIMERMAN, SOBRE SUS DECLARACIONES EN LA CUMBRE SOCIAL DEL MERCOSUR, EL 27 DE JUNIO DE 2012.",2012-06-29T00:00:00,2012,RESOLUCION,"ALONSO, LAURA",true,C,mercosur_institucional,administrativa_neutra,relacionada,gold_adjudicado,si,idem orden 156
HCDN126681,"APROBAR EL PROTOCOLO DE INTEGRACION EDUCATIVA Y RECONOCIMIENTO DE CERTIFICADOS, TITULOS Y ESTUDIOS DE NIVEL PRIMARIO / FUNDAMENTAL / BASICO Y MEDIO / SECUNDARIO, ENTRE LOS ESTADOS PARTE DEL MERCOSUR Y ESTADOS ASOCIADOS, SUSCRIPTO EN SAN JUAN, REPUBLICA ARGENTINA, EL 2 DE AGOSTO DE 2010.",2011-04-05T00:00:00,2011,MENSAJE Y PROYECTO DE LEY,"FERNANDEZ DE KIRCHNER, CRISTINA",true,C,mercosur_institucional,administrativa_neutra,relacionada,gold_adjudicado,no,protocolo educativo del bloque
HCDN100400,"DECLARAR COMO ""CAPITAL NACIONAL DE LA HORTICULTURA"" A LA CIUDAD DE SANTA LUCIA, PROVINCIA DE CORRIENTES.",2008-10-23T00:00:00,2008,LEY,"PORTELA, AGUSTIN ALBERTO",false,ninguno,,,,gold_adjudicado,no,
HCDN218467,"DECLARAR DE INTERES DE LA H. CAMARA LA OBRA ""RODOLFO WALSH - EL DOCUMENTAL"" DE AUTORIA DEL DOCTOR ESTEBAN CADOCHE.",2018-06-26T00:00:00,2018,DECLARACION,"FRANA, SILVINA PATRICIA",false,ninguno,,,,gold_adjudicado,no,
HCDN197487,"DECLARAR DE INTERES DE LA H. CAMARA LA ""XV EXPO PROVINCIAL DE LA LECHE Y VI EXPO JERSEY ENTRERRIANA"", A REALIZARSE DEL 5 AL 7 DE MAYO DE 2017 EN LA LOCALIDAD DE NOGOYA, PROVINCIA DE ENTRE RIOS.",2017-04-21T00:00:00,2017,RESOLUCION,"GAYOL, YANINA CELESTE",false,ninguno,,,,gold_adjudicado,no,
HCDN187586,"DECLARAR DE INTERES DE LA H. CAMARA EL ""IV CONGRESO IBEROAMERICANO EMDR TRAUMA PSICOLOGICO"", A REALIZARSE DEL 21 DE OCTUBRE AL 1° DE NOVIEMBRE DE 2016, EN LA CIUDAD AUTONOMA DE BUENOS AIRES.",2016-07-01T00:00:00,2016,RESOLUCION,"DURAND CORNEJO, GUILLERMO MARIO",false,ninguno,,,,gold_adjudicado,no,
HCDN247756,"EXPRESAR BENEPLACITO POR LA INICIATIVA DE REPRESENTANTES ARGENTINOS DEL ""PARLAMENTO DEL MERCOSUR"", QUE PROPONE ESTABLECER COMO BIEN DE USO PUBLICO, UNIVERSAL Y GRATUITO EN EL MERCOSUR, LA FORMULA GENERICA DE LA POSIBLE VACUNA DEL COVID-19.",2021-03-02T00:00:00,2021,DECLARACION,"BRITEZ, MARIA CRISTINA",true,C,mercosur_institucional,administrativa_neutra,relacionada,gold_adjudicado,si,Parlasur; contenido salud
HCDN111180,"PEDIDO DE INFORMES AL PODER EJECUTIVO SOBRE RESOLUCION REMITIDA POR LA AUDITORIA GENERAL DE LA NACION REFERENTE A LOS ESTADOS FINANCIEROS AL 31 DE DICIEMBRE DE 2007, CORRESPONDIENTES AL PROYECTO DE DESARROLLO RURAL DE LAS PROVINCIAS DEL NORESTE ARGENTINO (NEA) - CONTRATO DE PRESTAMO 417-AR FIDA.",2009-09-22T00:00:00,2009,RESOLUCION,PARLAMENTARIA MIXTA REVISORA DE CUENTAS,false,ninguno,,,,gold_adjudicado,no,
HCDN138496,PEDIDO DE INFORMES AL PODER EJECUTIVO SOBRE DIVERSAS CUESTIONES RELACIONADAS CON LA EXPORTACION DE CARNES DE LA CUOTA HILTON PERIODO 2011-2012.,2012-06-21T00:00:00,2012,RESOLUCION,"FORTE, ULISES UMBERTO JOSE",true,B,comercio_ue_sectorial,administrativa_neutra,relacionada,gold_adjudicado,no,
HCDN215181,"PEDIDO DE INFORMES AL PODER EJECUTIVO SOBRE DENUNCIAS RECIBIDAS POR LA DIRECCION NACIONAL DE DEFENSA DEL CONSUMIDOR, CON RESPECTO A LA ADULTERACION DE LOS ROTULOS INFORMATIVOS Y/O AL CAMBIO DE CONDICIONES DE CONSERVACION DE CARNE PORCINA DE ORIGEN EXTRANJERO, CONGELADA O FRESCA.",2018-05-18T00:00:00,2018,RESOLUCION,"BUCCA, EDUARDO",false,ninguno,,,,gold_adjudicado,no,
HCDN098025,"LENGUA GUARANI, INCORPORACION AL MERCOSUR COMO LENGUA OFICIAL.",2008-08-25T00:00:00,2008,LEY,"GALANTINI, EDUARDO LEONEL",true,C,mercosur_institucional,administrativa_neutra,relacionada,gold_adjudicado,no,guarani lengua oficial
HCDN246572,"""LEY ALBERDI"". ESTABLECESE LA CAPACITACION OBLIGATORIA EN TEMATICAS CONSTITUCIONALES PARA TODOS LOS LEGISLADORES Y FUNCIONARIOS Y EMPLEADOS QUE SE DESEMPEÑEN EN LA ADMINISTRACION PUBLICA, EN CUALQUIER NIVEL Y JERARQUIA DE LOS PODERES EJECUTIVO Y LEGISLATIVO DE LA NACION Y EN CUALQUIERA DE SUS ORGANOS DESCENTRALIZADOS.",2020-11-25T00:00:00,2020,LEY,"FRADE, MONICA EDITH",false,ninguno,,,,gold_adjudicado,no,
HCDN189016,"TRAMITES URGENTES O PREFERENCIALES. PROHIBICION EN EL AMBITO DE LA ADMINISTRACION PUBLICA, DEL COBRO DE ARANCELES, RECARGOS O CANONES ESPECIALES PARA SU REALIZACION.",2016-08-04T00:00:00,2016,LEY,"BERMEJO, SIXTO OSVALDO",false,ninguno,,,,gold_adjudicado,no,
HCDN192670,"DECLARAR DE INTERES DE LA H. CAMARA LAS PUBLICACIONES DESTINADAS A LA ENSEÑANZA DE LA LENGUA ONA EN EL TALLER ""JULIO LEGUIZAMON"", REALIZADAS POR LA SEÑORA EMMA ISABEL GALLARDO DE LEGUNDA.",2016-11-07T00:00:00,2016,RESOLUCION,"PEREZ, MARTIN ALEJANDRO",false,ninguno,,,,gold_adjudicado,no,
HCDN274683,"ADHIERASE A LA MERCOSUR/CMC/DEC. 54/15 APROBADA POR EL CONSEJO DEL MERCADO COMUN. POR EL CUAL SE CREA EL REGIMEN DE ""COOPERATIVAS DEL MERCOSUR"".",2024-04-22T00:00:00,2024,LEY,"PASSO, MARCELA FABIANA",true,C,mercosur_institucional,administrativa_neutra,relacionada,gold_adjudicado,no,regimen Cooperativas del Mercosur (CMC 54/15)
HCDN280432,"EXPRESAR BENEPLACITO POR LA PROPUESTA DEL PRESIDENTE JAVIER MILEI, DURANTE LA 65ª CUMBRE DE PRESIDENTES DE LOS ESTADOS PARTE DEL MERCOSUR DESARROLLADA EL 6 DE DICIEMBRE EN MONTEVIDEO, DE CREAR UNA AGENCIA REGIONAL PARA LUCHAR CONTRA EL CRIMEN TRANSNACIONAL ORGANIZADO.",2024-12-16T00:00:00,2024,RESOLUCION,"IGLESIAS, FERNANDO ADOLFO",true,C,mercosur_institucional,administrativa_neutra,relacionada,gold_adjudicado,si,cumbre; contenido seguridad
HCDN140778,"PEDIDO DE INFORMES AL PODER EJECUTIVO SOBRE DIVERSAS CUESTIONES RELACIONADAS CON LOS FUNDAMENTOS DEL DICTADO DE LA RESOLUCION 1436/12 DE LA SECRETARIA DE ENERGIA DE LA NACION, SOBRE ESTABLECIMIENTO DEL PRECIO A RECIBIR POR LAS EMPRESAS ELABORADORAS DE BIODIESEL.",2012-08-22T00:00:00,2012,RESOLUCION,"TUNESSI, JUAN PEDRO",false,ninguno,,,,gold_adjudicado,no,precio interno biodiesel
HCDN159738,"PEDIDO DE INFORMES AL PODER EJECUTIVO SOBRE DIVERSAS CUESTIONES RELACIONADAS CON LA FALTA DE AGUA Y ESTADO DE LAS OBRAS HIDRICAS ANUNCIADAS PARA LA LOCALIDAD DE CALETA OLIVIA, PROVINCIA DE SANTA CRUZ.",2014-03-06T00:00:00,2014,RESOLUCION,"BIANCHI, IVANA MARIA",false,ninguno,,,,gold_adjudicado,no,
HCDN110181,"PEDIDO DE INFORMES AL PODER EJECUTIVO SOBRE DIVERSAS CUESTIONES RELACIONADAS CON EL PROGRAMA ""INGRESO SOCIAL CON TRABAJO"".",2009-11-05T00:00:00,2009,RESOLUCION,"CUCCOVILLO, RICARDO OSCAR",false,ninguno,,,,gold_adjudicado,no,
HCDN172368,"SOLICITAR AL PODER EJECUTIVO DISPONGA LAS MEDIDAS NECESARIAS PARA PROMOVER LA SUSPENSION DE LA REPUBLICA BOLIVARIANA DE VENEZUELA DEL BLOQUE REGIONAL DEL MERCOSUR, POR LAS REITERADAS VIOLACIONES DE LOS VALORES DEMOCRATICOS POR PARTE DEL GOBIERNO DE ESE PAIS.",2015-03-03T00:00:00,2015,RESOLUCION,"GRIBAUDO, CHRISTIAN ALEJANDRO",true,C,mercosur_institucional,administrativa_neutra,relacionada,gold_adjudicado,no,
HCDN179932,"PEDIDO DE INFORMES AL PODER EJECUTIVO SOBRE DIVERSAS CUESTIONES RELACIONADAS CON LA NOTA QUE ENVIO A NUESTRO PAIS EL ""COMITE DE CONTROL DE FICHEROS DE INTERPOL"", A FIN DE REANALIZAR LA VIGENCIA Y FUNDAMENTOS DE LAS ORDENES DE CAPTURA ROJAS EMITIDAS CONTRA TRES DE LOS IMPUTADOS EN LA ""CAUSA AMIA"".",2015-09-16T00:00:00,2015,RESOLUCION,"CARRIO, ELISA MARIA AVELINA",false,ninguno,,,,gold_adjudicado,no,
HCDN096121,"DECLARAR DE INTERES PARLAMENTARIO LA ""CUMBRE DE JEFES DE ESTADOS DEL MERCOSUR"", A REALIZARSE LOS DIAS 30 DE JUNIO Y 1 DE JULIO DE 2008 EN LA CIUDAD CAPITAL DE LA PROVINCIA DE TUCUMAN.",2008-06-10T00:00:00,2008,DECLARACION,"ALFARO, GERMAN ENRIQUE",true,C,mercosur_institucional,administrativa_neutra,relacionada,gold_adjudicado,no,cumbre oficial
HCDN152266,EXPRESAR PREOCUPACION POR LA CAIDA DE LAS EXPORTACIONES DE CARNE VACUNA.,2013-05-28T00:00:00,2013,DECLARACION,"ALONSO, GUMERSINDO FEDERICO",false,ninguno,,,,gold_adjudicado,si,caida exportaciones carne (sonda recall)
HCDN263289,SOLICITAR AL PODER EJECUTIVO DISPONGA LAS MEDIDAS NECESARIAS PARA LA INCORPORACION DE DIVERSAS MERCADERIAS AL PROGRAMA DE INCREMENTO EXPORTADOR.,2022-09-23T00:00:00,2022,RESOLUCION,"TACCETTA, MATIAS",false,ninguno,,,,gold_adjudicado,no,
HCDN136754,"DECLARAR DE INTERES DE LA HONORABLE CAMARA LA PRIMERA JORNADA A CAMPO DEL INSTITUTO DE LA CARNE VACUNA ARGENTINA (IPCVA) EN LA RIOJA, A REALIZARSE EN DICHA PROVINCIA, EL 30 DE MAYO DE 2012.",2012-05-16T00:00:00,2012,RESOLUCION,"MARTINEZ, JULIO CESAR",false,ninguno,,,,gold_adjudicado,no,jornada IPCVA evento
HCDN166202,"EXPRESAR BENEPLACITO POR EL TRASPASO DE LA PRESIDENCIA PRO TEMPORE DEL MERCADO COMUN DEL SUR - MERCOSUR -, A NUESTRO PAIS.",2014-08-11T00:00:00,2014,RESOLUCION,"GALLARDO, MIRIAM GRACIELA",true,C,mercosur_institucional,administrativa_neutra,relacionada,gold_adjudicado,no,presidencia pro tempore
HCDN254964,"COMUNICACION DEL DECRETO DE FACULTADES DELEGADAS N° 852 DEL 14 DE DICIEMBRE DEL 2021 POR EL CUAL SE FIJA EN 0 % LA ALICUOTA DEL DERECHO DE EXPORTACION PARA LOS PRODUCTOS QUE REVISTAN LA CONDICION DE ECOLOGICOS, BIOLOGICOS U ORGANICOS, Y REDUCE EN 5 P.P. LA ALICUOTA DEL DERECHO DE EXPORTACION PARA DETERMINADAS MERCADERIAS ARANCELADAS DEL MERCOSUR.",2021-12-17T00:00:00,2021,MENSAJE,"MANZUR, JUAN LUIS",false,ninguno,,,,gold_adjudicado,no,derechos de exportacion domesticos via NCM
HCDN105403,"TELEGRAMA CARTA DOCUMENTO LABORAL CON CARACTER GRATUITO - LEY 23789 -. MODIFICACIONES, SOBRE EXTENSION DE LA GRATUIDAD A LOS FAMILIARES Y/O DERECHOHABIENTES DE LOS TRABAJADORES.",2009-05-06T00:00:00,2009,LEY,"LEGUIZAMON, MARIA LAURA",false,ninguno,,,,gold_adjudicado,no,
HCDN159857,"EXPRESAR BENEPLACITO POR EL ""DIA DEL MERCOSUR"" A CELEBRARSE EL 26 DE MARZO DE 2014.",2014-03-07T00:00:00,2014,DECLARACION,"ASSEFF, ALBERTO",true,C,mercosur_simbolico,administrativa_neutra,relacionada,gold_adjudicado,si,familia Dia del Mercosur
HCDN245779,FIJASE EN 7% LAS ALICUOTAS DE LOS REINTEGROS A LA EXPORTACION (R.E.) PARA LAS POSICIONES ARANCELARIAS DE LA NOMENCLATURA COMUN DEL MERCOSUR (N.C.M.) PARA UVAS FRESCAS Y PASAS DE UVA.,2020-10-26T00:00:00,2020,LEY,"CASELLES, GRACIELA MARIA",false,ninguno,,,,gold_adjudicado,no,NCM uvas
HCDN100998,PEDIDO DE INFORMES AL PODER EJECUTIVO SOBRE LA EXPORTACION DE CARNE POR PARTE DE LOS FRIGORIFICOS.,2008-11-19T00:00:00,2008,RESOLUCION,"VIALE, LISANDRO ALFREDO",false,ninguno,,,,gold_adjudicado,si,exportacion carne frigorificos 2008 (sonda recall)
HCDN164592,"EXPRESAR ADHESION POR LOS FESTEJOS DEL 76° ANIVERSARIO DE LA PARROQUIA ""NUESTRA SEÑORA DEL PERPETUO SOCORRO"", DE CHARATA, PROVINCIA DEL CHACO,",2014-06-18T00:00:00,2014,RESOLUCION,"TEJEDOR, MIGUEL ANGEL",false,ninguno,,,,gold_adjudicado,no,
HCDN169913,"PRODUCTOS CARNICOS. SE ELIMINAN LOS DERECHOS DE EXPORTACION DE LAS POSICIONES ARANCELARIAS DE LA ""NOMENCLATURA COMUN DEL MERCOSUR - NCM -"".",2014-11-19T00:00:00,2014,LEY,"TORROBA, FRANCISCO JAVIER",false,ninguno,,,,gold_adjudicado,no,retenciones carne via NCM
HCDN254384,BIOCOMBUSTIBLES - LEY 27640 -. MODIFICACIONES.,2021-11-23T00:00:00,2021,LEY,"GUTIERREZ, CARLOS MARIO",false,ninguno,,,,gold_adjudicado,no,biocombustibles domestico
HCDN245513,"DECLARAR DE INTERES DE LA H. CAMARA EL 30 ANIVERSARIO DE LA FIRMA DEL ""TRATADO DE ASUNCION"" Y CONSTITUCION DEL ""MERCADO COMUN DEL SUR - MERCOSUR -"".",2020-10-16T00:00:00,2020,RESOLUCION,"GINOCCHIO, SILVANA MICAELA",true,C,mercosur_simbolico,administrativa_neutra,relacionada,gold_adjudicado,si,familia aniversario
HCDN127658,PEDIDO DE INFORMES AL PODER EJECUTIVO NACIONAL SOBRE DIVERSAS CUESTIONES RELACIONADAS CON LOS ARANCELES QUE PUEDE REQUERIR EL SENASA A LOS DESPACHANTES DE ANIMALES VIVOS Y OTRAS CUESTIONES CONEXAS.,2011-05-11T00:00:00,2011,RESOLUCION,"BULLRICH, PATRICIA",false,ninguno,,,,gold_adjudicado,no,tasas SENASA
HCDN190817,"DECLARAR DE INTERES DE LA H. CAMARA EL 187 ANIVERSARIO DE LA FUNDACION DE LA LOCALIDAD DE MONTE CASEROS, A REALIZARSE EL 5 DE OCTUBRE DE 2016 EN LA PROVINCIA DE CORRIENTES.",2016-09-16T00:00:00,2016,RESOLUCION,"RUBIN, CARLOS GUSTAVO",false,ninguno,,,,gold_adjudicado,no,
HCDN255775,SISTEMA ARGENTINO DE TRAZABILIDAD DE LOS PRODUCTOS DE LA PESCA Y LA ACUICULTURA. CREACION.,2022-03-02T00:00:00,2022,LEY,"GARCIA, XIMENA",true,D,eudr_trazabilidad_forestal,administrativa_neutra,relacionada,gold_adjudicado,si,trazabilidad pesca: rubro no listado en codebook
HCDN113266,"PEDIDO DE INFORMES AL PODER EJECUTIVO NACIONAL SOBRE DIVERSAS CUESTIONES RELACIONADAS CON LOS ESTUDIOS REALIZADOS AL AGUA DE CONSUMO DOMICILIARIO Y PARA LOS SERES HUMANOS EN LA CIUDAD DE LA PLATA, PROVINCIA DE BUENOS AIRES.",2010-03-11T00:00:00,2010,RESOLUCION,"CUCCOVILLO, RICARDO OSCAR",false,ninguno,,,,gold_adjudicado,no,
HCDN275238,"PEDIDO DE INFORMES AL PODER EJECUTIVO SOBRE DIVERSAS CUESTIONES RELACIONADAS CON EL LANZAMIENTO DE LA LINEA DE CREDITOS HIPOTECARIOS AJAUSTABLES POR UNIVADES DE VALOR ADQUIRIDO (UVA), DEL BANCO DE LA NACION ARGENTINA.",2024-05-13T00:00:00,2024,RESOLUCION,"COBOS, JULIO",false,ninguno,,,,gold_adjudicado,no,
HCDN245089,"SOLICITAR AL PODER EJECUTIVO DISPONGA GARANTIZAR EL DERECHO CONSTITUCIONAL DE LIBRE TRANSITO DE PERSONAS Y BIENES ENTRE LAS PROVINCIAS ARGENTINAS, Y OTRAS CUESTIONES CONEXAS.",2020-10-05T00:00:00,2020,RESOLUCION,"BERHONGARAY, MARTIN ANTONIO",false,ninguno,,,,gold_adjudicado,no,
HCDN103226,"COMBUSTIBLES LIQUIDOS Y GAS NATURAL, LEY 23966: MODIFICACION DE LOS ARTICULOS 19 Y 20 (DISTRIBUCION DE FONDOS) (REPRODUCCION DEL EXPEDIENTE 5079-D-07).",2009-03-02T00:00:00,2009,LEY,"COMELLI, ALICIA MARCELA",false,ninguno,,,,gold_adjudicado,no,
HCDN150918,"REGIMEN REGULATORIO DE LA INDUSTRIA Y COMERCIALIZACION DE GAS LICUADO DE PETROLEO - LEY 26020 -; MODIFICACION DEL ARTICULO 45, SOBRE FONDO FIDUCIARIO PARA SUBSIDIOS DE CONSUMOS RESIDENCIALES DE ""GAS LICUADO DE PETROLEO, GLP"".",2013-04-29T00:00:00,2013,LEY,"MALDONADO, VICTOR HUGO",false,ninguno,,,,gold_adjudicado,no,
HCDN168178,"EXPRESAR PREOCUPACION POR LA ENCUESTA DE VICTIMIZACION, SEGUN LA CUAL BUENOS AIRES Y EL CONURBANO SE ENCUENTRAN ENTRE LOS DISTRITOS DE MAYOR CANTIDAD DE DELITOS DE AMERICA LATINA.",2014-10-07T00:00:00,2014,RESOLUCION,"BIANCHI, IVANA MARIA",false,ninguno,,,,gold_adjudicado,no,
HCDN120878,"DECLARAR DE INTERES DE LA HONORABLE CAMARA LAS JORNADAS DE IDENTIFICACION Y TRAZABILIDAD AGROALIMENTARIA, A REALIZARSE LOS DIAS 1 Y 2 DE NOVIEMBRE DE 2010 EN LA CIUDAD AUTONOMA DE BUENOS AIRES.",2010-10-02T00:00:00,2010,RESOLUCION,"MARTINEZ, JULIO CESAR",false,ninguno,,,,gold_adjudicado,si,jornadas tecnicas de trazabilidad: evento de terceros (regla eventos)
HCDN118763,"EXPRESAR BENEPLACITO POR LA REALIZACION Y LOS RESULTADOS DE LA XXXIX REUNION DEL CONSEJO DEL MERCADO COMUN Y CUMBRE DE JEFAS Y JEFES DE ESTADO DEL MERCOSUR Y ESTADOS ASOCIADOS, REALIZADA EL 2 Y 3 DE AGOSTO EN LA CIUDAD DE SAN JUAN.",2010-08-06T00:00:00,2010,RESOLUCION,"GODOY, RUPERTO EDUARDO",true,C,mercosur_institucional,administrativa_neutra,relacionada,gold_adjudicado,no,CMC + cumbre San Juan
HCDN117405,"""EVA PERON"". DESIGNASE COMO TAL AL EDIFICIO UBICADO EN LA AVENIDA 9 DE JULIO 1925 DE LA CIUDAD AUTONOMA DE BUENOS AIRES.",2010-06-23T00:00:00,2010,LEY,"CORTINA, ROY",false,ninguno,,,,gold_adjudicado,no,
HCDN163481,"SOLICITAR AL PODER EJECUTIVO DISPONGA LAS MEDIDAS NECESARIAS PARA INCLUIR EN LAS RONDAS DE NEGOCIACIONES CON LA REPUBLICA FEDERATIVA DEL BRASIL EN EL AMBITO DEL MERCADO COMUN DEL SUR - MERCOSUR -, LA POSIBILIDAD DE OTORGAR A LA ZONA FRANCA DE GENERAL PICO - PROVINCIA DE LA PAMPA, IDENTICO TRATAMIENTO DEL CONTEMPLADO EN LA DECISION N° 8/94.",2014-05-20T00:00:00,2014,RESOLUCION,"FERNANDEZ MENDIA, GUSTAVO RODOLFO",true,C,mercosur_institucional,administrativa_neutra,relacionada,gold_adjudicado,no,zona franca Decision 8/94
HCDN188079,"SOLICITAR AL PODER EJECUTIVO DISPONGA LAS MEDIDAS NECESARIAS PARA GESTIONAR LA APLICACION DEL ARTICULO 5° DEL PROTOCOLO DE OURO PRETO, LEY 24560, A LOS EFECTOS DEL TRASPASO DE LA PRESIDENCIA DEL ""CONSEJO DEL MERCADO COMUN (MERCOSUR)"" A LA REPUBLICA BOLIVARIANA DE VENEZUELA.",2016-07-14T00:00:00,2016,RESOLUCION,"GAILLARD, ANA CAROLINA",true,C,mercosur_institucional,administrativa_neutra,relacionada,gold_adjudicado,no,Ouro Preto presidencia CMC
HCDN117823,"EXPRESAR BENEPLACITO POR EL DICTADO DE LOS DECRETO 700 Y 701/10, POR LOS CUALES SE REALIZAN ESTUDIOS QUE PERMITIRAN A FAMILIAS DE COMUNIDADES INDIGENAS INSTRUMENTAR LA TITULARIDAD EN LA POSESION DE SUS ANCESTRALES PROPIEDADES.",2010-07-05T00:00:00,2010,DECLARACION,"PERIE, HUGO RUBEN",false,ninguno,,,,gold_adjudicado,no,
HCDN158374,"EXPRESAR PREOCUPACION POR LA NUEVA RESTRICCION AL BIODIESEL ARGENTINO, QUE IMPUSO EL GOBIERNO DE ESPAÑA.",2013-11-26T00:00:00,2013,RESOLUCION,"BIANCHI, IVANA MARIA",true,B,comercio_ue_sectorial,pro_liberalizacion,relacionada,gold_adjudicado,no,restriccion de Espana al biodiesel
HCDN181520,PROGRAMA DESTINADO AL FORTALECIMIENTO DE LA LABOR DE LOS BIBLIOTECARIOS POPULARES QUE FUNCIONARA EN EL AMBITO DE LA COMISION NACIONAL DE BIBLIOTECAS POPULARES - CONABIP -. CREACION.,2015-12-02T00:00:00,2015,LEY,"CORTINA, ROY",false,ninguno,,,,gold_adjudicado,no,
HCDN230098,"DECLARAR DE INTERES DE LA H. CAMARA LA ""25 FIESTA DEL CHOCLO Y LA HUMITA"", REALIZADA DEL 15 AL 17 DE MARZO DE 2019 EN LA LOCALIDAD DE EL SAUCE, PROVINCIA DEL NEUQUEN.",2019-03-22T00:00:00,2019,RESOLUCION,"SAPAG, ALMA LILIANA",false,ninguno,,,,gold_adjudicado,no,
HCDN287642,FIJASE EN CERO POR CIENTO (0 %) LA ALICUOTA DEL DERECHO DE EXPORTACION PARA LAS MERCADERIAS DE LA NOMENCLATURA COMUN DEL MERCOSUR CORRESPONDIENTES A LOS MINERALES Y BARRAS DE PLATA EN BRUTO.,2025-09-23T00:00:00,2025,LEY,"REYES, ROXANA NAHIR",false,ninguno,,,,gold_adjudicado,no,NCM plata
HCDN198269,"COMUNIDADES INDIGENAS - LEY 26160 -. MODIFICACION, SOBRE LA EMERGENCIA EN MATERIA DE POSESION Y PROPIEDAD DE LAS TIERRAS.",2017-05-09T00:00:00,2017,LEY,"ARGUMEDO, ALCIRA SUSANA",false,ninguno,,,,gold_adjudicado,no,
HCDN180660,"DECLARAR DE INTERES DE LA H. CAMARA EL XI ENCUENTRO DE ESCRITORES DEL MERCOSUR, VIII CONGRESO INTERNACIONAL DE EDUCACION INTERCULTURAL Y LITERATURA CONTEMPORANEA Y V ENCUENTRO DE PRODUCTORES CULTURALES DEL MERCOSUR, QUE ANUALMENTE SE CELEBRA EN EL MES DE OCTUBRE EN PUERTO IGUAZU, PROVINCIA DE MISIONES.",2015-10-08T00:00:00,2015,RESOLUCION,"PERIE, JULIA ARGENTINA",false,ninguno,,,,gold_adjudicado,no,encuentros de terceros
HCDN283435,EXPRESAR QUE VERIA CON AGRADO QUE EL PODER EJECUTIVO GESTIONE LOS MEDIOS NECESARIOS PARA CONCRETAR UN ACUERDO DE RECIPROCIDAD ARANCELARIA CON LOS ESTADOS UNIDOS DE AMERICA.,2025-03-31T00:00:00,2025,DECLARACION,"MILMAN, GERARDO",false,ninguno,,,,gold_adjudicado,no,contraparte EEUU
HCDN245430,"SOLICITAR AL PODER EJECUTIVO DISPONGA INCORPORAR A LA PAPELERIA OFICIAL LA LEYENDA ""2021 - AÑO DEL MERCOSUR"", EN CONMEMORACION DEL TRIGESIMO ANIVERSARIO DE LA FIRMA DEL ""TRATADO DE ASUNCION"", QUE DIO ORIGEN AL ""MERCOSUR"".",2020-10-15T00:00:00,2020,DECLARACION,"MARZIOTTA, GISELA",true,C,mercosur_simbolico,administrativa_neutra,relacionada,gold_adjudicado,si,leyenda Ano del Mercosur (simbolos)
HCDN113530,SOLICITAR AL PODER EJECUTIVO DISPONGA ARBITRAR LOS MEDIOS PARA QUE LOS PAISES MIEMBROS DEL MERCOSUR REHUSEN BRINDAR APOYO LOGISTICO Y ASISTENCIA TECNICO OPERATIVA A LOS BUQUES Y AERONAVES QUE PRETENDAN REALIZAR EXPLORACION O EXPLOTACION DE HIDROCARBUROS EN LA ZONA MARITIMA ARGENTINA.,2010-03-17T00:00:00,2010,RESOLUCION,"FADUL, LILIANA",true,C,mercosur_institucional,administrativa_neutra,relacionada,gold_adjudicado,si,accion politica del bloque (hidrocarburos Malvinas)
HCDN153172,SOLICITAR AL PODER EJECUTIVO DISPONGA RESPALDAR A LA REPUBLICA DEL PARAGUAY COMO PRESIDENTE PROTEMPORE DEL MERCOSUR.,2013-06-28T00:00:00,2013,DECLARACION,"ASSEFF, ALBERTO",true,C,mercosur_institucional,administrativa_neutra,relacionada,gold_adjudicado,no,
HCDN247458,EXPRESAR REPUDIO A TODO ACTO JUDICIAL QUE PONGA EN RIESGO LA GARANTIA CONSTITUCIONAL DE PROTECCION DEL SECRETO DE LAS FUENTES INFORMATIVAS Y LIBERTAD DE PRENSA.,2021-02-08T00:00:00,2021,RESOLUCION,"UCEDA, MARISA LOURDES",false,ninguno,,,,gold_adjudicado,no,
HCDN127925,BANDERA DEL MERCOSUR: SE DISPONE SU IZAMIENTO OBLIGATORIO JUNTO AL PABELLON NACIONAL EN EDIFICIOS PUBLICOS.,2011-05-20T00:00:00,2011,LEY,"GONZALEZ, JUAN DANTE",true,C,mercosur_simbolico,administrativa_neutra,relacionada,gold_adjudicado,no,bandera del Mercosur
HCDN240918,PRESUPUESTOS MINIMOS DE PROTECCION AMBIENTAL PARA LA TRAZABILIDAD DE AGROQUIMICOS.,2020-05-26T00:00:00,2020,LEY,"ZAMARBIDE, FEDERICO RAUL",true,D,eudr_trazabilidad_forestal,administrativa_neutra,relacionada,gold_adjudicado,si,trazabilidad agroquimicos: frame ambiental / cadena agro
HCDN110209,"SOLICITAR AL PODER EJECUTIVO DISPONGA LAS MEDIDAS NECESARIAS PARA PROPONER LA CREACION DE UNA AGENCIA AMBIENTAL DEL ""MERCOSUR"" EN LA SIGUIENTE ""CUMBRE DE PRESIDENTES"" A REALIZARSE EL 16 DE DICIEMBRE DE 2009, CON EL OBJETO DE ESTABLECER UNA LEGISLACION AMBIENTAL COMUN PARA EL BLOQUE.",2009-11-06T00:00:00,2009,RESOLUCION,"IGLESIAS, FERNANDO ADOLFO",true,C,mercosur_institucional,administrativa_neutra,relacionada,gold_adjudicado,si,agencia ambiental del bloque
HCDN228260,"SUSPENSION DE LA APLICACION DE LA LEY 27120, ELECCION DE PARLAMENTARIOS DEL MERCOSUR, HASTA EL 31 DE DICIEMBRE DE 2020. SE EXCEPTUA A LOS PARLAMENTARIOS ELEGIDOS EL 25 DE OCTUBRE DE 2015.",2019-03-08T00:00:00,2019,LEY,"CARRIO, ELISA MARIA AVELINA",true,C,mercosur_institucional,administrativa_neutra,relacionada,gold_adjudicado,no,
HCDN255849,EXPRESAR PREOCUPACION POR LOS HECHOS DE CORRUPCION DEL EX JUEZ JUAN PABLO MORALES Y DEMAS FUNCIONARIOS DE LA PROVINCIA DE CATAMARCA.,2022-03-02T00:00:00,2022,RESOLUCION,"MANZI, RUBEN",false,ninguno,,,,gold_adjudicado,no,
HCDN234969,"SOLICITAR AL PODER EJECUTIVO DISPONGA LAS MEDIDAS NECESARIAS PARA QUE EL ""MERCADO COMUN DEL SUR - MERCOSUR -"", PROMUEVA ESTRATEGIAS URGENTES PARA LA CONSERVACION Y PROTECCION AMBIENTAL DE LA SELVA AMAZONICA.",2019-08-23T00:00:00,2019,RESOLUCION,"AUSTIN, BRENDA LIS",true,C,mercosur_institucional,administrativa_neutra,relacionada,gold_adjudicado,si,bloque + Amazonia/deforestacion
HCDN143137,"APROBACION DEL PROTOCOLO DE MONTEVIDEO SOBRE COMPROMISO CON LA DEMOCRACIA EN EL MERCOSUR (USHUAIA II) SUSCRIPTO EN LA CIUDAD DE MONTEVIDEO - REPUBLICA ORIENTAL DEL URUGUAY, EL 20 DE DICIEMBRE DE 2011.",2012-10-09T00:00:00,2012,MENSAJE Y PROYECTO DE LEY,"FERNANDEZ DE KIRCHNER, CRISTINA",true,C,mercosur_institucional,administrativa_neutra,relacionada,gold_adjudicado,no,Ushuaia II
HCDN244847,"PEDIDO DE INFORMES AL PODER EJECUTIVO SOBRE DISTINTAS CUESTIONES VINCULADAS AL ""PROGRAMA ARGENTINA UNIDA POR LA INTEGRACION DE LOS BARRIOS POPULARES"", CUYO OBJETIVO ES EL FINANCIAMIENTO DE CONEXIONES DOMICILIARIAS A LAS REDES ELECTRICA, DE AGUA POTABLE Y CLOACAS Y LA CONSTRUCCION DE ESPACIOS COMUNITARIOS EN LOS BARRIOS DEL RENABAP.",2020-09-29T00:00:00,2020,RESOLUCION,"BERISSO, HERNAN",false,ninguno,,,,gold_adjudicado,no,
HCDN252573,ARGENTINA DIGITAL - LEY 27078 -. MODIFICACIONES SOBRE EL FOMENTO DE COMPARTICION DE INFRAESTRUCTURA PASIVA Y COMPETENCIAS DE LAS TICS.,2021-08-06T00:00:00,2021,LEY,"BERISSO, HERNAN",false,ninguno,,,,gold_adjudicado,no,
HCDN107475,RENDIR HOMENAJE Y RECONOCIMIENTO A LA VIDA Y OBRA DE EVA DUARTE DE PERON AL CUMPLIRSE EL 57 ANIVERSARIO DE SU FALLECIMIENTO EL DIA 26 DE JULIO DE 2009.,2009-07-07T00:00:00,2009,RESOLUCION,"SALIM, JUAN ARTURO",false,ninguno,,,,gold_adjudicado,no,
HCDN173050,"PEDIDO DE INFORMES AL PODER EJECUTIVO SOBRE DIVERSAS CUESTIONES RELACIONADAS CON LOS CUPOS DE LA ""CUOTA HILTON"".",2015-03-12T00:00:00,2015,RESOLUCION,"BIANCHI, IVANA MARIA",true,B,comercio_ue_sectorial,administrativa_neutra,relacionada,gold_adjudicado,no,
HCDN108166,REGIMEN DE TRAZABILIDAD Y VERIFICACION DE APTITUD TECNICA DE LOS RECURSOS TECNOLOGICOS DE SALUD EN USO.,2009-08-13T00:00:00,2009,LEY,"GORBACZ, LEONARDO ARIEL",false,ninguno,,,,gold_adjudicado,no,trazabilidad salud
HCDN270527,"PEDIDO DE INFORMES AL PODER EJECUTIVO SOBRE DIVERSAS CUESTIONES RELACIONADAS CON EL CENSO NACIONAL DE POBLACION, HOGARES Y VIVIENDA REALIZADO EL 18 DE MAYO DE 2022.",2023-09-05T00:00:00,2023,RESOLUCION,"GALIMBERTI, PEDRO JORGE",false,ninguno,,,,gold_adjudicado,no,
HCDN190844,"""PROGRAMA DE ATENCION PRIMARIA Y PREVENTIVA DE SALUD BUCAL"". CREACION.",2016-09-19T00:00:00,2016,LEY,"BIANCHI, IVANA MARIA",false,ninguno,,,,gold_adjudicado,no,
HCDN150776,"EXPRESAR BENEPLACITO POR LA POSTULACION COMO ""EMBAJADORA DE LA PAZ"" DE LA DOCTORA MARIA TERESA MUÑOZ, JUEZA DE PAZ DE LA LOCALIDAD DE DELFIN GALLO, PROVINCIA DE TUCUMAN, REALIZADA EL 15 DE ABRIL DE 2013.",2013-04-23T00:00:00,2013,DECLARACION,"GALLARDO, MIRIAM GRACIELA",false,ninguno,,,,gold_adjudicado,no,
HCDN143491,"DECLARAR DE INTERES DE LA H. CAMARA EL VII CONGRESO FEDERAL DE LA ECONOMIA SOLIDARIA Y ASOCIATIVISMO PYME, EL II ENCUENTRO INDOAMERICANO DE LA ECONOMIA SOLIDARIA Y ASOCIATIVISMO PYME Y EL ACTO DE CIERRE DE AÑO INTERNACIONAL DE LAS COOPERATIVAS DE LA REUNION ESPECIALIZADA DE COOPERATIVAS DEL MERCOSUR, A REALIZARSE LOS DIAS 8 Y 9 DE NOVIEMBRE DE 2012 EN LA PROVINCIA DE BUENOS AIRES.",2012-10-30T00:00:00,2012,RESOLUCION,"MIRKIN, BEATRIZ GRACIELA",false,ninguno,,,,gold_adjudicado,si,congreso de terceros con acto de la RECM; predomina evento
HCDN127032,"PEDIDO DE INFORMES AL PODER EJECUTIVO NACIONAL SOBRE DIVERSAS CUESTIONES RELACIONADAS CON EL PROGRAMA ""CARNE PARA TODOS"", IMPULSADO EL DIA 27 DE ABRIL DE 2011.",2011-04-28T00:00:00,2011,RESOLUCION,"GRIBAUDO, CHRISTIAN ALEJANDRO",false,ninguno,,,,gold_adjudicado,no,precios domesticos
HCDN266547,"DECLARAR DE INTERES DE LA H. CAMARA LA MESA REDONDA DE ALTO NIVEL SOBRE LAS ""PERSPECTIVAS DEL MERCOSUR POLITICO A 25 AÑOS DE LA CREACION DEL FORO DE CONSULTA Y CONCERTACION POLITICA (FCCP)"" LA CUAL SE LLEVARA A CABO EL 16 DE MARZO DE 2023.",2023-03-15T00:00:00,2023,DECLARACION,"CASARETTO, MARCELO PABLO",false,ninguno,,,,gold_adjudicado,si,mesa redonda de terceros sobre el FCCP
HCDN284689,"PEDIDO DE INFORMES AL PODER EJECUTIVO SOBRE DIVERSAS CUESTIONES RELACIONADAS CON EL MARCO DE LAS CUMBRES DE CANCILLERES DE LOS PAISES INTEGRANTES DEL MERCOSUR QUE TUVIERON LUGAR EN LA CIUDAD AUTONOMA DE BUENOS AIRES, ARGENTINA, EL 11 DE ABRIL Y EL 2 DE MAYO DE 2025.",2025-05-15T00:00:00,2025,RESOLUCION,"CAFIERO, SANTIAGO",true,C,mercosur_institucional,administrativa_neutra,relacionada,gold_adjudicado,no,cumbres de cancilleres
HCDN119301,"DECLARAR DE INTERES DE LA H. CAMARA EL VI CERTAMEN DE FORMACION EN VALORES EN EL MERCOSUR EDUCATIVO 2010 ""MANOS JOVENES ESCRIBEN EN GRANDE"".",2010-08-26T00:00:00,2010,DECLARACION,"FERNANDEZ BASUALDO, LUIS MARIA",true,C,mercosur_simbolico,administrativa_neutra,relacionada,gold_adjudicado,si,certamen del Mercosur Educativo (programa oficial)
HCDN271797,EXPRESAR REPUDIO POR LOS HECHOS DE VIOLENCIA PERPETRADOS CONTRA LA SEDE DEL PARTIDO JUSTICIALISTA DE LA PROVINCIA DE SALTA,2023-11-17T00:00:00,2023,DECLARACION,"ZAPATA, CARLOS RAUL",false,ninguno,,,,gold_adjudicado,no,
HCDN195122,"EXPRESAR BENEPLACITO POR LA MUESTRA DE ARTE ORGANIZADA POR LA FUNDACION DOCTOR ENRIQUE ROSSI, DENOMINADA ""SINERGIAS, EL TODO Y LAS PARTES"", A REALIZARSE DEL 27 DE JUNIO AL 8 DE JULIO DE 2017, EN LA CIUDAD AUTONOMA DE BUENOS AIRES.",2017-03-03T00:00:00,2017,RESOLUCION,"RICCARDO, JOSE LUIS",false,ninguno,,,,gold_adjudicado,no,
HCDN148611,PEDIDO DE INFORMES AL PODER EJECUTIVO SOBRE DIVERSAS CUESTIONES RELACIONADAS CON LA CUOTA HILTON PARA EL PERIODO 2012-2013.,2013-03-06T00:00:00,2013,RESOLUCION,"GONZALEZ, GLADYS ESTHER",true,B,comercio_ue_sectorial,administrativa_neutra,relacionada,gold_adjudicado,no,
HCDN096491,"EXPRESAR BENEPLACITO POR LA ""XVIII FIESTA PROVINCIAL Y ARGENTINA DE LA BAGNA CAUDA"", A REALIZARSE DEL 6 AL 20 DE JULIO DE 2008 EN LA PROVINCIA DE SANTA FE.",2008-06-20T00:00:00,2008,RESOLUCION,"MORINI, PEDRO JUAN",false,ninguno,,,,gold_adjudicado,no,
HCDN159844,EXPRESAR BENEPLACITO POR LA INCORPORACION DEL IDIOMA GUARANI COMO LENGUA OFICIAL DEL MERCOSUR.,2014-03-07T00:00:00,2014,DECLARACION,"ASSEFF, ALBERTO",true,C,mercosur_institucional,administrativa_neutra,relacionada,gold_adjudicado,no,guarani lengua oficial
HCDN164747,"REDUCCION DE LA COMPOSICION DE LA CORTE SUPREMA DE JUSTICIA DE LA NACION - LEY 26183 -. MODIFICACION DEL ARTICULO 3°, SOBRE MAYORIAS REQUERIDAS PARA EMITIR SENTENCIA.",2014-06-24T00:00:00,2014,LEY,"COMELLI, ALICIA MARCELA",false,ninguno,,,,gold_adjudicado,no,
HCDN233395,"EXPRESAR BENEPLACITO POR EL PREMIO ""PRINCESA DE ASTURIAS"", OTORGADO A LA CIENTIFICA ARGENTINA SANDRA DIAZ, EL 5 DE JUNIO DE 2019 EN LA CIUDAD DE OVIEDO, ESPAÑA.",2019-06-14T00:00:00,2019,DECLARACION,"CARRIZO, SOLEDAD",false,ninguno,,,,gold_adjudicado,no,premio en Espana sin eje comercial
HCDN185145,"EXPRESAR REPUDIO POR EL ESCRACHE REALIZADO EL DIA 21 DE ABRIL DE 2016, AL ENSAYISTA Y DESIGNADO DIRECTOR DE LA ""BIBLIOTECA NACIONAL"", ALBERTO MANGUEL.",2016-04-27T00:00:00,2016,RESOLUCION,"SCHMIDT LIERMANN, CORNELIA",false,ninguno,,,,gold_adjudicado,no,
HCDN202569,PEDIDO DE INFORMES AL PODER EJECUTIVO SOBRE DIVERSAS CUESTIONES RELACIONADAS CON EL COBRO DE ARANCELES EN CARRERAS DE FORMACION SUPERIOR BRINDADAS EN UNIVERSIDADES NACIONALES.,2017-07-17T00:00:00,2017,RESOLUCION,"LLANOS MASSA, ANA MARIA",false,ninguno,,,,gold_adjudicado,no,
HCDN274587,EXPRESAR PREOCUPACION POR LAS AMENAZAS DE MUERTE AL PERIODISTA SANTACRUCEÑO HUGO OMAR MOYANO.,2024-04-18T00:00:00,2024,DECLARACION,"REYES, ROXANA NAHIR",false,ninguno,,,,gold_adjudicado,no,
HCDN104006,"DECLARAR DE INTERES DE LA H. CAMARA EL LIBRO ""BALDOSAS POR LA MEMORIA"", EDITADO, COMPAGINADO E IMPRESO POR EL INSTITUTO ESPACIO PARA LA MEMORIA EN EL QUE SE REFLEJAN LAS ACTIVIDADES DE LA COORDINADORA BARRIOS POR MEMORIA Y JUSTICIA.",2009-03-18T00:00:00,2009,RESOLUCION,"BISUTTI, DELIA BEATRIZ",false,ninguno,,,,gold_adjudicado,no,
HCDN093042,EXPRESAR APOYO A LAS POLITICAS DEL GOBIERNO INICIADAS EL 25 DE MAYO DE 2003 Y PROFUNDIZADAS POR LA PRESIDENTA DE LA NACION CRISTINA FERNANDEZ DE KIRCHNER Y RECHAZAR EL LOCK OUT PATRONAL Y LA MEDIDA DE FUERZA QUE VIENEN SOSTENIENDO LAS ENTIDADES RURALES DESDE EL DIA 13 DE MARZO DE 2008.,2008-03-26T00:00:00,2008,RESOLUCION,"ROSSI, AGUSTIN OSCAR",false,ninguno,,,,gold_adjudicado,no,conflicto campo 2008 domestico
HCDN269876,"DECLARAR QUE EL PARLAMENTO DEL MERCOSUR (PARLASUR) ES UN INSTRUMENTO FUNDAMENTAL DE LA INTEGRACION REGIONAL, LA CONSTRUCCION DE CIUDADANIA, LA CONSOLIDACION DE LA DEMOCRACIA, EL DESARROLLO DE LOS ESTADOS PARTE Y OTRAS CUESTIONES CONEXAS.",2023-07-17T00:00:00,2023,RESOLUCION,"IGLESIAS, FERNANDO ADOLFO",true,C,mercosur_institucional,administrativa_neutra,relacionada,gold_adjudicado,no,Parlasur
HCDN117533,"PEDIDO DE INFORMES AL PODER EJECUTIVO SOBRE DIVERSAS CUESTIONES RELACIONADAS CON EL ENVIO DE LA DENOMINADA ""CUOTA HILTON"" A LA UNION EUROPEA.",2010-06-24T00:00:00,2010,RESOLUCION,"MARTINEZ, JULIO CESAR",true,B,comercio_ue_sectorial,administrativa_neutra,relacionada,gold_adjudicado,no,
HCDN158614,"CODIGO ELECTORAL NACIONAL (LEY 19945): MODIFICACIONES, SOBRE ELECCION DE PARLAMENTARIOS DEL MERCOSUR CONJUNTAMENTE CON LOS COMICIOS NACIONALES. MODIFICACION DE LA LEY 26215, DE FINANCIAMIENTO DE LOS PARTIDOS POLITICOS.",2013-12-09T00:00:00,2013,LEY,"LARROQUE, ANDRES",true,C,mercosur_institucional,administrativa_neutra,relacionada,gold_adjudicado,no,
HCDN284871,PEDIDO DE INFORMES AL PODER EJECUTIVO SOBRE DIVERSAS CUESTIONES RELACIONADAS CON EL INSTITUTO DE PROMOCION DE LA CARNE VACUNA ARGENTINA.,2025-05-22T00:00:00,2025,DECLARACION,"ARDOHAIN, MARTIN",false,ninguno,,,,gold_adjudicado,si,IPCVA promocion de carne; titulo sin UE (sonda)
HCDN247464,"EXPRESAR BENEPLACITO POR EL TRIGESIMO ANIVERSARIO DE LA FIRMA DEL TRATADO DE ASUNCION, SUSCRIPTO ENTRE ARGENTINA, BRASIL, PARAGUAY Y URUGUAY EL 26 DE MARZO DE 1991 Y QUE DIO ORIGEN AL MERCADO COMUN DEL SUR - MERCOSUR -",2021-02-08T00:00:00,2021,DECLARACION,"BERISSO, HERNAN",true,C,mercosur_simbolico,administrativa_neutra,relacionada,gold_adjudicado,si,familia aniversario
HCDN282068,SUSPENSION DE LAS ELECCIONES DIRECTAS DE PARLAMENTARIOS DEL MERCOSUR.,2025-03-05T00:00:00,2025,LEY,"LOSPENNATO, SILVIA",true,C,mercosur_institucional,administrativa_neutra,relacionada,gold_adjudicado,no,
HCDN192135,"EXPRESAR BENEPLACITO POR EL 103 ANIVERSARIO DEL ""CLUB ATLETICO TALLERES DE CORDOBA"", CELEBRADO EL 12 DE OCTUBRE DE 2016, EN LA CIUDAD CAPITAL DE LA PROVINCIA DE CORDOBA.",2016-10-26T00:00:00,2016,DECLARACION,"ESTEVEZ, GABRIELA BEATRIZ",false,ninguno,,,,gold_adjudicado,no,
HCDN212538,"TRANSITO - LEY 24449 -. MODIFICACION DEL ARTICULO 53, SOBRE EXIGENCIAS COMUNES PARA LA CIRCULACION DE VEHICULOS.",2018-03-13T00:00:00,2018,LEY,"LLANOS MASSA, ANA MARIA",false,ninguno,,,,gold_adjudicado,no,
HCDN108046,ELECCION DE PARLAMENTARIOS DEL MERCOSUR: MODIFICACION DEL CODIGO ELECTORAL NACIONAL (LEY 19945 Y MODIFICATORIAS).,2009-08-11T00:00:00,2009,LEY,"IRRAZABAL, JUAN MANUEL",true,C,mercosur_institucional,administrativa_neutra,relacionada,gold_adjudicado,no,
HCDN244879,DIAGNOSTICO TEMPRANO DE ARTRITIS REUMATOIDEA. INCLUSION EN EL PLAN MEDICO OBLIGATORIO.,2020-09-30T00:00:00,2020,LEY,"DAIVES, RICARDO DANIEL",false,ninguno,,,,gold_adjudicado,no,
HCDN276407,"EXPRESAR PREOCUPACION POR LA DECISION DEL PRESIDENTE JAVIER MILEI DE NO CONCURRIR A LA CUMBRE DE JEFES DE ESTADO DEL MERCOSUR, A CELEBRARSE EN ASUNCION, REPUBLICA DEL PARAGUAY, EL 8 DE JULIO DE 2024 Y OTRAS CUESTIONES CONEXAS.",2024-07-02T00:00:00,2024,RESOLUCION,"PAULON, ESTEBAN",true,C,mercosur_institucional,administrativa_neutra,relacionada,gold_adjudicado,no,ausencia en cumbre
HCDN141083,"SOLICITAR AL PODER EJECUTIVO DISPONGA REVER LA POLITICA DE PRECIOS INTERNOS Y LOS DERECHOS DE IMPORTACION VIGENTES, ADOPTADAS RESPECTO DE LA INDUSTRIA DE BIOCOMBUSTIBLES, Y OTRAS CUESTIONES CONEXAS.",2012-08-29T00:00:00,2012,RESOLUCION,"MALDONADO, VICTOR HUGO",false,ninguno,,,,gold_adjudicado,no,precios y aranceles domesticos biocombustibles
HCDN189782,"DECLARAR DE INTERES DE LA H. CAMARA EL ""ENCUENTRO DE COMITES POPULARES POR EL HABITAT - RESISTENCIA POR EL HABITAT"", A REALIZARSE EL 27 DE AGOSTO DE 2016 EN LA CIUDAD CAPITAL DE LA PROVINCIA DEL CHACO.",2016-08-25T00:00:00,2016,RESOLUCION,"MASIN, MARIA LUCILA",false,ninguno,,,,gold_adjudicado,no,
HCDN155686,"DECLARAR DE INTERES DE LA H. CAMARA LA "" III EDICION DE LA FERIA DE ARTESANIA DEL MERCOSUR -FAM- "", A REALIZARSE DEL 10 AL 14 DE OCTUBRE DE 2013 EN LA CIUDAD DE PUERTO IGUAZU, PROVINCIA DE MISIONES.",2013-08-28T00:00:00,2013,RESOLUCION,"ZIEGLER, ALEX ROBERTO",false,ninguno,,,,gold_adjudicado,no,feria de terceros
HCDN187916,"DECLARAR DE INTERES DE LA H. CAMARA LA REALIZACION DE LA SEGUNDA CONFERENCIA PANAMERICANA SOBRE SUSTENTABILIDAD EN BIOCOMBUSTIBLES Y BIOENERGIA, A REALIZARSE DEL 13 AL 16 DE SEPTIEMBRE DE 2016, EN LA CIUDAD AUTONOMA DE BUENOS AIRES.",2016-07-13T00:00:00,2016,RESOLUCION,"ECHEGARAY, ALEJANDRO CARLOS AUGUSTO",false,ninguno,,,,gold_adjudicado,no,conferencia de terceros
HCDN104635,"DECLARAR DE INTERES DE LA H. CAMARA LA CAMPAÑA NACIONAL DE VALORES ""ARGENTINA CONTA CONMIGO""",2009-04-08T00:00:00,2009,RESOLUCION,"HOTTON, CYNTHIA LILIANA",false,ninguno,,,,gold_adjudicado,no,
HCDN274013,EXPRESAR BENEPLACITO POR LA CONMEMORACION DEL DIA DEL MERCOSUR A CELEBRARSE EL 26 DE MARZO DE 2024.,2024-03-26T00:00:00,2024,RESOLUCION,"MARZIOTTA, GISELA",true,C,mercosur_simbolico,administrativa_neutra,relacionada,gold_adjudicado,si,familia Dia del Mercosur
HCDN120125,"EXPRESAR BENEPLACITO POR LA I REUNION ESPECIALIZADA DE TURISMO Y VIII REUNION DE MINISTROS DE TURISMO DEL MERCOSUR, REALIZADAS DEL 4 AL 6 DE AGOSTO DE 2010 EN LA PROVINCIA DE JUJUY.",2010-09-28T00:00:00,2010,DECLARACION,"LEVERBERG, STELLA MARIS",true,C,mercosur_institucional,administrativa_neutra,relacionada,gold_adjudicado,no,reuniones ministeriales oficiales
HCDN245349,"SOLICITAR AL PODER EJECUTIVO DISPONGA CONSIDERAR LA POSIBILIDAD DE ELABORAR LOS PROTOCOLOS NECESARIOS, QUE PERMITAN GARANTIZAR EL "" DERECHO AL ULTIMO ADIOS "" PARA EL ACOMPAÑAMIENTO DE PACIENTES QUE PADECEN ENFERMEDADES TERMINALES, EN EL CONTEXTO DE PANDEMIA DECLARADA POR LA ORGANIZACION MUNDIAL DE LA SALUD (OMS).",2020-10-09T00:00:00,2020,DECLARACION,"SAPAG, ALMA LILIANA",false,ninguno,,,,gold_adjudicado,no,
HCDN124985,"DECLARAR DE INTERES DE LA H. CAMARA LA MUESTRA ""EXPO MACIA 2011: ""16 FIESTA PROVINCIAL DE LA MIEL Y EXPO APICOLA DEL MERCOSUR"" A REALIZARSE DEL 1 AL 3 DE ABRIL DE 2011 EN MACIA, PROVINCIA DE ENTRE RIOS.",2011-03-04T00:00:00,2011,RESOLUCION,"MARTINEZ, JULIO CESAR",false,ninguno,,,,gold_adjudicado,no,expo apicola de terceros
HCDN121385,"DECLARAR DE INTERES DE LA H. CAMARA LA PELICULA 'EL RATI HORROR SHOW' DEL DIRECTOR ENRIQUE PIÑEYRO, DISPONIENDO SU PROYECCION EN ESTA H. CAMARA DE DIPUTADOS.",2010-11-19T00:00:00,2010,RESOLUCION,"LOZANO, CLAUDIO RAUL",false,ninguno,,,,gold_adjudicado,no,
HCDN276011,CREACION DEL SISTEMA ARGENTINO DE TRAZABILIDAD DE LA PESCA Y LA ACUICULTURA.,2024-06-11T00:00:00,2024,LEY,"REYES, ROXANA NAHIR",true,D,eudr_trazabilidad_forestal,administrativa_neutra,relacionada,gold_adjudicado,si,trazabilidad pesca
HCDN189972,"DEMOCRATIZACION DE LA REPRESENTACION POLITICA, LA TRANSPARENCIA Y LA EQUIDAD ELECTORAL - LEY 26571 -. MODIFICACION DEL ARTICULO 44, SOBRE SISTEMA D´HONT PARA LA ELECCION DE CANDIDATOS A DIPUTADOS NACIONALES Y PARLAMENTARIOS DEL MERCOSUR POR DISTRITO NACIONAL.",2016-08-29T00:00:00,2016,LEY,"CONTI, DIANA BEATRIZ",true,C,mercosur_institucional,administrativa_neutra,relacionada,gold_adjudicado,no,
HCDN129020,"APROBACION DEL ACUERDO PREFERENCIAL DE COMERCIO ENTRE EL MERCADO COMUN DEL SUR (MERCOSUR) Y LA UNION ADUANERA DE AFRICA DEL SUR (SACU), SUSCRIPTO POR LOS ESTADOS PARTE DEL MERCOSUR EN BRASIL EL 15/12/2008, Y POR LOS ESTADOS MIEMBROS DE LA SACU EN MASERU - REINO DE LESOTHO -, EL 03/04/2009.",2011-06-17T00:00:00,2011,MENSAJE Y PROYECTO DE LEY,"FERNANDEZ DE KIRCHNER, CRISTINA",true,C,mercosur_institucional,pro_liberalizacion,relacionada,gold_adjudicado,no,acuerdo comercial Mercosur-SACU
HCDN166107,"DECLARAR DE INTERES DE LA HONORABLE CAMARA DE DIPUTADOS DE LA NACION EL LIBRO ""YO QUE SE (#YQS). LA EDUCACION ARGENTINA EN LA ENCRUCIJADA"", ESCRITO POR JUAN MARIA SEGURA.",2014-08-08T00:00:00,2014,RESOLUCION,"SCHMIDT LIERMANN, CORNELIA",false,ninguno,,,,gold_adjudicado,no,
HCDN261828,DESIGNACION POR PARTE DEL CONGRESO NACIONAL DE LOS PARLAMENTARIOS DEL MERCOSUR. MODIFICACIONES AL CODIGO NACIONAL ELECTORAL Y DE LAS LEYES 26215 Y 26571. DEROGACION DE LA LEY 27120.,2022-08-08T00:00:00,2022,LEY,"LOSPENNATO, SILVIA GABRIELA",true,C,mercosur_institucional,administrativa_neutra,relacionada,gold_adjudicado,no,
HCDN096218,"DECLARAR DE INTERES PARLAMENTARIO EL ""I FORO INTERAMERICANO DE MUJERES CONTRA LA CORRUPCION"", A REALIZARSE DEL 29 DE SEPTIEMBRE AL 1 DE OCTUBRE DE 2008 EN LA CIUDAD AUTONOMA DE BUENOS AIRES.",2008-06-11T00:00:00,2008,RESOLUCION,"GIL LOZANO, CLAUDIA FERNANDA",false,ninguno,,,,gold_adjudicado,no,
HCDN159685,"PEDIDO DE INFORMES AL PODER EJECUTIVO NACIONAL SOBRE DIVERSAS CUESTIONES RELACIONADAS CON LOS CUPOS DE LA ""CUOTA HILTON"".",2014-03-06T00:00:00,2014,RESOLUCION,"BIANCHI, IVANA MARIA",true,B,comercio_ue_sectorial,administrativa_neutra,relacionada,gold_adjudicado,no,
HCDN193888,EXPRESAR REPUDIO POR LA SUSPENSION DE LA REPUBLICA BOLIVARIANA DE VENEZUELA COMO SOCIO PLENO DEL MERCOSUR.,2016-12-06T00:00:00,2016,DECLARACION,"GAILLARD, ANA CAROLINA",true,C,mercosur_institucional,administrativa_neutra,relacionada,gold_adjudicado,no,
HCDN219225,"SALUD MENTAL - LEY 26657 -. MODIFICACIONES, SOBRE DERECHOS Y GARANTIAS DE LOS ENFERMOS MENTALES, REGIONALIZACION DE LA ATENCION Y FUNCIONES DEL ORGANO DE REVISION.",2018-07-12T00:00:00,2018,LEY,"OLMEDO, ALFREDO HORACIO",false,ninguno,,,,gold_adjudicado,no,
HCDN180540,"PEDIDO DE INFORMES AL PODER EJECUTIVO SOBRE RESOLUCION REMITIDA POR LA AUDITORIA GENERAL DE LA NACION 109/15, APROBANDO EL INFORME REFERIDO A LA AUDITORIA PRACTICADA SOBRE LOS ESTADOS CONTABLES POR EL EJERCICIO FINALIZADO EL 31 DE DICIEMBRE DE 2013, CORRESPONDIENTES A AUSTRAL LINEAS AEREAS - CIELOS DEL SUR S.A.",2015-09-17T00:00:00,2015,RESOLUCION,PARLAMENTARIA MIXTA REVISORA DE CUENTAS,false,ninguno,,,,gold_adjudicado,no,
HCDN283902,"EXPRESAR PREOCUPACION POR EL FIN DE LA CONCESION DEL CORREDOR VIAL N.º 18 -RUTA DEL MERCOSUR -, A CARGO DE LA EMPRESA CAMINOS DEL PARANA S.A., EN LA RUTA N° 14 DE LA PROVINCIA DE CORRIENTES, QUE IMPLICA EL RIESGO DE DESPIDO DE TRABAJADORES.",2025-04-14T00:00:00,2025,DECLARACION,"SAND, NANCY",false,ninguno,,,,gold_adjudicado,no,ruta con nombre Mercosur; objeto vial domestico
HCDN182867,"SOLICITAR AL PODER EJECUTIVO DISPONGA LAS MEDIDAS NECESARIAS PARA DETERMINAR LA POSIBILIDAD DE ACCESO DE LA PRODUCCION GANADERA MENDOCINA A LA "" CUOTA HILTON "".",2016-03-02T00:00:00,2016,RESOLUCION,"ABRAHAM, ALEJANDRO",true,B,comercio_ue_sectorial,pro_liberalizacion,relacionada,gold_adjudicado,no,acceso ganaderia mendocina a Hilton
HCDN194286,"APROBACION DEL ACUERDO SOBRE EL BENEFICIO DE LITIGAR SIN GASTOS Y LA ASISTENCIA JURIDICA GRATUITA SOBRE LOS ESTADOS PARTES DEL MERCOSUR, LA REPUBLICA DE BOLIVIA Y LA REPUBLICA DE CHILE, SUSCRITO EN LA CIUDAD DE FLORIANOPOLIS, REPUBLICA FEDERATIVA DEL BRAIL, EL 15/12/2000.",2016-12-05T00:00:00,2016,MENSAJE Y PROYECTO DE LEY,"MACRI, MAURICIO",true,C,mercosur_institucional,administrativa_neutra,relacionada,gold_adjudicado,no,acuerdo juridico del bloque
HCDN159226,"EXPRESAR BENEPLACITO POR EL ""DIA DEL MERCOSUR"", A CELEBRARSE EL 26 DE MARZO DE 2014.",2014-02-13T00:00:00,2014,DECLARACION,"ASSEFF, ALBERTO",true,C,mercosur_simbolico,administrativa_neutra,relacionada,gold_adjudicado,si,familia Dia del Mercosur
HCDN181042,"SEGUROS - LEY 17418 -. MODIFICACION DE LOS ARTICULOS 56 Y 118, SOBRE PLAZO DE PRONUNCIAMIENTO POR PARTE DEL ASEGURADOR Y DE ACCION CONTRA EL ASEGURADOR, RESPECTIVAMENTE.",2015-10-27T00:00:00,2015,LEY,"GUTIERREZ, HECTOR MARIA",false,ninguno,,,,gold_adjudicado,no,
HCDN119624,PAPEL PRENSA. SE FIJA EN CERO POR CIENTO EL DERECHO DE IMPORTACION EN LAS POSICIONES ARANCELARIAS DE LA NOMENCLATURA DEL MERCOSUR.,2010-09-08T00:00:00,2010,LEY,"MOUILLERON, ROBERTO MARIO",false,ninguno,,,,gold_adjudicado,no,NCM papel prensa
HCDN270853,"DECLARAR MONUMENTO HISTORICO NACIONAL AL SOLAR SARMIENTO UBICADO EN LA CIUDAD DE ASUNCION, REPUBLICA DEL PARAGUAY.",2023-09-19T00:00:00,2023,LEY,"GIOJA, JOSE LUIS",false,ninguno,,,,gold_adjudicado,no,
HCDN117910,SOLICITAR AL PODER EJECUTIVO DISPONGA RATIFICAR EL TRATADO DE LIBRE COMERCIO MERCOSUR - ISRAEL CELEBRADO ENTRE LOS ESTADOS MIEMBROS DEL MERCOSUR Y EL ESTADO DE ISRAEL EL 17/12/2007.,2010-07-07T00:00:00,2010,RESOLUCION,"LLERA, TIMOTEO",true,C,mercosur_institucional,pro_liberalizacion,relacionada,gold_adjudicado,no,urge ratificar TLC Mercosur-Israel
HCDN098101,"SOLICITAR AL PODER EJECUTIVO DISPONGA EL CUMPLIMIENTO DEL ""CONVENIO DE DESARROLLO SUSTENTABLE DE JOHANNESBURGO"" POR LA REPUBLICA ARGENTINA, SUSCRIPTO EL 3 DE SEPTIEMBRE DE 2002 EN SUDAFRICA.",2008-08-27T00:00:00,2008,DECLARACION,"LLANOS, EDITH OLGA",false,ninguno,,,,gold_adjudicado,no,
HCDN278772,EDUCACION SUPERIOR - LEY 24521 -. MODIFICACIONES SOBRE ARANCELES EN LA EDUCACION SUPERIOR UNIVERSITARIA DE GESTION ESTATAL PARA CIUDADANOS EXTRANJEROS Y OTRAS CUESTIONES CONEXAS.,2024-10-04T00:00:00,2024,LEY,"VASQUEZ, PATRICIA",false,ninguno,,,,gold_adjudicado,no,aranceles universitarios
HCDN112993,"MARCO LEGAL PARA LA PRODUCCION, EL PROCESAMIENTO Y LA COMERCIALIZACION DE CARNES VACUNAS (REPRODUCCION DEL EXPEDIENTE 0806-D-08).",2010-03-08T00:00:00,2010,LEY,"PINEDO, FEDERICO",false,ninguno,,,,gold_adjudicado,no,regimen domestico de carnes
HCDN190691,"PEDIDO DE INFORMES AL PODER EJECUTIVO SOBRE DIVERSAS CUESTIONES RELACIONADAS CON LAS POLITICAS Y/O MEDIDAS PARA PROTEGER LA PRODUCCION NACIONAL, ANTE EL SIGNIFICATIVO AUMENTO DE LAS IMPORTACIONES DE CARNE DE CERDO, POLLO Y CITRICOS.",2016-09-14T00:00:00,2016,RESOLUCION,"CREMER DE BUSTI, MARIA CRISTINA",false,ninguno,,,,gold_adjudicado,si,proteccionismo importador cerdo/pollo/citricos sin contraparte UE
HCDN279476,PEDIDO DE INFORMES AL PODER EJECUTIVO SOBRE DIVERSAS CUESTIONES RELACIONADAS CON EL LISTADO DE ARGENTINOS QUE PARTICIPARON EN EL CONFLICTO BELICO DEL ATLANTICO SUR EN 1982.,2024-11-07T00:00:00,2024,RESOLUCION,"BRÜGGE, JUAN FERNANDO",false,ninguno,,,,gold_adjudicado,no,
HCDN196397,"DECLARAR DE INTERES DE LA H. CAMARA EL ""PROGRAMA DE FORTALECIMIENTO DE LA UNIDAD VIVERO ARGERICH"", EL ""PROGRAMA DE IMPLANTACION DE CORTINAS Y MONTES FORESTALES EN LAS RUTAS NACIONALES 22 Y 3 SUR"", Y EL ""PROGRAMA DE IMPLANTACION DE CORTINAS Y MONTES FORESTALES EN UNIDADES PRODUCTIVAS Y CAMINOS RURALES"", DE LA PROVINCIA DE BUENOS AIRES, DESTINADOS A PROTEGER LOS RECURSOS NATURALES.",2017-04-04T00:00:00,2017,DECLARACION,"BEVILACQUA, GUSTAVO",false,ninguno,,,,gold_adjudicado,no,forestacion vial domestica
HCDN121377,EXPRESAR REPUDIO POR LA MUERTE DE UN NIÑO DE 6 AÑOS A CAUSA DEL TRABAJO ESCLAVO Y EXPLOTACION INFANTIL EN UNA GRANJA AVICOLA EN LA PROVINCIA DE BUENOS AIRES.,2010-11-18T00:00:00,2010,DECLARACION,"ALONSO, LAURA",false,ninguno,,,,gold_adjudicado,no,
HCDN257123,SOLICITAR AL PODER EJECUTIVO DISPONGA LA REDUCCION A 0% (CERO POR CIENTO) DEL DERECHO DE IMPORTACION EXTRAZONA (D.I.E.) PARA LA MERCADERIA COMPRENDIDA EN TODAS LAS POSICIONES ARANCELARIAS DE LA NOMENCLATURA COMUN DEL MERCOSUR (N.C.M.) CORRESPONDIENTES A FERTILIZANTES DE USO AGRICOLA.,2022-03-30T00:00:00,2022,RESOLUCION,"TORELLO, PABLO",true,C,mercosur_institucional,pro_liberalizacion,relacionada,gold_adjudicado,si,DIE 0% fertilizantes: instrumento del bloque; pide bajar arancel
HCDN137940,"PEDIDO DE INFORMES AL PODER EJECUTIVO SOBRE LOS ORGANISMOS ESTATALES QUE INTERVIENEN EN LA ASIGNACION DE LOS CUPOS DE LA ""CUOTA HILTON"", Y OTRAS CUESTIONES CONEXAS.",2012-06-07T00:00:00,2012,RESOLUCION,"BIANCHI, IVANA MARIA",true,B,comercio_ue_sectorial,administrativa_neutra,relacionada,gold_adjudicado,no,
HCDN183165,EXPRESAR PREOCUPACION POR EL INCUMPLIMIENTO DEL PODER EJECUTIVO DE LO DISPUESTO EN EL ARTICULO 16 DE LA LEY 27120 - ELECCION DE PARLAMENTARIOS DEL MERCOSUR.,2016-03-08T00:00:00,2016,DECLARACION,"CARMONA, GUILLERMO RAMON",true,C,mercosur_institucional,administrativa_neutra,relacionada,gold_adjudicado,no,
HCDN214778,"DECLARAR DE INTERES DE LA H. CAMARA EL ""XXXVIII ENCUENTRO NACIONAL DE EQUIPOS DIRECTIVOS DE ESCUELAS PREUNIVERSITARIAS"", A REALIZARSE DEL 30 DE MAYO AL 1 DE JUNIO DE 2018 EN LA PROVINCIA DE MISIONES.",2018-05-04T00:00:00,2018,RESOLUCION,"PASTORI, LUIS MARIO",false,ninguno,,,,gold_adjudicado,no,
HCDN132762,"CODIGO ELECTORAL NACIONAL - LEY 19945: MODIFICACIONES, SOBRE ELECCION DE PARLAMENTARIOS DEL MERCOSUR CONJUNTAMENTE CON LOS COMICIOS NACIONALES; MODIFICACION DE LA LEY 26215, DE FINANCIAMIENTO DE LOS PARTIDOS POLITICOS.",2011-12-07T00:00:00,2011,LEY,"LANDAU, JORGE ALBERTO",true,C,mercosur_institucional,administrativa_neutra,relacionada,gold_adjudicado,no,
HCDN160209,"COMERCIO EXTERIOR: NOMENCLATURA COMUN DEL MERCOSUR (NCM) Y ARANCEL EXTERNO COMUN (AEC), APLICADO AL BIODIESEL - DECRETO 1339/12 -. DEJESE SIN EFECTO (REPRODUCCION DEL EXPEDIENTE 5840-D-12).",2014-03-14T00:00:00,2014,LEY,"PINEDO, FEDERICO",true,C,mercosur_institucional,administrativa_neutra,relacionada,gold_adjudicado,si,AEC-biodiesel derogacion; direccion no inferible del titulo
HCDN177132,"EXPRESAR SOLIDARIDAD CON EL PUEBLO DEL ESTADO DE KUWAIT FRENTE AL ATENTADO PERPETRADO EL 26 DE JUNIO DE 2015 EN LA MEZQUITA IMAN SADIQ, DISTRITO CIUDAD CAPITAL DE KUWAIT.",2015-06-30T00:00:00,2015,RESOLUCION,"CASTRO, SANDRA DANIELA",false,ninguno,,,,gold_adjudicado,no,
HCDN108239,DECLARAR ZONA DE DESASTRE Y EMERGENCIA ECONOMICA Y SOCIAL POR 180 DIAS A LOS DEPARTAMENTOS DE LAS PROVINCIAS DE SAN LUIS Y CORDOBA AFECTADOS POR LOS INCENDIOS.,2009-08-19T00:00:00,2009,LEY,"LUSQUIÑOS, LUIS BERNARDO",false,ninguno,,,,gold_adjudicado,no,
HCDN140422,"EDUCACION SUPERIOR - LEY 24521: MODIFICACIONES, SOBRE CREACION DE UNIDADES SOCIALES EDUCATIVAS SUPERIORES (USES).",2012-08-10T00:00:00,2012,LEY,"PUCHETA, RAMONA",false,ninguno,,,,gold_adjudicado,no,
HCDN221707,"EXPRESAR BENEPLACITO POR LA ELECCION DE LA INGENIERA FORESTAL Y MAGISTER ALICIA VIOLETA BOHREN, COMO LA PRIMERA MUJER RECTORA DE LA ""UNIVERSIDAD NACIONAL DE MISIONES - UNAM -"".",2018-09-11T00:00:00,2018,DECLARACION,"DERNA, VERONICA",false,ninguno,,,,gold_adjudicado,no,
HCDN157572,"LEY 20744 DE CONTRATO DE TRABAJO: MODIFICACION DEL ARTICULO 277, SOBRE PAGO EN JUICIO.",2013-10-30T00:00:00,2013,LEY,"RECALDE, HECTOR PEDRO",false,ninguno,,,,gold_adjudicado,no,
HCDN253286,"PEDIDO DE INFORMES AL PODER EJECUTIVO SOBRE EL PROYECTO PRESENTADO POR EL EX INTENDENTE, JUAN ZABALETA, PARA LA CREACION DEL NUEVO PARQUE INDUSTRIAL EN EL PARTIDO DE HURLINGHAM, PROVINCIA DE BUENOS AIRES, Y EL TRASPASO DE TIERRAS CORRESPONDIENTES AL INTA.",2021-09-15T00:00:00,2021,RESOLUCION,"TORELLO, PABLO",false,ninguno,,,,gold_adjudicado,no,
HCDN269572,"EXPRESAR PREOCUPACION LA DETENCION DE DOS MENORES, SIN ORDEN JUDICIAL, POR PARTE DE LA FUERZA PUBLICA DEL GOBIERNO DE LA PROVINCIA DE JUJUY, EL 28 DE JUNIO DE 2023.",2023-06-30T00:00:00,2023,DECLARACION,"CHAHER, LEILA",false,ninguno,,,,gold_adjudicado,no,
HCDN266645,"PROMOVER JUICIO POLITICO AL SEÑOR MINISTRO DE RELACIONES EXTERIORES, COMERCIO INTERNACIONAL Y CULTO, SANTIAGO CAFIERO, POR MAL DESEMPEÑO Y EVENTUALES DELITOS EN EL EJERCICIO DE SUS FUNCIONES",2023-03-20T00:00:00,2023,RESOLUCION,"IGLESIAS, FERNANDO ADOLFO",false,ninguno,,,,gold_adjudicado,no,juicio politico sin objeto comercial en titulo
HCDN231591,"DECLARESE MONUMENTO NATURAL A LA ESPECIE ""AGUARA GUAZU - CHRYSOCYON BRACHYURUS -"".",2019-04-12T00:00:00,2019,LEY,"ARCE, MARIO HORACIO",false,ninguno,,,,gold_adjudicado,no,
HCDN140738,PEDIDO DE INFORMES AL PODER EJECUTIVO SOBRE DIVERSAS CUESTIONES RELACIONADAS CON LOS MECANISMOS QUE SE HAN TENIDO EN CUENTA PARA ESTABLECER EL PRECIO DEL BIODIESEL EN EL MERCADO INTERNO.,2012-08-21T00:00:00,2012,RESOLUCION,"ZABALZA, JUAN CARLOS",false,ninguno,,,,gold_adjudicado,no,precio interno biodiesel
HCDN152479,"EXPRESAR BENEPLACITO POR EL DISCURSO DEL PRESIDENTE DE LA REPUBLICA DEL ECUADOR, RAFAEL CORREA SOBRE NUESTRAS ISLAS MALVINAS.",2013-05-30T00:00:00,2013,DECLARACION,"FADUL, LILIANA",false,ninguno,,,,gold_adjudicado,no,
HCDN147883,"DECLARAR DE INTERES DE LA HONORABLE CAMARA DE DIPUTADOS DE LA NACION LA ""9 EDICION DE LA FIESTA NACIONAL DEL CAMPING"" A REALIZARSE DEL 3 AL 6 DE ENERO DE 2013 EN EL PARQUE COMUNAL DE SAN GUILLERMO, DEPARTAMENTO SAN CRISTOBAL, PROVINCIA DE SANTA FE.",2013-02-04T00:00:00,2013,RESOLUCION,"MARTINEZ, OSCAR ARIEL",false,ninguno,,,,gold_adjudicado,no,
HCDN249717,"DECLARAR DE INTERES DE LA H. CAMARA EL PROGRAMA TELEVISIVO ""CONSTRUYENDO A MAMA"" QUE SE EMITE POR CANAL 5 DE LA PROVINCIA DE SAN JUAN.",2021-04-16T00:00:00,2021,RESOLUCION,"CACERES, EDUARDO AUGUSTO",false,ninguno,,,,gold_adjudicado,no,
HCDN136286,"DECLARAR DE INTERES DE LA HONORABLE CAMARA DE DIPUTADOS DE LA NACION EL VIII CERTAMEN DE FORMACION EN VALORES EN EL ""MERCOSUR"" Y LA ""UNASUR"": MANOS JOVENES ESCRIBEN EN GRANDE.",2012-05-08T00:00:00,2012,RESOLUCION,"DIAZ ROIG, JUAN CARLOS",true,C,mercosur_simbolico,administrativa_neutra,relacionada,gold_adjudicado,si,certamen Mercosur Educativo
HCDN168588,"SOLICITAR AL PODER EJECUTIVO DISPONGA LA REGLAMENTACION DE LA LEY 26689, CUIDADO INTEGRAL DE PERSONAS CON ENFERMEDADES POCO FRECUENTES.",2014-10-16T00:00:00,2014,DECLARACION,"CASELLES, GRACIELA MARIA",false,ninguno,,,,gold_adjudicado,no,
HCDN140017,EXPRESAR BENEPLACITO POR LA INCORPORACION DE LA REPUBLICA BOLIVARIANA DE VENEZUELA AL MERCOSUR.,2012-08-02T00:00:00,2012,DECLARACION,"CARDELLI, JORGE JUSTO",true,C,mercosur_institucional,administrativa_neutra,relacionada,gold_adjudicado,no,incorporacion de Venezuela
HCDN096880,PEDIDO DE INFORMES AL PODER EJECUTIVO SOBRE EL ENVIO DE CORTES CARNICOS A LA UNION EUROPEA.,2008-07-02T00:00:00,2008,RESOLUCION,"BIANCHI, IVANA MARIA",true,B,comercio_ue_sectorial,administrativa_neutra,relacionada,gold_adjudicado,no,cortes carnicos a la UE
HCDN246260,"EXPRESAR BENEPLACITO POR LAS DECLARACIONES FAVORABLES AL ACUERDO UNION EUROPEA-MERCOSUR Y EL COMPROMISO ACERCA DE SU PRONTO ENVIO AL CONGRESO NACIONAL PARA SU RATIFICACION, EXPRESADAS POR EL CANCILLER ING. FELIPE SOLA, EL 9 DE NOVIEMBRE DE 2020.",2020-11-12T00:00:00,2020,DECLARACION,"IGLESIAS, FERNANDO ADOLFO",true,A,acuerdo_ue_mercosur,pro_liberalizacion,explicita,gold_adjudicado,no,
HCDN106750,EXPRESAR REPUDIO A LA INTENCION DE DETERMINADOS SECTORES ECONOMICOS Y DE ALGUNOS LEGISLADORES QUE PRETENDEN SUSPENDER LA LEY QUE AUTORIZA LA INCLUSION DEL HERMANO PAIS DE VENEZUELA AL MERCOSUR.,2009-06-11T00:00:00,2009,RESOLUCION,"GENEM, AMANDA SUSANA",true,C,mercosur_institucional,administrativa_neutra,relacionada,gold_adjudicado,no,inclusion de Venezuela
HCDN149236,PEDIDO DE INFORMES AL PODER EJECUTIVO SOBRE DIVERSAS CUESTIONES RELACIONADAS CON LA REPARACION DEL ROMPEHIELOS ARA ALMIRANTE IRIZAR.,2013-03-15T00:00:00,2013,RESOLUCION,"ZABALZA, JUAN CARLOS",false,ninguno,,,,gold_adjudicado,no,
HCDN121112,"CODIGO ELECTORAL NACIONAL - LEY 19945 Y MODIFICATORIAS: MODIFICACIONES, SOBRE ELECCION DIRECTA DE PARLAMENTARIOS DEL MERCOSUR.",2010-11-15T00:00:00,2010,LEY,"MICHETTI, MARTA GABRIELA",true,C,mercosur_institucional,administrativa_neutra,relacionada,gold_adjudicado,no,
HCDN098070,"EXPRESAR BENEPLACITO POR LA REUNION DEL ""BLOQUE ARGENTINO"" DE LA ""UNION DE PARLAMENTARIOS DEL MERCOSUR"", LOS DIAS 29 Y 30 DE AGOSTO DE 2008 EN LA CIUDAD CAPITAL DE LA PROVINCIA DE MENDOZA.",2008-08-26T00:00:00,2008,DECLARACION,"FADEL, PATRICIA SUSANA",true,C,mercosur_institucional,administrativa_neutra,relacionada,gold_adjudicado,si,Union de Parlamentarios del Mercosur
HCDN185932,"REGLAMENTO DE LA H. CAMARA DE DIPUTADOS DE LA NACION: MODIFICACION DEL ARTICULO 64, AMPLIANDO LA COMPETENCIA DE LA COMISION DE RELACIONES EXTERIORES Y CULTO A LAS MATERIAS DE INTERES DEL MERCOSUR.",2016-05-16T00:00:00,2016,RESOLUCION,"GAILLARD, ANA CAROLINA",true,C,mercosur_institucional,administrativa_neutra,relacionada,gold_adjudicado,no,competencia de comision para el bloque
HCDN194015,"EXPRESAR PREOCUPACION POR LA EXCLUSION DE LA REPUBLICA BOLIVARIANA DE VENEZUELA, COMO MIEMBRO DEL BLOQUE DEL MERCOSUR.",2016-12-14T00:00:00,2016,DECLARACION,"RECALDE, HECTOR PEDRO",true,C,mercosur_institucional,administrativa_neutra,relacionada,gold_adjudicado,no,exclusion de Venezuela
HCDN092720,"APELLIDO MARITAL, UTILIZACION POR LA MUJER CASADA, MODIFICACION A LA LEY 18248 DEL NOMBRE Y A LA LEY 23515 DE MATRIMONIO (REPRODUCCION DEL EXPEDIENTE 1186-D-06).",2008-03-12T00:00:00,2008,LEY,"MACALUSE, EDUARDO GABRIEL",false,ninguno,,,,gold_adjudicado,no,
HCDN230484,"DECLARAR DE INTERES DE LA H. CAMARA LA PRIMERA REUNION DEL COMITE TECNICO N° 7 "" DEFENSA AL CONSUMIDOR - MERCOSUR"", REALIZADO EL 21 Y 22 DE MARZO DE 2019 EN LA CIUDAD DE USHUAIA, PROVINCIA DE TIERRA DEL FUEGO ANTARTIDA E ISLAS DEL ATLANTICO SUR.",2019-03-28T00:00:00,2019,DECLARACION,"FRANCO, JORGE DANIEL",true,C,mercosur_institucional,administrativa_neutra,relacionada,gold_adjudicado,no,comite tecnico oficial del bloque
HCDN179505,EXPRESAR BENEPLACITO POR LA REACTIVACION DE LAS NEGOCIACIONES EN BLOQUE ENTRE EL MERCOSUR Y LA UNION EUROPEA.,2015-08-31T00:00:00,2015,RESOLUCION,"ASSEFF, ALBERTO",true,A,acuerdo_ue_mercosur,pro_liberalizacion,explicita,gold_adjudicado,no,celebra reactivacion de negociaciones Mercosur-UE
HCDN282844,"PEDIDO DE INFORMES AL PODER EJECUTIVO SOBRE EL PLAN PREVISTO PARA EL PROCESO DE ESTATIZACION Y CONVOCATORIA A CONCESION PRIVADA DEL CORREDOR VIAL TRONCAL DEL MERCOSUR, Y OTRAS CUESTIONES CONEXAS.",2025-03-19T00:00:00,2025,RESOLUCION,"ARAUJO HERNANDEZ, JORGE NERI",false,ninguno,,,,gold_adjudicado,no,corredor vial con nombre Mercosur
HCDN144595,"PROMOVER JUICIO POLITICO AL MINISTRO DE JUSTICIA Y DERECHOS HUMANOS DE LA NACION, JULIO ALAK, POR MAL DESEMPEÑO EN SUS FUNCIONES.",2012-12-05T00:00:00,2012,RESOLUCION,"CARRIO, ELISA MARIA AVELINA",false,ninguno,,,,gold_adjudicado,no,
HCDN105686,"CREACION DEL PROGRAMA DE CONTENCION SOCIAL (PCS), CON LA MISION DE COMBATIR LA SITUACION DE POBREZA DE LOS HOGARES DE LA REPUBLICA ARGENTINA, PROMOVER Y CERTIFICAR LA INSERCION Y REINSERCION A FUENTES GENUINAS DE EMPLEO FORMAL DE JEFES Y JEFAS DE HOGARES POBRES.",2009-05-14T00:00:00,2009,LEY,"BULLRICH, ESTEBAN JOSE",false,ninguno,,,,gold_adjudicado,no,
HCDN105203,"DECLARAR DE INTERES DE LA H. CAMARA LA ""CAPACITACION: ALTERNATIVAS PARA DECIDIR LA SIEMBRA DE INVIERNO"", A REALIZARSE EL DIA 7 DE MAYO DE 2009 EN BANDERALO, PROVINCIA DE BUENOS AIRES.",2009-04-28T00:00:00,2009,RESOLUCION,"FERRO, FRANCISCO JOSE",false,ninguno,,,,gold_adjudicado,no,
HCDN183876,"COMPETITIVIDAD - LEY 25413 -. MODIFICACION DEL ARTICULO 2°, SOBRE IMPUESTO A LOS DEBITOS Y CREDITOS EN CUENTAS BANCARIAS.",2016-03-31T00:00:00,2016,LEY,"DIAZ ROIG, JUAN CARLOS",false,ninguno,,,,gold_adjudicado,no,
HCDN256314,"PEDIDO DE INFORMES AL PODER EJECUTIVO SOBRE DIVERSAS CUESTIONES RELACIONADAS CON LOS PROYECTOS DE DESARROLLO EMPRESARIAL - PAC REACTIVACION PRODUCTIVA PARA MICRO, PEQUEÑAS Y MEDIANAS EMPRESAS.",2022-03-10T00:00:00,2022,RESOLUCION,"CASTETS, LAURA CAROLINA",false,ninguno,,,,gold_adjudicado,no,
HCDN167194,"EXPRESAR BENEPLACITO POR EL ""VI CONGRESO INTERNACIONAL DE EDUCACION INTERCULTURAL Y LITERATURA CONTEMPORANEA"", EL ""IX ENCUENTRO DE ESCRITORES DEL MERCOSUR"" Y EL ""III ENCUENTRO DE PRODUCTORES CULTURALES DEL MERCOSUR"", A REALIZARSE DEL 10 AL 12 DE OCTUBRE DE 2014 EN PUERTO IGUAZU, PROVINCIA DE MISIONES.",2014-09-10T00:00:00,2014,RESOLUCION,"PERIE, JULIA ARGENTINA",false,ninguno,,,,gold_adjudicado,no,encuentros de terceros
HCDN113414,"PEDIDO DE INFORMES AL PODER EJECUTIVO SOBRE LAS RAZONES OPERATIVAS, ECONOMICAS O FINANCIERAS QUE IMPULSARON AL CIERRE DE LAS EXPORTACIONES DE CARNES EN LOS CORTES FRESCOS BOVINOS NO COMPRENDIDOS EN LA ""CUOTA HILTON"".",2010-03-16T00:00:00,2010,RESOLUCION,"GRIBAUDO, CHRISTIAN ALEJANDRO",true,B,comercio_ue_sectorial,administrativa_neutra,relacionada,gold_adjudicado,si,cierre exportador con referencia a la Cuota Hilton
HCDN173920,SOLICITAR AL PODER EJECUTIVO DISPONGA LAS MEDIDAS NECESARIAS PARA LA INCLUSION DE LA VITIVINICULTURA EN EL SISTEMA DE DEVOLUCION DE RETENCIONES A LA EXPORTACION IMPLEMENTADO RECIENTEMENTE.,2015-04-07T00:00:00,2015,RESOLUCION,"PRADINES, ROBERTO ARTURO",false,ninguno,,,,gold_adjudicado,no,retenciones domesticas
HCDN153101,"EXPRESAR PREOCUPACION POR EL SEXTO AÑO CONSECUTIVO DE INCUMPLIMIENTO DE LA ""CUOTA HILTON"".",2013-06-26T00:00:00,2013,DECLARACION,"MARTINEZ, JULIO CESAR",true,B,comercio_ue_sectorial,pro_liberalizacion,relacionada,gold_adjudicado,no,
HCDN272938,"CREACION DEL BANCO NACIONAL DE GUARDA DE TEJIDO GERMINAL Y GAMETOS DE NIÑAS, NIÑOS Y ADOLESCENTES MENORES DE 18 AÑOS.",2024-03-04T00:00:00,2024,LEY,"FERRARO, MAXIMILIANO",false,ninguno,,,,gold_adjudicado,no,
HCDN125815,"DECLARAR DE INTERES DE LA HONORABLE CAMARA DE DIPUTADOS DE LA NACION LA ""XVII EXPO-RURAL DEL MERCOSUR"", A REALIZARSE ENTRE LOS DIAS 7 Y 10 DE SEPTIEMBRE, EN LA SOCIEDAD RURAL DE GOBERNADOR VIRASORO, PROVINCIA DE CORRIENTES.",2011-03-23T00:00:00,2011,RESOLUCION,"ORSOLINI, PABLO EDUARDO",false,ninguno,,,,gold_adjudicado,no,expo de terceros
HCDN234111,"PEDIDO DE INFORMES VERBALES AL MINISTRO DE RELACIONES Y CULTO DE LA NACION, CANCILLER JORGE MARCELO FAURIE, ANTE LA COMISION DE INDUSTRIA DE LA H. CAMARA, SOBRE LAS CONDICIONES DEL ACUERDO DE ""ASOCIACION ESTRATEGICA ENTRE EL MERCOSUR Y LA UNION EUROPEA"".",2019-07-11T00:00:00,2019,RESOLUCION,"DE MENDIGUREN, JOSE IGNACIO",true,A,acuerdo_ue_mercosur,administrativa_neutra,explicita,gold_adjudicado,no,
HCDN267575,SUSPENSION DE LAS ELECCIONES DIRECTAS DE PARLAMENTARIOS DEL MERCOSUR.,2023-04-17T00:00:00,2023,LEY,"LOSPENNATO, SILVIA GABRIELA",true,C,mercosur_institucional,administrativa_neutra,relacionada,gold_adjudicado,no,
HCDN120954,"CONSAGRAR A LA MEMORIA HISTORICA COMO UN DERECHO INDIVIDUAL Y COLECTIVO, COMO ASI TAMBIEN LA OBTENCION DE JUSTICIA Y REPARACION DE LAS VICTIMAS DE VIOLACIONES A LOS DERECHOS HUMANOS FUNDAMENTALES.",2010-11-04T00:00:00,2010,MENSAJE Y PROYECTO DE LEY,"FERNANDEZ DE KIRCHNER, CRISTINA",false,ninguno,,,,gold_adjudicado,no,
HCDN259872,"ADHIERASE A LA MERCOSUR/CMC/DEC. 54/15 APROBADA POR EL CONSEJO DEL MERCADO COMUN, ORGANO SUPERIOR DECISORIO DEL MERCOSUR.-",2022-06-28T00:00:00,2022,LEY,"PASSO, MARCELA FABIANA",true,C,mercosur_institucional,administrativa_neutra,relacionada,gold_adjudicado,no,CMC 54/15
HCDN239936,"PEDIDO DE INFORMES AL PODER EJECUTIVO SOBRE LA DECISION DE NUESTRO PAIS DE DEJAR DE PARTICIPAR EN LAS NEGOCIACIONES DE LOS ACUERDOS COMERCIALES EN CURSO Y DE LAS FUTURAS NEGOCIACIONES DEL BLOQUE, EXCLUYENDO DE ESTA DETERMINACION A LAS YA CONCLUIDAS CON LA UNION EUROPEA Y CON LA ASOCIACION EUROPEA DE LIBRE COMERCIO (EFTA). CONVOCAR AL MINISTRO DE RELACIONES EXTERIORES Y CULTO, FELIPE SOLA , AL PLENARIO DE ESTA H. CAMARA.",2020-04-29T00:00:00,2020,RESOLUCION,"ASSEFF, ALBERTO",true,C,mercosur_institucional,administrativa_neutra,explicita,gold_adjudicado,no,retiro de negociaciones; menciona acuerdo UE concluido
HCDN141455,REGIMEN DE TRAZABILIDAD Y VERIFICACION DE APTITUD TECNICA DE LOS RECURSOS TECNOLOGICOS DE SALUD EN USO.,2012-09-06T00:00:00,2012,LEY,"BERTONE, ROSANA ANDREA",false,ninguno,,,,gold_adjudicado,no,trazabilidad salud
HCDN104435,PEDIDO DE INFORMES AL PODER EJECUTIVO SOBRE DIVERSAS CUESTIONES RELACIONADAS CON LA AUTORIZACION A LOS FRIGORIFICOS PARA EXPORTAR CARNE.,2009-03-31T00:00:00,2009,RESOLUCION,"VIALE, LISANDRO ALFREDO",false,ninguno,,,,gold_adjudicado,si,autorizacion frigorificos exportar (sonda)
HCDN176604,"EXPRESAR BENEPLACITO POR EL ACUERDO FIRMADO EN EL MARCO DE LA XXXVII REUNION DE MINISTROS DE SALUD DEL MERCOSUR Y ESTADOS ASOCIADOS, CELEBRADO EL 11 DE JUNIO DE 2015 EN BRASILIA, REPUBLICA FEDERATIVA DEL BRASIL.",2015-06-17T00:00:00,2015,DECLARACION,"GAILLARD, ANA CAROLINA",true,C,mercosur_institucional,administrativa_neutra,relacionada,gold_adjudicado,no,ministros de salud del bloque
HCDN245785,"EXPRESAR RECHAZO POR LA DECISION DE DEJAR INOPERATIVO EL ""AEROPUERTO DE EL PALOMAR - EPA -"" UBICADO EN MORON, PROVINCIA DE BUENOS AIRES.",2020-10-26T00:00:00,2020,RESOLUCION,"ASSEFF, ALBERTO",false,ninguno,,,,gold_adjudicado,no,
HCDN132802,"APROBACION DEL ACUERDO MARCO DE COOPERACION ENTRE LOS ESTADOS PARTES DEL MERCOSUR Y ESTADOS ASOCIADOS PARA LA CREACION DE EQUIPOS CONJUNTOS DE INVESTIGACION, CELEBRADO EN SAN JUAN, REPUBLICA ARGENTINA, EL 2 DE AGOSTO DE 2010.",2011-11-24T00:00:00,2011,MENSAJE Y PROYECTO DE LEY,"FERNANDEZ DE KIRCHNER, CRISTINA",true,C,mercosur_institucional,administrativa_neutra,relacionada,gold_adjudicado,no,acuerdo de cooperacion del bloque
HCDN288221,"DECLARAR DE INTERES DE LA H. CAMARA LA PELICULA DOCUMENTAL ""EL DON DE UNIR, DOMINGO BRESCI, RETRATO AUDIOVISUAL"".",2025-10-21T00:00:00,2025,RESOLUCION,"VALDES, EDUARDO FELIX",false,ninguno,,,,gold_adjudicado,no,
HCDN167641,CODIGO PENAL Y CODIGO PROCESAL PENAL DE LA NACION. MODIFICACIONES SOBRE PREVENCION Y COMBATE DEL FINANCIAMIENTO DEL TERRORISMO.,2014-09-24T00:00:00,2014,LEY,"GARRIDO, MANUEL",false,ninguno,,,,gold_adjudicado,no,
HCDN127977,PEDIDO DE INFORMES AL PODER EJECUTIVO SOBRE DIVERSAS CUESTIONES RELACIONADAS CON LA CUOTA HILTON PERIODO 2010/2011.,2011-05-24T00:00:00,2011,RESOLUCION,"GRIBAUDO, CHRISTIAN ALEJANDRO",true,B,comercio_ue_sectorial,administrativa_neutra,relacionada,gold_adjudicado,no,
HCDN159784,DERECHO REAL DE SUPERFICIE EOLICA. CREACION. MODIFICACION DEL CODIGO CIVIL. DEFINICION; LEGITIMACION; DERECHOS DEL PROPIETARIO Y PROHIBICIONES (REPRODUCCION DEL EXPEDIENTE 0028-D-12).,2014-03-07T00:00:00,2014,LEY,"COMELLI, ALICIA MARCELA",false,ninguno,,,,gold_adjudicado,no,
HCDN117390,"COMUNICACION DEL DECRETO 782/2010 POR EL CUAL SE ADOPTAN LAS DISPOSICIONES DE LA DIRECTIVA NUMERO 26 DEL 19 DE NOVIEMBRE DE 2009 DE LA COMISION DE COMERCIO DEL MERCOSUR (CCM), SOBRE LA APROBACION DE REBAJAS ARANCELARIAS PARA EL EPSILON CAPROLACTAMA.",2010-06-19T00:00:00,2010,MENSAJE,"FERNANDEZ, ANIBAL DOMINGO",true,C,mercosur_institucional,administrativa_neutra,relacionada,gold_adjudicado,no,directiva CCM
HCDN100966,DECLARAR DE INTERESES NACIONAL EL DESARROLLO DE LOS CULTIVOS ORGANICOS.,2008-11-18T00:00:00,2008,LEY,"CANELA, SUSANA MERCEDES",false,ninguno,,,,gold_adjudicado,no,
HCDN134268,"PEDIDO DE INFORMES AL PODER EJECUTIVO SOBRE LAS MEDIDAS ADOPTADAS EN ATENCION A LAS OBSERVACIONES FORMULADAS POR LA AUDITORIA GENERAL DE LA NACION, RESOLUCION 183/06 (0436-OV-06); CON MOTIVO DEL EXAMEN ESPECIAL REFERIDO AL CIRCUITO DE INFORMACION DEL MERCOSUR.",2012-02-13T00:00:00,2012,RESOLUCION,PARLAMENTARIA MIXTA REVISORA DE CUENTAS,true,C,mercosur_institucional,administrativa_neutra,relacionada,gold_adjudicado,si,auditoria del circuito de informacion del Mercosur
HCDN262503,"PEDIDO DE INFORMES AL PODER EJECUTIVO SOBRE LAS AUTORIZACIONES DE EXPORTACION DE CARNE VACUNA OTORGADAS POR EL MINISTERIO DE AGRICULTURA, GANADERIA Y PESCA, Y OTRAS CUESTIONES CONEXAS.",2022-08-31T00:00:00,2022,RESOLUCION,"TORELLO, PABLO",false,ninguno,,,,gold_adjudicado,si,autorizaciones export carne (sonda)
HCDN137358,"TRANSFERIR A TITULO GRATUITO A LA PROVINCIA DEL CHACO UN INMUEBLE PROPIEDAD DEL ESTADO NACIONAL, UBICADO EN LA LOCALIDAD DE JUAN JOSE CASTELLI (REPRODUCCION DEL EXPEDIENTE 0202-S-08).",2012-03-20T00:00:00,2012,LEY,"CORREGIDO, ELENA MERCEDES",false,ninguno,,,,gold_adjudicado,no,
HCDN144945,SOLICITAR AL PODER EJECUTIVO DISPONGA GARANTIZAR LA PARIDAD EN LA DESIGNACION DE LOS DIPUTADOS Y DIPUTADAS TITULARES Y SUPLENTES DE ARGENTINA EN EL PARLAMENTO DEL MERCOSUR.,2012-12-14T00:00:00,2012,RESOLUCION,"LINARES, MARIA VIRGINIA",true,C,mercosur_institucional,administrativa_neutra,relacionada,gold_adjudicado,no,paridad en Parlasur
HCDN097309,PEDIDO DE INFORMES AL PODER EJECUTIVO SOBRE DIVERSAS CUESTIONES RELACIONADAS CON EL INSTITUTO NACIONAL DE ESTADISTICAS Y CENSOS -INDEC-.,2008-07-25T00:00:00,2008,RESOLUCION,"MORANDINI, NORMA ELENA",false,ninguno,,,,gold_adjudicado,no,
HCDN279051,"PEDIDO DE INFORMES AL PODER EJECUTIVO SOBRE DIVERSAS CUESTIONES RELACIONADAS CON LA ENTRADA EN VIGENCIA DE UN SISTEMA DE TRAZABILIDAD INDIVIDUAL ELECTRONICO PARA BOVINOS, BUBALINOS Y CERVIDOS QUE SE APLICARA GRADUALMENTE A PARTIR DEL 1° DE MARZO DE 2025.",2024-10-18T00:00:00,2024,RESOLUCION,"MORCHIO, FRANCISCO",true,D,eudr_trazabilidad_forestal,administrativa_neutra,relacionada,gold_adjudicado,no,trazabilidad bovina (ejemplo del codebook)
HCDN134813,"MODIFICACION DE EL ARTICULO 3576 BIS DEL TITULO IX, CAPITULO III DEL CODIGO CIVIL, SOBRE INCORPORACION AL VIUDO SIN HIJOS (REPRODUCCION DEL EXPEDIENTE 1929-D-10).",2012-03-20T00:00:00,2012,LEY,"GONZALEZ, NANCY SUSANA",false,ninguno,,,,gold_adjudicado,no,
HCDN205338,"EXPRESAR BENEPLACITO POR LA SELECCION QUE EFECTUO EL PANEL ""INTERGUBERNAMENTAL SOBRE CAMBIO CLIMATICO - IPCC -"", DE TRES CIENTIFICOS ARGENTINOS QUE PARTICIPARAN EN LA ELABORACION DEL ""INFORME SOBRE CAMBIO CLIMATICO"" QUE SE PRESENTARA EN EL 2019.",2017-09-13T00:00:00,2017,RESOLUCION,"HERRERA, LUIS BEDER",false,ninguno,,,,gold_adjudicado,no,
HCDN238276,PLANEAMIENTO ESTRATEGICO FEDERAL DE LOS INSTITUTOS SUPERIORES DE FORMACION DOCENTE - ISFD -. COMISION NACIONAL DE ACREDITACION Y REGISTRO DE INSTITUTOS SUPERIORES DE FORMACION DOCENTE. CREACION.,2020-03-06T00:00:00,2020,LEY,"FERRARO, MAXIMILIANO",false,ninguno,,,,gold_adjudicado,no,
HCDN147990,"EXPRESAR PREOCUPACION POR LA DECISION DE LA ""ORGANIZACION MUNDIAL DEL COMERCIO - OMC -"" SOBRE UNIFICAR EN UN SOLO TRIBUNAL Y DAR CURSO A LAS DISPUTAS PRESENTADAS POR LA UNION EUROPEA, ESTADOS UNIDOS DE AMERICA Y JAPON CONTRA LAS SUPUESTAS MEDIDAS ILEGALES DE IMPORTACION QUE APLICA LA REPUBLICA ARGENTINA.",2013-02-18T00:00:00,2013,DECLARACION,"ATANASOF, ALFREDO NESTOR",true,B,comercio_ue_sectorial,proteccionista_defensiva,relacionada,gold_adjudicado,si,OMC con UE parte; defiende medidas argentinas
HCDN197176,"ELECCION DE PARLAMENTARIOS DEL MERCOSUR - LEY 27120 -. MODIFICACION DEL ARTICULO 16, SOBRE DESEMPEÑO DE LOS PARLAMENTARIOS EN REPRESENTACION DE LA CIUDADANIA ARGENTINA.",2017-04-07T00:00:00,2017,LEY,"LOSPENNATO, SILVIA GABRIELA",true,C,mercosur_institucional,administrativa_neutra,relacionada,gold_adjudicado,no,
HCDN263132,SOLICITAR AL PODER EJECUTIVO DISPONGA LAS MEDIDAS NECESARIAS A FIN DE MEJORAR EL MARCO INSTITUCIONAL DEL BLOQUE MERCOSUR.,2022-09-20T00:00:00,2022,RESOLUCION,"IGLESIAS, FERNANDO ADOLFO",true,C,mercosur_institucional,administrativa_neutra,relacionada,gold_adjudicado,no,
HCDN265398,"SOLICITAR AL PODER EJECUTIVO DISPONGA LA REGLAMENTACION DE LA LEY 27553, DE RECETAS ELECTRONICAS O DIGITALES.",2022-12-26T00:00:00,2022,DECLARACION,"CARRIZO, SOLEDAD",false,ninguno,,,,gold_adjudicado,no,
HCDN284458,DECLARASE PATRIMONIO CULTURAL INMATERIAL DE LA NACION AL CENTRO DE EGRESADOS DEL COLEGIO NACIONAL FLORENTINO AMEGHINO DE LA CIUDAD DE MERCEDES (B). DECLARASE DE INTERES NACIONAL LA PRESERVACION DE SU PATRIMONIO CULTURAL.,2025-05-12T00:00:00,2025,LEY,"SILEY, VANESA RAQUEL",false,ninguno,,,,gold_adjudicado,no,
HCDN162709,PLAN NACIONAL DE RECICLADO Y APROVECHAMIENTO ECONOMICO DE LOS ACEITES VEGETALES USADOS PARA LA ELABORACION DE BIOCOMBUSTIBLES. IMPLEMENTACION.,2014-05-06T00:00:00,2014,LEY,"EHCOSOR, MARIA AZUCENA",false,ninguno,,,,gold_adjudicado,no,biocombustibles domestico
HCDN265993,"CODIGO ELECTORAL NACIONAL - LEY 19945 -. MODIFICACION DEL ARTICULO 81 E INCORPORACION DEL ARTICULO 81 BIS, SOBRE CONSTITUCION DE MESAS EL DIA DE LA ELECCION Y REEMPLAZO DE LAS AUTORIDADES EN CASO DE AUSENCIA, RESPECTIVAMENTE.",2023-03-01T00:00:00,2023,LEY,"LOSPENNATO, SILVIA GABRIELA",false,ninguno,,,,gold_adjudicado,no,autoridades de mesa; no Parlasur
HCDN098531,CREACION DEL BOLETO PEDIATRICO GRATUITO EN MEDIOS DE TRANSPORTE PUBLICO TERRESTRE PARA MENORES DE 18 AÑOS CON ENFERMEDADES CRONICAS.,2008-09-04T00:00:00,2008,LEY,"GALANTINI, EDUARDO LEONEL",false,ninguno,,,,gold_adjudicado,no,
HCDN117460,"COMUNICACION DEL DECRETO 806/10 POR EL CUAL SE ADOPTAN LAS DISPOSICIONES DE LA DIRECTIVA 20 DEL 22 DE OCTUBRE DE 2009 DE LA COMISION DE COMERCIO DEL MERCOSUR (CCM), SOBRE TRATAMIENTO ARANCELARIO PARA LA IMPORTACION DE LAMINAS DE POLIURETANO CELULAR CON RECUBRIMIENTO REFLECTIVO Y RETROREFLECTIVO, PARA LA CONFECCION DE DOCUMENTOS.",2010-06-23T00:00:00,2010,MENSAJE,"FERNANDEZ, ANIBAL DOMINGO",true,C,mercosur_institucional,administrativa_neutra,relacionada,gold_adjudicado,no,directiva CCM
HCDN104211,"PEDIDO DE INFORMES POR ESCRITO AL MINISTRO DE ECONOMIA DE LA NACION, CARLOS FERNANDEZ, SOBRE LAS DECLARACIONES DEL SECRETARIO DE COMERCIO INTERIOR EFECTUADAS A FRIGORIFICOS NACIONALES RELACIONADAS CON EL PRECIO DE LA CARNE.",2009-03-23T00:00:00,2009,RESOLUCION,"GRIBAUDO, CHRISTIAN ALEJANDRO",false,ninguno,,,,gold_adjudicado,no,precios domesticos carne
HCDN198263,"CODIGO PENAL. MODIFICACION DEL ARTICULO 2, SOBRE APLICABILIDAD DE LA LEY.",2017-05-09T00:00:00,2017,LEY,"AUSTIN, BRENDA LIS",false,ninguno,,,,gold_adjudicado,no,
HCDN258555,"CODIGO CIVIL Y COMERCIAL DE LA NACION - LEY 27551 -. MODIFICACIONES, SOBRE LOCACION DE INMUEBLES.",2022-05-10T00:00:00,2022,LEY,"SALVADOR, SEBASTIAN NICOLAS",false,ninguno,,,,gold_adjudicado,no,
HCDN159429,"PEDIDO DE INFORMES AL PODER EJECUTIVO SOBRE DIVERSAS CUESTIONES RELACIONADAS CON LA POSICION DE ARGENTINA EN LA NEGOCIACION QUE ESTAN LLEVANDO A CABO LOS MIEMBROS DEL MERCOSUR: BRASIL, PARAGUAY Y URUGUAY, PARA LA CONCRECION DE UN TRATADO DE LIBRE COMERCIO CON LA UNION EUROPEA.",2014-02-28T00:00:00,2014,RESOLUCION,"ASSEFF, ALBERTO",true,A,acuerdo_ue_mercosur,administrativa_neutra,explicita,gold_adjudicado,no,
HCDN150226,"ESCUELA NORMAL SUPERIOR N°9 ""DOMINGO FAUSTINO SARMIENTO"", UBICADA EN LA CIUDAD AUTONOMA DE BUENOS AIRES. SE LA DECLARA MONUMENTO HISTORICO NACIONAL.",2013-04-11T00:00:00,2013,LEY,"PUIGGROS, ADRIANA VICTORIA",false,ninguno,,,,gold_adjudicado,no,
HCDN120492,"DECLARAR DE INTERES DE LA H. CAMARA LA XVII REUNION DEL GRUPO DE COORDINACION Y LA XVI REUNION DE LA COMISION MIXTA DE LA EFSUR -ENTIDADES FISCALIZADORAS SUPERIORES DE LOS PAISES DEL MERCOSUR Y ASOCIADOS-, A REALIZARSE DEL 20 AL 22 DE OCTUBRE DE 2010, EN LA CIUDAD AUTONOMA DE BUENOS AIRES",2010-10-14T00:00:00,2010,RESOLUCION,"GODOY, RUPERTO EDUARDO",true,C,mercosur_institucional,administrativa_neutra,relacionada,gold_adjudicado,si,EFSUR organismo asociado
HCDN105698,"EXPRESAR APOYO A LA DECISION DEL BANCO CENTRAL DE LA REPUBLICA ARGENTINA (BCRA) DE EXTENDER EL ""SISTEMA DE PAGOS EN LA MONEDA LOCAL - SML -"" A LOS RESTANTES PAISES DEL MERCOSUR Y UNASUR.",2009-05-14T00:00:00,2009,DECLARACION,"SANTANDER, MARIO ARMANDO",true,C,mercosur_institucional,pro_liberalizacion,relacionada,gold_adjudicado,si,SML facilita comercio intra-bloque
HCDN107736,"PEDIDO DE INFORMES AL PODER EJECUTIVO SOBRE EL SERVICIO DE AMBULANCIA Y DE TRASLADO DE AFILIADOS, PRESTADO POR EL PAMI, DELEGACION ROSARIO, PROVINCIA DE SANTA FE, Y OTRAS CUESTIONES CONEXAS.",2009-07-29T00:00:00,2009,RESOLUCION,"PERALTA, FABIAN FRANCISCO",false,ninguno,,,,gold_adjudicado,no,
HCDN202533,"ELECCION DE PARLAMENTARIOS DEL MERCOSUR - LEY 27120 -. SE SUSPENDE SU APLICACION HASTA EL 31 DE DICIEMBRE DE 2020, FECHA DE VENCIMIENTO DE LA PRORROGA DE LA ETAPA DE TRANSICION DE LA CONSTITUCION DEL PARLAMENTO DEL MERCOSUR.",2017-07-14T00:00:00,2017,LEY,"CARRIO, ELISA MARIA AVELINA",true,C,mercosur_institucional,administrativa_neutra,relacionada,gold_adjudicado,no,
HCDN185739,AUMENTO DE TARIFAS DE SERVICIOS PUBLICOS - DECRETO N° 367/2016 -. DEROGACION.,2016-05-10T00:00:00,2016,LEY,"STOLBIZER, MARGARITA ROSA",false,ninguno,,,,gold_adjudicado,no,
HCDN243127,"SOLICITAR AL PODER EJECUTIVO DISPONGA LAS ACCIONES NECESARIAS DE COORDINACION CON SADAIC Y AADI CAPIF A FIN DE QUE DICHAS INSTITUCIONES CUENTEN CON LOS MECANISMOS Y RECURSOS QUE PERMITAN REDEFINIR DE MANERA EXCEPCIONAL UNA REDUCCION DE LOS CANONES Y ARANCELES QUE REGULAN Y APLICAN A QUIENES EMPRENDEN ACTIVIDADES ARTISTICAS MEDIANTE PLATAFORMAS VIRTUALES TRANSMITIDAS POR VIA WEB (STREAMING) DURANTE EL PLAZO DE EXTENSION DE LAS RESTRICCIONES SOCIALES, EN EL MARCO DE LA PANDEMIA POR COVID-19.",2020-08-03T00:00:00,2020,DECLARACION,"GRANDE, MARTIN",false,ninguno,,,,gold_adjudicado,no,
HCDN172169,TARIFA SOCIAL BASICA DE SERVICIOS PUBLICOS A FAVOR DE LOS CLUBES E INSTITUCIONES DEPORTIVAS BARRIALES: CREACION (REPRODUCCION DEL EXPEDIENTE 0534-D-13).,2015-03-02T00:00:00,2015,LEY,"BIANCHI, IVANA MARIA",false,ninguno,,,,gold_adjudicado,no,
HCDN282710,INSTAR AL PODER EJECUTIVO A ASEGURAR EL CUMPLIMIENTO DE LA DISPOSICION N° 03/2022 DEL PARLASUR EN RELACION AL PAGO DE LOS VIATICOS CORRESPONDIENTES A LA PARTICIPACION DE LOS REPRESENTANTES DE LA REPUBLICA ARGENTINA ANTE EL PARLAMENTO DEL MERCOSUR.,2025-03-17T00:00:00,2025,RESOLUCION,"QUETGLAS, FABIO JOSE",true,C,mercosur_institucional,administrativa_neutra,relacionada,gold_adjudicado,no,Parlasur viaticos
HCDN273731,"BIOCOMBUSTIBLES - LEY 27640 -. MODIFICACIONES, SOBRE IMPULSO DE SU INDUSTRIA.",2024-03-19T00:00:00,2024,LEY,"FEIN, MONICA",false,ninguno,,,,gold_adjudicado,no,biocombustibles domestico
HCDN109680,SOLICITAR AL PODER EJECUTIVO DISPONGA LAS MEDIDAS NECESARIAS PARA GESTIONAR ANTE EL PARLAMENTO DEL MERCOSUR QUE GARANTICE LA ESTABILIDAD Y SEGURIDAD EN LA REGION DECLARANDO SU RECHAZO AL INCREMENTO DE GASTOS EN ARMAMENTOS POR LOS ESTADOS - PARTES Y ESTADOS - ASOCIADOS DEL BLOQUE.,2009-10-26T00:00:00,2009,RESOLUCION,"IGLESIAS, FERNANDO ADOLFO",true,C,mercosur_institucional,administrativa_neutra,relacionada,gold_adjudicado,si,Parlasur; contenido armamentos
HCDN134592,"CAPILLA DEL CEMENTERIO SITA EN EL POBLADO HISTORICO DE SECLANTAS, DEPARTAMENTO DE MOLINOS, PROVINCIA DE SALTA: SE LA DECLARA MONUMENTO HISTORICO NACIONAL (REPRODUCCION DEL EXPEDIENTE 7562-D-10).",2012-03-16T00:00:00,2012,LEY,"YARADE, FERNANDO",false,ninguno,,,,gold_adjudicado,no,
HCDN107841,"DECLARAR DE INTERES DE LA HONORABLE CAMARA EL I CONGRESO INTERNACIONAL DE ""GUARANI IDIOMA OFICIAL DEL MERCOSUR"", A REALIZARSE EL DIA 29 DE AGOSTO DE 2009 EN LA CIUDAD DE POSADAS, PROVINCIA DE MISIONES.",2009-08-04T00:00:00,2009,DECLARACION,"PERIE, JULIA ARGENTINA",false,ninguno,,,,gold_adjudicado,no,congreso de terceros
HCDN222075,"PEDIDO DE INFORMES AL PODER EJECUTIVO SOBRE DIVERSAS CUESTIONES RELACIONADAS CON LA SITUACION LABORAL DE TRABAJADORES QUE SE DESEMPEÑAN EN LA DEPENDENCIA DE LA ""SECRETARIA DE AGRICULTURA, GANADERIA Y PESCA DE LA NACION"" UBICADA EN ELDORADO, PROVINCIA DE MISIONES.",2018-09-19T00:00:00,2018,RESOLUCION,"DI STEFANO, DANIEL",false,ninguno,,,,gold_adjudicado,no,
HCDN120077,"COMUNICACION DEL DECRETO 1192/2010 POR EL CUAL SE ADOPTAN LAS DISPOSICIONES DE LA DECISION 25/09 DEL CONSEJO DEL MERCADO COMUN, FIJANDOSE TRANSITORIAMENTE, HASTA EL 31 DE DICIEMBRE DE 2011 LOS NIVELES DE ARANCEL EXTERNO COMUN - AEC - Y DERECHO DE IMPORTACION EXTRAZONA - DIE - EN EL VEINTIOCHO POR CIENTO (28%), DE DIVERSAS POSICIONES ARANCELARIAS DE LA NOMENCLATURA COMUN DEL MERCOSUR - NCM.",2010-09-24T00:00:00,2010,MENSAJE,"FERNANDEZ, ANIBAL DOMINGO",true,C,mercosur_institucional,administrativa_neutra,relacionada,gold_adjudicado,no,Decision CMC sobre AEC/DIE
HCDN214023,EXPRESAR BENEPLACITO POR EL LLAMADO A LICITACION PARA LA CONSTRUCCION DE UN ESTADIO DE FUTBOL EN LA CIUDAD CAPITAL DE LA PROVINCIA DE SANTIAGO DEL ESTERO.,2018-04-17T00:00:00,2018,RESOLUCION,"NEDER, ESTELA MARY",false,ninguno,,,,gold_adjudicado,no,
HCDN242032,"EXPRESAR BENEPLACITO POR EL LANZAMIENTO DEL ""PROGRAMA CLUBES EN OBRA"", DESTINADO AL APOYO Y MEJORA DE LA INFRAESTRUCTURA DE CLUBES DE BARRIO Y ENTIDADES DEPORTIVAS COMUNITARIAS.",2020-06-26T00:00:00,2020,DECLARACION,"SIERRA, MAGDALENA",false,ninguno,,,,gold_adjudicado,no,
