orden,proyecto_id,titulo,publicacion_fecha,tipo,autor,relevante_manual,dominio_manual,tema_manual,orientacion_manual,saliencia_manual,notas
1,HCDN096128,PEDIDO DE INFORMES AL PODER EJECUTIVO SOBRE EL IMPACTO DE LOS BIOCOMBUSTIBLES EN LA CRISIS ALIMENTARIA MUNDIAL.,2008-06-10T00:00:00,RESOLUCION,"BIANCHI, IVANA MARIA",,,,,,
2,HCDN258880,"SISTEMA INTEGRADO DE PROTECCION A LAS PERSONAS DISCAPACITADAS - LEY 22431 -. MODIFICACIONES DEL ARTICULO 20 E INCORPORACION DEL ARTICULO 4 BIS, SOBRE BARRERAS ARQUITECTONICAS Y EXIMICION DE IMPUESTOS PARA LAS IMPORTACIONES TECNOLOGICAS PARA USO PERSONAL, RESPECTIVAMENTE.",2022-05-26T00:00:00,LEY,"ORREGO, HUMBERTO MARCELO",,,,,,
3,HCDN180275,"PEDIDO DE INFORMES AL PODER EJECUTIVO SOBRE RESOLUCION REMITIDA POR LA AUDITORIA GENERAL DE LA NACION 182/14, APROBANDO EL INFORME DE AUDITORIA REALIZADO EN EL AMBITO DEL SERVICIO NACIONAL DE SANIDAD Y CALIDAD AGROALIMENTARIA (SENASA), PROGRAMA 20 SANIDAD ANIMAL, CON EL OBJETO DE ""AUDITAR LA GESTION DEL SENASA EN MATERIA DE SANIDAD ANIMAL DURANTE EL AÑO 2011 Y EL PRIMER SEMESTRE DE 2012, ESPECIFICAMENTE EN LO QUE CONCIERNE AL PROGRAMA NACIONAL DE LUCHA CONTRA LA FIEBRE AFTOSA, EL SISTEMA DE IDENTIFICACION ANIMAL Y TRAZABILIDAD Y EL PROGRAMA DE BIENESTAR ANIMAL"".",2015-09-15T00:00:00,RESOLUCION,PARLAMENTARIA MIXTA REVISORA DE CUENTAS,,,,,,
4,HCDN190953,"SECRETARIAS EN LAS FISCALIAS DE PRIMERA INSTANCIA FEDERALES 1, 2 Y 3 DE ROSARIO, PROVINCIA DE SANTA FE. CREACION.",2016-09-21T00:00:00,LEY,"GONZALEZ, JOSEFINA VICTORIA",,,,,,
5,HCDN165644,"DECLARAR DE INTERES DE LA HONORABLE CAMARA DE DIPUTADOS DE LA NACION EL 90 ANIVERSARIO DE LA FUNDACION DE LA EMISORA RADIAL LT9 ""BRIGADIER LOPEZ"", CELEBRADO EL DIA 24 DE JUNIO DE 2014 EN LA PROVINCIA DE SANTA FE.",2014-07-18T00:00:00,RESOLUCION,"MARTINEZ, OSCAR ARIEL",,,,,,
6,HCDN093150,PEDIDO DE INFORMES AL PODER EJECUTIVO SOBRE EL CONTROL DE LA ACTIVIDAD QUE DESARROLLA LA ORGANIZACION VERAZ SA EN SU CARACTER DE PORTADORA DE BASE DE DATOS PERSONALES.,2008-03-28T00:00:00,RESOLUCION,"GENEM, AMANDA SUSANA",,,,,,
7,HCDN094169,EXPORTACIONES DE CARNES: DESTINAR EL 50 % DE LAS RETENCIONES A LAS EXPORTACIONES DE CARNES A OTORGAR SUBSIDIOS A LOS PRODUCTORES GANADEROS PRIMARIOS DE HASTA MIL CABEZAS DE GANADO.,2008-04-24T00:00:00,LEY,"PORTELA, AGUSTIN ALBERTO",,,,,,
8,HCDN214241,"EXPRESAR PREOCUPACION POR LA SITUACION QUE ATRAVIESA LA EMPRESA INVAP S.E. Y RECLAMAR POR ""EL PLAN SATELITAL GEOESTACIONARIO ARGENTINO 2015-2035""",2018-04-19T00:00:00,RESOLUCION,"DOÑATE, CLAUDIO MARTIN",,,,,,
9,HCDN200287,"DESIGNACION DE LA LOCALIDAD DE YAPEYU, PROVINCIA DE CORRIENTES, COMO SEDE OFICIAL DE LOS ACTOS DEL NATALICIO Y FALLECIMIENTO DEL GENERAL DON JOSE FRANCISCO DE SAN MARTIN, A CONMEMORARSE ANUALMENTE LOS DIAS 25 DE FEBRERO Y 17 DE AGOSTO, RESPECTIVAMENTE.",2017-06-07T00:00:00,LEY,"VALDES, GUSTAVO ADOLFO",,,,,,
10,HCDN149257,"CREACION DEL ""PROGRAMA DE MODERNIZACION DE LA INFRAESTRUCTURA DEL TRANSPORTE TERRESTRE -PROMITT-"".",2013-03-15T00:00:00,LEY,"ASSEFF, ALBERTO",,,,,,
11,HCDN282348,EXPRESAR RECHAZO POR LA RESOLUCION DE LA SECRETARIA DE CULTURA DE LA NACION MEDIANTE LA CUAL SE MODIFICA EL REGLAMENTO GENERAL DEL SALON NACIONAL DE LAS ARTES VISUALES Y. OTRAS CUESTIONES CONEXAS.,2025-03-07T00:00:00,RESOLUCION,"GINOCCHIO, SILVANA MICAELA",,,,,,
12,HCDN142034,PEDIDO DE INFORMES AL PODER EJECUTIVO NACIONAL SOBRE LAS MEDIDAS NECESARIAS PARA MITIGAR LA FUGA DE DEPOSITOS EN DOLARES QUE VIENEN SUFRIENDO LAS ENTIDADES BANCARIAS ARGENTINAS.,2012-09-20T00:00:00,RESOLUCION,"ATANASOF, ALFREDO NESTOR",,,,,,
13,HCDN163486,"SOLICITAR AL PODER EJECUTIVO DISPONGA LAS MEDIDAS NECESARIAS PARA QUE SE ABSTENGA DE DAR COMIENZO DE EJECUCION AL ""MEMORANDUM DE ENTENDIMIENTO ENTRE EL GOBIERNO DE LA REPUBLICA ARGENTINA Y LA REPUBLICA DE IRAN, SOBRE LOS TEMAS VINCULADOS AL ATAQUE TERRORISTA A LA SEDE DE LA AMIA, EN BUENOS AIRES, EL DIA 18 DE JULIO DE 1994"", Y OTRAS CUESTIONES CONEXAS.",2014-05-20T00:00:00,RESOLUCION,"NEGRI, MARIO RAUL",,,,,,
14,HCDN249454,SOLICITAR AL PODER EJECUTIVO DISPONGA LOS MEDIOS NECESARIOS PARA LA ACTUALIZACION DE LOS ARANCELES DEL NOMENCLADOR DE PRESTACIONES BASICAS PARA PERSONAS CON DISCAPACIDAD.,2021-04-09T00:00:00,RESOLUCION,"ZAMARBIDE, FEDERICO RAUL",,,,,,
15,HCDN164307,PEDIDO DE INFORMES AL PODER EJECUTIVO NACIONAL SOBRE DIVERSAS CUESTIONES RELACIONADAS CON UN NUEVO INCUMPLIMIENTO DE LA CUOTA HILTON.,2014-06-09T00:00:00,RESOLUCION,"MARTINEZ, JULIO CESAR",,,,,,
16,HCDN272141,SOLICITAR AL PODER EJECUTIVO DISPONGA LAS MEDIDAS NECESARIAS PARA HABILITAR LA COMERCIALIZACION DE CORTES DE CARNE BOVINA CON HUESO AL SUR DEL RÍO COLORADO.,2023-12-07T00:00:00,DECLARACION,"PEREZ ARAUJO, HERNAN",,,,,,
17,HCDN115461,"EXPRESAR PREOCUPACION POR LA DECLARACIONES DE JOSE SERRA, CANDIDATO PRESIDENCIAL DEL PARTIDO SOCIAL DEMOCRATA DE BRASIL (PSDB) SOBRE LA CONTINUIDAD DEL MERCOSUR.",2010-05-05T00:00:00,DECLARACION,"SABBATELLA, MARTIN",,,,,,
18,HCDN129732,PEDIDO DE INFORMES AL PODER EJECUTIVO NACIONAL SOBRE DIVERSAS CUESTIONES RELACIONADAS CON LA DISTRIBUCION DE LA CUOTA HILTON 2011-2012.,2011-07-28T00:00:00,RESOLUCION,"GRIBAUDO, CHRISTIAN ALEJANDRO",,,,,,
19,HCDN113390,"APROBAR LA CONSTRUCCION DE UN TERCER CARRIL, EN AMBOS SENTIDOS DE CIRCULACION, EN LA RUTA NACIONAL 9 QUE UNE LAS PROVINCIAS DE SANTA FE CON BUENOS AIRES.",2010-03-16T00:00:00,LEY,"COMI, CARLOS MARCELO",,,,,,
20,HCDN119747,"SOLICITAR AL PODER EJECUTIVO DISPONGA GESTIONAR ANTE EL ""PARLAMENTO DEL MERCOSUR - PARLASUR -"", LA ADHESION AL PEDIDO DE LA JUSTICIA ARGENTINA PARA PROCEDER A LA EXTRADICION DE FUNCIONARIOS IRANIES IMPLICADOS Y ACUSADOS EN LA CAUSA POR EL ATENTADO A LA ""ASOCIACION MUTUAL ISRAELITA ARGENTINA - AMIA -.""",2010-09-10T00:00:00,DECLARACION,"BULLRICH, PATRICIA",,,,,,
21,HCDN192422,"IMPUESTO A LAS GANANCIAS - LEY 20628 -. MODIFICACION DEL ARTICULO 104, SOBRE DESTINAR EL 10% DE LO PRODUCIDO POR EL GRAVAMEN A LA PROVINCIA DE BUENOS AIRES.",2016-11-02T00:00:00,LEY,"BUIL, SERGIO OMAR",,,,,,
22,HCDN259351,CREASE EL PLAN DE ACTUACION ESCOLAR PARA LA ATENCION DE LA PROBLEMATICA DEL ALUMNO CON DIAGNOSTICO DE DIABETES.,2022-06-07T00:00:00,LEY,"VIDAL, MARIA EUGENIA",,,,,,
23,HCDN168478,"EXPRESAR BENEPLACITO POR EL ""PRIMER TALLER DE ABEJAS NATIVAS SIN AGUIJON - ANSA -"", QUE SE REALIZARA LOS DIAS 21 Y 22 DE OCTUBRE DE 2014 EN COLONIA BENITEZ, PROVINCIA DEL CHACO.",2014-10-14T00:00:00,RESOLUCION,"MARTINEZ, JULIO CESAR",,,,,,
24,HCDN125475,"APROBACION DEL CONVENIO ENTRE LA REPUBLICA ARGENTINA Y LA REPUBLICA DE ECUADOR PARA EL CUMPLIMIENTO DE CONDENAS PENALES, SUSCRIPTO EN BUENOS AIRES, EL 20 DE SEPTIEMBRE DE 2007, Y EL ACUERDO POR CANJE DE NOTAS POR EL QUE SE ENMIENDA EL ARTICULO 10 DEL MISMO, DEL 18 DE ENERO DE 2010.",2011-03-03T00:00:00,MENSAJE Y PROYECTO DE LEY,"FERNANDEZ DE KIRCHNER, CRISTINA",,,,,,
25,HCDN150092,"PEDIDO DE INFORMES AL PODER EJECUTIVO SOBRE DIVERSAS CUESTIONES RELACIONADAS CON LOS ANTECEDENTES TECNICOS DE LA LICITACION PUBLICA N 36/12 LLEVADA A CABO POR EL MINISTERIO DE SALUD, PARA LA ADQUISICION DE EQUIPOS DE RAYOS X FIJOS.",2013-04-08T00:00:00,RESOLUCION,"GARRIDO, MANUEL",,,,,,
26,HCDN159802,"PEDIDO DE INFORMES AL PODER EJECUTIVO NACIONAL SOBRE DIVERSAS CUESTIONES RELACIONADAS CON LA POSICION DE ARGENTINA EN LA NEGOCIACION QUE ESTAN LLEVANDO A CABO LOS MIEMBROS DEL MERCOSUR: BRASIL, PARAGUAY Y URUGUAY, PARA LA CONCRECION DE UN TRATADO DE LIBRE COMERCIO CON LA UNION EUROPEA.",2014-03-07T00:00:00,RESOLUCION,"ASSEFF, ALBERTO",,,,,,
27,HCDN139309,"EXPRESAR APOYO EN SU RECLAMO POR DESPIDOS, CON LOS TRABAJADORES DE LA EMPRESA LATIN BIOCOMBUSTIBLES DE LA CIUDAD DE ARROYO SECO, PROVINCIA DE SANTA FE.",2012-07-10T00:00:00,RESOLUCION,"PERALTA, FABIAN FRANCISCO",,,,,,
28,HCDN153653,TARJETAS DE CREDITO (LEY 25065) MODIFICACION DE LOS ARTICULOS 15 Y 16 SOBRE ARANCELES DIFERENCIADOS EN CONCEPTO DE COMISIONES Y OTROS CARGOS Y DE INTERES COMPENSATORIO O FINANCIERO.,2013-07-02T00:00:00,LEY,"MILMAN, GERARDO",,,,,,
29,HCDN135856,REGIMEN DISTRIBUTIVO PARA EL CUPO TARIFARIO DE CORTES ENFRIADOS VACUNOS SIN HUESO DE ALTA CALIDAD ASIGNADOS ANUALMENTE POR LA UNION EUROPEA.,2012-04-19T00:00:00,LEY,"ALONSO, GUMERSINDO FEDERICO",,,,,,
30,HCDN176187,"DECLARAR DE INTERES DE LA H. CAMARA EL ""XII CONGRESO NACIONAL DE CIENCIA POLITICA"", A REALIZARSE DEL 12 AL 15 DE AGOSTO DE 2015, EN LA CIUDAD CAPITAL DE LA PROVINCIA DE MENDOZA.",2015-06-10T00:00:00,RESOLUCION,"ASSEFF, ALBERTO",,,,,,
31,HCDN191159,"EXPRESAR BENEPLACITO POR EL FALLO DE LA ""CORTE GENERAL DE JUSTICIA DE LA UNION EUROPEA - UE -"" ANULANDO LA APLICACION DE LOS DERECHOS SOBRE EL BIODIESEL DE SOJA ARGENTINO.",2016-09-27T00:00:00,RESOLUCION,"NAZARIO, ADRIANA MONICA",,,,,,
32,HCDN137942,"EXPRESAR PREOCUPACION POR EL INCUMPLIMIENTO DE LA ""CUOTA HILTON"" DE CARNES DESTINADAS A LA UNION EUROPEA.",2012-06-07T00:00:00,RESOLUCION,"BIANCHI, IVANA MARIA",,,,,,
33,HCDN113854,PEDIDO DE INFORMES AL PODER EJECUTIVO SOBRE LOS MOTIVOS POR LOS CUALES SE INCUMPLIRA CON EL ENVIO DE LA TOTALIDAD DE LA CUOTA HILTON ASIGNADA PARA EL PERIODO 2009-2010.,2010-03-25T00:00:00,RESOLUCION,"GRIBAUDO, CHRISTIAN ALEJANDRO",,,,,,
34,HCDN138539,"DECLARAR DE INTERES DE LA H. CAMARA LA ""XVIII EXPO-RURAL DEL MERCOSUR"", A REALIZARSE DEL 30 DE AGOSTO AL 3 DE SEPTIEMBRE DE 2012 EN GOBERNADOR VIRASORO, PROVINCIA DE CORRIENTES.",2012-06-22T00:00:00,RESOLUCION,"ASPIAZU, LUCIO BERNARDO",,,,,,
35,HCDN249071,COMISION BICAMERAL ESPECIAL PARA EL SEGUIMIENTO Y RATIFICACION DEL ACUERDO DE ASOCIACION ESTRATEGICA MERCOSUR - UNION EUROPEA. CREACION EN EL AMBITO DEL H. CONGRESO DE LA NACION.,2021-03-26T00:00:00,LEY,"LEHMANN, MARIA LUCILA",,,,,,
36,HCDN282629,PEDIDO DE INFORMES AL PODER EJECUTIVO SOBRE DIVERSAS CUESTIONES RELACIONADAS CON LA SITUACION DE LAS POLITICAS DE GENERO VIGENTES Y OTRAS CUESTIONES CONEXAS.,2025-03-14T00:00:00,RESOLUCION,"PAULON, ESTEBAN",,,,,,
37,HCDN204995,"EXPRESAR PREOCUPACION POR LA DECISION DEL GOBIERNO ARGENTINO DE AMPLIAR LAS POSIBILIDADES DE INTERCAMBIO DE TODA LA CARNE PORCINA FRESCA, REFRIGERADA Y CONGELADA Y SUS DERIVADOS, PROVENIENTES DE LOS ESTADOS UNIDOS DE AMERICA.",2017-08-31T00:00:00,DECLARACION,"DE MENDIGUREN, JOSE IGNACIO",,,,,,
38,HCDN138999,"EXPRESAR PREOCUPACION POR LAS DECLARACIONES DE LA ""UNION EUROPEA"", MANIFESTANDOSE SOBRE LAS POLITICAS COMERCIALES ARGENTINAS.",2012-07-02T00:00:00,DECLARACION,"ATANASOF, ALFREDO NESTOR",,,,,,
39,HCDN140332,SISTEMA BRAILLE: SE ESTABLECE QUE LAS ENTIDADES BANCARIAS PUBLICAS Y PRIVADAS DEBEN CONTAR EN SUS SUCURSALES CON FORMULARIOS DE DICHAS CARACTERISTICAS.,2012-08-08T00:00:00,LEY,"MAJDALANI, SILVIA CRISTINA",,,,,,
40,HCDN113704,EXPRESAR RECHAZO Y REPUDIO POR LAS MANIOBRAS QUE IMPIDEN LA EXPORTACION DE CARNE VACUNA.,2010-03-19T00:00:00,DECLARACION,"CASAÑAS, JUAN FRANCISCO",,,,,,
41,HCDN132016,PREMIO NACIONAL A LA LABOR DESTACADA EN ARBITRAJE FUTBOLISTICO EN TORNEOS NACIONALES DE PRIMERA DIVISION: CREACION.,2011-11-03T00:00:00,LEY,"MARTINEZ, SOLEDAD",,,,,,
42,HCDN240112,"IMPUESTO A LAS GANANCIAS. MODIFICACION DEL ARTICULO 27, SOBRE LAS REMUNERACIONES PERCIBIDAS EN CONCEPTO DE GUARDIAS OBLIGATORIAS POR PARTE DE PROFESIONALES, TECNICOS, AUXILIARES Y PERSONAL OPERATIVO DEL SISTEMA DE SALUD EN EL MARCO DE LA PANDEMIA DEL COVID 19.",2020-05-06T00:00:00,LEY,"GINOCCHIO, SILVANA MICAELA",,,,,,
43,HCDN248945,"EXPRESAR BENEPLACITO POR EL 30 ANIVERSARIO DE LA FIRMA DEL TRATADO DE ASUNCION, SUSCRIPTO EL 26 DE MARZO DE 1991 ENTRE LAS REPUBLICAS DE ARGENTINA, FEDERATIVA DEL BRASIL, PARAGUAY Y ORIENTAL DE URUGUAY, QUE CONSTITUYO EL MERCADO COMUN DEL SUR - MERCOSUR -.",2021-03-23T00:00:00,DECLARACION,"FERNANDEZ LANGAN, EZEQUIEL",,,,,,
44,HCDN153809,"DECLARAR DE INTERES DE LA H. CAMARA EL FESTIVAL ""37 ANIVERSARIO DE LOS BOMBEROS VOLUNTARIOS DE SALADAS"", REALIZADO EL DIA 8 DE JUNIO DE 2013 EN LA PROVINCIA DE CORRIENTES.",2013-07-10T00:00:00,RESOLUCION,"CHIENO, MARIA ELENA PETRONA",,,,,,
45,HCDN209202,PEDIDO DE INFORMES AL PODER EJECUTIVO SOBRE DIVERSAS CUESTIONES RELACIONADAS CON LA EXPORTACION DE BIODIESEL.,2017-12-14T00:00:00,RESOLUCION,"FRANA, SILVINA PATRICIA",,,,,,
46,HCDN240730,"EXPRESAR ADHESION A LA ""DECLARACION ESPECIAL DE LOS ESTADOS PARTES Y ESTADOS ASOCIADOS DEL MERCOSUR SOBRE LA PESCA ILEGAL, NO DECLARADA Y NO REGLAMENTADA"", EMITIDA POR LOS PRESIDENTES DE LOS ESTADOS PARTES Y ESTADOS ASOCIADOS DEL MERCOSUR, EN MENDOZA, EL 21 DE JULIO DE 2017. SOLICITAR AL PODER EJECUTIVO IMPULSE UNA NEGOCIACION EN EL AMBITO DEL CONSEJO DEL MERCADO COMUN DEL SUR (CMC) Y DE OTROS ORGANOS DEL MERCOSUR COMPETENTES EN LA MATERIA, SOBRE LA BASE DE LINEAMIENTOS CON EL FIN DE ELABORAR UNA POLITICA REGIONAL PESQUERA CONSENSUADA.",2020-05-20T00:00:00,DECLARACION,"ZUVIC, MARIANA",,,,,,
47,HCDN126742,"DECLARAR DE INTERES DE LA H. CAMARA EL ""XXXVII CONGRESO DE LA ASOCIACION ARGENTINA DE AGENCIAS DE VIAJES Y TURISMO"", A REALIZARSE DEL 2 AL 4 DE JUNIO DE 2011 EN ROSARIO, PROVINCIA DE SANTA FE.",2011-04-19T00:00:00,RESOLUCION,"PANSA, SERGIO HORACIO",,,,,,
48,HCDN247131,"PEDIDO DE INFORMES AL PODER EJECUTIVO SOBRE LA COMUNICACION DE LA SUBSECRETARIA DE MERCADOS AGROPECUARIOS RELACIONADA CON LA SUSPENSION TEMPORARIA DE LA REGISTRACION DE DECLARACIONES JURADAS DE VENTA AL EXTERIOR DE MAIZ, CON FECHA DE EMBARQUE ANTERIOR AL 1° DE MARZO 2021.-",2021-01-04T00:00:00,RESOLUCION,"FREGONESE, ALICIA",,,,,,
49,HCDN096506,"EXPRESAR ADHESION A LA DECLARACION DE LA COMISION DE ASUNTOS POLITICOS, MUNICIPALES Y DE INTEGRACION DEL PARLAMENTO LATINOAMERICANO REFERIDA A LA PARTICIPACION DE ARGENTINA, URUGUAY Y EL MERCOSUR EN LA SOLUCION DE CONTROVERSIAS AMBIENTALES EXISTENTES EN LOS PAISES DEL BLOQUE.",2008-06-23T00:00:00,DECLARACION,"IGLESIAS, FERNANDO ADOLFO",,,,,,
50,HCDN095278,"DECLARAR DE INTERES EL SEMINARIO - TALLER ""LOS DESAFIOS DE LA INTEGRACION REGIONAL EN MERCOSUR: LA MIRADA LOCAL"", REALIZADO LOS DIAS 8 Y 9 DE MAYO DE 2008 EN TANDIL, PROVINCIA DE BUENOS AIRES.",2008-05-19T00:00:00,RESOLUCION,"GALANTINI, EDUARDO LEONEL",,,,,,
51,HCDN256577,ALICUOTA DIFERENCIADA DEL ARANCEL EXTERNO COMUN PARA CABLES DE ACERO GALVANIZADOS EN EL MARCO DE LA EMERGENCIA AGRO-ECOLOGICA EN LAS PROVINCIAS DE CORRIENTES Y MISIONES.,2022-03-17T00:00:00,LEY,"FERNANDEZ, CARLOS ALBERTO",,,,,,
52,HCDN155723,"DECLARAR DE INTERES DE LA H. CAMARA EL ""CONGRESO INTERNACIONAL DE PERIODISTAS AGROPECUARIOS"", A REALIZARSE DEL 1 AL 5 DE SEPTIEMBRE DE 2013, EN LA PROVINCIA DE BUENOS AIRES Y ROSARIO, PROVINCIA DE SANTA FE.-",2013-08-29T00:00:00,RESOLUCION,"SCHMIDT LIERMANN, CORNELIA",,,,,,
53,HCDN282486,"DECLARAR DE INTERES DE LA H. CAMARA EL PROGRAMA ""INCLUSION EN EL AIRE"", QUE SE EMITE POR LA RADIO DE LA BIBLIOTECA DEL CONGRESO DE LA NACION, POR SU DESTACADA CONTRIBUCION A LA PROMOCION DE LOS DERECHOS DE LAS PERSONAS CON DISCAPACIDAD.",2025-03-11T00:00:00,DECLARACION,"ARROYO, DANIEL",,,,,,
54,HCDN183148,SOLICITAR AL PODER EJECUTIVO REALIZAR LOS ACTOS DE EJECUCION PRESUPUESTARIA Y ADMINISTRATIVOS DISPUESTOS POR EL ARTICULO 16 DE LA LEY 27120 - ELECCION DE PARLAMENTARIOS DEL MERCOSUR -.,2016-03-08T00:00:00,RESOLUCION,"CARMONA, GUILLERMO RAMON",,,,,,
55,HCDN095433,SOLICITAR AL PODER EJECUTIVO DISPONGA LAS MEDIDAS NECESARIAS PARA ESTABLECER UNA SEDE O CAPITAL ALTERNA DEL MERCOSUR EN LA PROVINCIA DE MENDOZA.,2008-05-22T00:00:00,RESOLUCION,"GENEM, AMANDA SUSANA",,,,,,
56,HCDN250690,EXPRESAR PREOCUPACION POR EL CIERRE DE LAS EXPORTACIONES DE CARNE VACUNA POR 30 DIAS.,2021-05-21T00:00:00,DECLARACION,"MAQUIEYRA, MARTIN",,,,,,
57,HCDN240504,PEDIDO DE INFORMES AL PODER EJECUTIVO SOBRE DIVERSAS CUESTIONES RELACIONADAS CON LOS FUNDAMENTOS DE LA DECISION DE SUSPENDER LA PARTICIPACION ARGENTINA EN LAS NEGOCIACIONES DEL MERCOSUR.,2020-05-14T00:00:00,RESOLUCION,"DE LAMADRID, ALVARO",,,,,,
58,HCDN279302,"EXPRESAR PREOCUPACION POR LA APLICACION SISTEMATICA Y ESTRICTA DE LA BAJA DEL REGISTRO DE ESTABLECIMIENTOS RURALES INSCRIPTOS COMO PROVEEDORES DE GANADO PARA FAENA DE EXPORTACION CON DESTINO A LA UNION EUROPEA POR PARTE DEL ESTADO NACIONAL, A TRAVES DEL SENASA.",2024-10-30T00:00:00,DECLARACION,"MORCHIO, FRANCISCO",,,,,,
59,HCDN241505,"DECLARAR DE INTERES DE LA H. CAMARA LAS ACTIVIDADES REALIZADAS EL 12 DE JULIO DE 2020 EN EL ""MUSEO ANA FRANK"", EN EL MARCO DEL ""DIA DE LOS ADOLESCENTES Y JOVENES POR LA INCLUSION SOCIAL Y LA CONVIVENCIA, CONTRA TODA FORMA DE VIOLENCIA Y DISCRIMINACION"".",2020-06-09T00:00:00,DECLARACION,"MORALES GORLERI, VICTORIA",,,,,,
60,HCDN116235,"CREACION EN EL AMBITO DEL CONGRESO DE LA NACION ARGENTINA, LA COMISION BICAMERAL REVISORA DE NORMATIVA AMBIENTAL PARA LA ARMONIZACION DE DIRECTRICES AMBIENTALES DEL MERCADO COMUN DEL SUR (MERCOSUR).",2010-05-11T00:00:00,LEY,"MICHETTI, MARTA GABRIELA",,,,,,
61,HCDN115412,"ADHERIR AL DIA INTERNACIONAL DEL CELIACO, A CELEBRARSE EL 5 DE MAYO DE 2010.",2010-05-05T00:00:00,RESOLUCION,"ALFARO, GERMAN ENRIQUE",,,,,,
62,HCDN118582,"DECLARAR DE INTERES DE LA H CAMARA LA DECIMA TEMPORADA DEL ""TEATRO X LA IDENTIDAD"".",2010-08-05T00:00:00,RESOLUCION,"MORANTE, ANTONIO ARNALDO MARIA",,,,,,
63,HCDN165073,EXPRESAR PREOCUPACION POR EL INCUMPLIMIENTO DE LA CUOTA HILTON.,2014-07-04T00:00:00,DECLARACION,"SCAGLIA, GISELA",,,,,,
64,HCDN128198,"PEDIDO DE INFORMES AL PODER EJECUTIVO NACIONAL SOBRE DIVERSAS CUESTIONES RELACIONADAS CON LA ""CUOTA HILTON"".",2011-06-06T00:00:00,RESOLUCION,"MARTINEZ, JULIO CESAR",,,,,,
65,HCDN184957,EXPRESAR BENEPLACITO POR EL 25° ANIVERSARIO DE LA FIRMA DEL TRATADO DE ASUNCION QUE DIO ORIGEN AL MERCADO COMUN DEL SUR - MERCOSUR -.,2016-04-22T00:00:00,RESOLUCION,"NEGRI, MARIO RAUL",,,,,,
66,HCDN103073,PEDIDO DE INFORMES AL PODER EJECUTIVO SOBRE EL ESTADO DEL TRAMITE DE INGRESO AL MERCOSUR COMO MIEMBRO PLENO DE LA REPUBLICA BOLIVARIANA DE VENEZUELA.,2009-03-02T00:00:00,RESOLUCION,"OBIGLIO, JULIAN MARTIN",,,,,,
67,HCDN141219,"INCORPORACION AL ORDENAMIENTO JURIDICO NACIONAL DEL CODIGO ADUANERO DEL MERCOSUR, APROBADO POR EL CONSEJO DEL MERCADO COMUN, MEDIANTE LA DECISION 27/10 (CMC), DURANTE LA REUNION XXXIX, REALIZADA EL 2 DE AGOSTO DE 2010 EN LA CIUDAD DE SAN JUAN DE LA REPUBLICA ARGENTINA.",2012-08-02T00:00:00,MENSAJE Y PROYECTO DE LEY,"FERNANDEZ DE KIRCHNER, CRISTINA",,,,,,
68,HCDN148668,EXPRESAR PREOCUPACION POR LA CONFIRMACION DE QUE LA GENDARMERIA NACIONAL ESPIO A DIRIGENTES SOCIALES VIOLANDO LA LEY DE SEGURIDAD INTERIOR.,2013-03-07T00:00:00,RESOLUCION,"BIANCHI, IVANA MARIA",,,,,,
69,HCDN163318,CARGAS DE EXPORTACION ORIGINADAS EN PUERTOS ARGENTINOS: APLICABILIDAD UNICAMENTE EN EL AMBITO DE LOS PUERTOS NACIONALES Y EN LOS PAISES QUE INTEGRAN EL MERCOSUR.,2014-05-15T00:00:00,LEY,"HARISPE, GASTON",,,,,,
70,HCDN173621,CODIGO NACIONAL ELECTORAL (LEY 19945) Y FINANCIAMIENTO DE LOS PARTIDOS POLITICOS (LEY 26215). MODIFICACIONES SOBRE PUBLICIDAD DE LOS CANDIDATOS A CARGOS ELECTIVOS (REPRODUCCION DEL EXPEDIENTE 5603-D-13).,2015-03-27T00:00:00,LEY,"BIELLA CALVET, BERNARDO JOSE",,,,,,
71,HCDN211982,IMPUESTO AL VALOR AGREGADO - IVA -. SE ESTABLECE SU DEVOLUCION A LOS BENEFICIARIOS DE PLANES SOCIALES O ASISTENCIALES.,2018-03-06T00:00:00,LEY,"CARRIO, ELISA MARIA AVELINA",,,,,,
72,HCDN272142,"EXPRESAR BENEPLACITO POR LA SUSCRIPCION DEL ACUERDO ENTRE LA UNION EUROPEA (UE) Y EL MERCADO COMUN DEL SUR (MERCOSUR), QUE SE LLEVARIA A CABO EN LA 63 EDICION DE LA CUMBRE DE JEFES DE ESTADO DEL MERCOSUR, EL 7 DE DICIEMBRE DEL 2023 EN RIO DE JANEIRO, REPUBLICA FEDERATIVA DEL BRASIL.",2023-12-07T00:00:00,DECLARACION,"MARTINEZ, ALVARO",,,,,,
73,HCDN118043,INCLUSION DE LA CADENA CITRICOLA TRANSFRONTERIZA ARGENTINO - URUGUAYA EN EL MARCO DEL GRUPO DE INTEGRACION PRODUCTIVA EN EL MERCOSUR.,2010-07-08T00:00:00,LEY,"CHIENO, MARIA ELENA PETRONA",,,,,,
74,HCDN099003,EXPRESAR PREOCUPACION POR LA SITUACION DE CRISIS IMPERANTE EN LA REPUBLICA DE BOLIVIA.,2008-09-15T00:00:00,RESOLUCION,"AZCOITI, PEDRO JOSE",,,,,,
75,HCDN234151,"DECLARAR DE INTERES DE LA H. CAMARA LA ""CUMBRE DE MUJERES DEL MERCOSUR"", A REALIZARSE EL 16 DE JULIO DE 2019 EN LA CIUDAD DE VERA CRUZ, PROVINCIA DE SANTA FE.",2019-07-15T00:00:00,DECLARACION,"HUMMEL, ASTRID",,,,,,
76,HCDN240130,"EXPRESAR RECHAZO POR LA DECISION UNILATERAL ADOPTADA POR EL PODER EJECUTIVO NACIONAL DE DEJAR DE PARTICIPAR EN LAS NEGOCIACIONES DE LOS ACUERDOS COMERCIALES EN CURSO Y DE LAS FUTURAS NEGOCIACIONES DEL BLOQUE DEL MERCADO COMUN DEL SUR (MERCOSUR). CONVOCAR AL MINISTRO DE RELACIONES EXTERIORES, COMERCIO INTERNACIONAL Y CULTO, FELIPE SOLA, A LAS COMISIONES DE MERCOSUR Y DE RELACIONES EXTERIORES Y CULTO DE ESTA H. CAMARA.",2020-05-06T00:00:00,RESOLUCION,"IGLESIAS, FERNANDO ADOLFO",,,,,,
77,HCDN286008,INSTITUYASE EL 9 DE SEPTIEMBRE DE CADA AÑO COMO DIA NACIONAL DEL SINDROME DE ALFI.,2025-07-07T00:00:00,LEY,"RUIZ, YAMILA",,,,,,
78,HCDN112556,"CREACION DEL PARQUE NACIONAL DE LA MEMORIA EN LA CIUDAD CAPITAL DE LA PROVINCIA DE CORDOBA, EN EL PREDIO BAJO USO DEL TERCER CUERPO DE EJERCITO (REPRODUCCION DEL EXPEDIENTE 4289-D-08).",2010-03-04T00:00:00,LEY,"MERCHAN, PAULA CECILIA",,,,,,
79,HCDN200178,"RECORDAR Y CONDENAR EL GOLPE MILITAR OCURRIDO EL 28 DE JUNIO DE 1966, QUE DESTITUYO AL GOBIERNO CONSTITUCIONAL DEL DOCTOR ARTURO ILLIA.",2017-06-05T00:00:00,DECLARACION,"ALFONSIN, RICARDO LUIS",,,,,,
80,HCDN100321,SOLICITAR AL PODER EJECUTIVO NACIONAL DISPONGA LAS MEDIDAS NECESARIAS PARA QUE LOS PASOS FRONTERIZOS ACTUEN EN FORMA INTEGRADA CON LOS DE OTROS PAISES DEL MERCOSUR Y ASOCIADOS.,2008-10-20T00:00:00,RESOLUCION,"OBIGLIO, JULIAN MARTIN",,,,,,
81,HCDN275239,EXPRESAR SOLIDARIDAD CON EL PUEBLO DE LA REPUBLICA FEDERATIVA DEL BRASIL POR LAS INUNDACIONES DEL ESTADO DE RIO GRANDE DO SUL.,2024-05-13T00:00:00,RESOLUCION,"CHICA, JORGE",,,,,,
82,HCDN135883,"EXPRESAR BENEPLACITO POR EL MANIFIESTO INTERES DE LOS GOBIERNOS NACIONALES DEL MERCOSUR DE RATIFICAR EL ACUERDO MARCO DE COMERCIO Y COOPERACION ECONOMICA ENTRE MERCOSUR Y LA ORGANIZACION PARA LA LIBERACION DE PALESTINA, SUSCRIPTO DURANTE LA CUMBRE DE PRESIDENTES DEL MERCOSUR EN LA CIUDAD DE MONTEVIDEO, REPUBLICA ORIENTAL DEL URUGUAY, EL 20 DE DICIEMBRE DE 2011.",2012-04-19T00:00:00,RESOLUCION,"CHIENO, MARIA ELENA PETRONA",,,,,,
83,HCDN279193,EXPRESAR BENEPLACITO POR EL PROGRAMA DE CREDITOS DE CARBONO Y SU IMPLEMENTACION BAJO EL ESQUEMA REDD+ (REDUCCION DE EMISIONES DERIVADAS DE LA DEFORESTACION Y LA DEGRADACION DE LOS BOSQUES) EN LA PROVINCIA DE MISIONES.,2024-10-25T00:00:00,DECLARACION,"RUIZ, YAMILA",,,,,,
84,HCDN160768,"DECLARAR DE INTERES DE LA HONORABLE CAMARA DE DIPUTADOS DE LA NACION EL ""DIA DEL MERCOSUR"", A CELEBRARSE EL DIA 26 DE MARZO DE 2014.",2014-03-26T00:00:00,RESOLUCION,"GRANADOS, DULCE",,,,,,
85,HCDN247912,"PEDIDO DE INFORMES AL PODER EJECUTIVO SOBRE DIVERSAS CUESTIONES RELACIONADAS CON LAS ACCIONES QUE SE LLEVARAN A CABO ATENTO LOS CAMBIOS SUSTANCIALES QUE ESTAN EXPERIMENTANDO LOS HABITANTES DE LAS ISLAS MALVINAS, ISLAS GEORGIAS DEL SUR Y SANDWICH DEL SUR, A CAUSA DE LA SALIDA DEL REINO UNIDO DE LA UNION EUROPEA.",2021-03-08T00:00:00,RESOLUCION,"ASSEFF, ALBERTO",,,,,,
86,HCDN239935,"PEDIDO DE INFORMES VERBALES AL MINISTRO DE RELACIONES EXTERIORES, COMERCIO INTERNACIONAL Y CULTO, FELIPE SOLA, SOBRE EL COMUNICADO EMITIDO POR LA PRESIDENCIA PRO TEMPORE DEL MERCOSUR QUE DA CUENTA DE LA DECISION DE LA REPUBLICA ARGENTINA DE DEJAR DE PARTICIPAR EN LAS NEGOCIACIONES DE LOS ACUERDOS COMERCIALES EN CURSO Y DE LAS FUTURAS NEGOCIACIONES DEL BLOQUE, EN EL MARCO DE LA PANDEMIA POR EL COVID-19.",2020-04-29T00:00:00,RESOLUCION,"ASSEFF, ALBERTO",,,,,,
87,HCDN212787,CREDITO Y REFINANCIAMIENTO DE DEUDAS PARA LA REACTIVACION DEL SECTOR AGROPECUARIO.,2018-03-16T00:00:00,LEY,"OLMEDO, ALFREDO HORACIO",,,,,,
88,HCDN179759,"DECLARAR DE INTERES DE LA H. CAMARA EL LANZAMIENTO OFICIAL DE LA ""26° FIESTA NACIONAL Y 12° FIESTA DEL CHAMAME DEL MERCOSUR"", A REALIZARSE EL 13 DE SEPTIEMBRE DE 2015, EN LA CIUDAD AUTONOMA DE BUENOS AIRES.",2015-09-09T00:00:00,RESOLUCION,"PORTELA, AGUSTIN ALBERTO",,,,,,
89,HCDN118755,"DECLARAR DE INTERES DE H. CAMARA LA CREACION DEL INSTITUTO DE POLITICAS PUBLICAS EN DERECHOS HUMANOS DEL MERCOSUR, QUE SERA INSTALADO EN LA EX ESMA.",2010-08-06T00:00:00,RESOLUCION,"FERRA DE BARTOL, MARGARITA",,,,,,
90,HCDN230709,"ELECCION DE PARLAMENTARIOS DEL MERCOSUR - LEY 27120 -. MODIFICACION DEL ARTICULO 16, SOBRE REMUNERACIONES (REPRODUCCION DEL EXPEDIENTE 1349-D-17).",2019-04-03T00:00:00,LEY,"CARRIZO, ANA CARLA",,,,,,
91,HCDN120895,ELECCION DE PARLAMENTARIOS DEL MERCOSUR. MODIFICACION DE LA LEY 19945 (CODIGO ELECTORAL NACIONAL).,2010-11-03T00:00:00,LEY,"MERLO, MARIO RAUL",,,,,,
92,HCDN116668,"EXPRESAR PREOCUPACION POR LOS INCUMPLIMIENTOS REITERADOS DE LA ""AUTORIDAD CUENCA MATANZA RIACHUELO - ACUMAR -"", DE LOS GOBIERNOS: NACIONAL, DE LA PROVINCIA DE BUENOS AIRES Y DE LA CIUDAD AUTONOMA DE BUENOS AIRES; NO RESPONDIENDO LOS INFORMES QUE REQUIRIO LA CORTE SUPREMA DE JUSTICIA DE LA NACION EN EL MARCO DE LA CAUSA ""MENDOZA"".",2010-06-02T00:00:00,DECLARACION,"GIUDICI, SILVANA MYRIAM",,,,,,
93,HCDN278623,PEDIDO DE INFORMES AL PODER EJECUTIVO SOBRE LAS ACCIONES QUE ESTA IMPLEMENTANDO EL GOBIERNO NACIONAL EN POS DEL CUMPLIMIENTO DEL REGLAMENTO RELATIVO A LA COMERCIALIZACION Y EXPORTACION DE PRODUCTOS ASOCIADOS A LA DEFORESTACION Y LA DEGRADACION FORESTAL EN EL MERCADO DE LA UNION EUROPEA.,2024-10-03T00:00:00,RESOLUCION,"BALLEJOS, NANCY",,,,,,
94,HCDN204712,"PEDIDO DE INFORMES AL PODER EJECUTIVO SOBRE LOS ACUERDOS COMERCIALES FIRMADOS CON LOS ESTADOS UNIDOS DE AMERICA RELACIONADOS CON LA IMPORTACION DE CARNE DE CERDO, Y OTRAS CUESTIONES CONEXAS.",2017-08-24T00:00:00,RESOLUCION,"CICILIANI, ALICIA MABEL",,,,,,
95,HCDN178970,"EXPRESAR PREOCUPACION POR LA PROPUESTA DEL SEÑOR PRESIDENTE DEL SENADO FEDERAL DE LA REPUBLICA FEDERATIVA DEL BRASIL, RENAN CALHEIROS, INSTANDO A PONER FIN A LA UNION ADUANERA DEL MERCOSUR, Y OTRAS CUESTIONES CONEXAS.",2015-08-18T00:00:00,RESOLUCION,"ASSEFF, ALBERTO",,,,,,
96,HCDN286280,DEROGUESE EL DECRETO N° 462/2025 DEL PODER EJECUTIVO NACIONAL.,2025-07-17T00:00:00,LEY,"CARIGNANO, FLORENCIA",,,,,,
97,HCDN139913,SOLICITAR AL PODER EJECUTIVO DISPONGA ABSTENERSE DE VULNERAR TRATADOS VIGENTES DEL MERCOSUR.,2012-07-31T00:00:00,DECLARACION,"PINEDO, FEDERICO",,,,,,
98,HCDN243812,REGULACION DE LOS SERVICIOS DIGITALES DE INTERMEDIACION EN LINEA PARA LA DEFENSA DE LA COMPETENCIA Y LOS CONSUMIDORES.,2020-08-25T00:00:00,LEY,"RAMON, JOSE LUIS",,,,,,
99,HCDN164745,CODIGO ELECTORAL NACIONAL - LEY 19945 - MODIFICACIONES SOBRE ELECCIONES DE REPRESENTANTES AL PARLAMENTO DEL MERCOSUR.,2014-06-24T00:00:00,LEY,"EHCOSOR, MARIA AZUCENA",,,,,,
100,HCDN115917,SOLICITAR AL PODER EJECUTIVO DISPONGA LA PROMOCION DE PROGRAMAS REGIONALES DE CULTIVOS ENERGETICOS ALTERNATIVOS DESTINADOS A LA PRODUCCION DE BIOCOMBUSTIBLES.,2010-05-14T00:00:00,DECLARACION,"VILARIÑO, JOSE ANTONIO",,,,,,
101,HCDN248077,"EXPRESAR REPUDIO POR EL COMUNICADO DEL PARTIDO JUSTICIALISTA DE CLORINDA, PROVINCIA DE FORMOSA, EN TERMINOS AGRAVIANTES Y ANTISEMITAS CONTRA EL DIPUTADO NACIONAL WALDO WOLFF.",2021-03-10T00:00:00,DECLARACION,"IGLESIAS, FERNANDO ADOLFO",,,,,,
102,HCDN141855,"EXPRESAR PESAR POR EL FALLECIMIENTO DE LA BAILARINA Y COREOGRAFA OLGA FERRI, OCURRIDO EL DIA 17 DE SEPTIEMBRE DE 2012.",2012-09-18T00:00:00,DECLARACION,"GUZMAN, OLGA ELIZABETH",,,,,,
103,HCDN161347,MATRICULADOS EN CIENCIAS ECONOMICAS EN MATERIA JUDICIAL Y ADMINISTRATIVA: REGULACION DE LA ACTIVIDAD PROFESIONAL Y REGIMEN ARANCELARIO; CREACION DEL REGISTRO DE ASIGNACION DE PROFESIONALES EN CIENCIAS ECONOMICAS (REPRODUCCION DEL EXPEDIENTE 5273-D-11).,2014-04-07T00:00:00,LEY,"DIAZ ROIG, JUAN CARLOS",,,,,,
104,HCDN110216,"EXPRESAR BENEPLACITO POR LA APROBACION EN EL PARLAMENTO LATINOAMERICANO DE LA PROPUESTA DE CREACION DE UNA AGENCIA AMBIENTAL DEL ""MERCOSUR"".",2009-11-06T00:00:00,DECLARACION,"IGLESIAS, FERNANDO ADOLFO",,,,,,
105,HCDN244584,OBSERVATORIO LEGISLATIVO ANTICORRUPCION. CREACION EN EL AMBITO DE LA H. CAMARA DE DIPUTADOS DE LA NACION.,2020-09-21T00:00:00,RESOLUCION,"CAMAÑO, GRACIELA",,,,,,
106,HCDN109227,"SOLICITAR AL PODER EJECUTIVO DISPONGA LAS MEDIDAS NECESARIAS PARA PROPONERLE A LOS ESTADOS - PARTE DEL MERCOSUR UNA DEFINICION MAS PRECISA Y COMPLETA DE LOS ALCANCES DE LA ""CLAUSULA DEMOCRATICA DEL MERCOSUR"" ACORDADA EL DIA 24 DE JULIO DE 1998 EN EL PROTOCOLO DE USHUAIA.",2009-10-02T00:00:00,RESOLUCION,"IGLESIAS, FERNANDO ADOLFO",,,,,,
107,HCDN273565,"LUCHA CONTRA EL ALCOHOLISMO - LEY 24788 -. MODIFICACION, SOBRE PUBLICIDAD, DIFUSION Y PROMOCION DEL CONSUMO DE BEBIDAS ALCOHOLICAS. MODIFICACION DE LA LEY 26870.",2024-03-14T00:00:00,LEY,"FRADE, MONICA",,,,,,
108,HCDN135802,"EXPRESAR REPUDIO POR LAS DECLARACIONES DEL SEÑOR MINISTRO DE INDUSTRIA JOSE SORIA Y DEL SEÑOR IÑIGO MENDEZ DE VIGO, SECRETARIO PARA LA UNION EUROPEA, AMBOS DEL REINO DE ESPAÑA, VINCULADAS AL EJERCICIO DE LA SOBERANIA DEL ESTADO NACIONAL ARGENTINO SOBRE LAS EMPRESAS RADICADAS EN NUESTRO PAIS Y FUNDAMENTALMENTE A LOS RECURSOS PRETROLEROS ARGENTINOS.",2012-04-17T00:00:00,RESOLUCION,"BARRANDEGUY, RAUL ENRIQUE",,,,,,
109,HCDN163289,EXPRESAR PREOCUPACION POR EL INMINENTE INCUMPLIMIENTO DE LA TOTALIDAD DEL CUPO OTORGADO A NUESTRO PAIS BAJO EL REGIMEN DE CUOTA HILTON CORRESPONDIENTE AL PERIODO 2013- 2014.,2014-05-15T00:00:00,RESOLUCION,"CASAÑAS, JUAN FRANCISCO",,,,,,
110,HCDN113433,"COMUNICACION DEL DECRETO 311/2010 DICTADO EN USO DE FACULTADES DELEGADAS POR EL CUAL SE ESTABLECE UNA REDUCCION DEL DERECHO DE IMPORTACION EXTRAZONA (DIE) AL DOS POR CIENTO (2%) PARA VEHICULOS PROVENIENTES DE PAISES QUE INTEGRAN EL MERCOSUR, CON PROPULSION A: MOTOR ELECTRICO Y ALTERNATIVO, MOTOR ELECTRICO EXCLUSIVAMENTE U OTRO TIPO DE ENERGIAS ALTERNATIVAS.",2010-03-16T00:00:00,MENSAJE,"FERNANDEZ, ANIBAL DOMINGO",,,,,,
111,HCDN193318,"ESTABLECESE UN REINTEGRO ADICIONAL DEL 5% A LA ""EXPORTACION EXTRAZONA - RE -"", ASIGNADO A LAS POSICIONES ARANCELARIAS DE LA ""NOMENCLATURA COMUN DEL MERCOSUR - NCM -"", CORRESPONDIENTE A LA DOLOMITA CRUDA Y CALCINADA.",2016-11-25T00:00:00,LEY,"CASELLES, GRACIELA MARIA",,,,,,
112,HCDN268996,INCORPORAR COMO PRESTACION OBLIGATORIA LA COBERTURA INTEGRAL DEL LINFEDEMA COMO ENFERMEDAD EN EL PROGRAMA MEDICO OBLIGATORIO (PMO). INSTITUIR EL 6 DE MARZO DE CADA AÑO COMO DIA NACIONAL DEL LINFEDEMA.,2023-06-01T00:00:00,LEY,"MANZI, RUBEN",,,,,,
113,HCDN120696,SISTEMA INTEGRADO DE ESTADISTICAS SOCIODEMOGRAFICAS Y EDUCATIVAS - SIESE -. CREACION,2010-10-22T00:00:00,LEY,"ARGUMEDO, ALCIRA SUSANA",,,,,,
114,HCDN288510,ESTABLEZCASE UNA CAMPAÑA NACIONAL PARA PROMOVER EL USO RESPONSABLE DE MEDICAMENTOS Y PREVENIR LA AUTOMEDICACION.,2025-11-13T00:00:00,LEY,"CALLETTI, PAMELA",,,,,,
115,HCDN243038,SOLICITAR AL PODER EJECUTIVO DISPONGA INCLUIR EN EL PRESUPUESTO NACIONAL DEL AÑO 2021 LAS PARTIDAS DINERARIAS NECESARIAS Y SUFICIENTES PARA CONCLUIR LA TOTALIDAD DE LA OBRA DEL BELGRANO CARGAS EN TODA SU EXTENSION.,2020-07-29T00:00:00,DECLARACION,"CORNEJO, VIRGINIA",,,,,,
116,HCDN259104,"PEDIDO DE INFORMES AL PODER EJECUTIVO SOBRE DIVERSAS CUESTIONES RELACIONADAS CON LA REUBICACION DE ASENTAMIENTOS PRECARIOS SITOS EN LA CUENCA MATANZA RIACHUELO HASTA EL MES DE MAYO DE 2022, Y OTRAS CUESTIONES CONEXAS.",2022-05-31T00:00:00,RESOLUCION,"SALVADOR, SEBASTIAN NICOLAS",,,,,,
117,HCDN287673,PROCEDIMIENTO SUMARISIMO DE RESTITUCION DE LA PROPIEDAD PRIVADA. REGIMEN.,2025-09-24T00:00:00,LEY,"MILMAN, GERARDO",,,,,,
118,HCDN248436,"RUINAS DEL ANTIGUO CASCO DE ESTANCIA DE LOS MONTAÑO EN COLANGÜIL, PROVINCIA DE SAN JUAN. SE LAS DECLARA MONUMENTO HISTORICO NACIONAL.",2021-03-15T00:00:00,LEY,"GIOJA, JOSE LUIS",,,,,,
119,HCDN172021,"SOLICITAR AL PODER EJECUTIVO DISPONGA LAS MEDIDAS NECESARIAS PARA PROMOVER LA SUSPENSION DE LA REPUBLICA BOLIVARIANA DE VENEZUELA, DEL BLOQUE QUE CONFORMAN EL MERCOSUR.",2015-02-20T00:00:00,RESOLUCION,"GRIBAUDO, CHRISTIAN ALEJANDRO",,,,,,
120,HCDN256120,"DECLARAR DE INTERES DE LA H. CAMARA EL 30 ANIVERSARIO DE LA FIRMA DEL TRATADO DE ASUNCION Y CONSTITUCION DEL MERCADO COMUN DEL SUR ( MERCOSUR ) ENTRE ARGENTINA, BRASIL, URUGUAY Y PARAGUAY, QUE SE CUMPLIRA EL 26 DE MARZO DE 2021 Y OTRAS CUESTIONES CONEXAS.",2022-03-07T00:00:00,RESOLUCION,"GINOCCHIO, SILVANA MICAELA",,,,,,
121,HCDN098216,"PEDIDO DE INFORMES AL PODER EJECUTIVO SOBRE EL ESTADO DE TRANSITABILIDAD DE LAS VIAS FERREAS DEL TRAMO CHILLAR - MARIA IGNACIA - VELA, PROVINCIA DE BUENOS AIRES.",2008-08-29T00:00:00,RESOLUCION,"ALCUAZ, HORACIO ALBERTO",,,,,,
122,HCDN248035,BIOCOMBUSTIBLES - LEY 26093 -. SE PRORROGA SU VIGENCIA HASTA EL 31 DE DICIEMBRE DE 2022.,2021-03-10T00:00:00,LEY,"GUTIERREZ, CARLOS MARIO",,,,,,
123,HCDN235630,ADOPCION DEL SIMBOLO INTERNACIONAL DE ACCESIBILIDAD UNIVERSAL.,2019-09-19T00:00:00,LEY,"MASIN, MARIA LUCILA",,,,,,
124,HCDN159723,EXPRESAR BENEPLACITO POR EL ACUERDO FIRMADO POR EL GOBIERNO ARGENTINO CON LA EMPRESA REPSOL.,2014-03-06T00:00:00,RESOLUCION,"DONKIN, CARLOS GUILLERMO",,,,,,
125,HCDN131080,"DECLARAR DE INTERES DE LA HONORABLE CAMARA DE DIPUTADOS DE LA NACION EL PRIMER PROYECTO BINACIONAL DE REDUCCION DE LA DEFORESTACION Y DEGRADACION DE BOSQUES NATIVOS EN LA ARGENTINA Y CHILE, DENOMINADO PROYECTO NATIVO.",2011-09-08T00:00:00,RESOLUCION,"VILARIÑO, JOSE ANTONIO",,,,,,
126,HCDN101234,"EXPRESAR BENEPLACITO POR LA INAUGURACION DE LAS ESCUELAS AGROTECNICAS ""CORNELIO SAAVEDRA"" Y ""PROVINCIA DE SANTA CRUZ"" EL DIA 24 DE NOVIEMBRE DE 2008 EN EL MARCO DEL 255 ANIVERSARIO DE LA CIUDAD DE RODEO, PROVINCIA DE SAN JUAN.",2008-12-03T00:00:00,RESOLUCION,"CASELLES, GRACIELA MARIA",,,,,,
127,HCDN170519,"SOLICITAR AL PODER EJECUTIVO DISPONGA LAS MEDIDAS NECESARIAS PARA QUE CONFORME A LO DISPUESTO POR EL PROTOCOLO CONSTITUTIVO DEL PARLAMENTO DEL MERCOSUR, SEA FIJADO EL ""DIA DEL MERCOSUR CIUDADANO"".",2014-12-03T00:00:00,RESOLUCION,"NEGRI, MARIO RAUL",,,,,,
128,HCDN165580,"EXPRESAR BENEPLACITO POR LA OBRA QUE REALIZA LA ""FUNDACION RECIDUCA"" EN LA INCLUSION DE LOS JOVENES.",2014-07-17T00:00:00,DECLARACION,"MESTRE, DIEGO MATIAS",,,,,,
129,HCDN273216,"EXPRESAR BENEPLACITO POR LA SELECCION DE LOS PERROS DE KILLARI COMO GANADOR DEL PROYECTO AUDIOVISUAL REALIZADO EN LA LOCALIDAD DE VILLAVIL, BELEN, CATAMARCA.",2024-03-11T00:00:00,RESOLUCION,"GINOCCHIO, SILVANA MICAELA",,,,,,
130,HCDN198423,CREACION DEL SISTEMA DE TRAZABILIDAD DE LA FRUTA FRESCA DE PEPITA Y CAROZO,2017-05-15T00:00:00,LEY,"SORIA, MARIA EMILIA",,,,,,
131,HCDN124398,"REGIMEN PENAL TRIBUTARIO, LEY 24769 Y MODIFICATORIAS: DEROGACION DEL ARTICULO 16, SOBRE EXTINCION DE LA ACCION PENAL (REPRODUCCION DEL EXPEDIENTE 0182-D-09).",2011-03-01T00:00:00,LEY,"COMELLI, ALICIA MARCELA",,,,,,
132,HCDN117904,"EXPRESAR REPUDIO POR LAS DECLARACIONES DEL GENOCIDA JORGE RAFAEL VIDELA, VERTIDAS EN EL MARCO DEL JUICIO POR LOS DELITOS DE LA ULTIMA DICTADURA QUE SE LLEVA A CABO EN LA CIUDAD DE CORDOBA.",2010-07-07T00:00:00,RESOLUCION,"GULLO, JUAN CARLOS DANTE",,,,,,
133,HCDN180647,"ELECCION DE PARLAMENTARIOS DEL MERCOSUR - LEY 27120: MODIFICACION DEL ARTICULO 16, SOBRE INMUNIDADES PARLAMENTARIAS, LABORALES, PREVISIONALES Y PROTOCOLARES.",2015-10-08T00:00:00,LEY,"CARRIZO, ANA CARLA",,,,,,
134,HCDN258590,"APROBACION DEL ACUERDO PARA LA PROTECCION MUTUA DE LAS INDICACIONES GEOGRAFICAS ORIGINARIAS EN LOS TERRITORIOS DE LOS ESTADOS PARTE DEL MERCOSUR, SUSCRIPTO EN LA CIUDAD DE BENTO GONÇALVES - REPUBLICA FEDERATIVA DEL BRASIL EL 5 DE DICIEMBRE DE 2019.",2022-05-05T00:00:00,MENSAJE Y PROYECTO DE LEY,"FERNANDEZ, ALBERTO",,,,,,
135,HCDN138017,PEDIDO DE INFORMES AL PODER EJECUTIVO SOBRE DIVERSAS CUESTIONES RELACIONADAS CON LA RESPUESTA A LA DEMANDA DE LA UNION EUROPEA POR LA RESTRICCION A LAS IMPORTACIONES IMPUESTAS POR LA REPUBLICA ARGENTINA.,2012-06-11T00:00:00,RESOLUCION,"ATANASOF, ALFREDO NESTOR",,,,,,
136,HCDN212433,PEDIDO DE INFORMES AL PODER EJECUTIVO SOBRE DIVERSAS CUESTIONES RELACIONADAS CON LA SUSPENSION DE LA REPUBLICA BOLIVARIANA DE VENEZUELA DEL MERCOSUR (REPRODUCCION DEL EXPEDIENTE 4308-D-17).,2018-03-09T00:00:00,RESOLUCION,"CARMONA, GUILLERMO RAMON",,,,,,
137,HCDN252245,"EXPRESAR PREOCUPACION POR LAS DECLARACIONES DEL GOBIERNO URUGUAYO EN LA REUNION DE CANCILLERES DEL MERCOSUR, SOBRE LA INTENCION DE REALIZAR NEGOCIACIONES COMERCIALES UNILATERALES.",2021-07-16T00:00:00,DECLARACION,"BRITEZ, MARIA CRISTINA",,,,,,
138,HCDN165669,PEDIDO DE INFORMES AL PODER EJECUTIVO SOBRE DIVERSAS CUESTIONES RELACIONADAS CON LA SITUACION DE ESTANCAMIENTO DEL MERCOSUR Y LA POSIBLE ELECCION DEL EX PRESIDENTE COLOMBIANO ERNESTO SAMPER COMO SECRETARIO GENERAL DE UNASUR.,2014-07-21T00:00:00,RESOLUCION,"ASSEFF, ALBERTO",,,,,,
139,HCDN278885,"PROVINCIALIZACION DE TIERRA DEL FUEGO, ANTARTIDA E ISLAS DEL ATLANTICO SUR - LEY 26552-. MODIFICACIONES SOBRE LIMITES GEOGRAFICOS Y MARITIMOS. MODIFICACION DE LA LEY 23775.",2024-10-14T00:00:00,LEY,"ARAUJO HERNANDEZ, JORGE NERI",,,,,,
140,HCDN197648,"SOLICITAR AL PODER EJECUTIVO DISPONGA REMITIR EL LISTADO DE NEGOCIACIONES ENTRE LA ""UNION EUROPEA"" Y EL ""MERCOSUR"", EN OPORTUNIDAD DEL INTERCAMBIO DE OFERTAS CELEBRADO EN BRUSELAS, EL 11 DE MAYO DE 2016.",2017-04-26T00:00:00,DECLARACION,"DE MENDIGUREN, JOSE IGNACIO",,,,,,
141,HCDN268328,EXPRESAR QUE LA LIBERTAD DE EXPRESION Y DE PRENSA SON VALORES FUNDAMENTALES PARA LA VIDA EN DEMOCRACIA Y SOLIDARIDAD CON LA PERIODISTA MARCELA PAGANO CENSURADA EN SU LABOR POR PARTE DEL GRUPO AMERICA.,2023-05-04T00:00:00,DECLARACION,"AJMECHET, SABRINA",,,,,,
142,HCDN218021,"EXPRESAR PREOCUPACION POR EL ESTADO DE LA ATENCION PRIMARIA DE LA SALUD, LA PREVENCION Y CONTROL DE TODAS LAS FORMAS DE TRANSMISION DE LA ENFERMEDAD DE CHAGAS EN LA REPUBLICA ARGENTINA.",2018-06-08T00:00:00,DECLARACION,"CAMAÑO, GRACIELA",,,,,,
143,HCDN258652,"PEDIDO DE INFORMES AL PODER EJECUTIVO SOBRE LAS MEDIDAS DE ALERTA Y PREVENCION RESPECTO A LA ENFERMEDAD DE CHAGAS Y SU CONTAGIO EL MONTO ASIGNADO PARA CADA PROVINCIA A LOS EFECTOS DE LA PREVENCION, CONCIENTIZACION Y TRATAMIENTO.",2022-05-13T00:00:00,RESOLUCION,"CORNEJO, VIRGINIA",,,,,,
144,HCDN211870,"EJERCICIO DE LA PROFESION DE CIENCIAS ECONOMICAS - LEY 20488 -. MODIFICACION DE LOS ARTICULOS 8° Y 19 E INCORPORACION DEL ARTICULO 18 BIS, SOBRE INSCRIPCION DE LA MATRICULA Y MULTAS.",2018-03-05T00:00:00,LEY,"BIANCHI, IVANA MARIA",,,,,,
145,HCDN251418,CREASE EL PROGRAMA DE ESCUELAS DE OFICIOS.,2021-06-18T00:00:00,LEY,"CRESTO, MAYDA",,,,,,
146,HCDN163265,"SOLICITAR AL PODER EJECUTIVO NACIONAL DISPONGA LAS MEDIDAS NECESARIAS PARA LA DIFUSION DE CAMPAÑAS DE CONCIENTIZACION Y SENSIBILIZACION PARA PREVENIR Y ERRADICAR EL ACOSO CALLEJERO, DURANTE LA TRANSMISION DE LOS PROGRAMAS ""FUTBOL PARA TODOS, AUTOMOVILISMO PARA TODOS Y DEPORTE PARA TODOS"", CON MOTIVO DE CONMEMORARSE LA SEMANA INTERNACIONAL CONTRA EL ACOSO CALLEJERO.",2014-05-15T00:00:00,DECLARACION,"RUIZ, AIDA DELIA",,,,,,
147,HCDN252195,"COMUNICACION DEL DICTADO DEL DECRETO DE FACULTADES DELEGADAS N° 456 DEL 12 DE JULIO DE 2021, POR EL CUAL SE EXTIENDE LA VIGENCIA DEL REGIMEN DE PROMOCION PARA LA PRODUCCION Y USO SUSTENTABLE DE BIOCOMBUSTIBLES ESTABLECIDO POR LA LEY26093, HASTA EL 27 DE AGOSTO DE 2021 O HASTA QUE ENTRE EN VIGENCIA UN NUEVO ""MARCO REGULATORIO DE BIOCOMBUSTIBLES"".",2021-07-15T00:00:00,MENSAJE,"CAFIERO, SANTIAGO ANDRES",,,,,,
148,HCDN234074,PEDIDO DE INFORMES AL PODER EJECUTIVO SOBRE DIVERSAS CUESTIONES RELACIONADAS CON EL ACUERDO DE LIBRE COMERCIO ENTRE EL MERCOSUR Y LOS ESTADOS UNIDOS DE NORTEAMERICA.,2019-07-05T00:00:00,RESOLUCION,"MERCADO, VERONICA",,,,,,
149,HCDN126291,"EXPRESAR BENEPLACITO POR LA FIRMA DE UN CONVENIO DE COOPERACION INSTITUCIONAL ENTRE EL MINISTERIO DE RELACIONES EXTERIORES, COMERCIO INTERNACIONAL Y CULTO Y LA FUNDACION MADRES DE PLAZA DE MAYO, SOBRE IMPLEMENTACION DEL PROGRAMA MISION SUEÑOS COMPARTIDOS.",2011-04-06T00:00:00,RESOLUCION,"MORANTE, ANTONIO ARNALDO MARIA",,,,,,
150,HCDN218449,"PEDIDO DE INFORMES AL PODER EJECUTIVO SOBRE LA PRESENTACION DEL CONSORCIO VIAL AGRO - TIISA, EN LICITACIONES PARA REHABILITAR O REPARAR TRAMOS DEL FERROCARRIL BELGRANO, Y OTRAS CUESTIONES CONEXAS.",2018-06-26T00:00:00,RESOLUCION,"MOYANO, JUAN FACUNDO",,,,,,
151,HCDN162482,"CODIGO ELECTORAL NACIONAL - LEY 19945 Y MODIFICATORIAS: MODIFICACIONES, SOBRE ELECCION DE PARLAMENTARIOS DEL MERCOSUR.",2014-04-29T00:00:00,LEY,"PEREZ, ADRIAN",,,,,,
152,HCDN251306,PEDIDO DE INFORMES AL PODER EJECUTIVO SOBRE LA COMPRA DE CARNE Y PESCADO PARA CONSUMO DE FUNCIONARIOS NACIONALES Y EMPLEADOS DE PLANTA QUE TRABAJAN DE MANERA PRESENCIAL.,2021-06-15T00:00:00,RESOLUCION,"REZINOVSKY, DINA",,,,,,
153,HCDN189424,"SOLICITAR AL PODER EJECUTIVO DISPONGA LAS MEDIDAS NECESARIAS PARA PROMOVER UNA REUNION DEL CONSEJO DEL MERCADO COMUN DEL MERCOSUR, A FIN DE FORMALIZAR EL TRASPASO DE LA PRESIDENCIA PRO TEMPORE.",2016-08-17T00:00:00,DECLARACION,"CICILIANI, ALICIA MABEL",,,,,,
154,HCDN164273,PEDIDO DE INFORMES AL PODER EJECUTIVO NACIONAL SOBRE DIVERSAS CUESTIONES RELACIONADAS CON LA DISTRIBUCION DE LA CUOTA HILTON CORRESPONDIENTE AL PERIODO 2013 - 2014.,2014-06-06T00:00:00,RESOLUCION,"GRIBAUDO, CHRISTIAN ALEJANDRO",,,,,,
155,HCDN153152,"DECLARAR DE INTERES DE LA H. CAMARA EL LIBRO ""MONTE CASEROS - BELLA UNION - BARRA DO QUARAI: UN ESCENARIO PRIVILEGIADO DE COOPERACION TRANSFRONTERIZA EN EL CORAZON DEL MERCOSUR"", DE LOS AUTORES ARGENTINOS EDUARDO LEONEL GALANTINI Y NAHUEL ODDONE.",2013-06-27T00:00:00,RESOLUCION,"CHIENO, MARIA ELENA PETRONA",,,,,,
156,HCDN138970,"PEDIDO DE INFORMES VERBALES AL MINISTRO DE RELACIONES EXTERIORES Y CULTO, SEÑOR HECTOR TIMERMAN ANTE LA COMISION DE RELACIONES EXTERIORES Y CULTO, SOBRE SUS DECLARACIONES EN LA CUMBRE SOCIAL DEL MERCOSUR.",2012-06-29T00:00:00,RESOLUCION,"FERRARI, GUSTAVO ALFREDO HORACIO",,,,,,
157,HCDN096963,"DECLARAR DE INTERES DE LA H CAMARA EL LIBRO ""SAN MARTIN Y EL CRUCE DE LOS ANDES"", DE LOS ESCRITORES EDGARDO S. MENDOZA Y CLAUDIO D. MONACHESI.",2008-07-04T00:00:00,RESOLUCION,"FERRA DE BARTOL, MARGARITA",,,,,,
158,HCDN249585,"EXPRESAR BENEPLACITO POR EL TRIGESIMO ANIVERSARIO DE LA FIRMA DEL TRATADO DE ASUNCION, SUSCRIPTO ENTRE ARGENTINA, BRASIL, PARAGUAY Y URUGUAY EL 26 DE MARZO DE 1991 Y QUE DIO ORIGEN AL "" MERCADO COMUN DEL SUR - MERCOSUR -"".",2021-04-14T00:00:00,DECLARACION,"GONZALEZ, ALVARO GUSTAVO",,,,,,
159,HCDN258650,EXCEPTUANSE DEL PAGO DE DERECHO DE EXPORTACION A LAS POSICIONES ARANCELARIAS DE LA NOMENCLATURA COMUN DEL MERCOSUR CORRESPONDIENTES A LAS MANUFACTURAS DE TABACO Y TABACO SIN ELABORAR.,2022-05-13T00:00:00,LEY,"ARJOL, MARTIN",,,,,,
160,HCDN208932,"DECLARESE EL 5 DE MARZO DE CADA AÑO COMO ""DIA NACIONAL DE LA SUBMARINISTA FEMENINA"".",2017-12-06T00:00:00,LEY,"DI STEFANO, DANIEL",,,,,,
161,HCDN143682,"EXPRESAR REPUDIO POR EL INTENTO INTIMIDATORIO DEL MILITAR RETIRADO GUSTAVO DE MARCHI CONTRA EL PERIODISTA DEL ""DIARIO DE CUYO"", CLAUDIO LEIVA, OCURRIDO EN EL MARCO DEL JUICIO POR DELITOS DE LESA HUMANIDAD LLEVADO ADELANTE POR EL TRIBUNAL ORAL FEDERAL DE LA PROVINCIA DE SAN JUAN.",2012-11-02T00:00:00,RESOLUCION,"CASELLES, GRACIELA MARIA",,,,,,
162,HCDN138968,"PEDIDO DE INFORMES VERBALES AL SEÑOR CANCILLER DE LA REPUBLICA ARGENTINA, HECTOR TIMERMAN, SOBRE SUS DECLARACIONES EN LA CUMBRE SOCIAL DEL MERCOSUR, EL 27 DE JUNIO DE 2012.",2012-06-29T00:00:00,RESOLUCION,"ALONSO, LAURA",,,,,,
163,HCDN126681,"APROBAR EL PROTOCOLO DE INTEGRACION EDUCATIVA Y RECONOCIMIENTO DE CERTIFICADOS, TITULOS Y ESTUDIOS DE NIVEL PRIMARIO / FUNDAMENTAL / BASICO Y MEDIO / SECUNDARIO, ENTRE LOS ESTADOS PARTE DEL MERCOSUR Y ESTADOS ASOCIADOS, SUSCRIPTO EN SAN JUAN, REPUBLICA ARGENTINA, EL 2 DE AGOSTO DE 2010.",2011-04-05T00:00:00,MENSAJE Y PROYECTO DE LEY,"FERNANDEZ DE KIRCHNER, CRISTINA",,,,,,
164,HCDN100400,"DECLARAR COMO ""CAPITAL NACIONAL DE LA HORTICULTURA"" A LA CIUDAD DE SANTA LUCIA, PROVINCIA DE CORRIENTES.",2008-10-23T00:00:00,LEY,"PORTELA, AGUSTIN ALBERTO",,,,,,
165,HCDN218467,"DECLARAR DE INTERES DE LA H. CAMARA LA OBRA ""RODOLFO WALSH - EL DOCUMENTAL"" DE AUTORIA DEL DOCTOR ESTEBAN CADOCHE.",2018-06-26T00:00:00,DECLARACION,"FRANA, SILVINA PATRICIA",,,,,,
166,HCDN197487,"DECLARAR DE INTERES DE LA H. CAMARA LA ""XV EXPO PROVINCIAL DE LA LECHE Y VI EXPO JERSEY ENTRERRIANA"", A REALIZARSE DEL 5 AL 7 DE MAYO DE 2017 EN LA LOCALIDAD DE NOGOYA, PROVINCIA DE ENTRE RIOS.",2017-04-21T00:00:00,RESOLUCION,"GAYOL, YANINA CELESTE",,,,,,
167,HCDN187586,"DECLARAR DE INTERES DE LA H. CAMARA EL ""IV CONGRESO IBEROAMERICANO EMDR TRAUMA PSICOLOGICO"", A REALIZARSE DEL 21 DE OCTUBRE AL 1° DE NOVIEMBRE DE 2016, EN LA CIUDAD AUTONOMA DE BUENOS AIRES.",2016-07-01T00:00:00,RESOLUCION,"DURAND CORNEJO, GUILLERMO MARIO",,,,,,
168,HCDN247756,"EXPRESAR BENEPLACITO POR LA INICIATIVA DE REPRESENTANTES ARGENTINOS DEL ""PARLAMENTO DEL MERCOSUR"", QUE PROPONE ESTABLECER COMO BIEN DE USO PUBLICO, UNIVERSAL Y GRATUITO EN EL MERCOSUR, LA FORMULA GENERICA DE LA POSIBLE VACUNA DEL COVID-19.",2021-03-02T00:00:00,DECLARACION,"BRITEZ, MARIA CRISTINA",,,,,,
169,HCDN111180,"PEDIDO DE INFORMES AL PODER EJECUTIVO SOBRE RESOLUCION REMITIDA POR LA AUDITORIA GENERAL DE LA NACION REFERENTE A LOS ESTADOS FINANCIEROS AL 31 DE DICIEMBRE DE 2007, CORRESPONDIENTES AL PROYECTO DE DESARROLLO RURAL DE LAS PROVINCIAS DEL NORESTE ARGENTINO (NEA) - CONTRATO DE PRESTAMO 417-AR FIDA.",2009-09-22T00:00:00,RESOLUCION,PARLAMENTARIA MIXTA REVISORA DE CUENTAS,,,,,,
170,HCDN138496,PEDIDO DE INFORMES AL PODER EJECUTIVO SOBRE DIVERSAS CUESTIONES RELACIONADAS CON LA EXPORTACION DE CARNES DE LA CUOTA HILTON PERIODO 2011-2012.,2012-06-21T00:00:00,RESOLUCION,"FORTE, ULISES UMBERTO JOSE",,,,,,
171,HCDN215181,"PEDIDO DE INFORMES AL PODER EJECUTIVO SOBRE DENUNCIAS RECIBIDAS POR LA DIRECCION NACIONAL DE DEFENSA DEL CONSUMIDOR, CON RESPECTO A LA ADULTERACION DE LOS ROTULOS INFORMATIVOS Y/O AL CAMBIO DE CONDICIONES DE CONSERVACION DE CARNE PORCINA DE ORIGEN EXTRANJERO, CONGELADA O FRESCA.",2018-05-18T00:00:00,RESOLUCION,"BUCCA, EDUARDO",,,,,,
172,HCDN098025,"LENGUA GUARANI, INCORPORACION AL MERCOSUR COMO LENGUA OFICIAL.",2008-08-25T00:00:00,LEY,"GALANTINI, EDUARDO LEONEL",,,,,,
173,HCDN246572,"""LEY ALBERDI"". ESTABLECESE LA CAPACITACION OBLIGATORIA EN TEMATICAS CONSTITUCIONALES PARA TODOS LOS LEGISLADORES Y FUNCIONARIOS Y EMPLEADOS QUE SE DESEMPEÑEN EN LA ADMINISTRACION PUBLICA, EN CUALQUIER NIVEL Y JERARQUIA DE LOS PODERES EJECUTIVO Y LEGISLATIVO DE LA NACION Y EN CUALQUIERA DE SUS ORGANOS DESCENTRALIZADOS.",2020-11-25T00:00:00,LEY,"FRADE, MONICA EDITH",,,,,,
174,HCDN189016,"TRAMITES URGENTES O PREFERENCIALES. PROHIBICION EN EL AMBITO DE LA ADMINISTRACION PUBLICA, DEL COBRO DE ARANCELES, RECARGOS O CANONES ESPECIALES PARA SU REALIZACION.",2016-08-04T00:00:00,LEY,"BERMEJO, SIXTO OSVALDO",,,,,,
175,HCDN192670,"DECLARAR DE INTERES DE LA H. CAMARA LAS PUBLICACIONES DESTINADAS A LA ENSEÑANZA DE LA LENGUA ONA EN EL TALLER ""JULIO LEGUIZAMON"", REALIZADAS POR LA SEÑORA EMMA ISABEL GALLARDO DE LEGUNDA.",2016-11-07T00:00:00,RESOLUCION,"PEREZ, MARTIN ALEJANDRO",,,,,,
176,HCDN274683,"ADHIERASE A LA MERCOSUR/CMC/DEC. 54/15 APROBADA POR EL CONSEJO DEL MERCADO COMUN. POR EL CUAL SE CREA EL REGIMEN DE ""COOPERATIVAS DEL MERCOSUR"".",2024-04-22T00:00:00,LEY,"PASSO, MARCELA FABIANA",,,,,,
177,HCDN280432,"EXPRESAR BENEPLACITO POR LA PROPUESTA DEL PRESIDENTE JAVIER MILEI, DURANTE LA 65ª CUMBRE DE PRESIDENTES DE LOS ESTADOS PARTE DEL MERCOSUR DESARROLLADA EL 6 DE DICIEMBRE EN MONTEVIDEO, DE CREAR UNA AGENCIA REGIONAL PARA LUCHAR CONTRA EL CRIMEN TRANSNACIONAL ORGANIZADO.",2024-12-16T00:00:00,RESOLUCION,"IGLESIAS, FERNANDO ADOLFO",,,,,,
178,HCDN140778,"PEDIDO DE INFORMES AL PODER EJECUTIVO SOBRE DIVERSAS CUESTIONES RELACIONADAS CON LOS FUNDAMENTOS DEL DICTADO DE LA RESOLUCION 1436/12 DE LA SECRETARIA DE ENERGIA DE LA NACION, SOBRE ESTABLECIMIENTO DEL PRECIO A RECIBIR POR LAS EMPRESAS ELABORADORAS DE BIODIESEL.",2012-08-22T00:00:00,RESOLUCION,"TUNESSI, JUAN PEDRO",,,,,,
179,HCDN159738,"PEDIDO DE INFORMES AL PODER EJECUTIVO SOBRE DIVERSAS CUESTIONES RELACIONADAS CON LA FALTA DE AGUA Y ESTADO DE LAS OBRAS HIDRICAS ANUNCIADAS PARA LA LOCALIDAD DE CALETA OLIVIA, PROVINCIA DE SANTA CRUZ.",2014-03-06T00:00:00,RESOLUCION,"BIANCHI, IVANA MARIA",,,,,,
180,HCDN110181,"PEDIDO DE INFORMES AL PODER EJECUTIVO SOBRE DIVERSAS CUESTIONES RELACIONADAS CON EL PROGRAMA ""INGRESO SOCIAL CON TRABAJO"".",2009-11-05T00:00:00,RESOLUCION,"CUCCOVILLO, RICARDO OSCAR",,,,,,
181,HCDN172368,"SOLICITAR AL PODER EJECUTIVO DISPONGA LAS MEDIDAS NECESARIAS PARA PROMOVER LA SUSPENSION DE LA REPUBLICA BOLIVARIANA DE VENEZUELA DEL BLOQUE REGIONAL DEL MERCOSUR, POR LAS REITERADAS VIOLACIONES DE LOS VALORES DEMOCRATICOS POR PARTE DEL GOBIERNO DE ESE PAIS.",2015-03-03T00:00:00,RESOLUCION,"GRIBAUDO, CHRISTIAN ALEJANDRO",,,,,,
182,HCDN179932,"PEDIDO DE INFORMES AL PODER EJECUTIVO SOBRE DIVERSAS CUESTIONES RELACIONADAS CON LA NOTA QUE ENVIO A NUESTRO PAIS EL ""COMITE DE CONTROL DE FICHEROS DE INTERPOL"", A FIN DE REANALIZAR LA VIGENCIA Y FUNDAMENTOS DE LAS ORDENES DE CAPTURA ROJAS EMITIDAS CONTRA TRES DE LOS IMPUTADOS EN LA ""CAUSA AMIA"".",2015-09-16T00:00:00,RESOLUCION,"CARRIO, ELISA MARIA AVELINA",,,,,,
183,HCDN096121,"DECLARAR DE INTERES PARLAMENTARIO LA ""CUMBRE DE JEFES DE ESTADOS DEL MERCOSUR"", A REALIZARSE LOS DIAS 30 DE JUNIO Y 1 DE JULIO DE 2008 EN LA CIUDAD CAPITAL DE LA PROVINCIA DE TUCUMAN.",2008-06-10T00:00:00,DECLARACION,"ALFARO, GERMAN ENRIQUE",,,,,,
184,HCDN152266,EXPRESAR PREOCUPACION POR LA CAIDA DE LAS EXPORTACIONES DE CARNE VACUNA.,2013-05-28T00:00:00,DECLARACION,"ALONSO, GUMERSINDO FEDERICO",,,,,,
185,HCDN263289,SOLICITAR AL PODER EJECUTIVO DISPONGA LAS MEDIDAS NECESARIAS PARA LA INCORPORACION DE DIVERSAS MERCADERIAS AL PROGRAMA DE INCREMENTO EXPORTADOR.,2022-09-23T00:00:00,RESOLUCION,"TACCETTA, MATIAS",,,,,,
186,HCDN136754,"DECLARAR DE INTERES DE LA HONORABLE CAMARA LA PRIMERA JORNADA A CAMPO DEL INSTITUTO DE LA CARNE VACUNA ARGENTINA (IPCVA) EN LA RIOJA, A REALIZARSE EN DICHA PROVINCIA, EL 30 DE MAYO DE 2012.",2012-05-16T00:00:00,RESOLUCION,"MARTINEZ, JULIO CESAR",,,,,,
187,HCDN166202,"EXPRESAR BENEPLACITO POR EL TRASPASO DE LA PRESIDENCIA PRO TEMPORE DEL MERCADO COMUN DEL SUR - MERCOSUR -, A NUESTRO PAIS.",2014-08-11T00:00:00,RESOLUCION,"GALLARDO, MIRIAM GRACIELA",,,,,,
188,HCDN254964,"COMUNICACION DEL DECRETO DE FACULTADES DELEGADAS N° 852 DEL 14 DE DICIEMBRE DEL 2021 POR EL CUAL SE FIJA EN 0 % LA ALICUOTA DEL DERECHO DE EXPORTACION PARA LOS PRODUCTOS QUE REVISTAN LA CONDICION DE ECOLOGICOS, BIOLOGICOS U ORGANICOS, Y REDUCE EN 5 P.P. LA ALICUOTA DEL DERECHO DE EXPORTACION PARA DETERMINADAS MERCADERIAS ARANCELADAS DEL MERCOSUR.",2021-12-17T00:00:00,MENSAJE,"MANZUR, JUAN LUIS",,,,,,
189,HCDN105403,"TELEGRAMA CARTA DOCUMENTO LABORAL CON CARACTER GRATUITO - LEY 23789 -. MODIFICACIONES, SOBRE EXTENSION DE LA GRATUIDAD A LOS FAMILIARES Y/O DERECHOHABIENTES DE LOS TRABAJADORES.",2009-05-06T00:00:00,LEY,"LEGUIZAMON, MARIA LAURA",,,,,,
190,HCDN159857,"EXPRESAR BENEPLACITO POR EL ""DIA DEL MERCOSUR"" A CELEBRARSE EL 26 DE MARZO DE 2014.",2014-03-07T00:00:00,DECLARACION,"ASSEFF, ALBERTO",,,,,,
191,HCDN245779,FIJASE EN 7% LAS ALICUOTAS DE LOS REINTEGROS A LA EXPORTACION (R.E.) PARA LAS POSICIONES ARANCELARIAS DE LA NOMENCLATURA COMUN DEL MERCOSUR (N.C.M.) PARA UVAS FRESCAS Y PASAS DE UVA.,2020-10-26T00:00:00,LEY,"CASELLES, GRACIELA MARIA",,,,,,
192,HCDN100998,PEDIDO DE INFORMES AL PODER EJECUTIVO SOBRE LA EXPORTACION DE CARNE POR PARTE DE LOS FRIGORIFICOS.,2008-11-19T00:00:00,RESOLUCION,"VIALE, LISANDRO ALFREDO",,,,,,
193,HCDN164592,"EXPRESAR ADHESION POR LOS FESTEJOS DEL 76° ANIVERSARIO DE LA PARROQUIA ""NUESTRA SEÑORA DEL PERPETUO SOCORRO"", DE CHARATA, PROVINCIA DEL CHACO,",2014-06-18T00:00:00,RESOLUCION,"TEJEDOR, MIGUEL ANGEL",,,,,,
194,HCDN169913,"PRODUCTOS CARNICOS. SE ELIMINAN LOS DERECHOS DE EXPORTACION DE LAS POSICIONES ARANCELARIAS DE LA ""NOMENCLATURA COMUN DEL MERCOSUR - NCM -"".",2014-11-19T00:00:00,LEY,"TORROBA, FRANCISCO JAVIER",,,,,,
195,HCDN254384,BIOCOMBUSTIBLES - LEY 27640 -. MODIFICACIONES.,2021-11-23T00:00:00,LEY,"GUTIERREZ, CARLOS MARIO",,,,,,
196,HCDN245513,"DECLARAR DE INTERES DE LA H. CAMARA EL 30 ANIVERSARIO DE LA FIRMA DEL ""TRATADO DE ASUNCION"" Y CONSTITUCION DEL ""MERCADO COMUN DEL SUR - MERCOSUR -"".",2020-10-16T00:00:00,RESOLUCION,"GINOCCHIO, SILVANA MICAELA",,,,,,
197,HCDN127658,PEDIDO DE INFORMES AL PODER EJECUTIVO NACIONAL SOBRE DIVERSAS CUESTIONES RELACIONADAS CON LOS ARANCELES QUE PUEDE REQUERIR EL SENASA A LOS DESPACHANTES DE ANIMALES VIVOS Y OTRAS CUESTIONES CONEXAS.,2011-05-11T00:00:00,RESOLUCION,"BULLRICH, PATRICIA",,,,,,
198,HCDN190817,"DECLARAR DE INTERES DE LA H. CAMARA EL 187 ANIVERSARIO DE LA FUNDACION DE LA LOCALIDAD DE MONTE CASEROS, A REALIZARSE EL 5 DE OCTUBRE DE 2016 EN LA PROVINCIA DE CORRIENTES.",2016-09-16T00:00:00,RESOLUCION,"RUBIN, CARLOS GUSTAVO",,,,,,
199,HCDN255775,SISTEMA ARGENTINO DE TRAZABILIDAD DE LOS PRODUCTOS DE LA PESCA Y LA ACUICULTURA. CREACION.,2022-03-02T00:00:00,LEY,"GARCIA, XIMENA",,,,,,
200,HCDN113266,"PEDIDO DE INFORMES AL PODER EJECUTIVO NACIONAL SOBRE DIVERSAS CUESTIONES RELACIONADAS CON LOS ESTUDIOS REALIZADOS AL AGUA DE CONSUMO DOMICILIARIO Y PARA LOS SERES HUMANOS EN LA CIUDAD DE LA PLATA, PROVINCIA DE BUENOS AIRES.",2010-03-11T00:00:00,RESOLUCION,"CUCCOVILLO, RICARDO OSCAR",,,,,,
201,HCDN275238,"PEDIDO DE INFORMES AL PODER EJECUTIVO SOBRE DIVERSAS CUESTIONES RELACIONADAS CON EL LANZAMIENTO DE LA LINEA DE CREDITOS HIPOTECARIOS AJAUSTABLES POR UNIVADES DE VALOR ADQUIRIDO (UVA), DEL BANCO DE LA NACION ARGENTINA.",2024-05-13T00:00:00,RESOLUCION,"COBOS, JULIO",,,,,,
202,HCDN245089,"SOLICITAR AL PODER EJECUTIVO DISPONGA GARANTIZAR EL DERECHO CONSTITUCIONAL DE LIBRE TRANSITO DE PERSONAS Y BIENES ENTRE LAS PROVINCIAS ARGENTINAS, Y OTRAS CUESTIONES CONEXAS.",2020-10-05T00:00:00,RESOLUCION,"BERHONGARAY, MARTIN ANTONIO",,,,,,
203,HCDN103226,"COMBUSTIBLES LIQUIDOS Y GAS NATURAL, LEY 23966: MODIFICACION DE LOS ARTICULOS 19 Y 20 (DISTRIBUCION DE FONDOS) (REPRODUCCION DEL EXPEDIENTE 5079-D-07).",2009-03-02T00:00:00,LEY,"COMELLI, ALICIA MARCELA",,,,,,
204,HCDN150918,"REGIMEN REGULATORIO DE LA INDUSTRIA Y COMERCIALIZACION DE GAS LICUADO DE PETROLEO - LEY 26020 -; MODIFICACION DEL ARTICULO 45, SOBRE FONDO FIDUCIARIO PARA SUBSIDIOS DE CONSUMOS RESIDENCIALES DE ""GAS LICUADO DE PETROLEO, GLP"".",2013-04-29T00:00:00,LEY,"MALDONADO, VICTOR HUGO",,,,,,
205,HCDN168178,"EXPRESAR PREOCUPACION POR LA ENCUESTA DE VICTIMIZACION, SEGUN LA CUAL BUENOS AIRES Y EL CONURBANO SE ENCUENTRAN ENTRE LOS DISTRITOS DE MAYOR CANTIDAD DE DELITOS DE AMERICA LATINA.",2014-10-07T00:00:00,RESOLUCION,"BIANCHI, IVANA MARIA",,,,,,
206,HCDN120878,"DECLARAR DE INTERES DE LA HONORABLE CAMARA LAS JORNADAS DE IDENTIFICACION Y TRAZABILIDAD AGROALIMENTARIA, A REALIZARSE LOS DIAS 1 Y 2 DE NOVIEMBRE DE 2010 EN LA CIUDAD AUTONOMA DE BUENOS AIRES.",2010-10-02T00:00:00,RESOLUCION,"MARTINEZ, JULIO CESAR",,,,,,
207,HCDN118763,"EXPRESAR BENEPLACITO POR LA REALIZACION Y LOS RESULTADOS DE LA XXXIX REUNION DEL CONSEJO DEL MERCADO COMUN Y CUMBRE DE JEFAS Y JEFES DE ESTADO DEL MERCOSUR Y ESTADOS ASOCIADOS, REALIZADA EL 2 Y 3 DE AGOSTO EN LA CIUDAD DE SAN JUAN.",2010-08-06T00:00:00,RESOLUCION,"GODOY, RUPERTO EDUARDO",,,,,,
208,HCDN117405,"""EVA PERON"". DESIGNASE COMO TAL AL EDIFICIO UBICADO EN LA AVENIDA 9 DE JULIO 1925 DE LA CIUDAD AUTONOMA DE BUENOS AIRES.",2010-06-23T00:00:00,LEY,"CORTINA, ROY",,,,,,
209,HCDN163481,"SOLICITAR AL PODER EJECUTIVO DISPONGA LAS MEDIDAS NECESARIAS PARA INCLUIR EN LAS RONDAS DE NEGOCIACIONES CON LA REPUBLICA FEDERATIVA DEL BRASIL EN EL AMBITO DEL MERCADO COMUN DEL SUR - MERCOSUR -, LA POSIBILIDAD DE OTORGAR A LA ZONA FRANCA DE GENERAL PICO - PROVINCIA DE LA PAMPA, IDENTICO TRATAMIENTO DEL CONTEMPLADO EN LA DECISION N° 8/94.",2014-05-20T00:00:00,RESOLUCION,"FERNANDEZ MENDIA, GUSTAVO RODOLFO",,,,,,
210,HCDN188079,"SOLICITAR AL PODER EJECUTIVO DISPONGA LAS MEDIDAS NECESARIAS PARA GESTIONAR LA APLICACION DEL ARTICULO 5° DEL PROTOCOLO DE OURO PRETO, LEY 24560, A LOS EFECTOS DEL TRASPASO DE LA PRESIDENCIA DEL ""CONSEJO DEL MERCADO COMUN (MERCOSUR)"" A LA REPUBLICA BOLIVARIANA DE VENEZUELA.",2016-07-14T00:00:00,RESOLUCION,"GAILLARD, ANA CAROLINA",,,,,,
211,HCDN117823,"EXPRESAR BENEPLACITO POR EL DICTADO DE LOS DECRETO 700 Y 701/10, POR LOS CUALES SE REALIZAN ESTUDIOS QUE PERMITIRAN A FAMILIAS DE COMUNIDADES INDIGENAS INSTRUMENTAR LA TITULARIDAD EN LA POSESION DE SUS ANCESTRALES PROPIEDADES.",2010-07-05T00:00:00,DECLARACION,"PERIE, HUGO RUBEN",,,,,,
212,HCDN158374,"EXPRESAR PREOCUPACION POR LA NUEVA RESTRICCION AL BIODIESEL ARGENTINO, QUE IMPUSO EL GOBIERNO DE ESPAÑA.",2013-11-26T00:00:00,RESOLUCION,"BIANCHI, IVANA MARIA",,,,,,
213,HCDN181520,PROGRAMA DESTINADO AL FORTALECIMIENTO DE LA LABOR DE LOS BIBLIOTECARIOS POPULARES QUE FUNCIONARA EN EL AMBITO DE LA COMISION NACIONAL DE BIBLIOTECAS POPULARES - CONABIP -. CREACION.,2015-12-02T00:00:00,LEY,"CORTINA, ROY",,,,,,
214,HCDN230098,"DECLARAR DE INTERES DE LA H. CAMARA LA ""25 FIESTA DEL CHOCLO Y LA HUMITA"", REALIZADA DEL 15 AL 17 DE MARZO DE 2019 EN LA LOCALIDAD DE EL SAUCE, PROVINCIA DEL NEUQUEN.",2019-03-22T00:00:00,RESOLUCION,"SAPAG, ALMA LILIANA",,,,,,
215,HCDN287642,FIJASE EN CERO POR CIENTO (0 %) LA ALICUOTA DEL DERECHO DE EXPORTACION PARA LAS MERCADERIAS DE LA NOMENCLATURA COMUN DEL MERCOSUR CORRESPONDIENTES A LOS MINERALES Y BARRAS DE PLATA EN BRUTO.,2025-09-23T00:00:00,LEY,"REYES, ROXANA NAHIR",,,,,,
216,HCDN198269,"COMUNIDADES INDIGENAS - LEY 26160 -. MODIFICACION, SOBRE LA EMERGENCIA EN MATERIA DE POSESION Y PROPIEDAD DE LAS TIERRAS.",2017-05-09T00:00:00,LEY,"ARGUMEDO, ALCIRA SUSANA",,,,,,
217,HCDN180660,"DECLARAR DE INTERES DE LA H. CAMARA EL XI ENCUENTRO DE ESCRITORES DEL MERCOSUR, VIII CONGRESO INTERNACIONAL DE EDUCACION INTERCULTURAL Y LITERATURA CONTEMPORANEA Y V ENCUENTRO DE PRODUCTORES CULTURALES DEL MERCOSUR, QUE ANUALMENTE SE CELEBRA EN EL MES DE OCTUBRE EN PUERTO IGUAZU, PROVINCIA DE MISIONES.",2015-10-08T00:00:00,RESOLUCION,"PERIE, JULIA ARGENTINA",,,,,,
218,HCDN283435,EXPRESAR QUE VERIA CON AGRADO QUE EL PODER EJECUTIVO GESTIONE LOS MEDIOS NECESARIOS PARA CONCRETAR UN ACUERDO DE RECIPROCIDAD ARANCELARIA CON LOS ESTADOS UNIDOS DE AMERICA.,2025-03-31T00:00:00,DECLARACION,"MILMAN, GERARDO",,,,,,
219,HCDN245430,"SOLICITAR AL PODER EJECUTIVO DISPONGA INCORPORAR A LA PAPELERIA OFICIAL LA LEYENDA ""2021 - AÑO DEL MERCOSUR"", EN CONMEMORACION DEL TRIGESIMO ANIVERSARIO DE LA FIRMA DEL ""TRATADO DE ASUNCION"", QUE DIO ORIGEN AL ""MERCOSUR"".",2020-10-15T00:00:00,DECLARACION,"MARZIOTTA, GISELA",,,,,,
220,HCDN113530,SOLICITAR AL PODER EJECUTIVO DISPONGA ARBITRAR LOS MEDIOS PARA QUE LOS PAISES MIEMBROS DEL MERCOSUR REHUSEN BRINDAR APOYO LOGISTICO Y ASISTENCIA TECNICO OPERATIVA A LOS BUQUES Y AERONAVES QUE PRETENDAN REALIZAR EXPLORACION O EXPLOTACION DE HIDROCARBUROS EN LA ZONA MARITIMA ARGENTINA.,2010-03-17T00:00:00,RESOLUCION,"FADUL, LILIANA",,,,,,
221,HCDN153172,SOLICITAR AL PODER EJECUTIVO DISPONGA RESPALDAR A LA REPUBLICA DEL PARAGUAY COMO PRESIDENTE PROTEMPORE DEL MERCOSUR.,2013-06-28T00:00:00,DECLARACION,"ASSEFF, ALBERTO",,,,,,
222,HCDN247458,EXPRESAR REPUDIO A TODO ACTO JUDICIAL QUE PONGA EN RIESGO LA GARANTIA CONSTITUCIONAL DE PROTECCION DEL SECRETO DE LAS FUENTES INFORMATIVAS Y LIBERTAD DE PRENSA.,2021-02-08T00:00:00,RESOLUCION,"UCEDA, MARISA LOURDES",,,,,,
223,HCDN127925,BANDERA DEL MERCOSUR: SE DISPONE SU IZAMIENTO OBLIGATORIO JUNTO AL PABELLON NACIONAL EN EDIFICIOS PUBLICOS.,2011-05-20T00:00:00,LEY,"GONZALEZ, JUAN DANTE",,,,,,
224,HCDN240918,PRESUPUESTOS MINIMOS DE PROTECCION AMBIENTAL PARA LA TRAZABILIDAD DE AGROQUIMICOS.,2020-05-26T00:00:00,LEY,"ZAMARBIDE, FEDERICO RAUL",,,,,,
225,HCDN110209,"SOLICITAR AL PODER EJECUTIVO DISPONGA LAS MEDIDAS NECESARIAS PARA PROPONER LA CREACION DE UNA AGENCIA AMBIENTAL DEL ""MERCOSUR"" EN LA SIGUIENTE ""CUMBRE DE PRESIDENTES"" A REALIZARSE EL 16 DE DICIEMBRE DE 2009, CON EL OBJETO DE ESTABLECER UNA LEGISLACION AMBIENTAL COMUN PARA EL BLOQUE.",2009-11-06T00:00:00,RESOLUCION,"IGLESIAS, FERNANDO ADOLFO",,,,,,
226,HCDN228260,"SUSPENSION DE LA APLICACION DE LA LEY 27120, ELECCION DE PARLAMENTARIOS DEL MERCOSUR, HASTA EL 31 DE DICIEMBRE DE 2020. SE EXCEPTUA A LOS PARLAMENTARIOS ELEGIDOS EL 25 DE OCTUBRE DE 2015.",2019-03-08T00:00:00,LEY,"CARRIO, ELISA MARIA AVELINA",,,,,,
227,HCDN255849,EXPRESAR PREOCUPACION POR LOS HECHOS DE CORRUPCION DEL EX JUEZ JUAN PABLO MORALES Y DEMAS FUNCIONARIOS DE LA PROVINCIA DE CATAMARCA.,2022-03-02T00:00:00,RESOLUCION,"MANZI, RUBEN",,,,,,
228,HCDN234969,"SOLICITAR AL PODER EJECUTIVO DISPONGA LAS MEDIDAS NECESARIAS PARA QUE EL ""MERCADO COMUN DEL SUR - MERCOSUR -"", PROMUEVA ESTRATEGIAS URGENTES PARA LA CONSERVACION Y PROTECCION AMBIENTAL DE LA SELVA AMAZONICA.",2019-08-23T00:00:00,RESOLUCION,"AUSTIN, BRENDA LIS",,,,,,
229,HCDN143137,"APROBACION DEL PROTOCOLO DE MONTEVIDEO SOBRE COMPROMISO CON LA DEMOCRACIA EN EL MERCOSUR (USHUAIA II) SUSCRIPTO EN LA CIUDAD DE MONTEVIDEO - REPUBLICA ORIENTAL DEL URUGUAY, EL 20 DE DICIEMBRE DE 2011.",2012-10-09T00:00:00,MENSAJE Y PROYECTO DE LEY,"FERNANDEZ DE KIRCHNER, CRISTINA",,,,,,
230,HCDN244847,"PEDIDO DE INFORMES AL PODER EJECUTIVO SOBRE DISTINTAS CUESTIONES VINCULADAS AL ""PROGRAMA ARGENTINA UNIDA POR LA INTEGRACION DE LOS BARRIOS POPULARES"", CUYO OBJETIVO ES EL FINANCIAMIENTO DE CONEXIONES DOMICILIARIAS A LAS REDES ELECTRICA, DE AGUA POTABLE Y CLOACAS Y LA CONSTRUCCION DE ESPACIOS COMUNITARIOS EN LOS BARRIOS DEL RENABAP.",2020-09-29T00:00:00,RESOLUCION,"BERISSO, HERNAN",,,,,,
231,HCDN252573,ARGENTINA DIGITAL - LEY 27078 -. MODIFICACIONES SOBRE EL FOMENTO DE COMPARTICION DE INFRAESTRUCTURA PASIVA Y COMPETENCIAS DE LAS TICS.,2021-08-06T00:00:00,LEY,"BERISSO, HERNAN",,,,,,
232,HCDN107475,RENDIR HOMENAJE Y RECONOCIMIENTO A LA VIDA Y OBRA DE EVA DUARTE DE PERON AL CUMPLIRSE EL 57 ANIVERSARIO DE SU FALLECIMIENTO EL DIA 26 DE JULIO DE 2009.,2009-07-07T00:00:00,RESOLUCION,"SALIM, JUAN ARTURO",,,,,,
233,HCDN173050,"PEDIDO DE INFORMES AL PODER EJECUTIVO SOBRE DIVERSAS CUESTIONES RELACIONADAS CON LOS CUPOS DE LA ""CUOTA HILTON"".",2015-03-12T00:00:00,RESOLUCION,"BIANCHI, IVANA MARIA",,,,,,
234,HCDN108166,REGIMEN DE TRAZABILIDAD Y VERIFICACION DE APTITUD TECNICA DE LOS RECURSOS TECNOLOGICOS DE SALUD EN USO.,2009-08-13T00:00:00,LEY,"GORBACZ, LEONARDO ARIEL",,,,,,
235,HCDN270527,"PEDIDO DE INFORMES AL PODER EJECUTIVO SOBRE DIVERSAS CUESTIONES RELACIONADAS CON EL CENSO NACIONAL DE POBLACION, HOGARES Y VIVIENDA REALIZADO EL 18 DE MAYO DE 2022.",2023-09-05T00:00:00,RESOLUCION,"GALIMBERTI, PEDRO JORGE",,,,,,
236,HCDN190844,"""PROGRAMA DE ATENCION PRIMARIA Y PREVENTIVA DE SALUD BUCAL"". CREACION.",2016-09-19T00:00:00,LEY,"BIANCHI, IVANA MARIA",,,,,,
237,HCDN150776,"EXPRESAR BENEPLACITO POR LA POSTULACION COMO ""EMBAJADORA DE LA PAZ"" DE LA DOCTORA MARIA TERESA MUÑOZ, JUEZA DE PAZ DE LA LOCALIDAD DE DELFIN GALLO, PROVINCIA DE TUCUMAN, REALIZADA EL 15 DE ABRIL DE 2013.",2013-04-23T00:00:00,DECLARACION,"GALLARDO, MIRIAM GRACIELA",,,,,,
238,HCDN143491,"DECLARAR DE INTERES DE LA H. CAMARA EL VII CONGRESO FEDERAL DE LA ECONOMIA SOLIDARIA Y ASOCIATIVISMO PYME, EL II ENCUENTRO INDOAMERICANO DE LA ECONOMIA SOLIDARIA Y ASOCIATIVISMO PYME Y EL ACTO DE CIERRE DE AÑO INTERNACIONAL DE LAS COOPERATIVAS DE LA REUNION ESPECIALIZADA DE COOPERATIVAS DEL MERCOSUR, A REALIZARSE LOS DIAS 8 Y 9 DE NOVIEMBRE DE 2012 EN LA PROVINCIA DE BUENOS AIRES.",2012-10-30T00:00:00,RESOLUCION,"MIRKIN, BEATRIZ GRACIELA",,,,,,
239,HCDN127032,"PEDIDO DE INFORMES AL PODER EJECUTIVO NACIONAL SOBRE DIVERSAS CUESTIONES RELACIONADAS CON EL PROGRAMA ""CARNE PARA TODOS"", IMPULSADO EL DIA 27 DE ABRIL DE 2011.",2011-04-28T00:00:00,RESOLUCION,"GRIBAUDO, CHRISTIAN ALEJANDRO",,,,,,
240,HCDN266547,"DECLARAR DE INTERES DE LA H. CAMARA LA MESA REDONDA DE ALTO NIVEL SOBRE LAS ""PERSPECTIVAS DEL MERCOSUR POLITICO A 25 AÑOS DE LA CREACION DEL FORO DE CONSULTA Y CONCERTACION POLITICA (FCCP)"" LA CUAL SE LLEVARA A CABO EL 16 DE MARZO DE 2023.",2023-03-15T00:00:00,DECLARACION,"CASARETTO, MARCELO PABLO",,,,,,
241,HCDN284689,"PEDIDO DE INFORMES AL PODER EJECUTIVO SOBRE DIVERSAS CUESTIONES RELACIONADAS CON EL MARCO DE LAS CUMBRES DE CANCILLERES DE LOS PAISES INTEGRANTES DEL MERCOSUR QUE TUVIERON LUGAR EN LA CIUDAD AUTONOMA DE BUENOS AIRES, ARGENTINA, EL 11 DE ABRIL Y EL 2 DE MAYO DE 2025.",2025-05-15T00:00:00,RESOLUCION,"CAFIERO, SANTIAGO",,,,,,
242,HCDN119301,"DECLARAR DE INTERES DE LA H. CAMARA EL VI CERTAMEN DE FORMACION EN VALORES EN EL MERCOSUR EDUCATIVO 2010 ""MANOS JOVENES ESCRIBEN EN GRANDE"".",2010-08-26T00:00:00,DECLARACION,"FERNANDEZ BASUALDO, LUIS MARIA",,,,,,
243,HCDN271797,EXPRESAR REPUDIO POR LOS HECHOS DE VIOLENCIA PERPETRADOS CONTRA LA SEDE DEL PARTIDO JUSTICIALISTA DE LA PROVINCIA DE SALTA,2023-11-17T00:00:00,DECLARACION,"ZAPATA, CARLOS RAUL",,,,,,
244,HCDN195122,"EXPRESAR BENEPLACITO POR LA MUESTRA DE ARTE ORGANIZADA POR LA FUNDACION DOCTOR ENRIQUE ROSSI, DENOMINADA ""SINERGIAS, EL TODO Y LAS PARTES"", A REALIZARSE DEL 27 DE JUNIO AL 8 DE JULIO DE 2017, EN LA CIUDAD AUTONOMA DE BUENOS AIRES.",2017-03-03T00:00:00,RESOLUCION,"RICCARDO, JOSE LUIS",,,,,,
245,HCDN148611,PEDIDO DE INFORMES AL PODER EJECUTIVO SOBRE DIVERSAS CUESTIONES RELACIONADAS CON LA CUOTA HILTON PARA EL PERIODO 2012-2013.,2013-03-06T00:00:00,RESOLUCION,"GONZALEZ, GLADYS ESTHER",,,,,,
246,HCDN096491,"EXPRESAR BENEPLACITO POR LA ""XVIII FIESTA PROVINCIAL Y ARGENTINA DE LA BAGNA CAUDA"", A REALIZARSE DEL 6 AL 20 DE JULIO DE 2008 EN LA PROVINCIA DE SANTA FE.",2008-06-20T00:00:00,RESOLUCION,"MORINI, PEDRO JUAN",,,,,,
247,HCDN159844,EXPRESAR BENEPLACITO POR LA INCORPORACION DEL IDIOMA GUARANI COMO LENGUA OFICIAL DEL MERCOSUR.,2014-03-07T00:00:00,DECLARACION,"ASSEFF, ALBERTO",,,,,,
248,HCDN164747,"REDUCCION DE LA COMPOSICION DE LA CORTE SUPREMA DE JUSTICIA DE LA NACION - LEY 26183 -. MODIFICACION DEL ARTICULO 3°, SOBRE MAYORIAS REQUERIDAS PARA EMITIR SENTENCIA.",2014-06-24T00:00:00,LEY,"COMELLI, ALICIA MARCELA",,,,,,
249,HCDN233395,"EXPRESAR BENEPLACITO POR EL PREMIO ""PRINCESA DE ASTURIAS"", OTORGADO A LA CIENTIFICA ARGENTINA SANDRA DIAZ, EL 5 DE JUNIO DE 2019 EN LA CIUDAD DE OVIEDO, ESPAÑA.",2019-06-14T00:00:00,DECLARACION,"CARRIZO, SOLEDAD",,,,,,
250,HCDN185145,"EXPRESAR REPUDIO POR EL ESCRACHE REALIZADO EL DIA 21 DE ABRIL DE 2016, AL ENSAYISTA Y DESIGNADO DIRECTOR DE LA ""BIBLIOTECA NACIONAL"", ALBERTO MANGUEL.",2016-04-27T00:00:00,RESOLUCION,"SCHMIDT LIERMANN, CORNELIA",,,,,,
251,HCDN202569,PEDIDO DE INFORMES AL PODER EJECUTIVO SOBRE DIVERSAS CUESTIONES RELACIONADAS CON EL COBRO DE ARANCELES EN CARRERAS DE FORMACION SUPERIOR BRINDADAS EN UNIVERSIDADES NACIONALES.,2017-07-17T00:00:00,RESOLUCION,"LLANOS MASSA, ANA MARIA",,,,,,
252,HCDN274587,EXPRESAR PREOCUPACION POR LAS AMENAZAS DE MUERTE AL PERIODISTA SANTACRUCEÑO HUGO OMAR MOYANO.,2024-04-18T00:00:00,DECLARACION,"REYES, ROXANA NAHIR",,,,,,
253,HCDN104006,"DECLARAR DE INTERES DE LA H. CAMARA EL LIBRO ""BALDOSAS POR LA MEMORIA"", EDITADO, COMPAGINADO E IMPRESO POR EL INSTITUTO ESPACIO PARA LA MEMORIA EN EL QUE SE REFLEJAN LAS ACTIVIDADES DE LA COORDINADORA BARRIOS POR MEMORIA Y JUSTICIA.",2009-03-18T00:00:00,RESOLUCION,"BISUTTI, DELIA BEATRIZ",,,,,,
254,HCDN093042,EXPRESAR APOYO A LAS POLITICAS DEL GOBIERNO INICIADAS EL 25 DE MAYO DE 2003 Y PROFUNDIZADAS POR LA PRESIDENTA DE LA NACION CRISTINA FERNANDEZ DE KIRCHNER Y RECHAZAR EL LOCK OUT PATRONAL Y LA MEDIDA DE FUERZA QUE VIENEN SOSTENIENDO LAS ENTIDADES RURALES DESDE EL DIA 13 DE MARZO DE 2008.,2008-03-26T00:00:00,RESOLUCION,"ROSSI, AGUSTIN OSCAR",,,,,,
255,HCDN269876,"DECLARAR QUE EL PARLAMENTO DEL MERCOSUR (PARLASUR) ES UN INSTRUMENTO FUNDAMENTAL DE LA INTEGRACION REGIONAL, LA CONSTRUCCION DE CIUDADANIA, LA CONSOLIDACION DE LA DEMOCRACIA, EL DESARROLLO DE LOS ESTADOS PARTE Y OTRAS CUESTIONES CONEXAS.",2023-07-17T00:00:00,RESOLUCION,"IGLESIAS, FERNANDO ADOLFO",,,,,,
256,HCDN117533,"PEDIDO DE INFORMES AL PODER EJECUTIVO SOBRE DIVERSAS CUESTIONES RELACIONADAS CON EL ENVIO DE LA DENOMINADA ""CUOTA HILTON"" A LA UNION EUROPEA.",2010-06-24T00:00:00,RESOLUCION,"MARTINEZ, JULIO CESAR",,,,,,
257,HCDN158614,"CODIGO ELECTORAL NACIONAL (LEY 19945): MODIFICACIONES, SOBRE ELECCION DE PARLAMENTARIOS DEL MERCOSUR CONJUNTAMENTE CON LOS COMICIOS NACIONALES. MODIFICACION DE LA LEY 26215, DE FINANCIAMIENTO DE LOS PARTIDOS POLITICOS.",2013-12-09T00:00:00,LEY,"LARROQUE, ANDRES",,,,,,
258,HCDN284871,PEDIDO DE INFORMES AL PODER EJECUTIVO SOBRE DIVERSAS CUESTIONES RELACIONADAS CON EL INSTITUTO DE PROMOCION DE LA CARNE VACUNA ARGENTINA.,2025-05-22T00:00:00,DECLARACION,"ARDOHAIN, MARTIN",,,,,,
259,HCDN247464,"EXPRESAR BENEPLACITO POR EL TRIGESIMO ANIVERSARIO DE LA FIRMA DEL TRATADO DE ASUNCION, SUSCRIPTO ENTRE ARGENTINA, BRASIL, PARAGUAY Y URUGUAY EL 26 DE MARZO DE 1991 Y QUE DIO ORIGEN AL MERCADO COMUN DEL SUR - MERCOSUR -",2021-02-08T00:00:00,DECLARACION,"BERISSO, HERNAN",,,,,,
260,HCDN282068,SUSPENSION DE LAS ELECCIONES DIRECTAS DE PARLAMENTARIOS DEL MERCOSUR.,2025-03-05T00:00:00,LEY,"LOSPENNATO, SILVIA",,,,,,
261,HCDN192135,"EXPRESAR BENEPLACITO POR EL 103 ANIVERSARIO DEL ""CLUB ATLETICO TALLERES DE CORDOBA"", CELEBRADO EL 12 DE OCTUBRE DE 2016, EN LA CIUDAD CAPITAL DE LA PROVINCIA DE CORDOBA.",2016-10-26T00:00:00,DECLARACION,"ESTEVEZ, GABRIELA BEATRIZ",,,,,,
262,HCDN212538,"TRANSITO - LEY 24449 -. MODIFICACION DEL ARTICULO 53, SOBRE EXIGENCIAS COMUNES PARA LA CIRCULACION DE VEHICULOS.",2018-03-13T00:00:00,LEY,"LLANOS MASSA, ANA MARIA",,,,,,
263,HCDN108046,ELECCION DE PARLAMENTARIOS DEL MERCOSUR: MODIFICACION DEL CODIGO ELECTORAL NACIONAL (LEY 19945 Y MODIFICATORIAS).,2009-08-11T00:00:00,LEY,"IRRAZABAL, JUAN MANUEL",,,,,,
264,HCDN244879,DIAGNOSTICO TEMPRANO DE ARTRITIS REUMATOIDEA. INCLUSION EN EL PLAN MEDICO OBLIGATORIO.,2020-09-30T00:00:00,LEY,"DAIVES, RICARDO DANIEL",,,,,,
265,HCDN276407,"EXPRESAR PREOCUPACION POR LA DECISION DEL PRESIDENTE JAVIER MILEI DE NO CONCURRIR A LA CUMBRE DE JEFES DE ESTADO DEL MERCOSUR, A CELEBRARSE EN ASUNCION, REPUBLICA DEL PARAGUAY, EL 8 DE JULIO DE 2024 Y OTRAS CUESTIONES CONEXAS.",2024-07-02T00:00:00,RESOLUCION,"PAULON, ESTEBAN",,,,,,
266,HCDN141083,"SOLICITAR AL PODER EJECUTIVO DISPONGA REVER LA POLITICA DE PRECIOS INTERNOS Y LOS DERECHOS DE IMPORTACION VIGENTES, ADOPTADAS RESPECTO DE LA INDUSTRIA DE BIOCOMBUSTIBLES, Y OTRAS CUESTIONES CONEXAS.",2012-08-29T00:00:00,RESOLUCION,"MALDONADO, VICTOR HUGO",,,,,,
267,HCDN189782,"DECLARAR DE INTERES DE LA H. CAMARA EL ""ENCUENTRO DE COMITES POPULARES POR EL HABITAT - RESISTENCIA POR EL HABITAT"", A REALIZARSE EL 27 DE AGOSTO DE 2016 EN LA CIUDAD CAPITAL DE LA PROVINCIA DEL CHACO.",2016-08-25T00:00:00,RESOLUCION,"MASIN, MARIA LUCILA",,,,,,
268,HCDN155686,"DECLARAR DE INTERES DE LA H. CAMARA LA "" III EDICION DE LA FERIA DE ARTESANIA DEL MERCOSUR -FAM- "", A REALIZARSE DEL 10 AL 14 DE OCTUBRE DE 2013 EN LA CIUDAD DE PUERTO IGUAZU, PROVINCIA DE MISIONES.",2013-08-28T00:00:00,RESOLUCION,"ZIEGLER, ALEX ROBERTO",,,,,,
269,HCDN187916,"DECLARAR DE INTERES DE LA H. CAMARA LA REALIZACION DE LA SEGUNDA CONFERENCIA PANAMERICANA SOBRE SUSTENTABILIDAD EN BIOCOMBUSTIBLES Y BIOENERGIA, A REALIZARSE DEL 13 AL 16 DE SEPTIEMBRE DE 2016, EN LA CIUDAD AUTONOMA DE BUENOS AIRES.",2016-07-13T00:00:00,RESOLUCION,"ECHEGARAY, ALEJANDRO CARLOS AUGUSTO",,,,,,
270,HCDN104635,"DECLARAR DE INTERES DE LA H. CAMARA LA CAMPAÑA NACIONAL DE VALORES ""ARGENTINA CONTA CONMIGO""",2009-04-08T00:00:00,RESOLUCION,"HOTTON, CYNTHIA LILIANA",,,,,,
271,HCDN274013,EXPRESAR BENEPLACITO POR LA CONMEMORACION DEL DIA DEL MERCOSUR A CELEBRARSE EL 26 DE MARZO DE 2024.,2024-03-26T00:00:00,RESOLUCION,"MARZIOTTA, GISELA",,,,,,
272,HCDN120125,"EXPRESAR BENEPLACITO POR LA I REUNION ESPECIALIZADA DE TURISMO Y VIII REUNION DE MINISTROS DE TURISMO DEL MERCOSUR, REALIZADAS DEL 4 AL 6 DE AGOSTO DE 2010 EN LA PROVINCIA DE JUJUY.",2010-09-28T00:00:00,DECLARACION,"LEVERBERG, STELLA MARIS",,,,,,
273,HCDN245349,"SOLICITAR AL PODER EJECUTIVO DISPONGA CONSIDERAR LA POSIBILIDAD DE ELABORAR LOS PROTOCOLOS NECESARIOS, QUE PERMITAN GARANTIZAR EL "" DERECHO AL ULTIMO ADIOS "" PARA EL ACOMPAÑAMIENTO DE PACIENTES QUE PADECEN ENFERMEDADES TERMINALES, EN EL CONTEXTO DE PANDEMIA DECLARADA POR LA ORGANIZACION MUNDIAL DE LA SALUD (OMS).",2020-10-09T00:00:00,DECLARACION,"SAPAG, ALMA LILIANA",,,,,,
274,HCDN124985,"DECLARAR DE INTERES DE LA H. CAMARA LA MUESTRA ""EXPO MACIA 2011: ""16 FIESTA PROVINCIAL DE LA MIEL Y EXPO APICOLA DEL MERCOSUR"" A REALIZARSE DEL 1 AL 3 DE ABRIL DE 2011 EN MACIA, PROVINCIA DE ENTRE RIOS.",2011-03-04T00:00:00,RESOLUCION,"MARTINEZ, JULIO CESAR",,,,,,
275,HCDN121385,"DECLARAR DE INTERES DE LA H. CAMARA LA PELICULA 'EL RATI HORROR SHOW' DEL DIRECTOR ENRIQUE PIÑEYRO, DISPONIENDO SU PROYECCION EN ESTA H. CAMARA DE DIPUTADOS.",2010-11-19T00:00:00,RESOLUCION,"LOZANO, CLAUDIO RAUL",,,,,,
276,HCDN276011,CREACION DEL SISTEMA ARGENTINO DE TRAZABILIDAD DE LA PESCA Y LA ACUICULTURA.,2024-06-11T00:00:00,LEY,"REYES, ROXANA NAHIR",,,,,,
277,HCDN189972,"DEMOCRATIZACION DE LA REPRESENTACION POLITICA, LA TRANSPARENCIA Y LA EQUIDAD ELECTORAL - LEY 26571 -. MODIFICACION DEL ARTICULO 44, SOBRE SISTEMA D´HONT PARA LA ELECCION DE CANDIDATOS A DIPUTADOS NACIONALES Y PARLAMENTARIOS DEL MERCOSUR POR DISTRITO NACIONAL.",2016-08-29T00:00:00,LEY,"CONTI, DIANA BEATRIZ",,,,,,
278,HCDN129020,"APROBACION DEL ACUERDO PREFERENCIAL DE COMERCIO ENTRE EL MERCADO COMUN DEL SUR (MERCOSUR) Y LA UNION ADUANERA DE AFRICA DEL SUR (SACU), SUSCRIPTO POR LOS ESTADOS PARTE DEL MERCOSUR EN BRASIL EL 15/12/2008, Y POR LOS ESTADOS MIEMBROS DE LA SACU EN MASERU - REINO DE LESOTHO -, EL 03/04/2009.",2011-06-17T00:00:00,MENSAJE Y PROYECTO DE LEY,"FERNANDEZ DE KIRCHNER, CRISTINA",,,,,,
279,HCDN166107,"DECLARAR DE INTERES DE LA HONORABLE CAMARA DE DIPUTADOS DE LA NACION EL LIBRO ""YO QUE SE (#YQS). LA EDUCACION ARGENTINA EN LA ENCRUCIJADA"", ESCRITO POR JUAN MARIA SEGURA.",2014-08-08T00:00:00,RESOLUCION,"SCHMIDT LIERMANN, CORNELIA",,,,,,
280,HCDN261828,DESIGNACION POR PARTE DEL CONGRESO NACIONAL DE LOS PARLAMENTARIOS DEL MERCOSUR. MODIFICACIONES AL CODIGO NACIONAL ELECTORAL Y DE LAS LEYES 26215 Y 26571. DEROGACION DE LA LEY 27120.,2022-08-08T00:00:00,LEY,"LOSPENNATO, SILVIA GABRIELA",,,,,,
281,HCDN096218,"DECLARAR DE INTERES PARLAMENTARIO EL ""I FORO INTERAMERICANO DE MUJERES CONTRA LA CORRUPCION"", A REALIZARSE DEL 29 DE SEPTIEMBRE AL 1 DE OCTUBRE DE 2008 EN LA CIUDAD AUTONOMA DE BUENOS AIRES.",2008-06-11T00:00:00,RESOLUCION,"GIL LOZANO, CLAUDIA FERNANDA",,,,,,
282,HCDN159685,"PEDIDO DE INFORMES AL PODER EJECUTIVO NACIONAL SOBRE DIVERSAS CUESTIONES RELACIONADAS CON LOS CUPOS DE LA ""CUOTA HILTON"".",2014-03-06T00:00:00,RESOLUCION,"BIANCHI, IVANA MARIA",,,,,,
283,HCDN193888,EXPRESAR REPUDIO POR LA SUSPENSION DE LA REPUBLICA BOLIVARIANA DE VENEZUELA COMO SOCIO PLENO DEL MERCOSUR.,2016-12-06T00:00:00,DECLARACION,"GAILLARD, ANA CAROLINA",,,,,,
284,HCDN219225,"SALUD MENTAL - LEY 26657 -. MODIFICACIONES, SOBRE DERECHOS Y GARANTIAS DE LOS ENFERMOS MENTALES, REGIONALIZACION DE LA ATENCION Y FUNCIONES DEL ORGANO DE REVISION.",2018-07-12T00:00:00,LEY,"OLMEDO, ALFREDO HORACIO",,,,,,
285,HCDN180540,"PEDIDO DE INFORMES AL PODER EJECUTIVO SOBRE RESOLUCION REMITIDA POR LA AUDITORIA GENERAL DE LA NACION 109/15, APROBANDO EL INFORME REFERIDO A LA AUDITORIA PRACTICADA SOBRE LOS ESTADOS CONTABLES POR EL EJERCICIO FINALIZADO EL 31 DE DICIEMBRE DE 2013, CORRESPONDIENTES A AUSTRAL LINEAS AEREAS - CIELOS DEL SUR S.A.",2015-09-17T00:00:00,RESOLUCION,PARLAMENTARIA MIXTA REVISORA DE CUENTAS,,,,,,
286,HCDN283902,"EXPRESAR PREOCUPACION POR EL FIN DE LA CONCESION DEL CORREDOR VIAL N.º 18 -RUTA DEL MERCOSUR -, A CARGO DE LA EMPRESA CAMINOS DEL PARANA S.A., EN LA RUTA N° 14 DE LA PROVINCIA DE CORRIENTES, QUE IMPLICA EL RIESGO DE DESPIDO DE TRABAJADORES.",2025-04-14T00:00:00,DECLARACION,"SAND, NANCY",,,,,,
287,HCDN182867,"SOLICITAR AL PODER EJECUTIVO DISPONGA LAS MEDIDAS NECESARIAS PARA DETERMINAR LA POSIBILIDAD DE ACCESO DE LA PRODUCCION GANADERA MENDOCINA A LA "" CUOTA HILTON "".",2016-03-02T00:00:00,RESOLUCION,"ABRAHAM, ALEJANDRO",,,,,,
288,HCDN194286,"APROBACION DEL ACUERDO SOBRE EL BENEFICIO DE LITIGAR SIN GASTOS Y LA ASISTENCIA JURIDICA GRATUITA SOBRE LOS ESTADOS PARTES DEL MERCOSUR, LA REPUBLICA DE BOLIVIA Y LA REPUBLICA DE CHILE, SUSCRITO EN LA CIUDAD DE FLORIANOPOLIS, REPUBLICA FEDERATIVA DEL BRAIL, EL 15/12/2000.",2016-12-05T00:00:00,MENSAJE Y PROYECTO DE LEY,"MACRI, MAURICIO",,,,,,
289,HCDN159226,"EXPRESAR BENEPLACITO POR EL ""DIA DEL MERCOSUR"", A CELEBRARSE EL 26 DE MARZO DE 2014.",2014-02-13T00:00:00,DECLARACION,"ASSEFF, ALBERTO",,,,,,
290,HCDN181042,"SEGUROS - LEY 17418 -. MODIFICACION DE LOS ARTICULOS 56 Y 118, SOBRE PLAZO DE PRONUNCIAMIENTO POR PARTE DEL ASEGURADOR Y DE ACCION CONTRA EL ASEGURADOR, RESPECTIVAMENTE.",2015-10-27T00:00:00,LEY,"GUTIERREZ, HECTOR MARIA",,,,,,
291,HCDN119624,PAPEL PRENSA. SE FIJA EN CERO POR CIENTO EL DERECHO DE IMPORTACION EN LAS POSICIONES ARANCELARIAS DE LA NOMENCLATURA DEL MERCOSUR.,2010-09-08T00:00:00,LEY,"MOUILLERON, ROBERTO MARIO",,,,,,
292,HCDN270853,"DECLARAR MONUMENTO HISTORICO NACIONAL AL SOLAR SARMIENTO UBICADO EN LA CIUDAD DE ASUNCION, REPUBLICA DEL PARAGUAY.",2023-09-19T00:00:00,LEY,"GIOJA, JOSE LUIS",,,,,,
293,HCDN117910,SOLICITAR AL PODER EJECUTIVO DISPONGA RATIFICAR EL TRATADO DE LIBRE COMERCIO MERCOSUR - ISRAEL CELEBRADO ENTRE LOS ESTADOS MIEMBROS DEL MERCOSUR Y EL ESTADO DE ISRAEL EL 17/12/2007.,2010-07-07T00:00:00,RESOLUCION,"LLERA, TIMOTEO",,,,,,
294,HCDN098101,"SOLICITAR AL PODER EJECUTIVO DISPONGA EL CUMPLIMIENTO DEL ""CONVENIO DE DESARROLLO SUSTENTABLE DE JOHANNESBURGO"" POR LA REPUBLICA ARGENTINA, SUSCRIPTO EL 3 DE SEPTIEMBRE DE 2002 EN SUDAFRICA.",2008-08-27T00:00:00,DECLARACION,"LLANOS, EDITH OLGA",,,,,,
295,HCDN278772,EDUCACION SUPERIOR - LEY 24521 -. MODIFICACIONES SOBRE ARANCELES EN LA EDUCACION SUPERIOR UNIVERSITARIA DE GESTION ESTATAL PARA CIUDADANOS EXTRANJEROS Y OTRAS CUESTIONES CONEXAS.,2024-10-04T00:00:00,LEY,"VASQUEZ, PATRICIA",,,,,,
296,HCDN112993,"MARCO LEGAL PARA LA PRODUCCION, EL PROCESAMIENTO Y LA COMERCIALIZACION DE CARNES VACUNAS (REPRODUCCION DEL EXPEDIENTE 0806-D-08).",2010-03-08T00:00:00,LEY,"PINEDO, FEDERICO",,,,,,
297,HCDN190691,"PEDIDO DE INFORMES AL PODER EJECUTIVO SOBRE DIVERSAS CUESTIONES RELACIONADAS CON LAS POLITICAS Y/O MEDIDAS PARA PROTEGER LA PRODUCCION NACIONAL, ANTE EL SIGNIFICATIVO AUMENTO DE LAS IMPORTACIONES DE CARNE DE CERDO, POLLO Y CITRICOS.",2016-09-14T00:00:00,RESOLUCION,"CREMER DE BUSTI, MARIA CRISTINA",,,,,,
298,HCDN279476,PEDIDO DE INFORMES AL PODER EJECUTIVO SOBRE DIVERSAS CUESTIONES RELACIONADAS CON EL LISTADO DE ARGENTINOS QUE PARTICIPARON EN EL CONFLICTO BELICO DEL ATLANTICO SUR EN 1982.,2024-11-07T00:00:00,RESOLUCION,"BRÜGGE, JUAN FERNANDO",,,,,,
299,HCDN196397,"DECLARAR DE INTERES DE LA H. CAMARA EL ""PROGRAMA DE FORTALECIMIENTO DE LA UNIDAD VIVERO ARGERICH"", EL ""PROGRAMA DE IMPLANTACION DE CORTINAS Y MONTES FORESTALES EN LAS RUTAS NACIONALES 22 Y 3 SUR"", Y EL ""PROGRAMA DE IMPLANTACION DE CORTINAS Y MONTES FORESTALES EN UNIDADES PRODUCTIVAS Y CAMINOS RURALES"", DE LA PROVINCIA DE BUENOS AIRES, DESTINADOS A PROTEGER LOS RECURSOS NATURALES.",2017-04-04T00:00:00,DECLARACION,"BEVILACQUA, GUSTAVO",,,,,,
300,HCDN121377,EXPRESAR REPUDIO POR LA MUERTE DE UN NIÑO DE 6 AÑOS A CAUSA DEL TRABAJO ESCLAVO Y EXPLOTACION INFANTIL EN UNA GRANJA AVICOLA EN LA PROVINCIA DE BUENOS AIRES.,2010-11-18T00:00:00,DECLARACION,"ALONSO, LAURA",,,,,,
301,HCDN257123,SOLICITAR AL PODER EJECUTIVO DISPONGA LA REDUCCION A 0% (CERO POR CIENTO) DEL DERECHO DE IMPORTACION EXTRAZONA (D.I.E.) PARA LA MERCADERIA COMPRENDIDA EN TODAS LAS POSICIONES ARANCELARIAS DE LA NOMENCLATURA COMUN DEL MERCOSUR (N.C.M.) CORRESPONDIENTES A FERTILIZANTES DE USO AGRICOLA.,2022-03-30T00:00:00,RESOLUCION,"TORELLO, PABLO",,,,,,
302,HCDN137940,"PEDIDO DE INFORMES AL PODER EJECUTIVO SOBRE LOS ORGANISMOS ESTATALES QUE INTERVIENEN EN LA ASIGNACION DE LOS CUPOS DE LA ""CUOTA HILTON"", Y OTRAS CUESTIONES CONEXAS.",2012-06-07T00:00:00,RESOLUCION,"BIANCHI, IVANA MARIA",,,,,,
303,HCDN183165,EXPRESAR PREOCUPACION POR EL INCUMPLIMIENTO DEL PODER EJECUTIVO DE LO DISPUESTO EN EL ARTICULO 16 DE LA LEY 27120 - ELECCION DE PARLAMENTARIOS DEL MERCOSUR.,2016-03-08T00:00:00,DECLARACION,"CARMONA, GUILLERMO RAMON",,,,,,
304,HCDN214778,"DECLARAR DE INTERES DE LA H. CAMARA EL ""XXXVIII ENCUENTRO NACIONAL DE EQUIPOS DIRECTIVOS DE ESCUELAS PREUNIVERSITARIAS"", A REALIZARSE DEL 30 DE MAYO AL 1 DE JUNIO DE 2018 EN LA PROVINCIA DE MISIONES.",2018-05-04T00:00:00,RESOLUCION,"PASTORI, LUIS MARIO",,,,,,
305,HCDN132762,"CODIGO ELECTORAL NACIONAL - LEY 19945: MODIFICACIONES, SOBRE ELECCION DE PARLAMENTARIOS DEL MERCOSUR CONJUNTAMENTE CON LOS COMICIOS NACIONALES; MODIFICACION DE LA LEY 26215, DE FINANCIAMIENTO DE LOS PARTIDOS POLITICOS.",2011-12-07T00:00:00,LEY,"LANDAU, JORGE ALBERTO",,,,,,
306,HCDN160209,"COMERCIO EXTERIOR: NOMENCLATURA COMUN DEL MERCOSUR (NCM) Y ARANCEL EXTERNO COMUN (AEC), APLICADO AL BIODIESEL - DECRETO 1339/12 -. DEJESE SIN EFECTO (REPRODUCCION DEL EXPEDIENTE 5840-D-12).",2014-03-14T00:00:00,LEY,"PINEDO, FEDERICO",,,,,,
307,HCDN177132,"EXPRESAR SOLIDARIDAD CON EL PUEBLO DEL ESTADO DE KUWAIT FRENTE AL ATENTADO PERPETRADO EL 26 DE JUNIO DE 2015 EN LA MEZQUITA IMAN SADIQ, DISTRITO CIUDAD CAPITAL DE KUWAIT.",2015-06-30T00:00:00,RESOLUCION,"CASTRO, SANDRA DANIELA",,,,,,
308,HCDN108239,DECLARAR ZONA DE DESASTRE Y EMERGENCIA ECONOMICA Y SOCIAL POR 180 DIAS A LOS DEPARTAMENTOS DE LAS PROVINCIAS DE SAN LUIS Y CORDOBA AFECTADOS POR LOS INCENDIOS.,2009-08-19T00:00:00,LEY,"LUSQUIÑOS, LUIS BERNARDO",,,,,,
309,HCDN140422,"EDUCACION SUPERIOR - LEY 24521: MODIFICACIONES, SOBRE CREACION DE UNIDADES SOCIALES EDUCATIVAS SUPERIORES (USES).",2012-08-10T00:00:00,LEY,"PUCHETA, RAMONA",,,,,,
310,HCDN221707,"EXPRESAR BENEPLACITO POR LA ELECCION DE LA INGENIERA FORESTAL Y MAGISTER ALICIA VIOLETA BOHREN, COMO LA PRIMERA MUJER RECTORA DE LA ""UNIVERSIDAD NACIONAL DE MISIONES - UNAM -"".",2018-09-11T00:00:00,DECLARACION,"DERNA, VERONICA",,,,,,
311,HCDN157572,"LEY 20744 DE CONTRATO DE TRABAJO: MODIFICACION DEL ARTICULO 277, SOBRE PAGO EN JUICIO.",2013-10-30T00:00:00,LEY,"RECALDE, HECTOR PEDRO",,,,,,
312,HCDN253286,"PEDIDO DE INFORMES AL PODER EJECUTIVO SOBRE EL PROYECTO PRESENTADO POR EL EX INTENDENTE, JUAN ZABALETA, PARA LA CREACION DEL NUEVO PARQUE INDUSTRIAL EN EL PARTIDO DE HURLINGHAM, PROVINCIA DE BUENOS AIRES, Y EL TRASPASO DE TIERRAS CORRESPONDIENTES AL INTA.",2021-09-15T00:00:00,RESOLUCION,"TORELLO, PABLO",,,,,,
313,HCDN269572,"EXPRESAR PREOCUPACION LA DETENCION DE DOS MENORES, SIN ORDEN JUDICIAL, POR PARTE DE LA FUERZA PUBLICA DEL GOBIERNO DE LA PROVINCIA DE JUJUY, EL 28 DE JUNIO DE 2023.",2023-06-30T00:00:00,DECLARACION,"CHAHER, LEILA",,,,,,
314,HCDN266645,"PROMOVER JUICIO POLITICO AL SEÑOR MINISTRO DE RELACIONES EXTERIORES, COMERCIO INTERNACIONAL Y CULTO, SANTIAGO CAFIERO, POR MAL DESEMPEÑO Y EVENTUALES DELITOS EN EL EJERCICIO DE SUS FUNCIONES",2023-03-20T00:00:00,RESOLUCION,"IGLESIAS, FERNANDO ADOLFO",,,,,,
315,HCDN231591,"DECLARESE MONUMENTO NATURAL A LA ESPECIE ""AGUARA GUAZU - CHRYSOCYON BRACHYURUS -"".",2019-04-12T00:00:00,LEY,"ARCE, MARIO HORACIO",,,,,,
316,HCDN140738,PEDIDO DE INFORMES AL PODER EJECUTIVO SOBRE DIVERSAS CUESTIONES RELACIONADAS CON LOS MECANISMOS QUE SE HAN TENIDO EN CUENTA PARA ESTABLECER EL PRECIO DEL BIODIESEL EN EL MERCADO INTERNO.,2012-08-21T00:00:00,RESOLUCION,"ZABALZA, JUAN CARLOS",,,,,,
317,HCDN152479,"EXPRESAR BENEPLACITO POR EL DISCURSO DEL PRESIDENTE DE LA REPUBLICA DEL ECUADOR, RAFAEL CORREA SOBRE NUESTRAS ISLAS MALVINAS.",2013-05-30T00:00:00,DECLARACION,"FADUL, LILIANA",,,,,,
318,HCDN147883,"DECLARAR DE INTERES DE LA HONORABLE CAMARA DE DIPUTADOS DE LA NACION LA ""9 EDICION DE LA FIESTA NACIONAL DEL CAMPING"" A REALIZARSE DEL 3 AL 6 DE ENERO DE 2013 EN EL PARQUE COMUNAL DE SAN GUILLERMO, DEPARTAMENTO SAN CRISTOBAL, PROVINCIA DE SANTA FE.",2013-02-04T00:00:00,RESOLUCION,"MARTINEZ, OSCAR ARIEL",,,,,,
319,HCDN249717,"DECLARAR DE INTERES DE LA H. CAMARA EL PROGRAMA TELEVISIVO ""CONSTRUYENDO A MAMA"" QUE SE EMITE POR CANAL 5 DE LA PROVINCIA DE SAN JUAN.",2021-04-16T00:00:00,RESOLUCION,"CACERES, EDUARDO AUGUSTO",,,,,,
320,HCDN136286,"DECLARAR DE INTERES DE LA HONORABLE CAMARA DE DIPUTADOS DE LA NACION EL VIII CERTAMEN DE FORMACION EN VALORES EN EL ""MERCOSUR"" Y LA ""UNASUR"": MANOS JOVENES ESCRIBEN EN GRANDE.",2012-05-08T00:00:00,RESOLUCION,"DIAZ ROIG, JUAN CARLOS",,,,,,
321,HCDN168588,"SOLICITAR AL PODER EJECUTIVO DISPONGA LA REGLAMENTACION DE LA LEY 26689, CUIDADO INTEGRAL DE PERSONAS CON ENFERMEDADES POCO FRECUENTES.",2014-10-16T00:00:00,DECLARACION,"CASELLES, GRACIELA MARIA",,,,,,
322,HCDN140017,EXPRESAR BENEPLACITO POR LA INCORPORACION DE LA REPUBLICA BOLIVARIANA DE VENEZUELA AL MERCOSUR.,2012-08-02T00:00:00,DECLARACION,"CARDELLI, JORGE JUSTO",,,,,,
323,HCDN096880,PEDIDO DE INFORMES AL PODER EJECUTIVO SOBRE EL ENVIO DE CORTES CARNICOS A LA UNION EUROPEA.,2008-07-02T00:00:00,RESOLUCION,"BIANCHI, IVANA MARIA",,,,,,
324,HCDN246260,"EXPRESAR BENEPLACITO POR LAS DECLARACIONES FAVORABLES AL ACUERDO UNION EUROPEA-MERCOSUR Y EL COMPROMISO ACERCA DE SU PRONTO ENVIO AL CONGRESO NACIONAL PARA SU RATIFICACION, EXPRESADAS POR EL CANCILLER ING. FELIPE SOLA, EL 9 DE NOVIEMBRE DE 2020.",2020-11-12T00:00:00,DECLARACION,"IGLESIAS, FERNANDO ADOLFO",,,,,,
325,HCDN106750,EXPRESAR REPUDIO A LA INTENCION DE DETERMINADOS SECTORES ECONOMICOS Y DE ALGUNOS LEGISLADORES QUE PRETENDEN SUSPENDER LA LEY QUE AUTORIZA LA INCLUSION DEL HERMANO PAIS DE VENEZUELA AL MERCOSUR.,2009-06-11T00:00:00,RESOLUCION,"GENEM, AMANDA SUSANA",,,,,,
326,HCDN149236,PEDIDO DE INFORMES AL PODER EJECUTIVO SOBRE DIVERSAS CUESTIONES RELACIONADAS CON LA REPARACION DEL ROMPEHIELOS ARA ALMIRANTE IRIZAR.,2013-03-15T00:00:00,RESOLUCION,"ZABALZA, JUAN CARLOS",,,,,,
327,HCDN121112,"CODIGO ELECTORAL NACIONAL - LEY 19945 Y MODIFICATORIAS: MODIFICACIONES, SOBRE ELECCION DIRECTA DE PARLAMENTARIOS DEL MERCOSUR.",2010-11-15T00:00:00,LEY,"MICHETTI, MARTA GABRIELA",,,,,,
328,HCDN098070,"EXPRESAR BENEPLACITO POR LA REUNION DEL ""BLOQUE ARGENTINO"" DE LA ""UNION DE PARLAMENTARIOS DEL MERCOSUR"", LOS DIAS 29 Y 30 DE AGOSTO DE 2008 EN LA CIUDAD CAPITAL DE LA PROVINCIA DE MENDOZA.",2008-08-26T00:00:00,DECLARACION,"FADEL, PATRICIA SUSANA",,,,,,
329,HCDN185932,"REGLAMENTO DE LA H. CAMARA DE DIPUTADOS DE LA NACION: MODIFICACION DEL ARTICULO 64, AMPLIANDO LA COMPETENCIA DE LA COMISION DE RELACIONES EXTERIORES Y CULTO A LAS MATERIAS DE INTERES DEL MERCOSUR.",2016-05-16T00:00:00,RESOLUCION,"GAILLARD, ANA CAROLINA",,,,,,
330,HCDN194015,"EXPRESAR PREOCUPACION POR LA EXCLUSION DE LA REPUBLICA BOLIVARIANA DE VENEZUELA, COMO MIEMBRO DEL BLOQUE DEL MERCOSUR.",2016-12-14T00:00:00,DECLARACION,"RECALDE, HECTOR PEDRO",,,,,,
331,HCDN092720,"APELLIDO MARITAL, UTILIZACION POR LA MUJER CASADA, MODIFICACION A LA LEY 18248 DEL NOMBRE Y A LA LEY 23515 DE MATRIMONIO (REPRODUCCION DEL EXPEDIENTE 1186-D-06).",2008-03-12T00:00:00,LEY,"MACALUSE, EDUARDO GABRIEL",,,,,,
332,HCDN230484,"DECLARAR DE INTERES DE LA H. CAMARA LA PRIMERA REUNION DEL COMITE TECNICO N° 7 "" DEFENSA AL CONSUMIDOR - MERCOSUR"", REALIZADO EL 21 Y 22 DE MARZO DE 2019 EN LA CIUDAD DE USHUAIA, PROVINCIA DE TIERRA DEL FUEGO ANTARTIDA E ISLAS DEL ATLANTICO SUR.",2019-03-28T00:00:00,DECLARACION,"FRANCO, JORGE DANIEL",,,,,,
333,HCDN179505,EXPRESAR BENEPLACITO POR LA REACTIVACION DE LAS NEGOCIACIONES EN BLOQUE ENTRE EL MERCOSUR Y LA UNION EUROPEA.,2015-08-31T00:00:00,RESOLUCION,"ASSEFF, ALBERTO",,,,,,
334,HCDN282844,"PEDIDO DE INFORMES AL PODER EJECUTIVO SOBRE EL PLAN PREVISTO PARA EL PROCESO DE ESTATIZACION Y CONVOCATORIA A CONCESION PRIVADA DEL CORREDOR VIAL TRONCAL DEL MERCOSUR, Y OTRAS CUESTIONES CONEXAS.",2025-03-19T00:00:00,RESOLUCION,"ARAUJO HERNANDEZ, JORGE NERI",,,,,,
335,HCDN144595,"PROMOVER JUICIO POLITICO AL MINISTRO DE JUSTICIA Y DERECHOS HUMANOS DE LA NACION, JULIO ALAK, POR MAL DESEMPEÑO EN SUS FUNCIONES.",2012-12-05T00:00:00,RESOLUCION,"CARRIO, ELISA MARIA AVELINA",,,,,,
336,HCDN105686,"CREACION DEL PROGRAMA DE CONTENCION SOCIAL (PCS), CON LA MISION DE COMBATIR LA SITUACION DE POBREZA DE LOS HOGARES DE LA REPUBLICA ARGENTINA, PROMOVER Y CERTIFICAR LA INSERCION Y REINSERCION A FUENTES GENUINAS DE EMPLEO FORMAL DE JEFES Y JEFAS DE HOGARES POBRES.",2009-05-14T00:00:00,LEY,"BULLRICH, ESTEBAN JOSE",,,,,,
337,HCDN105203,"DECLARAR DE INTERES DE LA H. CAMARA LA ""CAPACITACION: ALTERNATIVAS PARA DECIDIR LA SIEMBRA DE INVIERNO"", A REALIZARSE EL DIA 7 DE MAYO DE 2009 EN BANDERALO, PROVINCIA DE BUENOS AIRES.",2009-04-28T00:00:00,RESOLUCION,"FERRO, FRANCISCO JOSE",,,,,,
338,HCDN183876,"COMPETITIVIDAD - LEY 25413 -. MODIFICACION DEL ARTICULO 2°, SOBRE IMPUESTO A LOS DEBITOS Y CREDITOS EN CUENTAS BANCARIAS.",2016-03-31T00:00:00,LEY,"DIAZ ROIG, JUAN CARLOS",,,,,,
339,HCDN256314,"PEDIDO DE INFORMES AL PODER EJECUTIVO SOBRE DIVERSAS CUESTIONES RELACIONADAS CON LOS PROYECTOS DE DESARROLLO EMPRESARIAL - PAC REACTIVACION PRODUCTIVA PARA MICRO, PEQUEÑAS Y MEDIANAS EMPRESAS.",2022-03-10T00:00:00,RESOLUCION,"CASTETS, LAURA CAROLINA",,,,,,
340,HCDN167194,"EXPRESAR BENEPLACITO POR EL ""VI CONGRESO INTERNACIONAL DE EDUCACION INTERCULTURAL Y LITERATURA CONTEMPORANEA"", EL ""IX ENCUENTRO DE ESCRITORES DEL MERCOSUR"" Y EL ""III ENCUENTRO DE PRODUCTORES CULTURALES DEL MERCOSUR"", A REALIZARSE DEL 10 AL 12 DE OCTUBRE DE 2014 EN PUERTO IGUAZU, PROVINCIA DE MISIONES.",2014-09-10T00:00:00,RESOLUCION,"PERIE, JULIA ARGENTINA",,,,,,
341,HCDN113414,"PEDIDO DE INFORMES AL PODER EJECUTIVO SOBRE LAS RAZONES OPERATIVAS, ECONOMICAS O FINANCIERAS QUE IMPULSARON AL CIERRE DE LAS EXPORTACIONES DE CARNES EN LOS CORTES FRESCOS BOVINOS NO COMPRENDIDOS EN LA ""CUOTA HILTON"".",2010-03-16T00:00:00,RESOLUCION,"GRIBAUDO, CHRISTIAN ALEJANDRO",,,,,,
342,HCDN173920,SOLICITAR AL PODER EJECUTIVO DISPONGA LAS MEDIDAS NECESARIAS PARA LA INCLUSION DE LA VITIVINICULTURA EN EL SISTEMA DE DEVOLUCION DE RETENCIONES A LA EXPORTACION IMPLEMENTADO RECIENTEMENTE.,2015-04-07T00:00:00,RESOLUCION,"PRADINES, ROBERTO ARTURO",,,,,,
343,HCDN153101,"EXPRESAR PREOCUPACION POR EL SEXTO AÑO CONSECUTIVO DE INCUMPLIMIENTO DE LA ""CUOTA HILTON"".",2013-06-26T00:00:00,DECLARACION,"MARTINEZ, JULIO CESAR",,,,,,
344,HCDN272938,"CREACION DEL BANCO NACIONAL DE GUARDA DE TEJIDO GERMINAL Y GAMETOS DE NIÑAS, NIÑOS Y ADOLESCENTES MENORES DE 18 AÑOS.",2024-03-04T00:00:00,LEY,"FERRARO, MAXIMILIANO",,,,,,
345,HCDN125815,"DECLARAR DE INTERES DE LA HONORABLE CAMARA DE DIPUTADOS DE LA NACION LA ""XVII EXPO-RURAL DEL MERCOSUR"", A REALIZARSE ENTRE LOS DIAS 7 Y 10 DE SEPTIEMBRE, EN LA SOCIEDAD RURAL DE GOBERNADOR VIRASORO, PROVINCIA DE CORRIENTES.",2011-03-23T00:00:00,RESOLUCION,"ORSOLINI, PABLO EDUARDO",,,,,,
346,HCDN234111,"PEDIDO DE INFORMES VERBALES AL MINISTRO DE RELACIONES Y CULTO DE LA NACION, CANCILLER JORGE MARCELO FAURIE, ANTE LA COMISION DE INDUSTRIA DE LA H. CAMARA, SOBRE LAS CONDICIONES DEL ACUERDO DE ""ASOCIACION ESTRATEGICA ENTRE EL MERCOSUR Y LA UNION EUROPEA"".",2019-07-11T00:00:00,RESOLUCION,"DE MENDIGUREN, JOSE IGNACIO",,,,,,
347,HCDN267575,SUSPENSION DE LAS ELECCIONES DIRECTAS DE PARLAMENTARIOS DEL MERCOSUR.,2023-04-17T00:00:00,LEY,"LOSPENNATO, SILVIA GABRIELA",,,,,,
348,HCDN120954,"CONSAGRAR A LA MEMORIA HISTORICA COMO UN DERECHO INDIVIDUAL Y COLECTIVO, COMO ASI TAMBIEN LA OBTENCION DE JUSTICIA Y REPARACION DE LAS VICTIMAS DE VIOLACIONES A LOS DERECHOS HUMANOS FUNDAMENTALES.",2010-11-04T00:00:00,MENSAJE Y PROYECTO DE LEY,"FERNANDEZ DE KIRCHNER, CRISTINA",,,,,,
349,HCDN259872,"ADHIERASE A LA MERCOSUR/CMC/DEC. 54/15 APROBADA POR EL CONSEJO DEL MERCADO COMUN, ORGANO SUPERIOR DECISORIO DEL MERCOSUR.-",2022-06-28T00:00:00,LEY,"PASSO, MARCELA FABIANA",,,,,,
350,HCDN239936,"PEDIDO DE INFORMES AL PODER EJECUTIVO SOBRE LA DECISION DE NUESTRO PAIS DE DEJAR DE PARTICIPAR EN LAS NEGOCIACIONES DE LOS ACUERDOS COMERCIALES EN CURSO Y DE LAS FUTURAS NEGOCIACIONES DEL BLOQUE, EXCLUYENDO DE ESTA DETERMINACION A LAS YA CONCLUIDAS CON LA UNION EUROPEA Y CON LA ASOCIACION EUROPEA DE LIBRE COMERCIO (EFTA). CONVOCAR AL MINISTRO DE RELACIONES EXTERIORES Y CULTO, FELIPE SOLA , AL PLENARIO DE ESTA H. CAMARA.",2020-04-29T00:00:00,RESOLUCION,"ASSEFF, ALBERTO",,,,,,
351,HCDN141455,REGIMEN DE TRAZABILIDAD Y VERIFICACION DE APTITUD TECNICA DE LOS RECURSOS TECNOLOGICOS DE SALUD EN USO.,2012-09-06T00:00:00,LEY,"BERTONE, ROSANA ANDREA",,,,,,
352,HCDN104435,PEDIDO DE INFORMES AL PODER EJECUTIVO SOBRE DIVERSAS CUESTIONES RELACIONADAS CON LA AUTORIZACION A LOS FRIGORIFICOS PARA EXPORTAR CARNE.,2009-03-31T00:00:00,RESOLUCION,"VIALE, LISANDRO ALFREDO",,,,,,
353,HCDN176604,"EXPRESAR BENEPLACITO POR EL ACUERDO FIRMADO EN EL MARCO DE LA XXXVII REUNION DE MINISTROS DE SALUD DEL MERCOSUR Y ESTADOS ASOCIADOS, CELEBRADO EL 11 DE JUNIO DE 2015 EN BRASILIA, REPUBLICA FEDERATIVA DEL BRASIL.",2015-06-17T00:00:00,DECLARACION,"GAILLARD, ANA CAROLINA",,,,,,
354,HCDN245785,"EXPRESAR RECHAZO POR LA DECISION DE DEJAR INOPERATIVO EL ""AEROPUERTO DE EL PALOMAR - EPA -"" UBICADO EN MORON, PROVINCIA DE BUENOS AIRES.",2020-10-26T00:00:00,RESOLUCION,"ASSEFF, ALBERTO",,,,,,
355,HCDN132802,"APROBACION DEL ACUERDO MARCO DE COOPERACION ENTRE LOS ESTADOS PARTES DEL MERCOSUR Y ESTADOS ASOCIADOS PARA LA CREACION DE EQUIPOS CONJUNTOS DE INVESTIGACION, CELEBRADO EN SAN JUAN, REPUBLICA ARGENTINA, EL 2 DE AGOSTO DE 2010.",2011-11-24T00:00:00,MENSAJE Y PROYECTO DE LEY,"FERNANDEZ DE KIRCHNER, CRISTINA",,,,,,
356,HCDN288221,"DECLARAR DE INTERES DE LA H. CAMARA LA PELICULA DOCUMENTAL ""EL DON DE UNIR, DOMINGO BRESCI, RETRATO AUDIOVISUAL"".",2025-10-21T00:00:00,RESOLUCION,"VALDES, EDUARDO FELIX",,,,,,
357,HCDN167641,CODIGO PENAL Y CODIGO PROCESAL PENAL DE LA NACION. MODIFICACIONES SOBRE PREVENCION Y COMBATE DEL FINANCIAMIENTO DEL TERRORISMO.,2014-09-24T00:00:00,LEY,"GARRIDO, MANUEL",,,,,,
358,HCDN127977,PEDIDO DE INFORMES AL PODER EJECUTIVO SOBRE DIVERSAS CUESTIONES RELACIONADAS CON LA CUOTA HILTON PERIODO 2010/2011.,2011-05-24T00:00:00,RESOLUCION,"GRIBAUDO, CHRISTIAN ALEJANDRO",,,,,,
359,HCDN159784,DERECHO REAL DE SUPERFICIE EOLICA. CREACION. MODIFICACION DEL CODIGO CIVIL. DEFINICION; LEGITIMACION; DERECHOS DEL PROPIETARIO Y PROHIBICIONES (REPRODUCCION DEL EXPEDIENTE 0028-D-12).,2014-03-07T00:00:00,LEY,"COMELLI, ALICIA MARCELA",,,,,,
360,HCDN117390,"COMUNICACION DEL DECRETO 782/2010 POR EL CUAL SE ADOPTAN LAS DISPOSICIONES DE LA DIRECTIVA NUMERO 26 DEL 19 DE NOVIEMBRE DE 2009 DE LA COMISION DE COMERCIO DEL MERCOSUR (CCM), SOBRE LA APROBACION DE REBAJAS ARANCELARIAS PARA EL EPSILON CAPROLACTAMA.",2010-06-19T00:00:00,MENSAJE,"FERNANDEZ, ANIBAL DOMINGO",,,,,,
361,HCDN100966,DECLARAR DE INTERESES NACIONAL EL DESARROLLO DE LOS CULTIVOS ORGANICOS.,2008-11-18T00:00:00,LEY,"CANELA, SUSANA MERCEDES",,,,,,
362,HCDN134268,"PEDIDO DE INFORMES AL PODER EJECUTIVO SOBRE LAS MEDIDAS ADOPTADAS EN ATENCION A LAS OBSERVACIONES FORMULADAS POR LA AUDITORIA GENERAL DE LA NACION, RESOLUCION 183/06 (0436-OV-06); CON MOTIVO DEL EXAMEN ESPECIAL REFERIDO AL CIRCUITO DE INFORMACION DEL MERCOSUR.",2012-02-13T00:00:00,RESOLUCION,PARLAMENTARIA MIXTA REVISORA DE CUENTAS,,,,,,
363,HCDN262503,"PEDIDO DE INFORMES AL PODER EJECUTIVO SOBRE LAS AUTORIZACIONES DE EXPORTACION DE CARNE VACUNA OTORGADAS POR EL MINISTERIO DE AGRICULTURA, GANADERIA Y PESCA, Y OTRAS CUESTIONES CONEXAS.",2022-08-31T00:00:00,RESOLUCION,"TORELLO, PABLO",,,,,,
364,HCDN137358,"TRANSFERIR A TITULO GRATUITO A LA PROVINCIA DEL CHACO UN INMUEBLE PROPIEDAD DEL ESTADO NACIONAL, UBICADO EN LA LOCALIDAD DE JUAN JOSE CASTELLI (REPRODUCCION DEL EXPEDIENTE 0202-S-08).",2012-03-20T00:00:00,LEY,"CORREGIDO, ELENA MERCEDES",,,,,,
365,HCDN144945,SOLICITAR AL PODER EJECUTIVO DISPONGA GARANTIZAR LA PARIDAD EN LA DESIGNACION DE LOS DIPUTADOS Y DIPUTADAS TITULARES Y SUPLENTES DE ARGENTINA EN EL PARLAMENTO DEL MERCOSUR.,2012-12-14T00:00:00,RESOLUCION,"LINARES, MARIA VIRGINIA",,,,,,
366,HCDN097309,PEDIDO DE INFORMES AL PODER EJECUTIVO SOBRE DIVERSAS CUESTIONES RELACIONADAS CON EL INSTITUTO NACIONAL DE ESTADISTICAS Y CENSOS -INDEC-.,2008-07-25T00:00:00,RESOLUCION,"MORANDINI, NORMA ELENA",,,,,,
367,HCDN279051,"PEDIDO DE INFORMES AL PODER EJECUTIVO SOBRE DIVERSAS CUESTIONES RELACIONADAS CON LA ENTRADA EN VIGENCIA DE UN SISTEMA DE TRAZABILIDAD INDIVIDUAL ELECTRONICO PARA BOVINOS, BUBALINOS Y CERVIDOS QUE SE APLICARA GRADUALMENTE A PARTIR DEL 1° DE MARZO DE 2025.",2024-10-18T00:00:00,RESOLUCION,"MORCHIO, FRANCISCO",,,,,,
368,HCDN134813,"MODIFICACION DE EL ARTICULO 3576 BIS DEL TITULO IX, CAPITULO III DEL CODIGO CIVIL, SOBRE INCORPORACION AL VIUDO SIN HIJOS (REPRODUCCION DEL EXPEDIENTE 1929-D-10).",2012-03-20T00:00:00,LEY,"GONZALEZ, NANCY SUSANA",,,,,,
369,HCDN205338,"EXPRESAR BENEPLACITO POR LA SELECCION QUE EFECTUO EL PANEL ""INTERGUBERNAMENTAL SOBRE CAMBIO CLIMATICO - IPCC -"", DE TRES CIENTIFICOS ARGENTINOS QUE PARTICIPARAN EN LA ELABORACION DEL ""INFORME SOBRE CAMBIO CLIMATICO"" QUE SE PRESENTARA EN EL 2019.",2017-09-13T00:00:00,RESOLUCION,"HERRERA, LUIS BEDER",,,,,,
370,HCDN238276,PLANEAMIENTO ESTRATEGICO FEDERAL DE LOS INSTITUTOS SUPERIORES DE FORMACION DOCENTE - ISFD -. COMISION NACIONAL DE ACREDITACION Y REGISTRO DE INSTITUTOS SUPERIORES DE FORMACION DOCENTE. CREACION.,2020-03-06T00:00:00,LEY,"FERRARO, MAXIMILIANO",,,,,,
371,HCDN147990,"EXPRESAR PREOCUPACION POR LA DECISION DE LA ""ORGANIZACION MUNDIAL DEL COMERCIO - OMC -"" SOBRE UNIFICAR EN UN SOLO TRIBUNAL Y DAR CURSO A LAS DISPUTAS PRESENTADAS POR LA UNION EUROPEA, ESTADOS UNIDOS DE AMERICA Y JAPON CONTRA LAS SUPUESTAS MEDIDAS ILEGALES DE IMPORTACION QUE APLICA LA REPUBLICA ARGENTINA.",2013-02-18T00:00:00,DECLARACION,"ATANASOF, ALFREDO NESTOR",,,,,,
372,HCDN197176,"ELECCION DE PARLAMENTARIOS DEL MERCOSUR - LEY 27120 -. MODIFICACION DEL ARTICULO 16, SOBRE DESEMPEÑO DE LOS PARLAMENTARIOS EN REPRESENTACION DE LA CIUDADANIA ARGENTINA.",2017-04-07T00:00:00,LEY,"LOSPENNATO, SILVIA GABRIELA",,,,,,
373,HCDN263132,SOLICITAR AL PODER EJECUTIVO DISPONGA LAS MEDIDAS NECESARIAS A FIN DE MEJORAR EL MARCO INSTITUCIONAL DEL BLOQUE MERCOSUR.,2022-09-20T00:00:00,RESOLUCION,"IGLESIAS, FERNANDO ADOLFO",,,,,,
374,HCDN265398,"SOLICITAR AL PODER EJECUTIVO DISPONGA LA REGLAMENTACION DE LA LEY 27553, DE RECETAS ELECTRONICAS O DIGITALES.",2022-12-26T00:00:00,DECLARACION,"CARRIZO, SOLEDAD",,,,,,
375,HCDN284458,DECLARASE PATRIMONIO CULTURAL INMATERIAL DE LA NACION AL CENTRO DE EGRESADOS DEL COLEGIO NACIONAL FLORENTINO AMEGHINO DE LA CIUDAD DE MERCEDES (B). DECLARASE DE INTERES NACIONAL LA PRESERVACION DE SU PATRIMONIO CULTURAL.,2025-05-12T00:00:00,LEY,"SILEY, VANESA RAQUEL",,,,,,
376,HCDN162709,PLAN NACIONAL DE RECICLADO Y APROVECHAMIENTO ECONOMICO DE LOS ACEITES VEGETALES USADOS PARA LA ELABORACION DE BIOCOMBUSTIBLES. IMPLEMENTACION.,2014-05-06T00:00:00,LEY,"EHCOSOR, MARIA AZUCENA",,,,,,
377,HCDN265993,"CODIGO ELECTORAL NACIONAL - LEY 19945 -. MODIFICACION DEL ARTICULO 81 E INCORPORACION DEL ARTICULO 81 BIS, SOBRE CONSTITUCION DE MESAS EL DIA DE LA ELECCION Y REEMPLAZO DE LAS AUTORIDADES EN CASO DE AUSENCIA, RESPECTIVAMENTE.",2023-03-01T00:00:00,LEY,"LOSPENNATO, SILVIA GABRIELA",,,,,,
378,HCDN098531,CREACION DEL BOLETO PEDIATRICO GRATUITO EN MEDIOS DE TRANSPORTE PUBLICO TERRESTRE PARA MENORES DE 18 AÑOS CON ENFERMEDADES CRONICAS.,2008-09-04T00:00:00,LEY,"GALANTINI, EDUARDO LEONEL",,,,,,
379,HCDN117460,"COMUNICACION DEL DECRETO 806/10 POR EL CUAL SE ADOPTAN LAS DISPOSICIONES DE LA DIRECTIVA 20 DEL 22 DE OCTUBRE DE 2009 DE LA COMISION DE COMERCIO DEL MERCOSUR (CCM), SOBRE TRATAMIENTO ARANCELARIO PARA LA IMPORTACION DE LAMINAS DE POLIURETANO CELULAR CON RECUBRIMIENTO REFLECTIVO Y RETROREFLECTIVO, PARA LA CONFECCION DE DOCUMENTOS.",2010-06-23T00:00:00,MENSAJE,"FERNANDEZ, ANIBAL DOMINGO",,,,,,
380,HCDN104211,"PEDIDO DE INFORMES POR ESCRITO AL MINISTRO DE ECONOMIA DE LA NACION, CARLOS FERNANDEZ, SOBRE LAS DECLARACIONES DEL SECRETARIO DE COMERCIO INTERIOR EFECTUADAS A FRIGORIFICOS NACIONALES RELACIONADAS CON EL PRECIO DE LA CARNE.",2009-03-23T00:00:00,RESOLUCION,"GRIBAUDO, CHRISTIAN ALEJANDRO",,,,,,
381,HCDN198263,"CODIGO PENAL. MODIFICACION DEL ARTICULO 2, SOBRE APLICABILIDAD DE LA LEY.",2017-05-09T00:00:00,LEY,"AUSTIN, BRENDA LIS",,,,,,
382,HCDN258555,"CODIGO CIVIL Y COMERCIAL DE LA NACION - LEY 27551 -. MODIFICACIONES, SOBRE LOCACION DE INMUEBLES.",2022-05-10T00:00:00,LEY,"SALVADOR, SEBASTIAN NICOLAS",,,,,,
383,HCDN159429,"PEDIDO DE INFORMES AL PODER EJECUTIVO SOBRE DIVERSAS CUESTIONES RELACIONADAS CON LA POSICION DE ARGENTINA EN LA NEGOCIACION QUE ESTAN LLEVANDO A CABO LOS MIEMBROS DEL MERCOSUR: BRASIL, PARAGUAY Y URUGUAY, PARA LA CONCRECION DE UN TRATADO DE LIBRE COMERCIO CON LA UNION EUROPEA.",2014-02-28T00:00:00,RESOLUCION,"ASSEFF, ALBERTO",,,,,,
384,HCDN150226,"ESCUELA NORMAL SUPERIOR N°9 ""DOMINGO FAUSTINO SARMIENTO"", UBICADA EN LA CIUDAD AUTONOMA DE BUENOS AIRES. SE LA DECLARA MONUMENTO HISTORICO NACIONAL.",2013-04-11T00:00:00,LEY,"PUIGGROS, ADRIANA VICTORIA",,,,,,
385,HCDN120492,"DECLARAR DE INTERES DE LA H. CAMARA LA XVII REUNION DEL GRUPO DE COORDINACION Y LA XVI REUNION DE LA COMISION MIXTA DE LA EFSUR -ENTIDADES FISCALIZADORAS SUPERIORES DE LOS PAISES DEL MERCOSUR Y ASOCIADOS-, A REALIZARSE DEL 20 AL 22 DE OCTUBRE DE 2010, EN LA CIUDAD AUTONOMA DE BUENOS AIRES",2010-10-14T00:00:00,RESOLUCION,"GODOY, RUPERTO EDUARDO",,,,,,
386,HCDN105698,"EXPRESAR APOYO A LA DECISION DEL BANCO CENTRAL DE LA REPUBLICA ARGENTINA (BCRA) DE EXTENDER EL ""SISTEMA DE PAGOS EN LA MONEDA LOCAL - SML -"" A LOS RESTANTES PAISES DEL MERCOSUR Y UNASUR.",2009-05-14T00:00:00,DECLARACION,"SANTANDER, MARIO ARMANDO",,,,,,
387,HCDN107736,"PEDIDO DE INFORMES AL PODER EJECUTIVO SOBRE EL SERVICIO DE AMBULANCIA Y DE TRASLADO DE AFILIADOS, PRESTADO POR EL PAMI, DELEGACION ROSARIO, PROVINCIA DE SANTA FE, Y OTRAS CUESTIONES CONEXAS.",2009-07-29T00:00:00,RESOLUCION,"PERALTA, FABIAN FRANCISCO",,,,,,
388,HCDN202533,"ELECCION DE PARLAMENTARIOS DEL MERCOSUR - LEY 27120 -. SE SUSPENDE SU APLICACION HASTA EL 31 DE DICIEMBRE DE 2020, FECHA DE VENCIMIENTO DE LA PRORROGA DE LA ETAPA DE TRANSICION DE LA CONSTITUCION DEL PARLAMENTO DEL MERCOSUR.",2017-07-14T00:00:00,LEY,"CARRIO, ELISA MARIA AVELINA",,,,,,
389,HCDN185739,AUMENTO DE TARIFAS DE SERVICIOS PUBLICOS - DECRETO N° 367/2016 -. DEROGACION.,2016-05-10T00:00:00,LEY,"STOLBIZER, MARGARITA ROSA",,,,,,
390,HCDN243127,"SOLICITAR AL PODER EJECUTIVO DISPONGA LAS ACCIONES NECESARIAS DE COORDINACION CON SADAIC Y AADI CAPIF A FIN DE QUE DICHAS INSTITUCIONES CUENTEN CON LOS MECANISMOS Y RECURSOS QUE PERMITAN REDEFINIR DE MANERA EXCEPCIONAL UNA REDUCCION DE LOS CANONES Y ARANCELES QUE REGULAN Y APLICAN A QUIENES EMPRENDEN ACTIVIDADES ARTISTICAS MEDIANTE PLATAFORMAS VIRTUALES TRANSMITIDAS POR VIA WEB (STREAMING) DURANTE EL PLAZO DE EXTENSION DE LAS RESTRICCIONES SOCIALES, EN EL MARCO DE LA PANDEMIA POR COVID-19.",2020-08-03T00:00:00,DECLARACION,"GRANDE, MARTIN",,,,,,
391,HCDN172169,TARIFA SOCIAL BASICA DE SERVICIOS PUBLICOS A FAVOR DE LOS CLUBES E INSTITUCIONES DEPORTIVAS BARRIALES: CREACION (REPRODUCCION DEL EXPEDIENTE 0534-D-13).,2015-03-02T00:00:00,LEY,"BIANCHI, IVANA MARIA",,,,,,
392,HCDN282710,INSTAR AL PODER EJECUTIVO A ASEGURAR EL CUMPLIMIENTO DE LA DISPOSICION N° 03/2022 DEL PARLASUR EN RELACION AL PAGO DE LOS VIATICOS CORRESPONDIENTES A LA PARTICIPACION DE LOS REPRESENTANTES DE LA REPUBLICA ARGENTINA ANTE EL PARLAMENTO DEL MERCOSUR.,2025-03-17T00:00:00,RESOLUCION,"QUETGLAS, FABIO JOSE",,,,,,
393,HCDN273731,"BIOCOMBUSTIBLES - LEY 27640 -. MODIFICACIONES, SOBRE IMPULSO DE SU INDUSTRIA.",2024-03-19T00:00:00,LEY,"FEIN, MONICA",,,,,,
394,HCDN109680,SOLICITAR AL PODER EJECUTIVO DISPONGA LAS MEDIDAS NECESARIAS PARA GESTIONAR ANTE EL PARLAMENTO DEL MERCOSUR QUE GARANTICE LA ESTABILIDAD Y SEGURIDAD EN LA REGION DECLARANDO SU RECHAZO AL INCREMENTO DE GASTOS EN ARMAMENTOS POR LOS ESTADOS - PARTES Y ESTADOS - ASOCIADOS DEL BLOQUE.,2009-10-26T00:00:00,RESOLUCION,"IGLESIAS, FERNANDO ADOLFO",,,,,,
395,HCDN134592,"CAPILLA DEL CEMENTERIO SITA EN EL POBLADO HISTORICO DE SECLANTAS, DEPARTAMENTO DE MOLINOS, PROVINCIA DE SALTA: SE LA DECLARA MONUMENTO HISTORICO NACIONAL (REPRODUCCION DEL EXPEDIENTE 7562-D-10).",2012-03-16T00:00:00,LEY,"YARADE, FERNANDO",,,,,,
396,HCDN107841,"DECLARAR DE INTERES DE LA HONORABLE CAMARA EL I CONGRESO INTERNACIONAL DE ""GUARANI IDIOMA OFICIAL DEL MERCOSUR"", A REALIZARSE EL DIA 29 DE AGOSTO DE 2009 EN LA CIUDAD DE POSADAS, PROVINCIA DE MISIONES.",2009-08-04T00:00:00,DECLARACION,"PERIE, JULIA ARGENTINA",,,,,,
397,HCDN222075,"PEDIDO DE INFORMES AL PODER EJECUTIVO SOBRE DIVERSAS CUESTIONES RELACIONADAS CON LA SITUACION LABORAL DE TRABAJADORES QUE SE DESEMPEÑAN EN LA DEPENDENCIA DE LA ""SECRETARIA DE AGRICULTURA, GANADERIA Y PESCA DE LA NACION"" UBICADA EN ELDORADO, PROVINCIA DE MISIONES.",2018-09-19T00:00:00,RESOLUCION,"DI STEFANO, DANIEL",,,,,,
398,HCDN120077,"COMUNICACION DEL DECRETO 1192/2010 POR EL CUAL SE ADOPTAN LAS DISPOSICIONES DE LA DECISION 25/09 DEL CONSEJO DEL MERCADO COMUN, FIJANDOSE TRANSITORIAMENTE, HASTA EL 31 DE DICIEMBRE DE 2011 LOS NIVELES DE ARANCEL EXTERNO COMUN - AEC - Y DERECHO DE IMPORTACION EXTRAZONA - DIE - EN EL VEINTIOCHO POR CIENTO (28%), DE DIVERSAS POSICIONES ARANCELARIAS DE LA NOMENCLATURA COMUN DEL MERCOSUR - NCM.",2010-09-24T00:00:00,MENSAJE,"FERNANDEZ, ANIBAL DOMINGO",,,,,,
399,HCDN214023,EXPRESAR BENEPLACITO POR EL LLAMADO A LICITACION PARA LA CONSTRUCCION DE UN ESTADIO DE FUTBOL EN LA CIUDAD CAPITAL DE LA PROVINCIA DE SANTIAGO DEL ESTERO.,2018-04-17T00:00:00,RESOLUCION,"NEDER, ESTELA MARY",,,,,,
400,HCDN242032,"EXPRESAR BENEPLACITO POR EL LANZAMIENTO DEL ""PROGRAMA CLUBES EN OBRA"", DESTINADO AL APOYO Y MEJORA DE LA INFRAESTRUCTURA DE CLUBES DE BARRIO Y ENTIDADES DEPORTIVAS COMUNITARIAS.",2020-06-26T00:00:00,DECLARACION,"SIERRA, MAGDALENA",,,,,,
