proyecto_id,anio,tipo,dominio,marco,titulo
HCDN093102,2008,LEY,B,externo,"CUOTA HILTON, CRITERIOS PARA LA ASIGNACION DE CUPOS DE EXPORTACION DE CORTES ENFRIADOS DE CARNE BOVINA: OBJETO, AUTORIDAD DE APLICACION, CUPO MAXIMO, PLAZOS SANCIONES."
HCDN093479,2008,LEY,C,externo,CREACION DEL CARGO DE ENLACE PARLAMENTARIO EN EL AMBITO DEL CONGRESO DE LA NACION EN LAS AREAS MERCOSUR Y RELACIONES EXTERIORES Y CULTO (REPRODUCCION DEL EXPEDIENTE 6923-D-06).
HCDN094656,2008,MENSAJE Y PROYECTO DE LEY,C,externo,"APROBACION DEL PROTOCOLO SOBRE TRASLADO DE PERSONAS SUJETAS A REGIMENES ESPECIALES (COMPLEMENTARIO AL ACUERDO SOBRE TRASLADO DE PERSONAS CONDENADAS, ENTRE LOS ESTADOS PARTES DEL MERCOSUR Y LA REPUBLICA DE BOLIVIA Y LA REPUBLICA DE CHILE), SUSCRIPTO EN ASUNCION, REPUBLICA DEL PARAGUAY, EL 20 DE JUNIO DE 2005."
HCDN094027,2008,RESOLUCION,B,externo,"PEDIDO DE INFORMES AL PODER EJECUTIVO SOBRE LOS CUPOS ADJUDICADOS PARA EXPORTACION DE CARNE SEGUN LA RESOLUCION 935/06 DEL MINISTERIO DE ECONOMIA Y PRODUCCION, DESDE EL 1 DE JUNIO DE 2007 AL 31 DE MARZO DE 2008."
HCDN094366,2008,DECLARACION,C,externo,EXPRESAR BENEPLACITO POR LA DESIGNACION DE LA PROVINCIA DE TUCUMAN COMO SEDE DE LA CUMBRE DE JEFES DE ESTADO DEL MERCOSUR Y PAISES ASOCIADOS.
HCDN094431,2008,RESOLUCION,C,externo,CREACION DE LA UNIDAD DE ENLACE CON EL PARLAMENTO DEL MERCOSUR EN EL AMBITO DE LA HONORABLE CAMARA DE DIPUTADOS DE LA NACION.
HCDN094482,2008,DECLARACION,B,externo,"EXPRESAR PREOCUPACION POR EL CIERRE DE LAS EXPORTACIONES DE LA DENOMINADA ""CUOTA HILTON""."
HCDN096122,2008,RESOLUCION,C,externo,"SOLICITAR AL PODER EJECUTIVO DISPONGA DECLARAR DE INTERES NACIONAL LA ""CUMBRE DE JEFES DE ESTADO DEL MERCOSUR"", A REALIZARSE LOS DIAS 30 DE JUNIO Y 1 DE JULIO DE 2008 EN LA CIUDAD CAPITAL DE LA PROVINCIA DE TUCUMAN."
HCDN096387,2008,RESOLUCION,C,externo,"DECLARAR DE INTERES DE LA H CAMARA LA PROXIMA REUNION DEL CONSEJO MERCADO COMUN - CMC - Y LA CUMBRE DE PRESIDENTES DE LOS PAISES MIEMBROS DEL MERCOSUR, A REALIZARSE LOS DIAS 30 DE JUNIO Y 1 DE JULIO DE 2008, RESPECTIVAMENTE, EN LA CIUDAD DE SAN MIGUEL DE TUCUMAN."
HCDN096591,2008,DECLARACION,B,externo,"EXPRESAR DESAGRADO POR EL INCUMPLIMIENTO DE LA ""CUOTA HILTON"" ASIGNADA PARA EL PRESENTE PERIODO."
HCDN096787,2008,RESOLUCION,C,ue_otro,"ADHERIR A LA ""DECLARACION EN DEFENSA DE LOS DERECHOS HUMANOS DE LOS MIGRANTES - MERCO SUL/PM/DECL. 10/2008"", ADOPTADO POR EL PARLAMENTO DEL MERCOSUR EL DIA 27 DE JUNIO DE 2008 EN SAN MIGUEL DE TUCUMAN, EN RECHAZO A LA DENOMINADA ""DIRECTIVA RETORNO"" DE LA UNION EUROPEA."
HCDN097295,2008,LEY,C,externo,"ELECCION DE LOS FUTUROS INTEGRANTES DEL PARLAMENTO DEL MERCOSUR: MODIFICACION DE LA LEY 19945, CODIGO ELECTORAL NACIONAL, INCORPORACION DEL CAPITULO IV, AL TITULO VII."
HCDN097678,2008,RESOLUCION,B,externo,PEDIDO DE INFORMES AL PODER EJECUTIVO SOBRE EL INCUMPLIMIENTO DEL ENVIO DE LA CUOTA HILTON A EUROPA.
HCDN097988,2008,RESOLUCION,C,externo,PEDIDO DE INFORMES AL PODER EJECUTIVO SOBRE EL ESTADO DEL TRAMITE DE INGRESO AL MERCOSUR COMO MIEMBRO PLENO DE LA REPUBLICA BOLIVARIANA DE VENEZUELA.
HCDN098039,2008,DECLARACION,C,externo,SOLICITAR AL PODER EJECUTIVO DISPONGA LA ELABORACION DE UNA NUEVA MODALIDAD DE CONTENIDOS BASICOS COMUNES DE LA EDUCACION SECUNDARIA CON ORIENTACION EN INTEGRACION REGIONAL ENFOCADA EN EL MERCOSUR.
HCDN099495,2008,RESOLUCION,C,externo,"SOLICITAR AL PODER EJECUTIVO DISPONGA LA CREACION DE UN PROGRAMA QUE ESTABLEZCA LA ""CAPITAL CULTURAL DEL MERCOSUR"", A SER DESIGNADA ANUALMENTE, Y POSTULAR PARA EL 2010 A LA CIUDAD DE BUENOS AIRES Y EN 2016 A LA CIUDAD DE SAN MIGUEL DE TUCUMAN."
HCDN100142,2008,RESOLUCION,C,ue_otro,"PEDIDO DE INFORMES AL PODER EJECUTIVO SOBRE LA PREEXISTENCIA DE UN PROTOCOLO ENTRE LA REPUBLICA FEDERATIVA DEL BRASIL Y LA UNION EUROPEA, A FIRMARSE EN BRUSELAS EN EL MES DE DICIEMBRE DE 2008."
HCDN101557,2008,LEY,C,externo,PROHIBICION TEMPORARIA Y PARCIAL DE IMPORTACION DE BIENES Y SERVICIOS CUYO ABASTECIMIENTO DEL MERCADO INTERNO ESTE ASEGURADO POR EMPRESAS NACIONALES EXCEPTUANDO LOS BIENES PROVENIENTES DE PAISES DEL MERCOSUR.
HCDN096506,2008,DECLARACION,C,externo,"EXPRESAR ADHESION A LA DECLARACION DE LA COMISION DE ASUNTOS POLITICOS, MUNICIPALES Y DE INTEGRACION DEL PARLAMENTO LATINOAMERICANO REFERIDA A LA PARTICIPACION DE ARGENTINA, URUGUAY Y EL MERCOSUR EN LA SOLUCION DE CONTROVERSIAS AMBIENTALES EXISTENTES EN LOS PAISES DEL BLOQUE."
HCDN095433,2008,RESOLUCION,C,externo,SOLICITAR AL PODER EJECUTIVO DISPONGA LAS MEDIDAS NECESARIAS PARA ESTABLECER UNA SEDE O CAPITAL ALTERNA DEL MERCOSUR EN LA PROVINCIA DE MENDOZA.
HCDN100321,2008,RESOLUCION,C,externo,SOLICITAR AL PODER EJECUTIVO NACIONAL DISPONGA LAS MEDIDAS NECESARIAS PARA QUE LOS PASOS FRONTERIZOS ACTUEN EN FORMA INTEGRADA CON LOS DE OTROS PAISES DEL MERCOSUR Y ASOCIADOS.
HCDN098025,2008,LEY,C,externo,"LENGUA GUARANI, INCORPORACION AL MERCOSUR COMO LENGUA OFICIAL."
HCDN096121,2008,DECLARACION,C,externo,"DECLARAR DE INTERES PARLAMENTARIO LA ""CUMBRE DE JEFES DE ESTADOS DEL MERCOSUR"", A REALIZARSE LOS DIAS 30 DE JUNIO Y 1 DE JULIO DE 2008 EN LA CIUDAD CAPITAL DE LA PROVINCIA DE TUCUMAN."
HCDN096880,2008,RESOLUCION,B,ue_otro,PEDIDO DE INFORMES AL PODER EJECUTIVO SOBRE EL ENVIO DE CORTES CARNICOS A LA UNION EUROPEA.
HCDN098070,2008,DECLARACION,C,externo,"EXPRESAR BENEPLACITO POR LA REUNION DEL ""BLOQUE ARGENTINO"" DE LA ""UNION DE PARLAMENTARIOS DEL MERCOSUR"", LOS DIAS 29 Y 30 DE AGOSTO DE 2008 EN LA CIUDAD CAPITAL DE LA PROVINCIA DE MENDOZA."
HCDN103082,2009,RESOLUCION,C,externo,SOLICITAR AL PODER EJECUTIVO DISPONGA LAS MEDIDAS NECESARIAS PARA QUE LOS PASOS FRONTERIZOS ACTUEN EN FORMA INTEGRADA CON LOS PAISES MIEMBROS DEL MERCOSUR Y SUS ASOCIADOS.
HCDN103693,2009,LEY,C,externo,PRIORIZAR EN LA AGENDA DE LA REPUBLICA ARGENTINA PARA LA PROXIMA REUNION CUMBRE DEL MERCOSUR LA FIRMA DEL PACTO POR LA INFANCIA Y ADOLESCENCIA EN EL MERCOSUR.
HCDN104495,2009,LEY,C,externo,"IDENTIFICACION, REGISTRO Y CLASIFICACION DEL POTENCIAL HUMANO NACIONAL - LEY 17671 - MODIFICACION DEL ARTICULO 13, SOBRE RECONOCIMIENTO DE LA ""CEDULA DE IDENTIDAD NACIONAL MERCOSUR"" Y DEL ""PASAPORTE ARGENTINO MERCOSUR"" PARA ACREDITACION DE LA IDENTIDAD DE LAS PERSONAS."
HCDN105835,2009,DECLARACION,C,externo,"EXPRESAR BENEPLACITO POR EL ACUERDO POLITICO ARRIBADO EN LA ""IV SESION ESPECIAL DEL PARLAMENTO DEL MERCOSUR"", DONDE SE APROBO EL CRITERIO DE REPRESENTACION CIUDADANA CON PROPORCIONALIDAD ATENUADA."
HCDN106321,2009,LEY,C,externo,SUSPENSION DE LOS EFECTOS DE LA LEY 26192 DE APROBACION DEL PROTOCOLO DE ADHESION DE LA REPUBLICA BOLIVARIANA DE VENEZUELA AL MERCOSUR.
HCDN106379,2009,DECLARACION,C,externo,"SOLICITAR AL PODER EJECUTIVO DISPONGA PROMOVER ANTE LA PRESIDENCIA PRO TEMPORE DEL MERCOSUR, LA CONVOCATORIA A UNA REUNION EXTRAORDINARIA DEL CONSEJO DEL MERCADO COMUN, A FIN DE CONSIDERAR LA NACIONALIZACION DE EMPRESAS ARGENTINAS EN LA REPUBLICA BOLIVARIANA DE VENEZUELA Y OTRAS CUESTIONES CONEXAS."
HCDN107687,2009,DECLARACION,C,externo,EXPRESAR PREOCUPACION POR EL INCREMENTO DE LOS REINTEGROS DEL IMPUESTO AL VALOR AGREGADO APLICADO POR EL GOBIERNO DE LA REPUBLICA POPULAR CHINA PARA LOS PRODUCTOS DESTINADOS A EXPORTACION AL MERCOSUR.
HCDN107753,2009,LEY,C,externo,"LAS EXPORTACIONES A CONSUMO NO ESTARAN OBLIGADAS A PAGAR DERECHOS DE EXPORTACION, CON EXCEPCION DE LAS TASAS RETRIBUTIVAS DE SERVICIOS QUE TENGAN COMO DESTINO LOS PAISES MIEMBROS DEL MERCOSUR."
HCDN107798,2009,RESOLUCION,C,externo,"EXPRESAR ADHESION A LA DECLARACION DE LOS MANDATARIOS DEL ""MERCOSUR"" EN LA XXXVII REUNION DE PRESIDENTES CONDENANDO EL GOLPE DE ESTADO EN HONDURAS."
HCDN108164,2009,LEY,C,externo,"SUSTITUCION DEL ARTICULO 13 DE LA LEY 17671, SOBRE ACREDITACION DE IDENTIDAD CON EL DOCUMENTO NACIONAL DE IDENTIDAD Y/O LA CEDULA DE IDENTIDAD NACIONAL DEL MERCOSUR Y/O EL PASAPORTE ARGENTINO MERCOSUR. IDENTIFICACION, REGISTRO Y CLASIFICACION DEL POTENCIAL HUMANO NACIONAL."
HCDN109064,2009,LEY,C,externo,PARLAMENTARIOS DEL MERCOSUR. MARCO PARA SU ELECCION.
HCDN110169,2009,RESOLUCION,C,externo,EXPRESAR BENEPLACITO A LOS ESTADOS PARTES Y A LOS ASOCIADOS AL MERCOSUR POR EL RECONOCIMIENTO HISTORICO Y FRATERNO RESPALDO A LOS RECLAMOS DE SOBERANIA ARGENTINA SOBRE LAS ISLAS MALVINAS.
HCDN110192,2009,RESOLUCION,C,externo,"EXPRESAR PREOCUPACION POR LA APLICACION DE MEDIDAS PARA-ARANCELARIAS QUE HACE LA REPUBLICA FEDERATIVA DEL BRASIL, AL INGRESO DE ACEITE DE OLIVO Y ACEITUNAS PROVENIENTES DE ARGENTINA."
HCDN112085,2009,MENSAJE Y PROYECTO DE LEY,C,externo,"APROBACION DEL ACUERDO MARCO DE COMERCIO ENTRE EL MERCOSUR Y EL ESTADO DE ISRAEL, CONCLUIDO EN MONTEVIDEO, REPUBLICA ORIENTAL DEL URUGUAY, EL 8 DE DICIEMBRE DE 2005 Y DEL TRATADO DE LIBRE COMERCIO ENTRE EL MERCOSUR Y EL ESTADO DE ISRAEL, SUSCRIPTO EN MONTEVIDEO, REPUBLICA ORIENTAL DEL URUGUAY, EL 18 DE DICIEMBRE DE 2007."
HCDN111200,2009,RESOLUCION,B,externo,"SOLICITAR AL PODER EJECUTIVO DISPONGA LA SUSPENSION DEL LIMITE DE LA ""CUOTA HILTON""."
HCDN103073,2009,RESOLUCION,C,externo,PEDIDO DE INFORMES AL PODER EJECUTIVO SOBRE EL ESTADO DEL TRAMITE DE INGRESO AL MERCOSUR COMO MIEMBRO PLENO DE LA REPUBLICA BOLIVARIANA DE VENEZUELA.
HCDN110216,2009,DECLARACION,C,externo,"EXPRESAR BENEPLACITO POR LA APROBACION EN EL PARLAMENTO LATINOAMERICANO DE LA PROPUESTA DE CREACION DE UNA AGENCIA AMBIENTAL DEL ""MERCOSUR""."
HCDN109227,2009,RESOLUCION,C,externo,"SOLICITAR AL PODER EJECUTIVO DISPONGA LAS MEDIDAS NECESARIAS PARA PROPONERLE A LOS ESTADOS - PARTE DEL MERCOSUR UNA DEFINICION MAS PRECISA Y COMPLETA DE LOS ALCANCES DE LA ""CLAUSULA DEMOCRATICA DEL MERCOSUR"" ACORDADA EL DIA 24 DE JULIO DE 1998 EN EL PROTOCOLO DE USHUAIA."
HCDN110209,2009,RESOLUCION,C,externo,"SOLICITAR AL PODER EJECUTIVO DISPONGA LAS MEDIDAS NECESARIAS PARA PROPONER LA CREACION DE UNA AGENCIA AMBIENTAL DEL ""MERCOSUR"" EN LA SIGUIENTE ""CUMBRE DE PRESIDENTES"" A REALIZARSE EL 16 DE DICIEMBRE DE 2009, CON EL OBJETO DE ESTABLECER UNA LEGISLACION AMBIENTAL COMUN PARA EL BLOQUE."
HCDN108046,2009,LEY,C,externo,ELECCION DE PARLAMENTARIOS DEL MERCOSUR: MODIFICACION DEL CODIGO ELECTORAL NACIONAL (LEY 19945 Y MODIFICATORIAS).
HCDN106750,2009,RESOLUCION,C,externo,EXPRESAR REPUDIO A LA INTENCION DE DETERMINADOS SECTORES ECONOMICOS Y DE ALGUNOS LEGISLADORES QUE PRETENDEN SUSPENDER LA LEY QUE AUTORIZA LA INCLUSION DEL HERMANO PAIS DE VENEZUELA AL MERCOSUR.
HCDN105698,2009,DECLARACION,C,externo,"EXPRESAR APOYO A LA DECISION DEL BANCO CENTRAL DE LA REPUBLICA ARGENTINA (BCRA) DE EXTENDER EL ""SISTEMA DE PAGOS EN LA MONEDA LOCAL - SML -"" A LOS RESTANTES PAISES DEL MERCOSUR Y UNASUR."
HCDN109680,2009,RESOLUCION,C,externo,SOLICITAR AL PODER EJECUTIVO DISPONGA LAS MEDIDAS NECESARIAS PARA GESTIONAR ANTE EL PARLAMENTO DEL MERCOSUR QUE GARANTICE LA ESTABILIDAD Y SEGURIDAD EN LA REGION DECLARANDO SU RECHAZO AL INCREMENTO DE GASTOS EN ARMAMENTOS POR LOS ESTADOS - PARTES Y ESTADOS - ASOCIADOS DEL BLOQUE.
HCDN111486,2010,MENSAJE,C,externo,"COMUNICACION DEL DECRETO 68/10 POR EL CUAL SE ADOPTAN LAS DISPOSICIONES DE LA DIRECTIVA 13 DEL 21 DE JULIO DE 2009 DE LA COMISION DE COMERCIO DEL MERCOSUR (CCM), Y SU CORRESPONDIENTE FE DE ERRATAS."
HCDN112186,2010,RESOLUCION,C,externo,"SOLICITAR AL PODER EJECUTIVO NACIONAL DISPONGA REALIZAR LAS GESTIONES NECESARIAS PARA INCLUIR EN LA AGENDA DEL PARLAMENTO DEL MERCOSUR, LA CREACION DE UN FORO REGIONAL CON EL OBJETO DE ANALIZAR LA PROBLEMATICA DEL ANTISEMITISMO EN EL MERCOSUR."
HCDN112458,2010,RESOLUCION,B,externo,"SOLICITAR AL PODER EJECUTIVO DISPONGA ANALIZAR Y RECONSIDERAR LA SUSPENSION DEL LIMITE DE LA CUOTA HILTON A LA ""FEDERACION CHAQUEÑA DE SOCIEDADES RURALES -FECHASORU-"", Y EXTENDER A TODO EL PAIS DE LA CUOTA HILTON."
HCDN112513,2010,RESOLUCION,C,externo,"SOLICITAR AL PODER EJECUTIVO DISPONGA INCLUIR EN LA AGENDA DEL PARLAMENTO DEL MERCOSUR LA CREACION DE UN FORO REGIONAL CON EL OBJETO DE ANALIZAR LA PROBLEMATICA DEL ""ANTISEMITISMO EN EL MERCOSUR""."
HCDN114255,2010,DECLARACION,C,externo,"SOLICITAR AL PODER EJECUTIVO DISPONGA LAS MEDIDAS NECESARIAS PARA ESTABLECER ACCIONES CONJUNTAS ENTRE LOS ESTADOS PARTES DEL MERCOSUR Y EL GOBIERNO DE LA REPUBLICA DE BOLIVIA, PARA LA LUCHA CONTRA EL MOSQUITO AEDES AEGYPTI."
HCDN114567,2010,MENSAJE,C,externo,"COMUNICACION DEL DECRETO 500/2010, DICTADO EN USO DE FACULTADES DELEGADAS POR EL CUAL SE MODIFICA EL DECRETO 509/07 Y SUS MODIFICACIONES, SOBRE NOMENCLATURA COMUN DEL MERCOSUR."
HCDN115114,2010,DECLARACION,C,externo,SOLICITAR LA CREACION DE LA COMISION ESPECIAL DE COOPERACION E INTEGRACION TRANSFRONTERIZA EN EL SENO DEL PARLAMENTO DEL MERCOSUR.
HCDN115146,2010,RESOLUCION,C,externo,"SOLICITAR AL PODER EJECUTIVO DISPONGA IMPULSAR UNA MAYOR VINCULACION ENTRE EL ""FORO CONSULTIVO DE MUNICIPIOS ESTADOS FEDERADOS, PROVINCIAS Y DEPARTAMENTOS DEL MERCOSUR - FCCR -"" Y EL ""FONDO PARA LA CONVERGENCIA ESTRUCTURAL DEL MERCOSUR - FOCEM -""."
HCDN115165,2010,RESOLUCION,C,externo,"DECLARAR DE INTERES DE LA H. CAMARA LA REUNION ESPECIALIZADA DE LA MUJER DEL MERCOSUR (REM), A REALIZARSE DEL 2 AL 4 DE JUNIO DE 2010 EN LA CIUDAD AUTONOMA DE BUENOS AIRES."
HCDN115179,2010,LEY,B,externo,DISTRIBUCION DE LA CUOTA HILTON. CREACION DE LA COMISION FEDERAL DE ADJUDICACION.
HCDN116240,2010,RESOLUCION,C,externo,"PEDIDO DE INFORMES AL PODER EJECUTIVO SOBRE LAS MEDIDAS ADOPTADAS CON EL FIN DE IMPLEMENTAR EL ""SISTEMA DE INTERCAMBIO DE INFORMACION DE SEGURIDAD DEL MERCOSUR, SISME"", Y OTRAS CUESTIONES CONEXAS."
HCDN116114,2010,DECLARACION,A,ue_otro,"EXPRESAR PREOCUPACION POR LA DECISION DE LA COMISION DE ASUNTOS EUROPEOS DE LA ASAMBLEA NACIONAL DE FRANCIA DE EXPRESAR UNA ""OPINION DESFAVORABLE"" RESPECTO AL DESCONGELAMIENTO DE LAS NEGOCIACIONES ENTRE LA UNION EUROPEA Y LOS PAISES MIEMBROS DEL MERCOSUR PARA LA CONCLUSION DE UN ACUERDO DE LIBRE COMERCIO."
HCDN116344,2010,MENSAJE,C,externo,"COMUNICACION DEL DECRETO 646/10 POR EL CUAL SE ADOPTAN LA DISPOSICIONES DE LA DIRECTIVA 17 DEL 4 DE SETIEMBRE DE 2009 DE LA COMISION DE COMERCIO DEL MERCOSUR (CCM), SOBRE TRATAMIENTO ARANCELARIO PARA LA IMPORTACION DE PLANCHAS DE FOTOPOLIMEROS."
HCDN116345,2010,MENSAJE,C,externo,"COMUNICACION DEL DECRETO 656/10 POR EL CUAL SE ADOPTAN LAS DISPOSICIONES DE LA DIRECTIVA 16 DEL 4 DE SETIEMBRE DE 2009 DE LA COMISION DE COMERCIO DEL MERCOSUR (CCM), SOBRE TRATAMIENTO ARANCELARIO PARA LA IMPORTACION DE ACETATO DE VINILO."
HCDN116482,2010,RESOLUCION,B,ue_otro,"SOLICITAR AL PODER EJECUTIVO DISPONGA ABSTENERSE DE REALIZAR PRACTICAS UNILATERALES DE RESTRICCION COMERCIAL A PRODUCTOS PROVENIENTES DE LA ""UNION EUROPEA"" Y DE PAISES ""MIEMBROS DEL MERCADO COMUN DEL SUR""."
HCDN116609,2010,RESOLUCION,C,externo,"PEDIDO DE INFORMES AL PODER EJECUTIVO SOBRE LA EXISTENCIA DE PUERTOS EN PAISES MIEMBROS DEL MERCOSUR DESDE LOS QUE HAYAN PARTIDO BUQUES A LAS ISLAS MALVINAS, GEORGIAS Y SANDWICH DEL SUR."
HCDN116670,2010,MENSAJE,C,externo,"COMUNICACION DEL DECRETO 688/10, POR EL CUAL SE ADOPTAN DISPOSICIONES DE LA DIRECTIVA 14 DEL 4 DE SEPTIEMBRE DE 2009 DE LA COMISION DE COMERCIO DEL MERCOSUR, SOBRE TRATAMIENTO ARANCELARIO PARA LA IMPORTACION DE ARPILLERA DE YUTE."
HCDN116671,2010,MENSAJE,C,externo,"COMUNICACION DEL DECRETO 687/10 POR EL CUAL SE ADOPTAN LAS DISPOSICIONES DE LA DIRECTIVA 24 DEL 19 DE NOVIEMBRE DE 2009 DE LA COMISION DE COMERCIO DEL MERCOSUR - CCM, SOBRE TRATAMIENTO ARANCELARIO PARA LA IMPORTACION DE AISLANTE DE RESINA EPOXI Y FIBRA DE VIDRIO, PARA CIRCUITOS IMPRESOS."
HCDN116799,2010,MENSAJE,C,externo,"COMUNICACION DEL DECRETO 608/2010, POR EL CUAL SE INCORPORAN DIVERSAS REFERENCIAS EN EL ANEXO IX DEL DECRETO 509/2007 (AJUSTE DE LA LISTA ARGENTINA DE EXCEPCIONES AL ARANCEL EXTERNO COMUN DEL MERCOSUR)."
HCDN117188,2010,MENSAJE,C,externo,"COMUNICACION DEL DECRETO 743/10, POR EL CUAL SE ADOPTAN LAS DISPOSICIONES DE LA RESOLUCION 30 DE FECHA 18 DE SEPTIEMBRE DE 2008 DEL GRUPO MERCADO COMUN, SOBRE MODIFICACION DE LA NOMENCLATURA COMUN DEL MERCOSUR Y SU CORRESPONDIENTE ARANCEL EXTERNO COMUN."
HCDN117183,2010,MENSAJE,C,externo,"COMUNICACION DEL DECRETO 761/10 POR EL CUAL SE SUSTITUYE EN EL ANEXO XIV DEL DECRETO 509/07 Y SUS MODIFICACIONES, LA POSICION ARANCELARIA DE LA NOMENCLATURA COMUN DEL MERCOSUR, N.C.M. - 1517.90.10, REFERENCIA - 9 - Y EL DERECHO DE EXPORTACION."
HCDN117359,2010,RESOLUCION,C,externo,EXPRESAR BENEPLACITO POR LA CREACION DEL FORO DE LEGISLADORES REGIONALES Y LOCALES DEL MERCOSUR APROBADO EN LA XXIV SESION ORDINARIA DEL PARLAMENTO DEL MERCOSUR.
HCDN117459,2010,MENSAJE,C,externo,"COMUNICACION DEL DECRETO 805/10 POR EL CUAL SE ADOPTAN LAS DISPOSICIONES DE LA DIRECTIVA 12 DEL 21 DE JULIO DE 2009 Y DE SU CORRESPONDIENTE FE DE ERRATAS, SOBRE TRATAMIENTO ARANCELARIO PARA LA IMPORTACION DE LAS HOJAS DE ALUMINIO PARA FABRICACION DE CAPACITORES."
HCDN117694,2010,LEY,B,ue_otro,REGIMEN DISTRIBUTIVO PARA EL CUPO TARIFARIO DE CORTES ENFRIADOS VACUNOS SIN HUESO DE ALTA CALIDAD ASIGNADOS ANUALMENTE POR LA UNION EUROPEA Y PARA CUALQUIER OTRO CUPO TARIFARIO DE EXPORTACION
HCDN117708,2010,RESOLUCION,B,externo,PEDIDO DE INFORMES AL PODER EJECUTIVO SOBRE LOS MOTIVOS POR LOS CUALES SE INCUMPLIO CON EL ENVIO DE LA CUOTA HILTON PARA EL PERIODO 2009-2010.
HCDN118245,2010,DECLARACION,C,externo,"DECLARAR DE INTERES DE LA HONORABLE CAMARA DE DIPUTADOS DE LA NACION EL V CERTAMEN DE FORMACION EN VALORES EN EL MERCOSUR EDUCATIVO 2009 ""MANOS JOVENES ESCRIBEN EN GRANDE"", A REALIZARSE EL DIA 30 DE AGOSTO DE 2010 EN LA CIUDAD AUTONOMA DE BUENOS AIRES."
HCDN118523,2010,LEY,C,externo,REGIMEN ELECTORAL PARA ELECCION DIRECTA DE PARLAMENTARIOS DEL MERCOSUR; INCORPORACION DE DOCE ARTICULOS COMO TEXTO DE LA LEY 19945 DE CODIGO ELECTORAL NACIONAL Y MODIFICATORIAS AL TITULO VII DEL CAPITULO IV.
HCDN118756,2010,RESOLUCION,C,externo,"DECLARAR DE INTERES DE LA CAMARA LA XXXIX CUMBRE DEL MERCOSUR, LOS DIAS 2 Y 3 DE AGOSTO DE 2010 EN LA PROVINCIA DE SAN JUAN."
HCDN119348,2010,DECLARACION,B,ue_otro,"EXPRESAR BENEPLACITO POR LA AMPLIACION DE LOS NUEVOS CUPOS DE LA CUOTA HILTON CON DESTINO A LA UNION EUROPEA, ASIGNADOS PARA EL PERIODO 2010-2011 EN LA PROVINCIA DEL CHACO."
HCDN119870,2010,DECLARACION,C,externo,"EXPRESAR SATISFACCION POR LA APROBACION DEL NUEVO REGLAMENTO DEL FONDO DE CONVERGENCIA DE MERCOSUR - FOCEM - EN LA XXXIX CUMBRE DE JEFES DE ESTADO DE MERCOSUR, CELEBRADO EN LA CIUDAD DE SAN JUAN ."
HCDN120081,2010,LEY,B,externo,REGIMEN DE DISTRIBUCION DE CUPOS DE EXPORTACION DE CORTES DE CARNE VACUNAS DE ALTA CALIDAD (CUOTA HILTON).
HCDN120106,2010,LEY,C,externo,REGIMEN DEL SISTEMA ELECTORAL PARA ELECCION DIRECTA DE PARLAMENTARIOS DEL MERCOSUR; MODIFICACION DE LA LEY 19945 (TO 1983) Y MODIFICATORIAS.
HCDN120131,2010,LEY,C,externo,"ELECCION DE PARLAMENTARIOS DEL MERCOSUR: MODIFICACION DEL CODIGO ELECTORAL NACIONAL, LEY 19945, Y DE LA LEY 26215, DE FINANCIAMIENTO DE LOS PARTIDOS POLITICOS."
HCDN120471,2010,LEY,B,externo,CUOTA HILTON: REGIMEN JURIDICO APLICABLE PARA LA DISTRIBUCION DEL CUPO TARIFARIO DE CORTES ENFRIADOS SIN HUESO DE ALTA CALIDAD.
HCDN120516,2010,DECLARACION,C,externo,"SOLICITAR AL PODER EJECUTIVO DISPONGA LAS MEDIDAS NECESARIAS PARA INCORPORAR CONTENIDOS MINIMOS SOBRE EL ""MERCADO COMUN DEL SUR - MERCOSUR -"", DENTRO DE LA CURRICULA ESCOLAR."
HCDN120625,2010,MENSAJE,C,externo,"COMUNICACION DEL DECRETO 1190/2010 POR EL CUAL SE ADOPTAN LAS DISPOSICIONES DE LA DECISION 28 DEL 7 DE DICIEMBRE DE 2009 DEL CONSEJO DEL MERCADO COMUN, SOBRE MANTENER EXCEPCIONES AL ARANCEL EXTERNO COMUN HASTA 100 ITEMS ARANCELARIOS HASTA EL 31 DE DICIEMBRE DE 2011."
HCDN115461,2010,DECLARACION,C,externo,"EXPRESAR PREOCUPACION POR LA DECLARACIONES DE JOSE SERRA, CANDIDATO PRESIDENCIAL DEL PARTIDO SOCIAL DEMOCRATA DE BRASIL (PSDB) SOBRE LA CONTINUIDAD DEL MERCOSUR."
HCDN119747,2010,DECLARACION,C,externo,"SOLICITAR AL PODER EJECUTIVO DISPONGA GESTIONAR ANTE EL ""PARLAMENTO DEL MERCOSUR - PARLASUR -"", LA ADHESION AL PEDIDO DE LA JUSTICIA ARGENTINA PARA PROCEDER A LA EXTRADICION DE FUNCIONARIOS IRANIES IMPLICADOS Y ACUSADOS EN LA CAUSA POR EL ATENTADO A LA ""ASOCIACION MUTUAL ISRAELITA ARGENTINA - AMIA -."""
HCDN113854,2010,RESOLUCION,B,externo,PEDIDO DE INFORMES AL PODER EJECUTIVO SOBRE LOS MOTIVOS POR LOS CUALES SE INCUMPLIRA CON EL ENVIO DE LA TOTALIDAD DE LA CUOTA HILTON ASIGNADA PARA EL PERIODO 2009-2010.
HCDN116235,2010,LEY,C,externo,"CREACION EN EL AMBITO DEL CONGRESO DE LA NACION ARGENTINA, LA COMISION BICAMERAL REVISORA DE NORMATIVA AMBIENTAL PARA LA ARMONIZACION DE DIRECTRICES AMBIENTALES DEL MERCADO COMUN DEL SUR (MERCOSUR)."
HCDN118043,2010,LEY,C,externo,INCLUSION DE LA CADENA CITRICOLA TRANSFRONTERIZA ARGENTINO - URUGUAYA EN EL MARCO DEL GRUPO DE INTEGRACION PRODUCTIVA EN EL MERCOSUR.
HCDN118755,2010,RESOLUCION,C,externo,"DECLARAR DE INTERES DE H. CAMARA LA CREACION DEL INSTITUTO DE POLITICAS PUBLICAS EN DERECHOS HUMANOS DEL MERCOSUR, QUE SERA INSTALADO EN LA EX ESMA."
HCDN120895,2010,LEY,C,externo,ELECCION DE PARLAMENTARIOS DEL MERCOSUR. MODIFICACION DE LA LEY 19945 (CODIGO ELECTORAL NACIONAL).
HCDN113433,2010,MENSAJE,C,externo,"COMUNICACION DEL DECRETO 311/2010 DICTADO EN USO DE FACULTADES DELEGADAS POR EL CUAL SE ESTABLECE UNA REDUCCION DEL DERECHO DE IMPORTACION EXTRAZONA (DIE) AL DOS POR CIENTO (2%) PARA VEHICULOS PROVENIENTES DE PAISES QUE INTEGRAN EL MERCOSUR, CON PROPULSION A: MOTOR ELECTRICO Y ALTERNATIVO, MOTOR ELECTRICO EXCLUSIVAMENTE U OTRO TIPO DE ENERGIAS ALTERNATIVAS."
HCDN118763,2010,RESOLUCION,C,externo,"EXPRESAR BENEPLACITO POR LA REALIZACION Y LOS RESULTADOS DE LA XXXIX REUNION DEL CONSEJO DEL MERCADO COMUN Y CUMBRE DE JEFAS Y JEFES DE ESTADO DEL MERCOSUR Y ESTADOS ASOCIADOS, REALIZADA EL 2 Y 3 DE AGOSTO EN LA CIUDAD DE SAN JUAN."
HCDN113530,2010,RESOLUCION,C,externo,SOLICITAR AL PODER EJECUTIVO DISPONGA ARBITRAR LOS MEDIOS PARA QUE LOS PAISES MIEMBROS DEL MERCOSUR REHUSEN BRINDAR APOYO LOGISTICO Y ASISTENCIA TECNICO OPERATIVA A LOS BUQUES Y AERONAVES QUE PRETENDAN REALIZAR EXPLORACION O EXPLOTACION DE HIDROCARBUROS EN LA ZONA MARITIMA ARGENTINA.
HCDN119301,2010,DECLARACION,C,externo,"DECLARAR DE INTERES DE LA H. CAMARA EL VI CERTAMEN DE FORMACION EN VALORES EN EL MERCOSUR EDUCATIVO 2010 ""MANOS JOVENES ESCRIBEN EN GRANDE""."
HCDN117533,2010,RESOLUCION,B,ue_otro,"PEDIDO DE INFORMES AL PODER EJECUTIVO SOBRE DIVERSAS CUESTIONES RELACIONADAS CON EL ENVIO DE LA DENOMINADA ""CUOTA HILTON"" A LA UNION EUROPEA."
HCDN120125,2010,DECLARACION,C,externo,"EXPRESAR BENEPLACITO POR LA I REUNION ESPECIALIZADA DE TURISMO Y VIII REUNION DE MINISTROS DE TURISMO DEL MERCOSUR, REALIZADAS DEL 4 AL 6 DE AGOSTO DE 2010 EN LA PROVINCIA DE JUJUY."
HCDN117910,2010,RESOLUCION,C,externo,SOLICITAR AL PODER EJECUTIVO DISPONGA RATIFICAR EL TRATADO DE LIBRE COMERCIO MERCOSUR - ISRAEL CELEBRADO ENTRE LOS ESTADOS MIEMBROS DEL MERCOSUR Y EL ESTADO DE ISRAEL EL 17/12/2007.
HCDN121112,2010,LEY,C,externo,"CODIGO ELECTORAL NACIONAL - LEY 19945 Y MODIFICATORIAS: MODIFICACIONES, SOBRE ELECCION DIRECTA DE PARLAMENTARIOS DEL MERCOSUR."
HCDN113414,2010,RESOLUCION,B,externo,"PEDIDO DE INFORMES AL PODER EJECUTIVO SOBRE LAS RAZONES OPERATIVAS, ECONOMICAS O FINANCIERAS QUE IMPULSARON AL CIERRE DE LAS EXPORTACIONES DE CARNES EN LOS CORTES FRESCOS BOVINOS NO COMPRENDIDOS EN LA ""CUOTA HILTON""."
HCDN117390,2010,MENSAJE,C,externo,"COMUNICACION DEL DECRETO 782/2010 POR EL CUAL SE ADOPTAN LAS DISPOSICIONES DE LA DIRECTIVA NUMERO 26 DEL 19 DE NOVIEMBRE DE 2009 DE LA COMISION DE COMERCIO DEL MERCOSUR (CCM), SOBRE LA APROBACION DE REBAJAS ARANCELARIAS PARA EL EPSILON CAPROLACTAMA."
HCDN117460,2010,MENSAJE,C,externo,"COMUNICACION DEL DECRETO 806/10 POR EL CUAL SE ADOPTAN LAS DISPOSICIONES DE LA DIRECTIVA 20 DEL 22 DE OCTUBRE DE 2009 DE LA COMISION DE COMERCIO DEL MERCOSUR (CCM), SOBRE TRATAMIENTO ARANCELARIO PARA LA IMPORTACION DE LAMINAS DE POLIURETANO CELULAR CON RECUBRIMIENTO REFLECTIVO Y RETROREFLECTIVO, PARA LA CONFECCION DE DOCUMENTOS."
HCDN120492,2010,RESOLUCION,C,externo,"DECLARAR DE INTERES DE LA H. CAMARA LA XVII REUNION DEL GRUPO DE COORDINACION Y LA XVI REUNION DE LA COMISION MIXTA DE LA EFSUR -ENTIDADES FISCALIZADORAS SUPERIORES DE LOS PAISES DEL MERCOSUR Y ASOCIADOS-, A REALIZARSE DEL 20 AL 22 DE OCTUBRE DE 2010, EN LA CIUDAD AUTONOMA DE BUENOS AIRES"
HCDN120077,2010,MENSAJE,C,externo,"COMUNICACION DEL DECRETO 1192/2010 POR EL CUAL SE ADOPTAN LAS DISPOSICIONES DE LA DECISION 25/09 DEL CONSEJO DEL MERCADO COMUN, FIJANDOSE TRANSITORIAMENTE, HASTA EL 31 DE DICIEMBRE DE 2011 LOS NIVELES DE ARANCEL EXTERNO COMUN - AEC - Y DERECHO DE IMPORTACION EXTRAZONA - DIE - EN EL VEINTIOCHO POR CIENTO (28%), DE DIVERSAS POSICIONES ARANCELARIAS DE LA NOMENCLATURA COMUN DEL MERCOSUR - NCM."
HCDN124864,2011,LEY,C,externo,SUSPENSION DE LOS EFECTOS DE LA LEY 26192 DE APROBACION DEL PROTOCOLO DE ADHESION DE LA REPUBLICA BOLIVARIANA DE VENEZUELA AL MERCOSUR (REPRODUCCION DEL EXPEDIENTE 2692-D-09).
HCDN124934,2011,DECLARACION,C,externo,"SOLICITAR AL PODER EJECUTIVO DISPONGA LAS MEDIDAS NECESARIAS PARA ESTABLECER ACCIONES CONJUNTAS ENTRE LOS ESTADOS PARTES DEL MERCOSUR Y EL GOBIERNO DE LA REPUBLICA DE BOLIVIA, PARA LA LUCHA CONTRA EL MOSQUITO AEDES AEGYPTI."
HCDN125023,2011,LEY,C,externo,"MODIFICACIONES AL CODIGO ELECTORAL NACIONAL (LEY 19945) Y A LA LEY 23298 (ORGANICA DE LOS PARTIDOS POLITICOS), INCORPORANDO EL PROCEDIMIENTO DE ELECCION DIRECTA DE LOS PARLAMENTARIOS DEL MERCOSUR."
HCDN125490,2011,LEY,C,externo,"SISTEMA FINANCIERO: ACEPTACION Y RECEPCION PARA LA VERIFICACION DE LA IDENTIDAD DE LAS PERSONAS FISICAS, DE LA CEDULA DE IDENTIDAD DEL MERCOSUR EXPEDIDA POR LA POLICIA FEDERAL ARGENTINA."
HCDN125516,2011,RESOLUCION,C,externo,"EXPRESAR ADHESION A LOS FESTEJOS POR EL VIGESIMO ANIVERSARIO DE LA FIRMA DEL TRATADO DE ASUNCION QUE DIO ORIGEN AL MERCOSUR, EL DIA 26 DE MARZO DE 1991."
HCDN125597,2011,RESOLUCION,C,externo,"SOLICITAR AL PODER EJECUTIVO DISPONGA LA INMEDIATA SUSPENSION DE RELACIONES DIPLOMATICAS CON LIBIA, HASTA QUE CESEN EN FORMA DEFINITIVA LAS VIOLACIONES A LOS DERECHOS HUMANOS, Y EXHORTARLO A QUE COORDINE CON LOS PAISES MIEMBROS DEL MERCOSUR LAS MEDIDAS PARA QUE EN CONJUNTO CON LA COMUNIDAD INTERNACIONAL PODER ASEGURAR UNA PRONTA Y PACIFICA TRANSICION EN LIBIA."
HCDN125861,2011,RESOLUCION,C,externo,"ADHERIR A LOS FESTEJOS POR EL VIGESIMO ANIVERSARIO DE LA FIRMA DEL TRATADO DE ASUNCION, QUE DIO ORIGEN AL MERCOSUR, EL DIA 26 DE MARZO DE 2011."
HCDN126030,2011,LEY,C,externo,"SUSTITUCION DEL ARTICULO 13 DE LA LEY 17671, SOBRE ACREDITACION DE IDENTIDAD CON EL DOCUMENTO NACIONAL DE IDENTIDAD Y/O LA CEDULA DE IDENTIDAD NACIONAL DEL MERCOSUR Y/O EL PASAPORTE ARGENTINO MERCOSUR. IDENTIFICACION, REGISTRO Y CLASIFICACION DEL POTENCIAL HUMANO NACIONAL (REPRODUCCION DEL EXPEDIENTE 3835-D-09)."
HCDN126680,2011,MENSAJE Y PROYECTO DE LEY,C,externo,"APROBAR EL ACUERDO DE SEDE ENTRE LA REPUBLICA ARGENTINA Y EL MERCADO COMUN DEL SUR - MERCOSUR - , PARA EL FUNCIONAMIENTO DEL INSTITUTO DE POLITICAS PUBLICAS DE DERECHOS HUMANOS, SUSCRIPTO EN MONTEVIDEO, REPUBLICA ORIENTAL DEL URUGUAY, EL 8 DE DICIEMBRE DE 2009."
HCDN126498,2011,LEY,C,externo,"CODIGO NACIONAL ELECTORAL - LEY 19945 Y MODIFICATORIAS: INCORPORACION DEL TITULO VII, CAPITULO IV ""DE LOS PARLAMENTARIOS DEL MERCOSUR""."
HCDN127202,2011,RESOLUCION,C,externo,"PEDIDO DE INFORMES AL PODER EJECUTIVO SOBRE LAS MEDIDAS ADOPTADAS CON EL FIN DE CORREGIR LAS SITUACIONES OBSERVADAS POR LA AUDITORIA GENERAL DE LA NACION EN LOS EXPEDIENTES 0396-OV-2010 (RESOLUCION 187/10) Y 0536-OV-2010 (RESOLUCION 223/10), EN SU INFORME REALIZADO EN EL AMBITO DEL FONDO PARA LA CONVERGENCIA ESTRUCTURAL DEL MERCOSUR (FOCEM), CON EL OBJETO DE EVALUAR LA GESTION DE LA UNIDAD TECNICA NACIONAL DEL FOCEM (UTNF) -REPUBLICA ARGENTINA- Y DE LA SUBUNIDAD EJECUTORA ARGENTINA DEL PROYECTO (REGIONAL) MERCOSUR LIBRE DE FIEBRE AFTOSA (PAMA)."
HCDN127574,2011,DECLARACION,C,externo,"SOLICITAR AL PODER EJECUTIVO NACIONAL DISPONGA ELABORAR UN PLAN DE ACCION COORDINADO EN LA REGION DEL MERCOSUR, CON EL FIN DE ENFRENTAR LAS CONSECUENCIAS DEL CAMBIO CLIMATICO."
HCDN128205,2011,DECLARACION,B,externo,"EXPRESAR PREOCUPACION POR EL TERCER AÑO CONSECUTIVO DE POSIBLE INCUMPLIMIENTO, DE LA EXPORTACION DE CORTES ESPECIALES DE CARNE VACUNA, DENOMINADO ""CUOTA HILTON""."
HCDN128911,2011,DECLARACION,C,externo,"SOLICITAR AL PODER EJECUTIVO NACIONAL DISPONGA EN EL MARCO DEL SECTOR EDUCATIVO DEL ""MERCADO COMUN DEL SUR (MERCOSUR)"", EXTENDER EL ""PROGRAMA DE MOVILIDAD ACADEMICA REGIONAL (MARCA)"", IMPLEMENTADO EN EL AÑO 2009."
HCDN128990,2011,RESOLUCION,B,ue_otro,"PEDIDO DE INFORMES AL PODER EJECUTIVO SOBRE DIVERSAS CUESTIONES RELACIONADAS CON UN NUEVO INCUMPLIMIENTO DE LAS EXPORTACIONES DE CARNE VACUNA A LA UNION EUROPEA, CORRESPONDIENTES AL CUPO 2010 -2011 DE LA ""CUOTA HILTON""."
HCDN129575,2011,RESOLUCION,C,externo,PEDIDO DE INFORMES AL PODER EJECUTIVO SOBRE LA SITUACION EN QUE SE ENCUENTRA EL ACUERDO PREFERENCIAL DE COMERCIO ENTRE EL MERCADO COMUN DEL SUR - MERCOSUR - Y LA UNION ADUANERA DE AFRICA DEL SUR.
HCDN129685,2011,LEY,C,externo,"CODIGO ELECTORAL NACIONAL (LEY 19945 Y MODIFICATORIAS): MODIFICACIONES, SOBRE DIVISION DE REGIONES PARA LA ELECCION DE PARLAMENTARIOS DEL MERCOSUR."
HCDN131347,2011,LEY,C,externo,"ARROZ: ELIMINACION DE LA POSICION ARANCELARIA DE LA NOMENCLATURA COMUN DEL MERCOSUR, EN EL DECRETO 509/07 Y SUS MODIFICATORIAS."
HCDN131385,2011,RESOLUCION,C,externo,"DECLARAR DE INTERES DE LA H. CAMARA EL ""VII CERTAMEN DE FORMACION EN VALORES EN EL MERCOSUR Y LA UNASUR: MANOS JOVENES ESCRIBEN EN GRANDE"", CUYO EJE TEMATICO EN EL AÑO 2011 ES ""IDENTIDAD SURAMERICANA"", A REALIZARSE DEL 18 DE ABRIL AL 18 DE NOVIEMBRE DE 2011 EN LA CIUDAD AUTONOMA DE BUENOS AIRES."
HCDN131642,2011,RESOLUCION,C,externo,"DECLARAR DE INTERES DE LA H. CAMARA LA ""XVII REUNION DE LA COMISION MIXTA DE ENTIDADES FISCALIZADORAS SUPERIORES DE LOS PAISES DEL MERCOSUR - EFSUR-"" Y LA ""XVIII REUNION DEL GRUPO DE COORDINACION"", A REALIZARSE DEL 23 AL 26 DE NOVIEMBRE DE 2011 EN EL CALAFATE, PROVINCIA DE SANTA CRUZ."
HCDN131910,2011,MENSAJE Y PROYECTO DE LEY,C,externo,"APROBACION DEL PROTOCOLO SOBRE EL COMERCIO DE SERVICIOS ENTRE MERCOSUR Y CHILE, APROBADO EN MONTEVIDEO, REPUBLICA ORIENTAL DEL URUGUAY - EL 27 DE MAYO DE 2009."
HCDN132326,2011,MENSAJE Y PROYECTO DE LEY,C,externo,INCORPORACION AL ORDENAMIENTO JURIDICO NACIONAL LA DECISION DEL CONSEJO DEL MERCADO COMUN DEL MERCOSUR NUMERO 63/10; SOBRE CREACION DEL ALTO REPRESENTANTE GENERAL DEL MERCOSUR COMO ORGANO DEL CONSEJO DEL MERCADO COMUN (CMC).
HCDN132801,2011,MENSAJE Y PROYECTO DE LEY,C,externo,"INCORPORAR AL ORDENAMIENTO JURIDICO NACIONAL, LA DECISION DEL CONSEJO DEL MERCADO COMUN DEL MERCOSUR NUMERO 25/03, SOBRE CREACION DEL ""MECANISMO PARA EL EJERCICIO PROFESIONAL TEMPORARIO""."
HCDN129732,2011,RESOLUCION,B,externo,PEDIDO DE INFORMES AL PODER EJECUTIVO NACIONAL SOBRE DIVERSAS CUESTIONES RELACIONADAS CON LA DISTRIBUCION DE LA CUOTA HILTON 2011-2012.
HCDN128198,2011,RESOLUCION,B,externo,"PEDIDO DE INFORMES AL PODER EJECUTIVO NACIONAL SOBRE DIVERSAS CUESTIONES RELACIONADAS CON LA ""CUOTA HILTON""."
HCDN126681,2011,MENSAJE Y PROYECTO DE LEY,C,externo,"APROBAR EL PROTOCOLO DE INTEGRACION EDUCATIVA Y RECONOCIMIENTO DE CERTIFICADOS, TITULOS Y ESTUDIOS DE NIVEL PRIMARIO / FUNDAMENTAL / BASICO Y MEDIO / SECUNDARIO, ENTRE LOS ESTADOS PARTE DEL MERCOSUR Y ESTADOS ASOCIADOS, SUSCRIPTO EN SAN JUAN, REPUBLICA ARGENTINA, EL 2 DE AGOSTO DE 2010."
HCDN127925,2011,LEY,C,externo,BANDERA DEL MERCOSUR: SE DISPONE SU IZAMIENTO OBLIGATORIO JUNTO AL PABELLON NACIONAL EN EDIFICIOS PUBLICOS.
HCDN129020,2011,MENSAJE Y PROYECTO DE LEY,C,externo,"APROBACION DEL ACUERDO PREFERENCIAL DE COMERCIO ENTRE EL MERCADO COMUN DEL SUR (MERCOSUR) Y LA UNION ADUANERA DE AFRICA DEL SUR (SACU), SUSCRIPTO POR LOS ESTADOS PARTE DEL MERCOSUR EN BRASIL EL 15/12/2008, Y POR LOS ESTADOS MIEMBROS DE LA SACU EN MASERU - REINO DE LESOTHO -, EL 03/04/2009."
HCDN132762,2011,LEY,C,externo,"CODIGO ELECTORAL NACIONAL - LEY 19945: MODIFICACIONES, SOBRE ELECCION DE PARLAMENTARIOS DEL MERCOSUR CONJUNTAMENTE CON LOS COMICIOS NACIONALES; MODIFICACION DE LA LEY 26215, DE FINANCIAMIENTO DE LOS PARTIDOS POLITICOS."
HCDN132802,2011,MENSAJE Y PROYECTO DE LEY,C,externo,"APROBACION DEL ACUERDO MARCO DE COOPERACION ENTRE LOS ESTADOS PARTES DEL MERCOSUR Y ESTADOS ASOCIADOS PARA LA CREACION DE EQUIPOS CONJUNTOS DE INVESTIGACION, CELEBRADO EN SAN JUAN, REPUBLICA ARGENTINA, EL 2 DE AGOSTO DE 2010."
HCDN127977,2011,RESOLUCION,B,externo,PEDIDO DE INFORMES AL PODER EJECUTIVO SOBRE DIVERSAS CUESTIONES RELACIONADAS CON LA CUOTA HILTON PERIODO 2010/2011.
HCDN134378,2012,MENSAJE Y PROYECTO DE LEY,C,externo,"ACUERDO SOBRE GRATUIDAD DE VISADOS PARA ESTUDIANTES Y DOCENTES DE LOS ESTADOS PARTES DEL MERCOSUR, SUSCRIPTO EN LA CIUDAD DE CORDOBA, REPUBLICA ARGENTINA, EL 20 DE JULIO DE 2006."
HCDN133404,2012,RESOLUCION,B,externo,"PEDIDO DE INFORMES AL PODER EJECUTIVO NACIONAL SOBRE DIVERSAS CUESTIONES RELACIONADAS CON LA ADJUDICACION DE LOS CUPOS DE LA CUOTA HILTON, DURANTE EL AÑO 2011."
HCDN134174,2012,LEY,B,externo,CUOTA HILTON: CARNES VACUNAS DE ALTA CALIDAD. REGIMEN DE DISTRIBUCION DE CUPOS DE EXPORTACION.
HCDN134289,2012,LEY,C,externo,REGIMEN ELECTORAL PARA ELECCION DIRECTA DE PARLAMENTARIOS DEL MERCOSUR; INCORPORACION DE DOCE ARTICULOS COMO TEXTO DE LA LEY 19945 DE CODIGO ELECTORAL NACIONAL Y MODIFICATORIAS AL TITULO VII DEL CAPITULO IV (REPRODUCCION DEL EXPEDIENTE 5453-D-10).
HCDN134817,2012,LEY,C,externo,"CREACION EN EL AMBITO DEL CONGRESO DE LA NACION ARGENTINA, LA COMISION BICAMERAL REVISORA DE NORMATIVA AMBIENTAL PARA LA ARMONIZACION DE DIRECTRICES AMBIENTALES DEL MERCADO COMUN DEL SUR (MERCOSUR) (REPRODUCCION DEL EXPEDIENTE 3138-D-10)."
HCDN134839,2012,DECLARACION,C,externo,"SOLICITAR AL PODER EJECUTIVO DISPONGA CREAR UN GRUPO DE TRABAJO DE CARACTER PERMANENTE DENTRO DEL MERCOSUR PARA COMPATIBILIZAR LAS POLITICAS EXTERIORES DE LOS ESTADOS MIEMBROS, EN RELACION A LA ANTARTIDA."
HCDN135176,2012,DECLARACION,B,externo,"EXPRESAR PREOCUPACION POR LAS VERSIONES QUE INDICAN QUE ESPAÑA ESTUDIA FRENAR COMPRAS DE BIODIESEL COMO REPRESALIA POR LAS EMBESTIDAS DE NUESTROS GOBIERNOS, PROVINCIALES Y NACIONAL CONTRA LA EMPRESA REPSOL YPF."
HCDN135183,2012,DECLARACION,B,externo,EXPRESAR PREOCUPACION POR EL POSIBLE NUEVO INCUMPLIMIENTO DE LA CUOTA HILTON EN EL AÑO 2012.
HCDN135189,2012,LEY,B,externo,"COMISION FEDERAL DE ADJUDICACION DE LA CUOTA HILTON Y OTRAS CUOTAS DE CORTES DE CARNES VACUNAS PARA EXPORTACION: CREACION EN EL AMBITO DEL MINISTERIO DE AGRICULTURA, GANADERIA Y PESCA DE LA NACION."
HCDN135631,2012,DECLARACION,C,externo,"EXPRESAR BENEPLACITO POR LA DESIGNACION DE LA PROVINCIA DE MENDOZA COMO SEDE DE LA CUMBRE DE JEFES DE ESTADO DEL MERCOSUR Y PAISES ASOCIADOS, A REALIZARSE EN EL MES DE JUNIO DE 2012."
HCDN135711,2012,DECLARACION,C,externo,"EXPRESAR BENEPLACITO POR LA CAMPAÑA DE CONCIENTIZACION ""EL MERCOSUR UNIDO CONTRA EL TRABAJO INFANTIL""."
HCDN136026,2012,RESOLUCION,B,externo,PEDIDO DE INFORMES AL PODER EJECUTIVO SOBRE DIVERSAS CUESTIONES RELACIONADAS CON LA CUOTA HILTON PERIODO 2011/2012.
HCDN136138,2012,RESOLUCION,B,externo,"PEDIDO DE INFORMES AL PODER EJECUTIVO NACIONAL SOBRE DIVERSAS CUESTIONES RELACIONADAS CON LA EXPORTACION DE CARNES DE LA ""CUOTA HILTON""."
HCDN136801,2012,DECLARACION,C,externo,"SOLICITAR AL PODER EJECUTIVO DISPONGA LAS GESTIONES NECESARIAS PARA RETROTRAER LAS MEDIDAS PARA ARANCELARIAS ADOPTADAS POR LA REPUBLICA FEDERATIVA DEL BRASIL, CON DIVERSOS PRODUCTOS PERTENECIENTES A LA OFERTA EXPORTABLE DE LA PROVINCIA DE SAN JUAN."
HCDN137460,2012,RESOLUCION,B,ue_otro,"EXPRESAR PREOCUPACION POR LA PRESENTACION REALIZADA POR LA ""UNION EUROPEA (UE) ANTE LA ORGANIZACION MUNDIAL DE COMERCIO (OMC), COMO CONSECUENCIA DE LAS RESTRICCIONES A LA IMPORTACION QUE IMPUSO NUESTRO PAIS."
HCDN137499,2012,LEY,C,externo,"SISTEMA ELECTORAL PARA ELECCION DIRECTA DE PARLAMENTARIOS DEL MERCOSUR: MODIFICACION DE LA LEY 19945 (TO POR DECRETO 2135/83), Y MODIFICATORIAS."
HCDN137669,2012,RESOLUCION,C,externo,"SOLICITAR AL PODER EJECUTIVO CON CARACTER DE URGENTE UNA REUNION DE CANCILLERES DE LA UNASUR Y DEL MERCOSUR A FIN DE FIJAR UNA POSICION CONJUNTA, FRENTE A LOS TRAGICOS ACONTECIMIENTOS SUSCITADOS EN LA REPUBLICA ARABE SIRIA."
HCDN138359,2012,DECLARACION,B,ue_otro,EXPRESAR PREOCUPACION POR EL INCUMPLIMIENTO DE LA CUOTA HILTON DE EXPORTACION DE CORTES DE CARNE DE GRAN CALIDAD HACIA LA UNION EUROPEA.
HCDN138521,2012,RESOLUCION,B,externo,EXPRESAR PREOCUPACION POR EL CUPO OTORGADO A NUESTRO PAIS BAJO EL REGIMEN DE CUOTA HILTON.
HCDN139004,2012,DECLARACION,C,externo,"EXPRESAR RECHAZO POR LA IRREGULAR INCORPORACION DE LA REPUBLICA BOLIVARIANA DE VENEZUELA COMO MIEMBRO DEL MERCOSUR, EN REEMPLAZO DE LA REPUBLICA DEL PARAGUAY."
HCDN139176,2012,RESOLUCION,C,externo,"EXPRESAR BENEPLACITO POR LA DECISION DE LOS ESTADOS MIEMBROS Y ASOCIADOS DEL MERCOSUR, DE IMPEDIR EL ACCESO A SUS PUERTOS DE BUQUES CON BANDERA ILEGAL DE LAS MALVINAS, E INTERCAMBIAR INFORMACION SOBRE CARGAS HIDROCARBURIFERAS ILEGALES, ADOPTADA EL DIA 29 DE JUNIO DE 2012 EN LA PROVINCIA DE MENDOZA."
HCDN139210,2012,DECLARACION,C,externo,"EXPRESAR ADHESION POR LA DECLARACION DEL MERCOSUR Y ESTADOS ASOCIADOS SUSCRIPTA EL DIA 29 DE JUNIO DE 2012, EN LA PROVINCIA DE MENDOZA, TITULADA: ""INTERCAMBIO DE INFORMACION ENTRE LOS ESTADOS PARTES DEL MERCOSUR Y ESTADOS ASOCIADOS SOBRE BUQUES O ARTEFACTOS NAVALES VINCULADOS A LA CUESTIONES DE LAS ISLAS MALVINAS""."
HCDN139282,2012,DECLARACION,C,externo,"EXPRESAR BENEPLACITO POR LA DECISION DE PAISES MIEMBROS DEL MERCOSUR Y SUS ASOCIADOS, AL ASUMIR EL COMPROMISO DE IMPEDIR EL INGRESO DE BUQUES Y ARTEFACTOS NAVALES QUE ENARBOLEN LA BANDERA KELPER."
HCDN139293,2012,DECLARACION,C,externo,SOLICITAR AL PODER EJECUTIVO NACIONAL DISPONGA LAS MEDIDAS NECESARIAS PARA INCORPORAR EL ACEITE DE OLIVA Y ACEITUNAS DE MESA DENTRO DE LOS ARANCELES DEL MERCOSUR.
HCDN139890,2012,DECLARACION,C,externo,EXPRESAR BENEPLACITO POR LA INCORPORACION DE VENEZUELA AL MERCADO COMUN DEL SUR (MERCOSUR).
HCDN140110,2012,DECLARACION,C,externo,EXPRESAR BENEPLACITO POR LA POSIBLE DECISION DE LEVANTAR LA SUSPENSION APLICADA AL PARAGUAY EN JUNIO DE 2012 POR PARTE DEL MERCOSUR.
HCDN140295,2012,RESOLUCION,C,externo,PEDIDO DE INFORMES AL PODER EJECUTIVO SOBRE DIVERSAS CUESTIONES RELACIONADAS CON LA IMPLEMENTACION DEL PARLAMENTO JUVENIL DEL MERCOSUR EN EL AMBITO DE LA PROVINCIA DE SANTA FE.
HCDN140390,2012,DECLARACION,C,externo,"EXPRESAR PREOCUPACION ANTE LAS DECLARACIONES DEL PRESIDENTE DEL CONSEJO SUPERIOR DE COMERCIO EXTERIOR DE LA FEDERACION DE EMPRESARIOS DE SAN PABLO, BRASIL, RUBENS BARBOSA, POR LAS CUALES ADVIERTE QUE ARGENTINA SERA ""RESPONSABLE POR EL FINAL DEL BLOQUE DEL MERCOSUR""."
HCDN140555,2012,LEY,C,externo,"COMERCIO EXTERIOR: NOMENCLATURA COMUN DEL MERCOSUR (NCM) Y ARANCEL EXTERNO COMUN (AEC), APLICADO AL BIODIESEL; DEROGACION DEL DECRETO 1339/12."
HCDN140894,2012,LEY,C,externo,"COMERCIO EXTERIOR: NOMENCLATURA COMUN DEL MERCOSUR (NCM) Y ARANCEL EXTERNO COMUN (AEC), APLICADO AL BIODIESEL - DECRETO 1339/12 -. DEJESE SIN EFECTO."
HCDN141097,2012,DECLARACION,C,externo,"SOLICITAR AL PODER EJECUTIVO DISPONGA ELEVAR AL MAXIMO PERMITIDO POR LA ""ORGANIZACION MUNDIAL DE COMERCIO - OMC -"", EL ARANCEL EXTERNO COMUN PARA LA EXPORTACION DE ACEITUNAS DE MESA A UN 35 PORCIENTO."
HCDN141495,2012,DECLARACION,C,externo,"EXPRESAR BENEPLACITO POR EL INGRESO OFICIALIZADO EL DIA 31 DE JULIO DE 2012, DE LA REPUBLICA BOLIVARIANA DE VENEZUELA AL ""MERCADO COMUN DEL SUR (MERCOSUR)""."
HCDN141739,2012,RESOLUCION,C,externo,"SOLICITAR AL PODER EJECUTIVO DISPONGA LAS MEDIDAS CONDUCENTES PARA QUE LA ASOCIACION ARGENTINA DE KINESIOLOGIA Y EL CONSEJO PROFESIONAL DE KINESIOLOGIA SEAN INCLUIDOS EN EL SGT 11 ""SALUD"" DEL MERCOSUR."
HCDN143411,2012,RESOLUCION,C,externo,"PEDIDO DE INFORMES AL PODER EJECUTIVO SOBRE LAS MEDIDAS ADOPTADAS PARA REGULARIZAR LAS OBSERVACIONES FORMULADAS POR LA AUDITORIA GENERAL DE LA NACION (88/12), SOBRE EL INFORME DE AUDITORIA DE GESTION, EN EL AMBITO DEL SERVICIO NACIONAL DE SANIDAD Y CALIDAD AGROALIMENTARIA (SENASA), CON EL OBJETO DE EVALUAR LA GESTION DE LA SUBUNIDAD EJECUTORA DEL PROGRAMA MERCOSUR ""LIBRE DE FIEBRE AFTOSA"" (SUE-PAMA), PARCIALMENTE FINANCIADO POR EL FONDO PARA LA CONVERGENCIA ESTRUCTURAL DEL MERCOSUR (FOCEM)."
HCDN143360,2012,RESOLUCION,C,externo,"EXPRESAR BENEPLACITO POR LA ""INSTANCIA PROVINCIAL DEL PARLAMENTO JUVENIL DEL MERCOSUR"" BAJO EL LEMA: ""LA ESCUELA SECUNDARIA QUE QUEREMOS"", A REALIZARSE EL DIA 26 DE OCTUBRE DE 2012 EN LA CIUDAD CAPITAL DE LA PROVINCIA DE MISIONES."
HCDN143380,2012,RESOLUCION,C,externo,"DECLARAR DE INTERES DE LA HONORABLE CAMARA LAS JORNADAS ""MERCOSUR UNIDO CONTRA EL TRABAJO INFANTIL"", A REALIZARSE LOS DIAS 30 Y 31 DE OCTUBRE DE 2012 EN LAS CIUDADES DE PUERTO IGUAZU Y POSADAS, PROVINCIA DE MISIONES."
HCDN144139,2012,LEY,C,externo,"DEMOCRATIZACION DE LA REPRESENTACION POLITICA, LA TRANSPARENCIA Y LA EQUIDAD ELECTORAL, LEY 26571. MODIFICACION DEL ARTICULO 21, SOBRE AVAL DE LAS PRECANDIDATURAS A SENADORES, DIPUTADOS NACIONALES Y PARLAMENTARIOS DEL MERCOSUR, POR UN NUMERO DE ELECTORES NO INFERIOR AL DOS POR MIL DEL TOTAL DE LOS INSCRIPTOS EN EL PADRON GENERAL."
HCDN144954,2012,DECLARACION,C,externo,"EXPRESAR BENEPLACITO POR LA ""44° CUMBRE PRESIDENCIAL DEL MERCADO COMUN DEL SUR - MERCOSUR -"", REALIZADA EL DIA 7 DE DICIEMBRE DE 2012, EN BRASILIA, REPUBLICA FEDERATIVA DE BRASIL."
HCDN144957,2012,DECLARACION,C,externo,"EXPRESAR ADHESION POR EL COMUNICADO EMITIDO DURANTE LA ""44° CUMBRE PRESIDENCIAL DEL MERCOSUR"", REALIZADA EN LA REPUBLICA FEDERATIVA DEL BRASIL, EL DIA 7 DE DICIEMBRE DE 2012, EN LA QUE RECHAZA LA CONVOCATORIA HECHA POR EL ILEGITIMO GOBIERNO DE LAS ISLAS MALVINAS PARA EL AÑO 2013, CON LA FINALIDAD DE CONSULTARLE A LOS HABITANTES SI DESEAN CONTINUAR PERTENECIENDO AL REINO UNIDO DE GRAN BRETAÑA E IRLANDA DEL NORTE."
HCDN135856,2012,LEY,B,ue_otro,REGIMEN DISTRIBUTIVO PARA EL CUPO TARIFARIO DE CORTES ENFRIADOS VACUNOS SIN HUESO DE ALTA CALIDAD ASIGNADOS ANUALMENTE POR LA UNION EUROPEA.
HCDN137942,2012,RESOLUCION,B,ue_otro,"EXPRESAR PREOCUPACION POR EL INCUMPLIMIENTO DE LA ""CUOTA HILTON"" DE CARNES DESTINADAS A LA UNION EUROPEA."
HCDN138999,2012,DECLARACION,B,ue_otro,"EXPRESAR PREOCUPACION POR LAS DECLARACIONES DE LA ""UNION EUROPEA"", MANIFESTANDOSE SOBRE LAS POLITICAS COMERCIALES ARGENTINAS."
HCDN141219,2012,MENSAJE Y PROYECTO DE LEY,C,externo,"INCORPORACION AL ORDENAMIENTO JURIDICO NACIONAL DEL CODIGO ADUANERO DEL MERCOSUR, APROBADO POR EL CONSEJO DEL MERCADO COMUN, MEDIANTE LA DECISION 27/10 (CMC), DURANTE LA REUNION XXXIX, REALIZADA EL 2 DE AGOSTO DE 2010 EN LA CIUDAD DE SAN JUAN DE LA REPUBLICA ARGENTINA."
HCDN135883,2012,RESOLUCION,C,externo,"EXPRESAR BENEPLACITO POR EL MANIFIESTO INTERES DE LOS GOBIERNOS NACIONALES DEL MERCOSUR DE RATIFICAR EL ACUERDO MARCO DE COMERCIO Y COOPERACION ECONOMICA ENTRE MERCOSUR Y LA ORGANIZACION PARA LA LIBERACION DE PALESTINA, SUSCRIPTO DURANTE LA CUMBRE DE PRESIDENTES DEL MERCOSUR EN LA CIUDAD DE MONTEVIDEO, REPUBLICA ORIENTAL DEL URUGUAY, EL 20 DE DICIEMBRE DE 2011."
HCDN139913,2012,DECLARACION,C,externo,SOLICITAR AL PODER EJECUTIVO DISPONGA ABSTENERSE DE VULNERAR TRATADOS VIGENTES DEL MERCOSUR.
HCDN135802,2012,RESOLUCION,B,ue_otro,"EXPRESAR REPUDIO POR LAS DECLARACIONES DEL SEÑOR MINISTRO DE INDUSTRIA JOSE SORIA Y DEL SEÑOR IÑIGO MENDEZ DE VIGO, SECRETARIO PARA LA UNION EUROPEA, AMBOS DEL REINO DE ESPAÑA, VINCULADAS AL EJERCICIO DE LA SOBERANIA DEL ESTADO NACIONAL ARGENTINO SOBRE LAS EMPRESAS RADICADAS EN NUESTRO PAIS Y FUNDAMENTALMENTE A LOS RECURSOS PRETROLEROS ARGENTINOS."
HCDN138017,2012,RESOLUCION,B,ue_otro,PEDIDO DE INFORMES AL PODER EJECUTIVO SOBRE DIVERSAS CUESTIONES RELACIONADAS CON LA RESPUESTA A LA DEMANDA DE LA UNION EUROPEA POR LA RESTRICCION A LAS IMPORTACIONES IMPUESTAS POR LA REPUBLICA ARGENTINA.
HCDN138970,2012,RESOLUCION,C,externo,"PEDIDO DE INFORMES VERBALES AL MINISTRO DE RELACIONES EXTERIORES Y CULTO, SEÑOR HECTOR TIMERMAN ANTE LA COMISION DE RELACIONES EXTERIORES Y CULTO, SOBRE SUS DECLARACIONES EN LA CUMBRE SOCIAL DEL MERCOSUR."
HCDN138968,2012,RESOLUCION,C,externo,"PEDIDO DE INFORMES VERBALES AL SEÑOR CANCILLER DE LA REPUBLICA ARGENTINA, HECTOR TIMERMAN, SOBRE SUS DECLARACIONES EN LA CUMBRE SOCIAL DEL MERCOSUR, EL 27 DE JUNIO DE 2012."
HCDN138496,2012,RESOLUCION,B,externo,PEDIDO DE INFORMES AL PODER EJECUTIVO SOBRE DIVERSAS CUESTIONES RELACIONADAS CON LA EXPORTACION DE CARNES DE LA CUOTA HILTON PERIODO 2011-2012.
HCDN143137,2012,MENSAJE Y PROYECTO DE LEY,C,externo,"APROBACION DEL PROTOCOLO DE MONTEVIDEO SOBRE COMPROMISO CON LA DEMOCRACIA EN EL MERCOSUR (USHUAIA II) SUSCRIPTO EN LA CIUDAD DE MONTEVIDEO - REPUBLICA ORIENTAL DEL URUGUAY, EL 20 DE DICIEMBRE DE 2011."
HCDN137940,2012,RESOLUCION,B,externo,"PEDIDO DE INFORMES AL PODER EJECUTIVO SOBRE LOS ORGANISMOS ESTATALES QUE INTERVIENEN EN LA ASIGNACION DE LOS CUPOS DE LA ""CUOTA HILTON"", Y OTRAS CUESTIONES CONEXAS."
HCDN136286,2012,RESOLUCION,C,externo,"DECLARAR DE INTERES DE LA HONORABLE CAMARA DE DIPUTADOS DE LA NACION EL VIII CERTAMEN DE FORMACION EN VALORES EN EL ""MERCOSUR"" Y LA ""UNASUR"": MANOS JOVENES ESCRIBEN EN GRANDE."
HCDN140017,2012,DECLARACION,C,externo,EXPRESAR BENEPLACITO POR LA INCORPORACION DE LA REPUBLICA BOLIVARIANA DE VENEZUELA AL MERCOSUR.
HCDN134268,2012,RESOLUCION,C,externo,"PEDIDO DE INFORMES AL PODER EJECUTIVO SOBRE LAS MEDIDAS ADOPTADAS EN ATENCION A LAS OBSERVACIONES FORMULADAS POR LA AUDITORIA GENERAL DE LA NACION, RESOLUCION 183/06 (0436-OV-06); CON MOTIVO DEL EXAMEN ESPECIAL REFERIDO AL CIRCUITO DE INFORMACION DEL MERCOSUR."
HCDN144945,2012,RESOLUCION,C,externo,SOLICITAR AL PODER EJECUTIVO DISPONGA GARANTIZAR LA PARIDAD EN LA DESIGNACION DE LOS DIPUTADOS Y DIPUTADAS TITULARES Y SUPLENTES DE ARGENTINA EN EL PARLAMENTO DEL MERCOSUR.
HCDN149401,2013,RESOLUCION,C,externo,"EXPRESAR ADHESION AL ""DIA DEL MERCOSUR"", A CELEBRARSE EL 26 DE MARZO DE 2013."
HCDN149952,2013,DECLARACION,C,externo,"SOLICITAR AL PODER EJECUTIVO DISPONGA EL MAYOR ESFUERZO POLITICO-DIPLOMATICO TENDIENTE AL INGRESO AL MERCOSUR DE ECUADOR, BOLIVIA, GUYANA Y SURINAM."
HCDN150121,2013,RESOLUCION,B,externo,"PEDIDO DE INFORMES AL PODER EJECUTIVO SOBRE DIVERSAS CUESTIONES RELACIONADAS CON LOS CUPOS DE LA ""CUOTA HILTON""."
HCDN150294,2013,DECLARACION,B,externo,"EXPRESAR PREOCUPACION POR EL INCUMPLIMIENTO DE LA ""CUOTA HILTON""."
HCDN150605,2013,DECLARACION,B,externo,"EXPRESAR PREOCUPACION POR EL SEXTO AÑO CONSECUTIVO DE INCUMPLIMIENTO DE LA ""CUOTA HILTON""."
HCDN150727,2013,LEY,C,externo,BANDERA DEL MERCOSUR: SE DISPONE SU IZAMIENTO OBLIGATORIO JUNTO AL PABELLON NACIONAL EN EDIFICIOS PUBLICOS (REPRODUCCION DEL EXPEDIENTE 2748-D-11).
HCDN150915,2013,DECLARACION,C,externo,"EXPRESAR REPUDIO POR LAS DECLARACIONES PUBLICAS DEL DIPUTADO ELECTO DE LA REPUBLICA DEL PARAGUAY, HUGO RUBIN, SOBRE LA POSIBILIDAD DE QUE SU PAIS VUELVA A INTEGRAR EL MERCOSUR."
HCDN151307,2013,RESOLUCION,C,externo,"SOLICITAR AL PODER EJECUTIVO NACIONAL DISPONGA PROMOVER DENTRO DEL MARCO DE LOS TRATADOS QUE CONFORMAN EL MERCOSUR, LA SUSPENSION DE LA REPUBLICA BOLIVARIANA DE VENEZUELA DENTRO DE DICHO BLOQUE REGIONAL."
HCDN151308,2013,RESOLUCION,C,externo,"SOLICITAR AL PODER EJECUTIVO NACIONAL DISPONGA PROMOVER DENTRO DEL MARCO DEL MERCOSUR, EL LEVANTAMIENTO DE LA SUSPENSION QUE PESA SOBRE LA REPUBLICA DEL PARAGUAY."
HCDN151829,2013,DECLARACION,C,externo,SOLICITAR AL PODER EJECUTIVO DISPONGA REALIZAR LAS GESTIONES NECESARIAS A FIN DE INCORPORAR PLENAMENTE A LA REPUBLICA DEL PARAGUAY COMO MIEMBRO DEL MERCOSUR.
HCDN152587,2013,RESOLUCION,B,externo,EXPRESAR PREOCUPACION POR EL INMINENTE INCUMPLIMIENTO DE LA TOTALIDAD DEL CUPO OTORGADO A NUESTRO PAIS BAJO EL REGIMEN DE CUOTA HILTON CORRESPONDIENTE AL PERIODO 2012-2013.
HCDN152746,2013,DECLARACION,B,externo,EXPRESAR PREOCUPACION POR EL INCUMPLIMIENTO DE LA CUOTA HILTON POR PARTE DE LA REPUBLICA ARGENTINA.
HCDN153757,2013,RESOLUCION,C,externo,"DECLARAR DE INTERES DE LA H. CAMARA LA IX EDICION DEL PROGRAMA DE FORMACION EN VALORES EN EL ""MERCOSUR"" Y LA ""UNASUR"" ""MANOS JOVENES ESCRIBEN EN GRANDE"", REALIZADA DEL 1 DE ABRIL AL 1 DE DICIEMBRE DE 2013 ."
HCDN155017,2013,RESOLUCION,B,ue_otro,"PEDIDO DE INFORMES AL PODER EJECUTIVO SOBRE DIVERSAS CUESTIONES RELACIONADAS CON UN NUEVO INCUMPLIMIENTO DE LAS EXPORTACIONES DE CARNE VACUNA A LA UNION EUROPEA ""- CUOTA HILTON -"", CORRESPONDIENTE AL CUPO 2012 - 2013."
HCDN155365,2013,MENSAJE Y PROYECTO DE LEY,C,externo,"APROBACION DEL PROTOCOLO DE ADHESION DEL ESTADO PLURINACIONAL DE BOLIVIA AL MERCOSUR, CELEBRADO EN BRASILIA, REPUBLICA FEDERATIVA DEL BRASIL, EL 7 DE DICIEMBRE DE 2012."
HCDN157013,2013,DECLARACION,B,ue_otro,"EXPRESAR PREOCUPACION POR LAS MEDIDAS QUE ADOPTO LA ""UNION EUROPEA"" FIJANDO ARANCELES ANTIDUMPING CONTRA EL BIODIESEL ARGENTINO."
HCDN157136,2013,DECLARACION,C,externo,"SOLICITAR AL PODER EJECUTIVO CONVALIDE, CON LOS PAISES INTEGRANTES DEL MERCOSUR, LAS ACCIONES TENDIENTES A DESARROLLAR EL DISEÑO DE VACUNAS PROFILACTICAS CONTRA LA LEISHMANIASIS CANINA."
HCDN157650,2013,LEY,C,externo,CARGAS DE EXPORTACION ORIGINADAS EN PUERTOS ARGENTINOS: APLICABILIDAD EN EL AMBITO DE LOS PAISES QUE INTEGRAN EL MERCOSUR - DISPOSICION DE LA SUBSECRETARIA DE PUERTOS Y VIAS NAVEGABLES 1108/13 -. SE DEJA SIN EFECTO.
HCDN158573,2013,RESOLUCION,C,externo,"SOLICITAR AL PODER EJECUTIVO DISPONGA EXCEPTUAR DEL REGIMEN DE PERCEPCION APLICABLE A LA ADQUISICION DE BIENES Y LOCACIONES DE SERVICIOS TURISTICOS EFECTUADOS EN EL EXTERIOR QUE SE CANCELEN MEDIANTE TARJETAS DE CREDITO EN LOS PAISES DEL MERCOSUR, IMPLEMENTADO MEDIANTE LA RESOLUCION GENERAL N° 3450/2013 DE LA ""ADMINISTRACION FEDERAL DE INGRESOS PUBLICOS - AFIP -""."
HCDN158586,2013,DECLARACION,C,externo,"SOLICITAR AL PODER EJECUTIVO DISPONGA PROMOVER ANTE EL ""MERCADO COMUN DEL SUR - MERCOSUR -"", LA ""UNION DE NACIONES SURAMERICANAS - UNASUR -"" Y LA ""ORGANIZACION DE ESTADOS AMERICANOS - OEA -"", UNA INVESTIGACION SOBRE EL CUMPLIMIENTO DE LA CLAUSULA DEMOCRATICA DE LA REPUBLICA BOLIVARIANA DE VENEZUELA."
HCDN159054,2013,DECLARACION,C,externo,EXPRESAR BENEPLACITO POR LA INCORPORACION DE LA REPUBLICA DE VENEZUELA AL MERCADO COMUN DEL SUR -MERCOSUR-.
HCDN158374,2013,RESOLUCION,B,externo,"EXPRESAR PREOCUPACION POR LA NUEVA RESTRICCION AL BIODIESEL ARGENTINO, QUE IMPUSO EL GOBIERNO DE ESPAÑA."
HCDN153172,2013,DECLARACION,C,externo,SOLICITAR AL PODER EJECUTIVO DISPONGA RESPALDAR A LA REPUBLICA DEL PARAGUAY COMO PRESIDENTE PROTEMPORE DEL MERCOSUR.
HCDN148611,2013,RESOLUCION,B,externo,PEDIDO DE INFORMES AL PODER EJECUTIVO SOBRE DIVERSAS CUESTIONES RELACIONADAS CON LA CUOTA HILTON PARA EL PERIODO 2012-2013.
HCDN158614,2013,LEY,C,externo,"CODIGO ELECTORAL NACIONAL (LEY 19945): MODIFICACIONES, SOBRE ELECCION DE PARLAMENTARIOS DEL MERCOSUR CONJUNTAMENTE CON LOS COMICIOS NACIONALES. MODIFICACION DE LA LEY 26215, DE FINANCIAMIENTO DE LOS PARTIDOS POLITICOS."
HCDN153101,2013,DECLARACION,B,externo,"EXPRESAR PREOCUPACION POR EL SEXTO AÑO CONSECUTIVO DE INCUMPLIMIENTO DE LA ""CUOTA HILTON""."
HCDN147990,2013,DECLARACION,B,ue_otro,"EXPRESAR PREOCUPACION POR LA DECISION DE LA ""ORGANIZACION MUNDIAL DEL COMERCIO - OMC -"" SOBRE UNIFICAR EN UN SOLO TRIBUNAL Y DAR CURSO A LAS DISPUTAS PRESENTADAS POR LA UNION EUROPEA, ESTADOS UNIDOS DE AMERICA Y JAPON CONTRA LAS SUPUESTAS MEDIDAS ILEGALES DE IMPORTACION QUE APLICA LA REPUBLICA ARGENTINA."
HCDN160298,2014,MENSAJE Y PROYECTO DE LEY,C,externo,"APROBACION DEL ACUERDO SOBRE LA ORDEN MERCOSUR DE DETENCION Y PROCEDIMIENTOS DE ENTREGA ENTRE LOS ESTADOS PARTE DEL MERCOSUR Y ESTADOS ASOCIADOS, CELEBRADO EN LA CIUDAD DE FOZ DE IGUAZU, REPUBLICA FEDERATIVA DEL BRASIL, EL 16 DE DICIEMBRE DE 2010."
HCDN159294,2014,RESOLUCION,C,externo,"SOLICITAR AL PODER EJECUTIVO DISPONGA LA CONCURRENCIA DEL EMBAJADOR ARGENTINO EN LA REPUBLICA BOLIVARIANA DE VENEZUELA SEÑOR CARLOS ALBERTO CHEPPI, A UNA REUNION CONJUNTA DE LAS COMISIONES DE MERCOSUR DE LA H. CAMARA DE DIPUTADOS Y DEL SENADO DE LA NACION, A FIN DE ANALIZAR LOS GRAVES ACONTECIMIENTOS SUCEDIDOS EN EL ULTIMO TIEMPO EN DICHA REPUBLICA."
HCDN159299,2014,RESOLUCION,C,externo,SOLICITAR AL PODER EJECUTIVO PROMUEVA LA SUSPENSION DEL DERECHO A PARTICIPAR EN LOS ORGANOS DEL MERCOSUR Y DE LAS DELIBERACIONES A LA REPUBLICA BOLIVARIANA DE VENEZUELA Y OTRAS CUESTIONES CONEXAS.
HCDN159392,2014,RESOLUCION,B,externo,"EXPRESAR PREOCUPACION POR EL CIERRE DE LAS EXPORTACIONES DE LOS PRODUCTOS BOVINOS, LA NO EMISION DEL REGISTRO DE OPERACIONES EXPORTABLES (R.O.E.) Y EL INCUMPLIMIENTO DE LA CUOTA HILTON."
HCDN159526,2014,LEY,C,externo,CODIGO ELECTORAL NACIONAL (LEY 19945): MODIFICACIONES SOBRE ELECCION DE PARLAMENTARIOS DEL MERCOSUR CONJUNTAMENTE CON LOS COMICIOS NACIONALES; MODIFICACION DE LA LEY 26215 DE FINANCIAMIENTO DE LOS PARTIDOS POLITICOS.
HCDN160166,2014,RESOLUCION,C,externo,"SOLICITAR AL PODER EJECUTIVO NACIONAL DISPONGA LA CONCURRENCIA DEL EMBAJADOR ARGENTINO EN LA REPUBLICA BOLIVARIANA DE VENEZUELA SEÑOR CARLOS ALBERTO CHEPPI, A UNA REUNION CONJUNTA DE LAS COMISIONES DE MERCOSUR DE LA HONORABLE CAMARA DE DIPUTADOS Y DEL SENADO DE LA NACION, A FIN DE ANALIZAR LOS GRAVES ACONTECIMIENTOS SUCEDIDOS EN EL ULTIMO TIEMPO EN DICHA REPUBLICA."
HCDN160240,2014,RESOLUCION,C,externo,"SOLICITAR AL PODER EJECUTIVO NACIONAL DISPONGA PROMOVER LA SUSPENSION DEL DERECHO A PARTICIPAR EN LOS ORGANOS DEL MERCOSUR Y DE LAS DELIBERACIONES, A LA REPUBLICA BOLIVARIANA DE VENEZUELA, Y OTRAS CUESTIONES CONEXAS."
HCDN160844,2014,DECLARACION,C,externo,"EXPRESAR BENEPLACITO POR EL VIGESIMO TERCER ANIVERSARIO DE LA CREACION DEL ""MERCADO COMUN DEL SUR (MERCOSUR)""."
HCDN161749,2014,RESOLUCION,C,externo,SOLICITAR AL PODER EJECUTIVO DISPONGA LAS MEDIDAS NECESARIAS PARA IMPULSAR LA ELIMINACION DEL ROAMING ENTRE LOS PAISES PERTENECIENTES AL MERCOSUR.
HCDN161980,2014,LEY,C,externo,"MIGRACIONES (LEY 25871): MODIFICACION DE LOS ARTICULOS 22 Y 107, SOBRE CATEGORIZAR COMO ""RESIDENTE PERMANENTE"" A LOS NACIONALES DE LOS ESTADOS PARTE DEL MERCOSUR."
HCDN162118,2014,RESOLUCION,B,ue_otro,"PEDIDO DE INFORMES AL PODER EJECUTIVO SOBRE DIVERSAS CUESTIONES RELACIONADAS CON EL COMERCIO EXTERIOR Y LAS RELACIONES CON LA ""UNION EUROPEA"" Y LA ""ORGANIZACION MUNDIAL DEL COMERCIO""."
HCDN162258,2014,LEY,C,externo,"DEMOCRATIZACION DE LA REPRESENTACION POLITICA (LEY 26571): MODIFICACIONES, SOBRE SELECCION POR LAS AGRUPACIONES POLITICAS DE SUS CANDIDATOS A CARGOS PUBLICOS ELECTIVOS NACIONALES Y DE PARLAMENTARIOS DEL MERCOSUR E INCORPORACION DEL ARTICULO 44 BIS, DE SELECCION DEL CANDIDATO A VICEPRESIDENTE DE LA NACION. MODIFICACION DE LA LEY 19945."
HCDN162712,2014,LEY,B,externo,"BIODIESEL: EXIMICION DEL IMPUESTO NORMADO POR LAS LEYES 23966 Y 26028, EN FORMA RETROACTIVA AL DIA 25 DE JUNIO DE 2013; SE ESTABLECEN DERECHOS DE EXPORTACION."
HCDN163333,2014,LEY,C,externo,SISTEMA ELECTORAL PARA ELECCION DIRECTA DE PARLAMENTARIOS DEL MERCOSUR: MODIFICACION DE LA LEY 19945 (CODIGO ELECTORAL NACIONAL - TEXTO ORDENADO POR DECRETO 2153/83 Y MODIFICATORIAS).
HCDN163550,2014,LEY,C,externo,"DEMOCRATIZACION DE LA REPRESENTACION POLITICA, LA TRANSPARENCIA Y LA EQUIDAD ELECTORAL - LEY 26571: MODIFICACION DEL ARTICULO 21, SOBRE AVAL DE LAS PRECANDIDATURAS A SENADORES, DIPUTADOS NACIONALES Y PARLAMENTARIOS DEL MERCOSUR, POR UN NUMERO DE ELECTORES NO INFERIOR AL DOS POR MIL DEL TOTAL DE LOS INSCRIPTOS EN EL PADRON GENERAL."
HCDN164071,2014,DECLARACION,B,externo,"EXPRESAR PREOCUPACION POR LA SITUACION QUE ATRAVIESA EL SECTOR GANADERO, AL SER ESTE AÑO EL PEOR DE LOS ULTIMOS 50 DE EXPORTACIONES DE CARNE VACUNA Y SEPTIMO CONSECUTIVO DEL INCUMPLIMIENTO DE LA DENOMINADA CUOTA HILTON."
HCDN164240,2014,LEY,C,externo,ELECCION DE DIPUTADOS DEL MERCOSUR: MODIFICACION DE LA LEY 19945.
HCDN164767,2014,RESOLUCION,C,externo,EXPRESAR BENEPLACITO POR EL APOYO REGIONAL DE MERCOSUR Y LA CELAC FRENTE A LOS FONDOS BUITRE.
HCDN165018,2014,RESOLUCION,C,externo,"EXPRESAR BENEPLACITO POR LA INICIATIVA DE LA SEÑORA PRESIDENTA DE CHILE, A FIN DE ACERCAR POSICIONES CON EL MERCOSUR QUE TIENDAN A LA CONCERTACION Y CONVERGENCIA ORIENTADOS A FOMENTAR EL REGIONALISMO ABIERTO PARA SU EFICIENTE INSERCION EN EL MUNDO GLOBALIZADO."
HCDN165065,2014,RESOLUCION,B,externo,"PEDIDO DE INFORMES AL PODER EJECUTIVO SOBRE EL INCUMPLIMIENTO DE LA CUOTA HILTON CORRESPONDIENTE AL PERIODO 2013-2014, Y OTRAS CUESTIONES CONEXAS."
HCDN166249,2014,RESOLUCION,D,externo,"PEDIDO DE INFORMES AL PODER EJECUTIVO SOBRE DIVERSAS CUESTIONES RELACIONADAS CON LOS FUNDAMENTOS PARA QUE LA ADMINISTRACION FEDERAL DE INGRESOS PUBLICOS - AFIP -, SEA EL ORGANISMO REGULADOR DEL SISTEMA DE TRAZABILIDAD PARA LA IDENTIFICACION DE GANADO Y SU OBLIGACION DE INCORPORAR UN CHIP IDENTIFICATORIO."
HCDN166311,2014,DECLARACION,B,ue_otro,"EXPRESAR BENEPLACITO POR LA NUEVA CUOTA DE CARNE DE ALTA CALIDAD OTORGADA A LA ARGENTINA POR PARTE DE LA UNION EUROPEA, REFERIDA A CORTES PROVENIENTES DE ""FEED LOTS"", Y OTRAS CUESTIONES CONEXAS."
HCDN166480,2014,DECLARACION,C,externo,"EXPRESAR SATISFACCION POR LA APROBACION UNANIME DE LA DECLARACION DEL PARLAMENTO DEL MERCOSUR A FAVOR DE LA REPUBLICA ARGENTINA, RESPALDANDO UNA SOLUCION QUE NO COMPROMETA EL AMPLIO PROCESO DE REESTRUCTURACION DE SU DEUDA SOBERANA."
HCDN166760,2014,RESOLUCION,C,externo,CARGAS DE EXPORTACION ORIGINADAS EN PUERTOS ARGENTINOS: APLICABILIDAD EN EL AMBITO DE LOS PAISES QUE INTEGRAN EL MERCOSUR: SUSPENSION DE LA DISPOSICION 1108/13 DE LA SUBSECRETARIA DE PUERTOS Y VIAS NAVEGABLES.
HCDN168344,2014,RESOLUCION,C,externo,"DECLARAR DE INTERES DE LA H. CAMARA LA ""XXI REUNION DEL GRUPO DE COORDINACION Y LA XIX REUNION DE LA COMISION MIXTA DE LAS ENTIDADES FISCALIZADORAS DE LOS PAISES DEL MERCOSUR Y ASOCIADOS - EFSUR -"", A REALIZARSE DEL 20 AL 23 DE OCTUBRE DE 2014 EN LA CIUDAD DE ENCARNACION, REPUBLICA DEL PARAGUAY."
HCDN168549,2014,RESOLUCION,C,externo,"DECLARAR DE INTERES DE LA H. CAMARA EL ""I TALLER REGIONAL PARA EL FORTALECIMIENTO DE LA PARTICIPACION SOCIAL EN EL MERCOSUR"", A REALIZARSE EN EL MES DE NOVIEMBRE DE 2014 EN LA PROVINCIA DE CORRIENTES."
HCDN169296,2014,RESOLUCION,C,externo,"EXPRESAR BENEPLACITO POR LA DESIGNACION DE LA CIUDAD DE PARANA, PROVINCIA DE ENTRE RIOS, COMO SEDE DE LA ""47 CUMBRE DE JEFES DE ESTADO DEL MERCADO COMUN DEL SUR - MERCOSUR -"", A REALIZARSE DEL 14 AL 18 DE DICIEMBRE DE 2014."
HCDN169904,2014,RESOLUCION,C,externo,"EXPRESAR BENEPLACITO POR EL CONVENIO FIRMADO ENTRE LAS REPUBLICAS DE ARGENTINA Y DE PARAGUAY EN EL MARCO DE LA REUNION DE MINISTROS DE SALUD DEL MERCOSUR, SOBRE CAPACITACION Y ASISTENCIA TECNICA EN ABLACION Y TRASPLANTE HEPATICO."
HCDN169915,2014,LEY,C,externo,"FERTILIZANTES. SE ELIMINA EL DERECHO DE IMPORTACION EN LAS POSICIONES ARANCELARIAS CONTENIDAS EN EL CAPITULO 31 DEL ""NOMENCLADOR COMUN DEL MERCOSUR - NCM -."""
HCDN170283,2014,LEY,C,externo,"CODIGO ELECTORAL NACIONAL - LEY 19945 - INCORPORACION AL TITULO VII DEL CAPITULO IV DENOMINADO ""DE LA ELECCION DIRECTA DE LOS PARLAMENTARIOS DEL MERCOSUR""."
HCDN170508,2014,DECLARACION,C,externo,"SOLICITAR AL PODER EJECUTIVO DISPONGA GESTIONAR ANTE EL ""CONSEJO DEL MERCADO COMUN"" PARA QUE ESTABLEZCA EL ""DIA DEL MERCOSUR CIUDADANO"", PARA LA ELECCION DE LOS PARLAMENTARIOS EN FORMA SIMULTANEA EN TODOS LOS ESTADOS PARTES."
HCDN171326,2014,RESOLUCION,C,externo,"EXPRESAR BENEPLACITO POR LA DECISION, EN EL SENO DEL MERCOSUR, DE ADOPTAR UNA PATENTE COMUN PARA LOS VEHICULOS DE LOS PAISES INTEGRANTES ."
HCDN164307,2014,RESOLUCION,B,externo,PEDIDO DE INFORMES AL PODER EJECUTIVO NACIONAL SOBRE DIVERSAS CUESTIONES RELACIONADAS CON UN NUEVO INCUMPLIMIENTO DE LA CUOTA HILTON.
HCDN159802,2014,RESOLUCION,A,ue_otro,"PEDIDO DE INFORMES AL PODER EJECUTIVO NACIONAL SOBRE DIVERSAS CUESTIONES RELACIONADAS CON LA POSICION DE ARGENTINA EN LA NEGOCIACION QUE ESTAN LLEVANDO A CABO LOS MIEMBROS DEL MERCOSUR: BRASIL, PARAGUAY Y URUGUAY, PARA LA CONCRECION DE UN TRATADO DE LIBRE COMERCIO CON LA UNION EUROPEA."
HCDN165073,2014,DECLARACION,B,externo,EXPRESAR PREOCUPACION POR EL INCUMPLIMIENTO DE LA CUOTA HILTON.
HCDN163318,2014,LEY,C,externo,CARGAS DE EXPORTACION ORIGINADAS EN PUERTOS ARGENTINOS: APLICABILIDAD UNICAMENTE EN EL AMBITO DE LOS PUERTOS NACIONALES Y EN LOS PAISES QUE INTEGRAN EL MERCOSUR.
HCDN160768,2014,RESOLUCION,C,externo,"DECLARAR DE INTERES DE LA HONORABLE CAMARA DE DIPUTADOS DE LA NACION EL ""DIA DEL MERCOSUR"", A CELEBRARSE EL DIA 26 DE MARZO DE 2014."
HCDN164745,2014,LEY,C,externo,CODIGO ELECTORAL NACIONAL - LEY 19945 - MODIFICACIONES SOBRE ELECCIONES DE REPRESENTANTES AL PARLAMENTO DEL MERCOSUR.
HCDN163289,2014,RESOLUCION,B,externo,EXPRESAR PREOCUPACION POR EL INMINENTE INCUMPLIMIENTO DE LA TOTALIDAD DEL CUPO OTORGADO A NUESTRO PAIS BAJO EL REGIMEN DE CUOTA HILTON CORRESPONDIENTE AL PERIODO 2013- 2014.
HCDN170519,2014,RESOLUCION,C,externo,"SOLICITAR AL PODER EJECUTIVO DISPONGA LAS MEDIDAS NECESARIAS PARA QUE CONFORME A LO DISPUESTO POR EL PROTOCOLO CONSTITUTIVO DEL PARLAMENTO DEL MERCOSUR, SEA FIJADO EL ""DIA DEL MERCOSUR CIUDADANO""."
HCDN165669,2014,RESOLUCION,C,externo,PEDIDO DE INFORMES AL PODER EJECUTIVO SOBRE DIVERSAS CUESTIONES RELACIONADAS CON LA SITUACION DE ESTANCAMIENTO DEL MERCOSUR Y LA POSIBLE ELECCION DEL EX PRESIDENTE COLOMBIANO ERNESTO SAMPER COMO SECRETARIO GENERAL DE UNASUR.
HCDN162482,2014,LEY,C,externo,"CODIGO ELECTORAL NACIONAL - LEY 19945 Y MODIFICATORIAS: MODIFICACIONES, SOBRE ELECCION DE PARLAMENTARIOS DEL MERCOSUR."
HCDN164273,2014,RESOLUCION,B,externo,PEDIDO DE INFORMES AL PODER EJECUTIVO NACIONAL SOBRE DIVERSAS CUESTIONES RELACIONADAS CON LA DISTRIBUCION DE LA CUOTA HILTON CORRESPONDIENTE AL PERIODO 2013 - 2014.
HCDN166202,2014,RESOLUCION,C,externo,"EXPRESAR BENEPLACITO POR EL TRASPASO DE LA PRESIDENCIA PRO TEMPORE DEL MERCADO COMUN DEL SUR - MERCOSUR -, A NUESTRO PAIS."
HCDN159857,2014,DECLARACION,C,externo,"EXPRESAR BENEPLACITO POR EL ""DIA DEL MERCOSUR"" A CELEBRARSE EL 26 DE MARZO DE 2014."
HCDN163481,2014,RESOLUCION,C,externo,"SOLICITAR AL PODER EJECUTIVO DISPONGA LAS MEDIDAS NECESARIAS PARA INCLUIR EN LAS RONDAS DE NEGOCIACIONES CON LA REPUBLICA FEDERATIVA DEL BRASIL EN EL AMBITO DEL MERCADO COMUN DEL SUR - MERCOSUR -, LA POSIBILIDAD DE OTORGAR A LA ZONA FRANCA DE GENERAL PICO - PROVINCIA DE LA PAMPA, IDENTICO TRATAMIENTO DEL CONTEMPLADO EN LA DECISION N° 8/94."
HCDN159844,2014,DECLARACION,C,externo,EXPRESAR BENEPLACITO POR LA INCORPORACION DEL IDIOMA GUARANI COMO LENGUA OFICIAL DEL MERCOSUR.
HCDN159685,2014,RESOLUCION,B,externo,"PEDIDO DE INFORMES AL PODER EJECUTIVO NACIONAL SOBRE DIVERSAS CUESTIONES RELACIONADAS CON LOS CUPOS DE LA ""CUOTA HILTON""."
HCDN159226,2014,DECLARACION,C,externo,"EXPRESAR BENEPLACITO POR EL ""DIA DEL MERCOSUR"", A CELEBRARSE EL 26 DE MARZO DE 2014."
HCDN160209,2014,LEY,C,externo,"COMERCIO EXTERIOR: NOMENCLATURA COMUN DEL MERCOSUR (NCM) Y ARANCEL EXTERNO COMUN (AEC), APLICADO AL BIODIESEL - DECRETO 1339/12 -. DEJESE SIN EFECTO (REPRODUCCION DEL EXPEDIENTE 5840-D-12)."
HCDN159429,2014,RESOLUCION,A,ue_otro,"PEDIDO DE INFORMES AL PODER EJECUTIVO SOBRE DIVERSAS CUESTIONES RELACIONADAS CON LA POSICION DE ARGENTINA EN LA NEGOCIACION QUE ESTAN LLEVANDO A CABO LOS MIEMBROS DEL MERCOSUR: BRASIL, PARAGUAY Y URUGUAY, PARA LA CONCRECION DE UN TRATADO DE LIBRE COMERCIO CON LA UNION EUROPEA."
HCDN172022,2015,RESOLUCION,C,externo,"SOLICITAR AL PODER EJECUTIVO DISPONGA UNA REUNION ENTRE LOS MIEMBROS DE LA COMISION DEL MERCOSUR DE LA HONORABLE CAMARA DE DIPUTADOS Y EL SENADO DE LA NACION CON EL EMBAJADOR ARGENTINO DE LA REPUBLICA BOLIVARIANA DE VENEZUELA, INGENIERO CARLOS ALBERTO CHEPPI PARA EL ANALISIS DE LOS GRAVES ACONTECIMIENTOS EN CONTRA DE LA LIBERTAD DE EXPRESION SUCEDIDOS EN EL ULTIMO TIEMPO EN DICHA REPUBLICA."
HCDN172348,2015,LEY,C,externo,CARGAS DE EXPORTACION ORIGINADAS EN PUERTOS ARGENTINOS: APLICABILIDAD EN EL AMBITO DE LOS PAISES QUE INTEGRAN EL MERCOSUR - DISPOSICION DE LA SUBSECRETARIA DE PUERTOS Y VIAS NAVEGABLES 1108/13 -. SE DEJA SIN EFECTO (REPRODUCCION DEL EXPEDIENTE 7316-D-13).
HCDN172369,2015,RESOLUCION,C,externo,"SOLICITAR AL PODER EJECUTIVO DISPONGA LAS MEDIDAS NECESARIAS PARA CONVOCAR CON SUMA URGENCIA A UNA REUNION ENTRE LOS MIEMBROS DE LA COMISION DEL MERCOSUR, JUNTO CON EL EMBAJADOR ARGENTINO EN LA REPUBLICA BOLIVARIANA DE VENEZUELA, INGENIERO CARLOS ALBERTO CHEPPI, PARA EL ANALISIS DE LOS GRAVES ACONTECIMIENTOS EN CONTRA DE LA LIBERTAD DE EXPRESION OCURRIDOS EN DICHO PAIS."
HCDN173710,2015,RESOLUCION,C,externo,"DECLARAR DE INTERES DE LA H. CAMARA EL ""DIA DEL MERCOSUR"", A CELEBRARSE CADA 26 DE MARZO."
HCDN176339,2015,MENSAJE Y PROYECTO DE LEY,C,externo,"INCORPORAR AL ORDENAMIENTO JURIDICO NACIONAL, A LOS EFECTOS PREVISTOS EN EL ARTICULO 40 DEL PROTOCOLO DE OURO PRETO APROBADO POR LEY 24560, LAS DECISIONES DEL CONSEJO DEL MERCADO COMUN DEL MERCOSUR 53 DEL 16/12/10 Y 52 DEL 6/12/12 Y LA RESOLUCION DEL GRUPO MERCADO COMUN DEL MERCOSUR 33 DEL 8/10/14, REFERIDA A LA IMPLEMENTACION DE LA PATENTE MERCOSUR."
HCDN175251,2015,LEY,B,ue_otro,"PRORROGASE POR 90 DIAS EL PAGO DE DERECHOS DE EXPORTACION DE MANZANAS, PERAS Y JUGO DE MANZANA CON DESTINO A LA UNION EUROPEA Y LA FEDERACION DE RUSIA."
HCDN175789,2015,RESOLUCION,C,externo,"EXPRESAR BENEPLACITO POR LAS DECLARACIONES DE LA SEÑORA PRESIDENTA DE LA REPUBLICA FEDERATIVA DEL BRASIL, DILMA ROUSSEFF, QUIEN MANIFESTO QUE LA ""ALIANZA DEL PACIFICO Y EL MERCOSUR DEBEN SER COMPLEMENTARIOS""."
HCDN176073,2015,RESOLUCION,C,externo,"PEDIDO DE INFORMES AL PODER EJECUTIVO SOBRE LA QUEJA FORMULADA POR EL GOBIERNO DE LA REPUBLICA BOLIVARIANA DE VENEZUELA A RAIZ DE LOS ELEVADOS GASTOS INCURRIDOS POR LA DIPLOMATICA ARGENTINA MARIANA VAZQUEZ, EN SU ROL DE COORDINADORA DE LA UNIDAD DE PARTICIPACION SOCIAL DEL MERCOSUR - UPS -, Y OTRAS CUESTIONES CONEXAS."
HCDN177579,2015,RESOLUCION,B,ue_otro,"PEDIDO DE INFORMES AL PODER EJECUTIVO SOBRE DIVERSAS CUESTIONES VINCULADAS A RESTRICCIONES A LA IMPORTACION DE PRODUCTOS TRANSGENICOS ARGENTINOS DERIVADOS DE LA SOJA Y EL MAIZ, POR PARTE DE LA UNION EUROPEA."
HCDN177999,2015,RESOLUCION,C,externo,"EXPRESAR BENEPLACITO POR LA INCORPORACION DEL ESTADO PLURINACIONAL DE BOLIVIA AL ""MERCADO COMUN DEL SUR - MERCOSUR -""."
HCDN178222,2015,RESOLUCION,C,externo,"SOLICITAR AL PODER EJECUTIVO DISPONGA LAS MEDIDAS NECESARIAS PARA INSTAR A LOS REPRESENTANTES ARGENTINOS ANTE EL PARLAMENTO DEL MERCOSUR - PARLASUR -, A LA ELIMINACION DEL TRABAJO INFANTIL DOMESTICO EN TODOS LOS ESTADOS MIEMBROS DEL BLOQUE Y EN PARTICULAR EN LA REPUBLICA DEL PARAGUAY."
HCDN178339,2015,LEY,C,externo,PARLAMENTO DEL MERCOSUR. SE ESTABLECE COMO MEDIDA DE EXCEPCION QUE EL REGIMEN REMUNERATORIO Y LABORAL DE LOS PARLAMENTARIOS QUEDARA SUSPENDIDO HASTA TANTO SE IMPLEMENTE DEFINITIVAMENTE.
HCDN179182,2015,DECLARACION,C,externo,"SOLICITAR AL PODER EJECUTIVO, QUE EL PARLAMENTO DEL MERCOSUR PROPONGA A LOS PAISES MIEMBROS LA ARMONIZACION DE PARAMETROS EN LO RELATIVO A SISTEMAS DE SEGURIDAD SOCIAL, CON EL OBJETO DE MARCHAR HACIA UN SISTEMA UNIFICADO."
HCDN179607,2015,RESOLUCION,A,ue_otro,PEDIDO DE INFORMES AL PODER EJECUTIVO SOBRE DIVERSAS CUESTIONES RELACIONADAS CON EL ESTADO ACTUAL DE LAS NEGOCIACIONES QUE SE LLEVAN A CABO ENTRE EL MERCOSUR Y LA UNION EUROPEA.
HCDN179965,2015,LEY,D,externo,SISTEMA DE TRAZABILIDAD DE LA FRUTA DE PEPITA Y CAROZO. CREACION.
HCDN180256,2015,RESOLUCION,B,ue_otro,"PEDIDO DE INFORMES AL PODER EJECUTIVO SOBRE DIVERSAS CUESTIONES RELACIONADAS CON LA PERDIDA DEL MERCADO EUROPEO DE ACEITE DE GIRASOL, COMO CONSECUENCIA DE LAS RESTRICCIONES FITOSANITARIAS IMPUESTAS POR EL GOBIERNO NACIONAL."
HCDN180326,2015,RESOLUCION,C,externo,"SOLICITAR AL PODER EJECUTIVO DISPONGA PROMOVER UNA ""MISION DE OBSERVACION ELECTORAL DEL MERCOSUR"" PARA QUE SEA VEEDOR EN LAS ELECCIONES LEGISLATIVAS DEL DIA 6 DE DICIEMBRE DE 2015, EN LA REPUBLICA BOLIVARIANA DE VENEZUELA."
HCDN181293,2015,LEY,C,externo,"ELECCION DE PARLAMENTARIOS DEL MERCOSUR - LEY 27120 . DEROGACION DEL ARTICULO 16, SOBRE INMUNIDADES PARLAMENTARIAS, LABORALES, PREVISIONALES Y PROTOCOLARES."
HCDN180275,2015,RESOLUCION,D,externo,"PEDIDO DE INFORMES AL PODER EJECUTIVO SOBRE RESOLUCION REMITIDA POR LA AUDITORIA GENERAL DE LA NACION 182/14, APROBANDO EL INFORME DE AUDITORIA REALIZADO EN EL AMBITO DEL SERVICIO NACIONAL DE SANIDAD Y CALIDAD AGROALIMENTARIA (SENASA), PROGRAMA 20 SANIDAD ANIMAL, CON EL OBJETO DE ""AUDITAR LA GESTION DEL SENASA EN MATERIA DE SANIDAD ANIMAL DURANTE EL AÑO 2011 Y EL PRIMER SEMESTRE DE 2012, ESPECIFICAMENTE EN LO QUE CONCIERNE AL PROGRAMA NACIONAL DE LUCHA CONTRA LA FIEBRE AFTOSA, EL SISTEMA DE IDENTIFICACION ANIMAL Y TRAZABILIDAD Y EL PROGRAMA DE BIENESTAR ANIMAL""."
HCDN178970,2015,RESOLUCION,C,externo,"EXPRESAR PREOCUPACION POR LA PROPUESTA DEL SEÑOR PRESIDENTE DEL SENADO FEDERAL DE LA REPUBLICA FEDERATIVA DEL BRASIL, RENAN CALHEIROS, INSTANDO A PONER FIN A LA UNION ADUANERA DEL MERCOSUR, Y OTRAS CUESTIONES CONEXAS."
HCDN172021,2015,RESOLUCION,C,externo,"SOLICITAR AL PODER EJECUTIVO DISPONGA LAS MEDIDAS NECESARIAS PARA PROMOVER LA SUSPENSION DE LA REPUBLICA BOLIVARIANA DE VENEZUELA, DEL BLOQUE QUE CONFORMAN EL MERCOSUR."
HCDN180647,2015,LEY,C,externo,"ELECCION DE PARLAMENTARIOS DEL MERCOSUR - LEY 27120: MODIFICACION DEL ARTICULO 16, SOBRE INMUNIDADES PARLAMENTARIAS, LABORALES, PREVISIONALES Y PROTOCOLARES."
HCDN172368,2015,RESOLUCION,C,externo,"SOLICITAR AL PODER EJECUTIVO DISPONGA LAS MEDIDAS NECESARIAS PARA PROMOVER LA SUSPENSION DE LA REPUBLICA BOLIVARIANA DE VENEZUELA DEL BLOQUE REGIONAL DEL MERCOSUR, POR LAS REITERADAS VIOLACIONES DE LOS VALORES DEMOCRATICOS POR PARTE DEL GOBIERNO DE ESE PAIS."
HCDN173050,2015,RESOLUCION,B,externo,"PEDIDO DE INFORMES AL PODER EJECUTIVO SOBRE DIVERSAS CUESTIONES RELACIONADAS CON LOS CUPOS DE LA ""CUOTA HILTON""."
HCDN179505,2015,RESOLUCION,A,ue_otro,EXPRESAR BENEPLACITO POR LA REACTIVACION DE LAS NEGOCIACIONES EN BLOQUE ENTRE EL MERCOSUR Y LA UNION EUROPEA.
HCDN176604,2015,DECLARACION,C,externo,"EXPRESAR BENEPLACITO POR EL ACUERDO FIRMADO EN EL MARCO DE LA XXXVII REUNION DE MINISTROS DE SALUD DEL MERCOSUR Y ESTADOS ASOCIADOS, CELEBRADO EL 11 DE JUNIO DE 2015 EN BRASILIA, REPUBLICA FEDERATIVA DEL BRASIL."
HCDN182619,2016,RESOLUCION,C,externo,"SOLICITAR AL PODER EJECUTIVO DISPONGA REALIZAR LOS ACTOS DE EJECUCION PRESUPUESTARIA Y ADMINISTRATIVOS, PARA PONER EN FUNCIONES A LOS PARLAMENTARIOS ARGENTINOS DEL MERCOSUR, CON EL FIN DE CUMPLIR CON EL MANDATO POPULAR."
HCDN182630,2016,DECLARACION,C,externo,"EXPRESAR PREOCUPACION POR EL GRAVE INCUMPLIMIENTO EN DOTAR A LOS PARLAMENTARIOS ARGENTINOS DEL MERCOSUR, DE LOS RECURSOS FISICOS Y ECONOMICOS NECESARIOS PARA CUMPLIR CON EL MANDATO POPULAR."
HCDN185957,2016,LEY,C,externo,"ADHERIR AL PROTOCOLO DE CONTROL Y PREVENCION DEL VIRUS DEL DENGUE Y DEL VECTOR AEDES AEGYPTI Y EL PROTOCOLO DE VIGILANCIA EPIDEMIOLOGICA DEL MERCOSUR DE LA ENFERMEDAD POR VIRUS ZIKA, SUSCRIPTO EL 14 DE MARZO DE 2016, EN LA CIUDAD DE MONTEVIDEO, REPUBLICA ORIENTAL DEL URUGUAY."
HCDN185787,2016,RESOLUCION,A,ue_otro,PEDIDO DE INFORMES AL PODER EJECUTIVO SOBRE LOS AVANCES PRODUCIDOS EN LAS NEGOCIACIONES COMERCIALES ENTRE EL MERCOSUR Y LA UNION EUROPEA.
HCDN185973,2016,LEY,C,externo,"ELECCION DE PARLAMENTARIOS DEL MERCOSUR - LEY 27120 -. MODIFICACION DEL ARTICULO 16, SOBRE INMUNIDADES PARLAMENTARIAS Y DICTADO DE UNA LEY ESPECIAL PARA ESTABLECER LA SITUACION LABORAL, REMUNERATORIA, PREVISIONAL Y PROTOCOLAR."
HCDN188099,2016,DECLARACION,A,ue_otro,"SOLICITAR AL PODER EJECUTIVO DISPONGA REMITIR UN LISTADO DE LAS NEGOCIACIONES ENTRE LA UNION EUROPEA Y EL MERCOSUR, EN OPORTUNIDAD DEL INTERCAMBIO DE OFERTAS CELEBRADO EL 11 DE MAYO DE 2016 EN BRUSELAS."
HCDN188341,2016,DECLARACION,C,externo,"EXPRESAR BENEPLACITO POR EL PROGRAMA ""PARLAMENTO JUVENIL DEL MERCOSUR""."
HCDN189318,2016,DECLARACION,C,externo,EXPRESAR BENEPLACITO POR LA ASUNCION DE LA REPUBLICA BOLIVARIANA DE VENEZUELA A LA PRESIDENCIA PRO TEMPORE DEL MERCOSUR.
HCDN190036,2016,LEY,C,externo,"EXHIBICION EN FORMA PERMANENTE DE LA BANDERA DEL MERCOSUR EN EDIFICIOS PUBLICOS NACIONALES, PROVINCIALES Y MUNICIPALES."
HCDN193174,2016,MENSAJE Y PROYECTO DE LEY,C,externo,"APROBACION DEL ACTA FINAL EN QUE SE INCORPORAN LOS RESULTADOS DE LA RONDA DE NEGOCIACIONES DE SAO PAULO, EL PROTOCOLO DE LA RONDA DE SAO PAULO AL ACUERDO SOBRE EL SISTEMA GLOBAL DE PREFERENCIAS COMERCIALES ENTRE PAISES EN DESARROLLO, LAS DISPOSICIONES PARA LA APLICACION DE LOS RESULTADOS DE LA RONDA DE NEGOCIACIONES DE SAO PAULO -DECISION MINISTERIAL DEL 15/12/10 - Y LA LISTA VII - MERCOSUR - RONDA DE SAO PAULO, ADOPTADOS EN FOZ DE IGUAZU, REPUBLICA FEDERATIVA DEL BRASIL, EL 15 DE DICIEMBRE DE 2010."
HCDN191846,2016,RESOLUCION,C,externo,"EXPRESAR PREOCUPACION POR NO HABERSE CONTEMPLADO EN EL PROYECTO DE LEY DEL PRESUPUESTO GENERAL DE LA ADMINISTRACION NACIONAL PARA EL EJERCICIO FISCAL DEL AÑO 2017, LAS PARTIDAS CORRESPONDIENTES PARA LOS APORTES DEL ESTADO NACIONAL AL PARLAMENTO DEL MERCOSUR."
HCDN191903,2016,DECLARACION,C,externo,"SOLICITAR AL PODER EJECUTIVO DISPONGA LAS MEDIDAS NECESARIAS PARA DEJAR SIN EFECTO LAS ALICUOTAS ARANCELARIAS TRANSITORIAS DEL 35 % DEL DERECHO DE IMPORTACION EXTRAZONA PARA LAS POSICIONES DE LA NOMENCLATURA COMUN DEL MERCOSUR, CORRESPONDIENTES PARA LA IMPORTACION DE LUMINARIAS Y APARATOS DE ALUMBRADO CON TECNOLOGIA ""LED""."
HCDN192256,2016,LEY,C,externo,"CREASE EN EL PRESUPUESTO NACIONAL, EN LA JURISDICCION I "" PODER LEGISLATIVO "", EL PROGRAMA "" FORMACION Y SANCION LEGISLATIVA. PARLAMENTO DEL MERCOSUR. """
HCDN193748,2016,MENSAJE Y PROYECTO DE LEY,C,externo,"APROBACION DEL ACUERDO SOBRE EL BENEFICIO DE LITIGAR SIN GASTOS Y LA ASISTENCIA JURIDICA GRATUITA ENTRE LOS ESTADOS PARTES DEL MERCOSUR, SUSCRIPTO EN LA CIUDAD DE FLORIANOPOLIS, REPUBLICA FEDERATIVA DEL BRASIL, EL 15 DE DICIEMBRE DE 2000."
HCDN191159,2016,RESOLUCION,B,ue_otro,"EXPRESAR BENEPLACITO POR EL FALLO DE LA ""CORTE GENERAL DE JUSTICIA DE LA UNION EUROPEA - UE -"" ANULANDO LA APLICACION DE LOS DERECHOS SOBRE EL BIODIESEL DE SOJA ARGENTINO."
HCDN183148,2016,RESOLUCION,C,externo,SOLICITAR AL PODER EJECUTIVO REALIZAR LOS ACTOS DE EJECUCION PRESUPUESTARIA Y ADMINISTRATIVOS DISPUESTOS POR EL ARTICULO 16 DE LA LEY 27120 - ELECCION DE PARLAMENTARIOS DEL MERCOSUR -.
HCDN184957,2016,RESOLUCION,C,externo,EXPRESAR BENEPLACITO POR EL 25° ANIVERSARIO DE LA FIRMA DEL TRATADO DE ASUNCION QUE DIO ORIGEN AL MERCADO COMUN DEL SUR - MERCOSUR -.
HCDN189424,2016,DECLARACION,C,externo,"SOLICITAR AL PODER EJECUTIVO DISPONGA LAS MEDIDAS NECESARIAS PARA PROMOVER UNA REUNION DEL CONSEJO DEL MERCADO COMUN DEL MERCOSUR, A FIN DE FORMALIZAR EL TRASPASO DE LA PRESIDENCIA PRO TEMPORE."
HCDN188079,2016,RESOLUCION,C,externo,"SOLICITAR AL PODER EJECUTIVO DISPONGA LAS MEDIDAS NECESARIAS PARA GESTIONAR LA APLICACION DEL ARTICULO 5° DEL PROTOCOLO DE OURO PRETO, LEY 24560, A LOS EFECTOS DEL TRASPASO DE LA PRESIDENCIA DEL ""CONSEJO DEL MERCADO COMUN (MERCOSUR)"" A LA REPUBLICA BOLIVARIANA DE VENEZUELA."
HCDN189972,2016,LEY,C,externo,"DEMOCRATIZACION DE LA REPRESENTACION POLITICA, LA TRANSPARENCIA Y LA EQUIDAD ELECTORAL - LEY 26571 -. MODIFICACION DEL ARTICULO 44, SOBRE SISTEMA D´HONT PARA LA ELECCION DE CANDIDATOS A DIPUTADOS NACIONALES Y PARLAMENTARIOS DEL MERCOSUR POR DISTRITO NACIONAL."
HCDN193888,2016,DECLARACION,C,externo,EXPRESAR REPUDIO POR LA SUSPENSION DE LA REPUBLICA BOLIVARIANA DE VENEZUELA COMO SOCIO PLENO DEL MERCOSUR.
HCDN182867,2016,RESOLUCION,B,externo,"SOLICITAR AL PODER EJECUTIVO DISPONGA LAS MEDIDAS NECESARIAS PARA DETERMINAR LA POSIBILIDAD DE ACCESO DE LA PRODUCCION GANADERA MENDOCINA A LA "" CUOTA HILTON ""."
HCDN194286,2016,MENSAJE Y PROYECTO DE LEY,C,externo,"APROBACION DEL ACUERDO SOBRE EL BENEFICIO DE LITIGAR SIN GASTOS Y LA ASISTENCIA JURIDICA GRATUITA SOBRE LOS ESTADOS PARTES DEL MERCOSUR, LA REPUBLICA DE BOLIVIA Y LA REPUBLICA DE CHILE, SUSCRITO EN LA CIUDAD DE FLORIANOPOLIS, REPUBLICA FEDERATIVA DEL BRAIL, EL 15/12/2000."
HCDN183165,2016,DECLARACION,C,externo,EXPRESAR PREOCUPACION POR EL INCUMPLIMIENTO DEL PODER EJECUTIVO DE LO DISPUESTO EN EL ARTICULO 16 DE LA LEY 27120 - ELECCION DE PARLAMENTARIOS DEL MERCOSUR.
HCDN185932,2016,RESOLUCION,C,externo,"REGLAMENTO DE LA H. CAMARA DE DIPUTADOS DE LA NACION: MODIFICACION DEL ARTICULO 64, AMPLIANDO LA COMPETENCIA DE LA COMISION DE RELACIONES EXTERIORES Y CULTO A LAS MATERIAS DE INTERES DEL MERCOSUR."
HCDN194015,2016,DECLARACION,C,externo,"EXPRESAR PREOCUPACION POR LA EXCLUSION DE LA REPUBLICA BOLIVARIANA DE VENEZUELA, COMO MIEMBRO DEL BLOQUE DEL MERCOSUR."
HCDN194585,2017,DECLARACION,C,externo,"SOLICITAR AL PODER EJECUTIVO A TRAVES DE LA CANCILLERIA Y DE LOS PARLAMENTARIOS DEL PARLASUR , ESTABLEZCAN MECANISMOS PARA EXIGIR A LOS PAISES MIEMBROS DEL ""MERCADO COMUN DEL SUR - MERCOSUR -"", EL CUMPLIMIENTO DE LOS TRATADOS DE RECIPROCIDAD EN MATERIA EDUCATIVA Y DE ASISTENCIA MEDICA."
HCDN194819,2017,MENSAJE Y PROYECTO DE LEY,C,externo,"APROBACION DEL TRATADO DE LIBRE COMERCIO ENTRE EL MERCOSUR Y LA REPUBLICA ARABE DE EGIPTO, CELEBRADO EN LA CIUDAD DE SAN JUAN, REPUBLICA ARGENTINA - EL 2 DE AGOSTO DE 2010."
HCDN194743,2017,RESOLUCION,C,externo,"EXPRESAR PREOCUPACION POR EL EPISODIO QUE SUFRIO EL DIPUTADO OPOSITOR DE LA ASAMBLEA NACIONAL DE VENEZUELA Y PARLAMENTARIO DEL MERCOSUR, WILLIAMS DAVILA, OCURRIDO EL 7 DE FEBRERO DE 2017."
HCDN194752,2017,DECLARACION,C,externo,"EXPRESAR PREOCUPACION POR LA RESOLUCION N° 385/2016, EMITIDA POR LA ADMINISTRACION DE PARQUES NACIONALES, DONDE SE ESTABLECIERON LOS VALORES DE LOS DERECHOS DE ACCESO PARA LAS AREAS PROTEGIDAS, INCLUYENDO UNA NUEVA CATEGORIA PARA LOS NIÑOS DE 6 A 12 AÑOS Y SE SUPRIME LA CATEGORIA ""TARIFA CON BONIFICACION PARA RESIDENTES DEL MERCOSUR""."
HCDN196368,2017,LEY,C,externo,"ELECCION DE PARLAMENTARIOS DEL MERCOSUR - LEY 27120 -. MODIFICACION DEL ARTICULO 16, SOBRE REMUNERACIONES."
HCDN196975,2017,RESOLUCION,C,externo,"EXPRESAR PREOCUPACION POR EL EPISODIO QUE SUFRIO EL DIPUTADO OPOSITOR DE LA ASAMBLEA NACIONAL DE VENEZUELA Y PARLAMENTARIO DEL MERCOSUR, WILLIAMS DAVILA, OCURRIDO EL 7 DE FEBRERO DE 2017 (REPRODUCCION DEL EXPEDIENTE 8947-D-16)."
HCDN200747,2017,DECLARACION,C,externo,"DECLARAR DE INTERES DE LA H. CAMARA LA ""XIII EDICION DEL PROGRAMA DE FORMACION EN VALORES EN EL MERCOSUR Y LA UNASUR: MANOS JOVENES ESCRIBEN EN GRANDE"", A REALIZARSE DEL 27 DE MARZO AL 15 DE DICIEMBRE DE 2017."
HCDN202544,2017,LEY,D,externo,TRAZABILIDAD MELIFERA. REGIMEN.
HCDN204356,2017,RESOLUCION,C,externo,PEDIDO DE INFORMES AL PODER EJECUTIVO SOBRE DIVERSAS CUESTIONES RELACIONADAS CON LA SUSPENSION DE LA REPUBLICA BOLIVARIANA DE VENEZUELA DEL MERCOSUR.
HCDN205599,2017,RESOLUCION,D,externo,"PEDIDO DE INFORMES AL PODER EJECUTIVO SOBRE LOS MOTIVOS DE LA DEMORA EN LA REGLAMENTACION DEL ""PROGRAMA DE TRAZABILIDAD"", RESPECTO DEL USO DE LA ""RACTOPAMINA"" COMO PROMOTOR DE CRECIMIENTO PARA LA PRODUCCION DE CERDOS."
HCDN198423,2017,LEY,D,externo,CREACION DEL SISTEMA DE TRAZABILIDAD DE LA FRUTA FRESCA DE PEPITA Y CAROZO
HCDN197648,2017,DECLARACION,A,ue_otro,"SOLICITAR AL PODER EJECUTIVO DISPONGA REMITIR EL LISTADO DE NEGOCIACIONES ENTRE LA ""UNION EUROPEA"" Y EL ""MERCOSUR"", EN OPORTUNIDAD DEL INTERCAMBIO DE OFERTAS CELEBRADO EN BRUSELAS, EL 11 DE MAYO DE 2016."
HCDN197176,2017,LEY,C,externo,"ELECCION DE PARLAMENTARIOS DEL MERCOSUR - LEY 27120 -. MODIFICACION DEL ARTICULO 16, SOBRE DESEMPEÑO DE LOS PARLAMENTARIOS EN REPRESENTACION DE LA CIUDADANIA ARGENTINA."
HCDN202533,2017,LEY,C,externo,"ELECCION DE PARLAMENTARIOS DEL MERCOSUR - LEY 27120 -. SE SUSPENDE SU APLICACION HASTA EL 31 DE DICIEMBRE DE 2020, FECHA DE VENCIMIENTO DE LA PRORROGA DE LA ETAPA DE TRANSICION DE LA CONSTITUCION DEL PARLAMENTO DEL MERCOSUR."
HCDN211605,2018,RESOLUCION,A,ue_otro,"PEDIDO DE INFORMES AL PODER EJECUTIVO SOBRE EL ACUERDO ENTRE LA UNION EUROPEA Y EL MERCADO COMUN DEL SUR - MERCOSUR, Y OTRAS CUESTIONES CONEXAS."
HCDN212222,2018,LEY,C,externo,"ELECCION DE PARLAMENTARIOS DEL MERCOSUR - LEY 27120 -. MODIFICACION DEL ARTICULO 16, SOBRE INMUNIDADES PARLAMENTARIAS Y DICTADO DE UNA LEY ESPECIAL PARA ESTABLECER LA SITUACION LABORAL, REMUNERATORIA, PREVISIONAL Y PROTOCOLAR."
HCDN214784,2018,DECLARACION,A,ue_otro,EXPRESAR PREOCUPACION POR LAS NEGOCIACIONES DEL MERCOSUR TENDIENTES A CONCRETAR LA FIRMA DE UN TRATADO DE LIBRE COMERCIO CON LA UNION EUROPEA.
HCDN217938,2018,MENSAJE Y PROYECTO DE LEY,C,externo,"APROBACION DEL ACUERDO DE COMPLEMENTACION ECONOMICA N° 35 CELEBRADO ENTRE LOS ESTADOS PARTES DEL MERCOSUR Y LA REPUBLICA DE CHILE- SEXAGESIMO PRIMER PROTOCOLO ADICIONAL, SUSCRIPTO EN LA CIUDAD DE MONTEVIDEO REPUBLICA ORIENTAL DEL URUGUAY - EL 4 DE ENERO DE 2018."
HCDN219343,2018,LEY,C,externo,"DECLARESE EL 26 DE MARZO DE CADA AÑO COMO ""DIA DEL MERCOSUR""."
HCDN220013,2018,RESOLUCION,C,externo,SOLICITAR AL PODER EJECUTIVO DISPONGA LAS MEDIDAS NECESARIAS PARA ESPECIFICAR DE MANERA MAS PRECISA Y COMPLETA LOS REQUERIMIENTOS DEMOCRATICOS MINIMOS EXIGIBLES A LOS ESTADOS NACIONALES MIEMBROS DEL MERCOSUR.
HCDN221977,2018,MENSAJE Y PROYECTO DE LEY,C,externo,"APROBACION DEL PROTOCOLO DE COOPERACION Y FACILITACION DE INVERSIONES INTRA - MERCOSUR, SUSCRIPTO EN LA CIUDAD AUTONOMA DE BUENOS AIRES, EL 7 DE ABRIL DE 2017."
HCDN221790,2018,LEY,D,externo,SISTEMA DE TRAZABILIDAD DE LA PESCA. CREACION.
HCDN225245,2018,DECLARACION,C,externo,"EXPRESAR BENEPLACITO POR LA ""9° EDICION NACIONAL DEL PARLAMENTO JUVENIL MERCOSUR"", REALIZADA EN EL MES DE NOVIEMBRE DE 2018 EN LA CIUDAD AUTONOMA DE BUENOS AIRES."
HCDN225488,2018,RESOLUCION,C,externo,"EXPRESAR BENEPLACITO POR EL ""ACUERDO DE RECONOCIMIENTO DE TITULOS DE GRADO DE EDUCACION SUPERIOR"", ENTRE AUTORIDADES EDUCATIVAS DEL MERCOSUR."
HCDN212433,2018,RESOLUCION,C,externo,PEDIDO DE INFORMES AL PODER EJECUTIVO SOBRE DIVERSAS CUESTIONES RELACIONADAS CON LA SUSPENSION DE LA REPUBLICA BOLIVARIANA DE VENEZUELA DEL MERCOSUR (REPRODUCCION DEL EXPEDIENTE 4308-D-17).
HCDN228132,2019,LEY,D,externo,SISTEMA DE TRAZABILIDAD DE LA FRUTA FRESCA DE PEPITA Y CAROZO. CREACION.
HCDN229905,2019,LEY,D,externo,TRAZABILIDAD MELIFERA. REGIMEN (REPRODUCCION DEL EXPEDIENTE 3900-D-17).
HCDN230464,2019,LEY,C,externo,"ELECCION DE PARLAMENTARIOS DEL MERCOSUR - LEY 27120 -. MODIFICACION DEL ARTICULO 16, SOBRE DESEMPEÑO DE LOS PARLAMENTARIOS EN REPRESENTACION DE LA CIUDADANIA ARGENTINA."
HCDN231767,2019,RESOLUCION,C,externo,EXPRESAR RECHAZO POR LA DECISION DEL CONSEJO DEL MERCADO COMUN - CMC- MEDIANTE LA CUAL SE ANUNCIA LA SUSPENSION DE LAS ELECCIONES DIRECTAS AL PARLAMENTO DEL MERCOSUR.
HCDN231932,2019,DECLARACION,C,externo,"DECLARAR DE INTERES DE LA HONORABLE CAMARA EL SEMINARIO REGIONAL DEL MERCOSUR ""POLITICAS SOCIALES EN ZONAS DE FRONTERAS CON ENFOQUE EN INCLUSION SOCIO LABORAL Y PRODUCTIVA"", A REALIZARSE EL 9 DE MAYO DE 2019, EN LA CIUDAD DE POSADAS, PROVINCIA DE MISIONES."
HCDN232507,2019,RESOLUCION,B,ue_otro,"EXPRESAR BENEPLACITO POR EL CERTIFICADO PARA EXPORTAR LECHE A LA UNION EUROPEA QUE OBTUVO EL ""ESTABLECIMIENTO LA ROSALIA"", UBICADO EN LA LOCALIDAD DE ESPINILLO DEPARTAMENTO DE PARANA, PROVINCIA DE ENTRE RIOS."
HCDN232897,2019,RESOLUCION,C,externo,"DECLARAR DE INTERES DE LA H. CAMARA LA CUMBRE A LA QUE ASISTIRAN LOS PRESIDENTES DEL ""MERCOSUR Y DE LOS ESTADOS ASOCIADOS"", A REALIZARSE DEL 13 AL 17 DE JULIO DE 2019, EN LA CIUDAD CAPITAL DE LA PROVINCIA DE SANTA FE."
HCDN233773,2019,DECLARACION,A,ue_otro,"EXPRESAR BENEPLACITO POR LA FIRMA DEL ACUERDO DE ASOCIACION ESTRATEGICA ""MERCOSUR-UNION EUROPEA"", EL 28 DE JUNIO DE 2019, EN JAPON."
HCDN233831,2019,RESOLUCION,A,ue_otro,"PEDIDO DE INFORMES VERBALES AL MINISTRO DE HACIENDA DE LA NACION, LICENCIADO NICOLAS DUJOVNE, AL MINISTRO DE RELACIONES EXTERIORES Y CULTO DE LA NACION, EMBAJADOR JORGE FAURIE Y AL MINISTRO DE PRODUCCION Y TRABAJO DE LA NACION, LICENCIADO DANTE SICA, SOBRE LAS CONDICIONES DEL ""ACUERDO DE ASOCIACION ESTRATEGICA ENTRE EL MERCOSUR Y LA UNION EUROPEA""."
HCDN233839,2019,DECLARACION,A,ue_otro,EXPRESAR PREOCUPACION POR EL PRE - ACUERDO CELEBRADO ENTRE EL MERCOSUR Y LA UNION EUROPEA (UE).
HCDN233850,2019,RESOLUCION,A,ue_otro,"PEDIDO DE INFORMES VERBALES AL MINISTRO DE RELACIONES EXTERIORES Y CULTO DE LA NACION, EMBAJADOR JORGE FAURIE, ANTE LAS COMISIONES DE RELACIONES EXTERIORES Y CULTO E INDUSTRIA DE LA H. CAMARA, SOBRE LAS CONDICIONES DEL ""ACUERDO DE ASOCIACION ESTRATEGICA ENTRE EL MERCOSUR Y LA UNION EUROPEA""."
HCDN234113,2019,RESOLUCION,A,ue_otro,"PEDIDO DE INFORMES VERBALES AL MINISTRO DE PRODUCCION Y TRABAJO DE LA NACION, LICENCIADO DANTE SICA, SOBRE LAS CONDICIONES DEL ""ACUERDO DE ASOCIACION ESTRATEGICA ENTRE EL MERCOSUR Y LA UNION EUROPEA""."
HCDN234288,2019,RESOLUCION,A,ue_otro,"PEDIDO DE INFORMES VERBALES AL MINISTRO DE RELACIONES Y CULTO DE LA NACION, CANCILLER JORGE MARCELO FAURIE, ANTE LA COMISION DE INDUSTRIA DE LA H. CAMARA, SOBRE LAS CONDICIONES DEL ACUERDO DE ASOCIACION ESTRATEGICA ENTRE EL MERCOSUR Y LA UNION EUROPEA."
HCDN234291,2019,RESOLUCION,A,ue_otro,"PEDIDO DE INFORMES VERBALES AL SEÑOR MINISTRO DE PRODUCCION Y TRABAJO DE LA NACION, DANTE ENRIQUE SICA, ANTE LA COMISION DE INDUSTRIA DE ESTA HONORABLE CAMARA, A FIN DE BRINDAR DETALLES SOBRE EL RECIENTE ACUERDO SUSCRIPTO ENTRE EL MERCOSUR Y LA COMUNIDAD EUROPEA."
HCDN234337,2019,LEY,A,ue_otro,CREACION DE LA COMISION BICAMERAL ESPECIAL PARA EL SEGUIMIENTO Y RATIFICACION DEL ACUERDO DE ASOCIACION ESTRATEGICA MERCOSUR - UNION EUROPEA.-
HCDN236723,2019,RESOLUCION,C,externo,RATIFICAR EL COMPROMISO CON LA CLAUSULA DEMOCRATICA DE LA OEA Y EL PROTOCOLO DE USHUAIA DEL MERCOSUR Y REPUDIAR LOS ATAQUES CONTRA EL SISTEMA DEMOCRATICO DEL ESTADO PLURINACIONAL DE BOLIVIA.
HCDN236740,2019,LEY,C,externo,"CONVOCAR A ELECCIONES DE PARLAMENTARIOS DEL MERCOSUR, EN LOS TERMINOS DE LA LEY 27120."
HCDN230709,2019,LEY,C,externo,"ELECCION DE PARLAMENTARIOS DEL MERCOSUR - LEY 27120 -. MODIFICACION DEL ARTICULO 16, SOBRE REMUNERACIONES (REPRODUCCION DEL EXPEDIENTE 1349-D-17)."
HCDN234074,2019,RESOLUCION,C,externo,PEDIDO DE INFORMES AL PODER EJECUTIVO SOBRE DIVERSAS CUESTIONES RELACIONADAS CON EL ACUERDO DE LIBRE COMERCIO ENTRE EL MERCOSUR Y LOS ESTADOS UNIDOS DE NORTEAMERICA.
HCDN228260,2019,LEY,C,externo,"SUSPENSION DE LA APLICACION DE LA LEY 27120, ELECCION DE PARLAMENTARIOS DEL MERCOSUR, HASTA EL 31 DE DICIEMBRE DE 2020. SE EXCEPTUA A LOS PARLAMENTARIOS ELEGIDOS EL 25 DE OCTUBRE DE 2015."
HCDN234969,2019,RESOLUCION,C,externo,"SOLICITAR AL PODER EJECUTIVO DISPONGA LAS MEDIDAS NECESARIAS PARA QUE EL ""MERCADO COMUN DEL SUR - MERCOSUR -"", PROMUEVA ESTRATEGIAS URGENTES PARA LA CONSERVACION Y PROTECCION AMBIENTAL DE LA SELVA AMAZONICA."
HCDN230484,2019,DECLARACION,C,externo,"DECLARAR DE INTERES DE LA H. CAMARA LA PRIMERA REUNION DEL COMITE TECNICO N° 7 "" DEFENSA AL CONSUMIDOR - MERCOSUR"", REALIZADO EL 21 Y 22 DE MARZO DE 2019 EN LA CIUDAD DE USHUAIA, PROVINCIA DE TIERRA DEL FUEGO ANTARTIDA E ISLAS DEL ATLANTICO SUR."
HCDN234111,2019,RESOLUCION,A,ue_otro,"PEDIDO DE INFORMES VERBALES AL MINISTRO DE RELACIONES Y CULTO DE LA NACION, CANCILLER JORGE MARCELO FAURIE, ANTE LA COMISION DE INDUSTRIA DE LA H. CAMARA, SOBRE LAS CONDICIONES DEL ACUERDO DE ""ASOCIACION ESTRATEGICA ENTRE EL MERCOSUR Y LA UNION EUROPEA""."
HCDN239876,2020,RESOLUCION,C,externo,"PEDIDO DE INFORMES AL PODER EJECUTIVO SOBRE DIVERSAS CUESTIONES RELACIONADAS CON LAS MEDIDAS DISPUESTAS POR LA DECLARACION DE LOS PRESIDENTES DEL MERCOSUR SOBRE COORDINACION REGIONAL PARA LA CONTENCION Y MITIGACION DEL CORONAVIRUS Y SU IMPACTO, SUSCRIPTA EL 19 DE MARZO DE 2020."
HCDN239932,2020,DECLARACION,C,externo,"EXPRESAR PREOCUPACION POR LA DECISION DE LA REPUBLICA ARGENTINA DE ABANDONAR E INCUMPLIR LOS COMPROMISOS ASUMIDOS EN EL TRATADO DE ASUNCION CONSTITUTIVO DEL MERCOSUR, EN EL MARCO DE LA PANDEMIA POR EL COVID-19."
HCDN240035,2020,RESOLUCION,C,externo,"PEDIDO DE INFORMES AL PODER EJECUTIVO SOBRE DIVERSAS CUESTIONES RELACIONADAS CON LAS MEDIDAS DISPUESTAS POR LA DECLARACION DE LOS PRESIDENTES DEL MERCOSUR SOBRE ""COORDINACION REGIONAL PARA LA CONTENCION Y MITIGACION DEL CORONAVIRUS Y SU IMPACTO"", SUSCRIPTA EL 19 DE MARZO DE 2020."
HCDN240232,2020,DECLARACION,C,externo,"EXPRESAR BENEPLACITO POR LAS MEDIDAS ADOPTADAS POR EL MERCOSUR PARA FRENAR EL AVANCE DEL ""CORONAVIRUS - COVID-19 -""."
HCDN240694,2020,LEY,D,externo,SISTEMA ARGENTINO DE TRAZABILIDAD DE LOS PRODUCTOS DE LA PESCA Y DE LA ACUICULTURA. CREACION.
HCDN240718,2020,RESOLUCION,C,externo,"PEDIDO DE INFORMES AL PODER EJECUTIVO SOBRE LAS EVALUACIONES DE IMPACTO, SOSTENIBILIDAD Y DESEMPEÑO DE LOS TRATADOS DE LIBRE COMERCIO Y DE INVERSIONES, EN NEGOCIACION Y CONCLUIDOS, POR LA REPUBLICA ARGENTINA EN EL MARCO DEL MERCADO COMUN DEL SUR (MERCOSUR)."
HCDN240808,2020,DECLARACION,C,externo,EXPRESAR BENEPLACITO POR LA POSICION DE LA REPUBLICA ARGENTINA RELATIVA AL SENDERO DEL RELACIONAMIENTO EXTERNO DEL MERCOSUR.
HCDN240951,2020,DECLARACION,C,externo,"EXPRESAR PREOCUPACION POR EL MANEJO DE LA POLITICA EXTERIOR DE LA NACION, ESPECIALMENTE CON EL MERCOSUR."
HCDN241999,2020,DECLARACION,C,externo,"EXPRESAR ADHESION AL PROYECTO DE RECOMENDACION PRESENTADO POR PARLAMENTARIOS ARGENTINOS EN EL ""PARLAMENTO DEL MERCOSUR"", PARA ESTABLECER COMO BIEN DE USO PUBLICO, UNIVERSAL Y GRATUITO EN EL MERCOSUR, LA FORMULA GENERICA DE LA POSIBLE VACUNA DEL COVID - 19."
HCDN243046,2020,DECLARACION,C,externo,"EXPRESAR BENEPLACITO POR EL VIGESIMO NOVENO ANIVERSARIO DE LA PROMULGACION DE LA LEY 23981, DIO ORIGEN AL MERCOSUR."
HCDN243060,2020,MENSAJE Y PROYECTO DE LEY,C,externo,"APROBACION DEL ACUERDO PARA LA ELIMINACION DEL COBRO DE CARGOS DE ROAMING INTERNACIONAL A LOS USUARIOS FINALES DEL MERCOSUR, CELEBRADO EL 17 DE JULIO DE 2019 EN LA CIUDAD CAPITAL DE LA PROVINCIA DE SANTA FE, REPUBLICA ARGENTINA."
HCDN243113,2020,LEY,C,externo,"IMPORTACION CASUAL DE MAQUINARIA E IMPLEMENTOS AGRICOLAS USADOS, PROCEDENTES DE PAISES DEL MERCOSUR. REGIMEN."
HCDN243542,2020,RESOLUCION,C,externo,"DECLARAR DE INTERES DE LA H. CAMARA LA EDICION 2020 DEL PREMIO MERCOSUR DE CIENCIA Y TECNOLOGIA CUYO TEMA PRINCIPAL SERA ""INTELIGENCIA ARTIFICIAL""."
HCDN245559,2020,DECLARACION,C,externo,"EXPRESAR BENEPLACITO POR LA MEDIDA DEL BLOQUE DEL "" MERCOSUR "" DE APROBAR EL GIRO DE FONDOS A NUESTRO PAIS, PARA LA ADQUISICION DE EQUIPAMIENTO PARA COMBATIR EL "" COVID - 19 ""."
HCDN246299,2020,MENSAJE Y PROYECTO DE LEY,C,externo,"APROBACION DE LA ENMIENDA AL PROTOCOLO DE MONTEVIDEO SOBRE EL COMERCIO DE SERVICIOS DEL MERCOSUR, FIRMADA EN LA CIUDAD DE BENTO GONÇALVES - REPUBLICA FEDERATIVA DEL BRASIL- EL DIA 5 DE DICIEMBRE DE 2019."
HCDN246498,2020,RESOLUCION,C,externo,"CREAR DENTRO DE LA COMISION PERMANENTE DE MERCOSUR PREVISTA EN EL ARTICULO 101 DEL REGLAMENTO DE LA HCDN, EL ""OBSERVATORIO DE LOS ODS (OBJETIVOS DE DESARROLLO SOSTENIBLE) EN EL AVANCE DEL PROCESO DE INTEGRACION REGIONAL DEL MERCADO COMUN DEL SUR - MERCOSUR""."
HCDN246939,2020,DECLARACION,C,externo,EXPRESAR BENEPLACITO POR LA ASUNCION DE LA REPUBLICA ARGENTINA A LA PRESIDENCIA PRO TEMPORE DEL MERCOSUR DURANTE LA CUMBRE A DESARROLLARSE DEL 14 AL 16 DE DICIEMBRE DE 2020.
HCDN240730,2020,DECLARACION,C,externo,"EXPRESAR ADHESION A LA ""DECLARACION ESPECIAL DE LOS ESTADOS PARTES Y ESTADOS ASOCIADOS DEL MERCOSUR SOBRE LA PESCA ILEGAL, NO DECLARADA Y NO REGLAMENTADA"", EMITIDA POR LOS PRESIDENTES DE LOS ESTADOS PARTES Y ESTADOS ASOCIADOS DEL MERCOSUR, EN MENDOZA, EL 21 DE JULIO DE 2017. SOLICITAR AL PODER EJECUTIVO IMPULSE UNA NEGOCIACION EN EL AMBITO DEL CONSEJO DEL MERCADO COMUN DEL SUR (CMC) Y DE OTROS ORGANOS DEL MERCOSUR COMPETENTES EN LA MATERIA, SOBRE LA BASE DE LINEAMIENTOS CON EL FIN DE ELABORAR UNA POLITICA REGIONAL PESQUERA CONSENSUADA."
HCDN240504,2020,RESOLUCION,C,externo,PEDIDO DE INFORMES AL PODER EJECUTIVO SOBRE DIVERSAS CUESTIONES RELACIONADAS CON LOS FUNDAMENTOS DE LA DECISION DE SUSPENDER LA PARTICIPACION ARGENTINA EN LAS NEGOCIACIONES DEL MERCOSUR.
HCDN240130,2020,RESOLUCION,C,externo,"EXPRESAR RECHAZO POR LA DECISION UNILATERAL ADOPTADA POR EL PODER EJECUTIVO NACIONAL DE DEJAR DE PARTICIPAR EN LAS NEGOCIACIONES DE LOS ACUERDOS COMERCIALES EN CURSO Y DE LAS FUTURAS NEGOCIACIONES DEL BLOQUE DEL MERCADO COMUN DEL SUR (MERCOSUR). CONVOCAR AL MINISTRO DE RELACIONES EXTERIORES, COMERCIO INTERNACIONAL Y CULTO, FELIPE SOLA, A LAS COMISIONES DE MERCOSUR Y DE RELACIONES EXTERIORES Y CULTO DE ESTA H. CAMARA."
HCDN239935,2020,RESOLUCION,C,externo,"PEDIDO DE INFORMES VERBALES AL MINISTRO DE RELACIONES EXTERIORES, COMERCIO INTERNACIONAL Y CULTO, FELIPE SOLA, SOBRE EL COMUNICADO EMITIDO POR LA PRESIDENCIA PRO TEMPORE DEL MERCOSUR QUE DA CUENTA DE LA DECISION DE LA REPUBLICA ARGENTINA DE DEJAR DE PARTICIPAR EN LAS NEGOCIACIONES DE LOS ACUERDOS COMERCIALES EN CURSO Y DE LAS FUTURAS NEGOCIACIONES DEL BLOQUE, EN EL MARCO DE LA PANDEMIA POR EL COVID-19."
HCDN245513,2020,RESOLUCION,C,externo,"DECLARAR DE INTERES DE LA H. CAMARA EL 30 ANIVERSARIO DE LA FIRMA DEL ""TRATADO DE ASUNCION"" Y CONSTITUCION DEL ""MERCADO COMUN DEL SUR - MERCOSUR -""."
HCDN245430,2020,DECLARACION,C,externo,"SOLICITAR AL PODER EJECUTIVO DISPONGA INCORPORAR A LA PAPELERIA OFICIAL LA LEYENDA ""2021 - AÑO DEL MERCOSUR"", EN CONMEMORACION DEL TRIGESIMO ANIVERSARIO DE LA FIRMA DEL ""TRATADO DE ASUNCION"", QUE DIO ORIGEN AL ""MERCOSUR""."
HCDN246260,2020,DECLARACION,A,ue_otro,"EXPRESAR BENEPLACITO POR LAS DECLARACIONES FAVORABLES AL ACUERDO UNION EUROPEA-MERCOSUR Y EL COMPROMISO ACERCA DE SU PRONTO ENVIO AL CONGRESO NACIONAL PARA SU RATIFICACION, EXPRESADAS POR EL CANCILLER ING. FELIPE SOLA, EL 9 DE NOVIEMBRE DE 2020."
HCDN239936,2020,RESOLUCION,C,ue_otro,"PEDIDO DE INFORMES AL PODER EJECUTIVO SOBRE LA DECISION DE NUESTRO PAIS DE DEJAR DE PARTICIPAR EN LAS NEGOCIACIONES DE LOS ACUERDOS COMERCIALES EN CURSO Y DE LAS FUTURAS NEGOCIACIONES DEL BLOQUE, EXCLUYENDO DE ESTA DETERMINACION A LAS YA CONCLUIDAS CON LA UNION EUROPEA Y CON LA ASOCIACION EUROPEA DE LIBRE COMERCIO (EFTA). CONVOCAR AL MINISTRO DE RELACIONES EXTERIORES Y CULTO, FELIPE SOLA , AL PLENARIO DE ESTA H. CAMARA."
HCDN247175,2021,RESOLUCION,C,externo,SOLICITAR AL PODER EJECUTIVO GESTIONE LAS MEDIDAS PERTINENTES PARA LLEVAR A CABO LA HABILITACION DE MATRICULAS MERCOSUR PARA EL TRANSPORTE EN BUQUE DE SEMIRREMOLQUES DE CARGA Y OTRAS CUESTIONES CONEXAS.
HCDN247751,2021,DECLARACION,C,externo,"EXPRESAR BENEPLACITO POR LA DECISION POLITICA DE LA CANCILLERIA ARGENTINA DE INCORPORAR EN FORMA DEFINITIVA A LA REPLUBLICA PLURINACIONAL DE BOLIVIA AL MERCOSUR, EN EJERCICIO DE LA PRESIDENCIA PRO - TEMPORE."
HCDN247897,2021,DECLARACION,C,externo,"EXPRESAR BENEPLACITO POR EL TRIGESIMO ANIVERSARIO DE LA FIRMA DEL TRATADO DE ASUNCION, SUSCRIPTO ENTRE ARGENTINA, BRASIL, PARAGUAY Y URUGUAY EL 26 DE MARZO DE 1991 Y QUE DIO ORIGEN AL MERCADO COMUN DEL SUR (MERCOSUR)."
HCDN247925,2021,RESOLUCION,C,externo,"SOLICITAR AL PODER EJECUTIVO DISPONGA LAS MEDIDAS PERTINENTES PARA LLEVAR A CABO LA HABILITACION DE MATRICULAS MERCOSUR PARA EL TRANSPORTE EN BUQUE DE SEMIRREMOLQUES DE CARGA, Y OTRAS CUESTIONES CONEXAS."
HCDN247984,2021,RESOLUCION,C,externo,SOLICITAR AL PODER EJECUTIVO PROCEDA A REACTIVAR Y PROMOVER EL SISTEMA DE PAGOS EN MONEDAS LOCALES (SML) PARA EL PAGO Y COBRO DE EXPORTACIONES E IMPORTACIONES EN MONEDAS NACIONALES DE LOS PAISES DEL MERCOSUR.
HCDN248067,2021,LEY,C,externo,"ELECCION DE PARLAMENTARIOS DEL MERCOSUR - LEY 27120 -. MODIFICACION DEL ARTICULO 16, SOBRE REMUNERACIONES."
HCDN248541,2021,RESOLUCION,C,externo,"EXPRESAR BENEPLACITO POR EL 30 ANIVERSARIO DE LA FIRMA DEL ""TRATADO DE ASUNCION"", QUE CONSTITUYO EL ""MERCADO COMUN DEL SUR - MERCOSUR -"", SUSCRIPTO EL 26 DE MARZO DE 1991 ENTRE LAS REPUBLICAS DE ARGENTINA, FEDERATIVA DEL BRASIL, PARAGUAY Y ORIENTAL DEL URUGUAY."
HCDN249099,2021,DECLARACION,C,externo,"EXPRESAR REPUDIO POR LAS EXPRESIONES DEL PRESIDENTE ALBERTO FERNANDEZ SOBRE UNA DECLARACION DEL PRESIDENTE DE LA REPUBLICA FEDERATIVA DEL BRASIL, SEÑOR BOLSONARO, RELACIONADAS A LA BAJA DE ARANCELES."
HCDN249106,2021,DECLARACION,C,externo,"EXPRESAR REPUDIO POR LOS DICHOS DEL SEÑOR PRESIDENTE DE LA NACION, EL 26 DE MARZO DE 2021, EN EL MARCO DE LA CUMBRE POR LOS 30 AÑOS DE LA CREACION DEL MERCOSUR."
HCDN249311,2021,RESOLUCION,C,externo,"EXPRESAR RECHAZO POR LAS DECLARACIONES DEL PRESIDENTE DE LA NACION, DOCTOR ALBERTO FERNANDEZ RELACIONADAS CON EL MERCOSUR."
HCDN250115,2021,LEY,D,externo,CREACION DEL SISTEMA UNIFICADO DE TRAZABILIDAD DE LA PESCA (SUTRAP).
HCDN250338,2021,RESOLUCION,C,externo,"EXPRESAR BENEPLACITO POR LA FIRMA DEL ""ACUERDO SOBRE COMERCIO ELECTRONICO DEL MERCOSUR"", CELEBRADO EL 29 DE ABRIL EN LA CIUDAD DE MONTEVIDEO, POR LOS REPRESENTANTES PERMANENTES DE ARGENTINA, BRASIL, PARAGUAY Y URUGUAY."
HCDN254666,2021,MENSAJE Y PROYECTO DE LEY,C,externo,"APROBACION DEL ACUERDO SOBRE RECONOCIMIENTO DE TITULOS DE GRADO DE EDUCACION SUPERIOR EN EL MERCOSUR, CELEBRADO EN LA CIUDAD DE MONTEVIDEO - REPUBLICA ORIENTAL DEL URUGUAY - EL 17 DE DICIEMBRE DE 2018."
HCDN254965,2021,MENSAJE Y PROYECTO DE LEY,C,externo,"APROBACION DEL ACUERDO DE COMERCIO ELECTRONICO DEL MERCOSUR, CELEBRADO EN LA CIUDAD DE MONTEVIDEO, REPUBLICA ORIENTAL DEL URUGUAY, EL 29 DE ABRIL DE 2021."
HCDN249071,2021,LEY,A,ue_otro,COMISION BICAMERAL ESPECIAL PARA EL SEGUIMIENTO Y RATIFICACION DEL ACUERDO DE ASOCIACION ESTRATEGICA MERCOSUR - UNION EUROPEA. CREACION EN EL AMBITO DEL H. CONGRESO DE LA NACION.
HCDN248945,2021,DECLARACION,C,externo,"EXPRESAR BENEPLACITO POR EL 30 ANIVERSARIO DE LA FIRMA DEL TRATADO DE ASUNCION, SUSCRIPTO EL 26 DE MARZO DE 1991 ENTRE LAS REPUBLICAS DE ARGENTINA, FEDERATIVA DEL BRASIL, PARAGUAY Y ORIENTAL DE URUGUAY, QUE CONSTITUYO EL MERCADO COMUN DEL SUR - MERCOSUR -."
HCDN252245,2021,DECLARACION,C,externo,"EXPRESAR PREOCUPACION POR LAS DECLARACIONES DEL GOBIERNO URUGUAYO EN LA REUNION DE CANCILLERES DEL MERCOSUR, SOBRE LA INTENCION DE REALIZAR NEGOCIACIONES COMERCIALES UNILATERALES."
HCDN249585,2021,DECLARACION,C,externo,"EXPRESAR BENEPLACITO POR EL TRIGESIMO ANIVERSARIO DE LA FIRMA DEL TRATADO DE ASUNCION, SUSCRIPTO ENTRE ARGENTINA, BRASIL, PARAGUAY Y URUGUAY EL 26 DE MARZO DE 1991 Y QUE DIO ORIGEN AL "" MERCADO COMUN DEL SUR - MERCOSUR -""."
HCDN247756,2021,DECLARACION,C,externo,"EXPRESAR BENEPLACITO POR LA INICIATIVA DE REPRESENTANTES ARGENTINOS DEL ""PARLAMENTO DEL MERCOSUR"", QUE PROPONE ESTABLECER COMO BIEN DE USO PUBLICO, UNIVERSAL Y GRATUITO EN EL MERCOSUR, LA FORMULA GENERICA DE LA POSIBLE VACUNA DEL COVID-19."
HCDN247464,2021,DECLARACION,C,externo,"EXPRESAR BENEPLACITO POR EL TRIGESIMO ANIVERSARIO DE LA FIRMA DEL TRATADO DE ASUNCION, SUSCRIPTO ENTRE ARGENTINA, BRASIL, PARAGUAY Y URUGUAY EL 26 DE MARZO DE 1991 Y QUE DIO ORIGEN AL MERCADO COMUN DEL SUR - MERCOSUR -"
HCDN255994,2022,LEY,C,externo,IMPORTACION CASUAL DE MAQUINARIA E IMPLEMENTOS AGRICOLAS USADOS PROCEDENTES DE PAISES DEL MERCOSUR. REGIMEN.
HCDN256171,2022,RESOLUCION,C,externo,"CREACION DENTRO DE LA COMISION PERMANENTE DE MERCOSUR DE LA H. CAMARA DE DIPUTADOS DE LA NACION, EL OBSERVATORIO DE LOS ODS - OBJETIVOS DE DESARROLLO SOSTENIBLE - EN EL AVANCE DEL PROCESO DE INTEGRACION REGIONAL DEL MERCADO COMUN DEL SUR - MERCOSUR."
HCDN256173,2022,RESOLUCION,C,externo,"EXPRESAR BENEPLACITO POR LA FIRMA DEL ACUERDO SOBRE COMERCIO ELECTRONICO DEL MERCOSUR, CELEBRADO EL 29 DE ABRIL EN LA CIUDAD DE MONTEVIDEO, POR LOS REPRESENTANTES PERMANENTES DE ARGENTINA, BRASIL, PARAGUAY Y URUGUAY."
HCDN256896,2022,DECLARACION,C,externo,"EXPRESAR BENEPLACITO POR LA CONMEMORACION DEL TRIGESIMO PRIMER ANIVERSARIO DE LA PROMULGACION DE LA LEY 23981, QUE DIO ORIGEN AL ""MERCOSUR""."
HCDN257849,2022,LEY,D,externo,SISTEMA DE TRAZABILIDAD DE LA PESCA. CREACION.
HCDN258681,2022,MENSAJE Y PROYECTO DE LEY,C,externo,"APROBACION DEL ACUERDO SOBRE FACILITACION DEL COMERCIO DEL MERCOSUR, SUSCRIPTO EN LA CIUDAD DE BENTO GONÇALVES - REPUBLICA FEDERATIVA DEL BRASIL - EL DIA 5 DE DICIEMBRE DE 2019."
HCDN259263,2022,MENSAJE Y PROYECTO DE LEY,C,externo,"APROBACION DEL PROTOCOLO DE CONTRATACIONES PUBLICAS DEL MERCOSUR, SUSCRIPTO EN LA CIUDAD DE BRASILIA, REPUBLICA FEDERATIVA DEL BRASIL, EL 21 DE DICIEMBRE DE 2017."
HCDN259901,2022,DECLARACION,C,externo,EXPRESAR BENEPLACITO POR LA ENTRADA EN VIGOR DEL ACUERDO MARCO PARA LA DISPOSICION DE BIENES DECOMISADOS DE LA DELINCUENCIA ORGANIZADA TRANSNACIONAL EN EL MERCOSUR.
HCDN265161,2022,LEY,C,externo,"SUSPENSION DE LA APLICACION DE LA LEY 27120, DE ELECCION DE PARLAMENTARIOS DEL MERCOSUR."
HCDN256577,2022,LEY,C,externo,ALICUOTA DIFERENCIADA DEL ARANCEL EXTERNO COMUN PARA CABLES DE ACERO GALVANIZADOS EN EL MARCO DE LA EMERGENCIA AGRO-ECOLOGICA EN LAS PROVINCIAS DE CORRIENTES Y MISIONES.
HCDN256120,2022,RESOLUCION,C,externo,"DECLARAR DE INTERES DE LA H. CAMARA EL 30 ANIVERSARIO DE LA FIRMA DEL TRATADO DE ASUNCION Y CONSTITUCION DEL MERCADO COMUN DEL SUR ( MERCOSUR ) ENTRE ARGENTINA, BRASIL, URUGUAY Y PARAGUAY, QUE SE CUMPLIRA EL 26 DE MARZO DE 2021 Y OTRAS CUESTIONES CONEXAS."
HCDN258590,2022,MENSAJE Y PROYECTO DE LEY,C,externo,"APROBACION DEL ACUERDO PARA LA PROTECCION MUTUA DE LAS INDICACIONES GEOGRAFICAS ORIGINARIAS EN LOS TERRITORIOS DE LOS ESTADOS PARTE DEL MERCOSUR, SUSCRIPTO EN LA CIUDAD DE BENTO GONÇALVES - REPUBLICA FEDERATIVA DEL BRASIL EL 5 DE DICIEMBRE DE 2019."
HCDN255775,2022,LEY,D,externo,SISTEMA ARGENTINO DE TRAZABILIDAD DE LOS PRODUCTOS DE LA PESCA Y LA ACUICULTURA. CREACION.
HCDN261828,2022,LEY,C,externo,DESIGNACION POR PARTE DEL CONGRESO NACIONAL DE LOS PARLAMENTARIOS DEL MERCOSUR. MODIFICACIONES AL CODIGO NACIONAL ELECTORAL Y DE LAS LEYES 26215 Y 26571. DEROGACION DE LA LEY 27120.
HCDN257123,2022,RESOLUCION,C,externo,SOLICITAR AL PODER EJECUTIVO DISPONGA LA REDUCCION A 0% (CERO POR CIENTO) DEL DERECHO DE IMPORTACION EXTRAZONA (D.I.E.) PARA LA MERCADERIA COMPRENDIDA EN TODAS LAS POSICIONES ARANCELARIAS DE LA NOMENCLATURA COMUN DEL MERCOSUR (N.C.M.) CORRESPONDIENTES A FERTILIZANTES DE USO AGRICOLA.
HCDN259872,2022,LEY,C,externo,"ADHIERASE A LA MERCOSUR/CMC/DEC. 54/15 APROBADA POR EL CONSEJO DEL MERCADO COMUN, ORGANO SUPERIOR DECISORIO DEL MERCOSUR.-"
HCDN263132,2022,RESOLUCION,C,externo,SOLICITAR AL PODER EJECUTIVO DISPONGA LAS MEDIDAS NECESARIAS A FIN DE MEJORAR EL MARCO INSTITUCIONAL DEL BLOQUE MERCOSUR.
HCDN265992,2023,LEY,C,externo,"APRUEBESE EL ACUERDO SOBRE COMERCIO ELECTRONICO DEL MERCOSUR, CELEBRADO EL 29 DE ABRIL DE 2021 EN LA CIUDAD DE MONTEVIDEO, REPUBLICA ORIENTAL DEL URUGUAY."
HCDN268434,2023,MENSAJE Y PROYECTO DE LEY,C,externo,APROBAR EL ACUERDO SOBRE RECONOCIMIENTO MUTUO DE MEDIDAS DE PROTECCION PARA LAS MUJERES EN SITUACION DE VIOLENCIA DE GENERO ENTRE LOS ESTADOS PARTES DEL MERCOSUR Y ESTADOS ASOCIADOS.
HCDN269241,2023,MENSAJE Y PROYECTO DE LEY,C,externo,"APROBACION DE LA ENMIENDA AL PROTOCOLO DE MONTEVIDEO SOBRE EL COMERCIO DE SERVICIOS DEL MERCOSUR, CELEBRADA EN LA CIUDAD DE MONTEVIDEO - REPUBLICA ORIENTAL DEL URUGUAY - EL 6 DE JULIO DE 2022."
HCDN272142,2023,DECLARACION,A,ue_otro,"EXPRESAR BENEPLACITO POR LA SUSCRIPCION DEL ACUERDO ENTRE LA UNION EUROPEA (UE) Y EL MERCADO COMUN DEL SUR (MERCOSUR), QUE SE LLEVARIA A CABO EN LA 63 EDICION DE LA CUMBRE DE JEFES DE ESTADO DEL MERCOSUR, EL 7 DE DICIEMBRE DEL 2023 EN RIO DE JANEIRO, REPUBLICA FEDERATIVA DEL BRASIL."
HCDN269876,2023,RESOLUCION,C,externo,"DECLARAR QUE EL PARLAMENTO DEL MERCOSUR (PARLASUR) ES UN INSTRUMENTO FUNDAMENTAL DE LA INTEGRACION REGIONAL, LA CONSTRUCCION DE CIUDADANIA, LA CONSOLIDACION DE LA DEMOCRACIA, EL DESARROLLO DE LOS ESTADOS PARTE Y OTRAS CUESTIONES CONEXAS."
HCDN267575,2023,LEY,C,externo,SUSPENSION DE LAS ELECCIONES DIRECTAS DE PARLAMENTARIOS DEL MERCOSUR.
HCDN272773,2024,LEY,D,externo,SISTEMA UNICO DE TRAZABILIDAD DE LOS PRODUCTOS DE LA PESCA Y LA ACUICULTURA. CREACION.
HCDN272886,2024,LEY,D,externo,SISTEMA DE TRAZABILIDAD DE LA PESCA Y LA ACUICULTURA. CREACION.
HCDN273811,2024,RESOLUCION,D,externo,SOLICITAR AL PODER EJECUTIVO DISPONGA PROHIBIR EL INGRESO A LA REPUBLICA ARGENTINA DE CARNE PORCINA EN CUYA PRODUCCION SE HAYA UTILIZADO RACTOPAMINA Y OTRAS CUESTIONES CONEXAS.
HCDN275603,2024,LEY,C,externo,SUSPENSION DE LA APLICACION DE LA LEY 27120 DE ELECCION DE PARLAMENTARIOS DEL MERCOSUR.
HCDN275895,2024,LEY,C,externo,"ESTABLEZCASE QUE HASTA QUE SE CELEBRE LA ELECCION DIRECTA DE PARLAMENTARIOS DEL MERCOSUR, LA REPRESENTACION DE LA REPUBLICA ARGENTINA SERA EJERCIDA POR LEGISLADORES NACIONALES NOMINADOS POR CADA UNA DE LAS CAMARAS DEL HONORABLE CONGRESO DE LA NACION, EN IGUAL NUMERO, RESPETANDO LAS PROPORCIONES PARTIDARIAS. MODIFICACION DEL CODIGO ELECTORAL NACIONAL Y DE DIVERSAS LEYES."
HCDN276520,2024,RESOLUCION,C,externo,"PEDIDO DE INFORMES AL PODER EJECUTIVO SOBRE DIVERSAS CUESTIONES RELACIONADAS CON LOS MOTIVOS POR LOS CUALES EL PRESIDENTE LA NACION, JAVIER MILEI, NO FUE PARTE DE LA CUMBRE DE LIDERES DEL MERCOSUR QUE TUVO LUGAR EL 8 DE JULIO DE 2024 EN ASUNCION, REPUBLICA DEL PARAGUAY."
HCDN276651,2024,LEY,C,externo,INCORPORAR AL ORDENAMIENTO JURIDICO NACIONAL LA DECISION DEL CONSEJO DEL MERCADO COMUN DEL MERCOSUR SOBRE LAS DISPOSICIONES RELATIVAS A LAS COOPERATIVAS DEL MERCOSUR.
HCDN276664,2024,DECLARACION,C,externo,"EXPRESAR PREOCUPACION POR EL ACCIONAR NEGLIGENTE DEL PODER EJECUTIVO DE NO INCLUIR EN EL DOCUMENTO FINAL DE LA CUMBRE DE JEFES DE ESTADO DEL MERCOSUR, EL RECLAMO POR LA PLENA SOBERANIA ARGENTINA SOBRE LAS ISLAS MALVINAS."
HCDN278325,2024,RESOLUCION,D,eudr,"EXPRESAR APOYO A LAS GESTIONES DEL PODER EJECUTIVO NACIONAL PARA POSTERGAR LA ENTRADA EN VIGENCIA DEL REGLAMENTO N° 2023/1115 DE LA UNION EUROPEA, QUE ESTABLECE RESTRICCIONES AL COMERCIO."
HCDN278505,2024,RESOLUCION,A,ue_otro,PEDIDO DE INFORMES AL PODER EJECUTIVO SOBRE DIVERSAS CUESTIONES RELACIONADAS CON EL ACUERDO ENTRE MERCADO COMUN DEL SUR (MERCOSUR) Y LA UNION EUROPEA (UE).
HCDN278510,2024,RESOLUCION,C,externo,PEDIDO DE INFORMES AL PODER EJECUTIVO SOBRE DIVERSAS CUESTIONES RELACIONADAS CON LA DECISION ADMINISTRATIVA 888/2024 SOBRE EL REGIMEN DE VIATICOS Y PASAJES A LOS PARLAMENTARIOS ELECTOS DEL MERCOSUR.
HCDN278513,2024,RESOLUCION,C,externo,EXHORTAR AL PODER EJECUTIVO NACIONAL A QUE ASEGURE LA PARTICIPACION DE LOS PARLAMENTARIOS ELECTOS DEL MERCOSUR EN LAS SESIONES DEL PARLASUR.
HCDN279961,2024,RESOLUCION,C,externo,SOLICITAR AL PODER EJECUTIVO DISPONGA PROMOVER LA COORDINACION ENTRE EL CONSEJO DEL MERCADO COMUN (CMC) Y LOS ESTADOS PARTE DEL MERCOSUR PARA DESARROLLAR UNA POLITICA COMUN SOBRE LA HIDROVIA PARAGUAY-PARANA-URUGUAY Y OTRAS CUESTIONES CONEXAS.
HCDN280298,2024,RESOLUCION,A,ue_otro,"EXPRESAR BENEPLACITO POR LA CONCLUSION DE LAS RENEGOCIACIONES DEL ACUERDO COMERCIAL ENTRE EL MERCOSUR Y LA UNION EUROPEA EN EL MARCO DE LA CUMBRE DEL MERCOSUR DESARROLLADA EN MONTEVIDEO, REPUBLICA ORIENTAL DEL URUGUAY, EL 6 DE DICIEMBRE DE 2024."
HCDN280323,2024,RESOLUCION,C,externo,"EXPRESAR BENEPLACITO POR LOS CONSENSOS ALCANZADOS EN LA 65ª CUMBRE DE PRESIDENTES DE LOS ESTADOS PARTE DEL MERCOSUR DESARROLLADA EL 5 DE DICIEMBRE DE 2024 EN MONTEVIDEO, REPUBLICA DEL URUGUAY."
HCDN280442,2024,RESOLUCION,A,ue_otro,"PEDIDO DE INFORMES VERBALES ANTE LA COMISION DEL MERCOSUR DE ESTA H. CAMARA, A FUNCIONARIOS DE LA CANCILLERIA SOBRE LOS PUNTOS CENTRALES DEL ACUERDO MERCOSUR-UNION EUROPEA."
HCDN279302,2024,DECLARACION,D,ue_otro,"EXPRESAR PREOCUPACION POR LA APLICACION SISTEMATICA Y ESTRICTA DE LA BAJA DEL REGISTRO DE ESTABLECIMIENTOS RURALES INSCRIPTOS COMO PROVEEDORES DE GANADO PARA FAENA DE EXPORTACION CON DESTINO A LA UNION EUROPEA POR PARTE DEL ESTADO NACIONAL, A TRAVES DEL SENASA."
HCDN278623,2024,RESOLUCION,D,eudr,PEDIDO DE INFORMES AL PODER EJECUTIVO SOBRE LAS ACCIONES QUE ESTA IMPLEMENTANDO EL GOBIERNO NACIONAL EN POS DEL CUMPLIMIENTO DEL REGLAMENTO RELATIVO A LA COMERCIALIZACION Y EXPORTACION DE PRODUCTOS ASOCIADOS A LA DEFORESTACION Y LA DEGRADACION FORESTAL EN EL MERCADO DE LA UNION EUROPEA.
HCDN274683,2024,LEY,C,externo,"ADHIERASE A LA MERCOSUR/CMC/DEC. 54/15 APROBADA POR EL CONSEJO DEL MERCADO COMUN. POR EL CUAL SE CREA EL REGIMEN DE ""COOPERATIVAS DEL MERCOSUR""."
HCDN280432,2024,RESOLUCION,C,externo,"EXPRESAR BENEPLACITO POR LA PROPUESTA DEL PRESIDENTE JAVIER MILEI, DURANTE LA 65ª CUMBRE DE PRESIDENTES DE LOS ESTADOS PARTE DEL MERCOSUR DESARROLLADA EL 6 DE DICIEMBRE EN MONTEVIDEO, DE CREAR UNA AGENCIA REGIONAL PARA LUCHAR CONTRA EL CRIMEN TRANSNACIONAL ORGANIZADO."
HCDN276407,2024,RESOLUCION,C,externo,"EXPRESAR PREOCUPACION POR LA DECISION DEL PRESIDENTE JAVIER MILEI DE NO CONCURRIR A LA CUMBRE DE JEFES DE ESTADO DEL MERCOSUR, A CELEBRARSE EN ASUNCION, REPUBLICA DEL PARAGUAY, EL 8 DE JULIO DE 2024 Y OTRAS CUESTIONES CONEXAS."
HCDN274013,2024,RESOLUCION,C,externo,EXPRESAR BENEPLACITO POR LA CONMEMORACION DEL DIA DEL MERCOSUR A CELEBRARSE EL 26 DE MARZO DE 2024.
HCDN276011,2024,LEY,D,externo,CREACION DEL SISTEMA ARGENTINO DE TRAZABILIDAD DE LA PESCA Y LA ACUICULTURA.
HCDN279051,2024,RESOLUCION,D,externo,"PEDIDO DE INFORMES AL PODER EJECUTIVO SOBRE DIVERSAS CUESTIONES RELACIONADAS CON LA ENTRADA EN VIGENCIA DE UN SISTEMA DE TRAZABILIDAD INDIVIDUAL ELECTRONICO PARA BOVINOS, BUBALINOS Y CERVIDOS QUE SE APLICARA GRADUALMENTE A PARTIR DEL 1° DE MARZO DE 2025."
HCDN280654,2025,DECLARACION,C,externo,"EXPRESAR REPUDIO Y PREOCUPACION POR LA INTENCION DEL PODER EJECUTIVO DE FIRMAR UN TRATADO DE LIBRE COMERCIO CON ESTADOS UNIDOS DE AMERICA, AUNQUE ELLO IMPLIQUE LA RUPTURA DEL MERCOSUR, Y OTRAS CUESTIONES CONEXAS."
HCDN282328,2025,RESOLUCION,C,externo,PEDIDO DE INFORMES AL PODER EJECUTIVO SOBRE DIVERSAS CUESTIONES RELACIONADAS CON LA PRESIDENCIA PRO TEMPORE DEL MERCOSUR.
HCDN283344,2025,RESOLUCION,D,eudr,INSTAR AL PODER EJECUTIVO RETOME LAS NEGOCIACIONES CON LOS ORGANISMOS INTERNACIONALES CORRESPONDIENTES PARA GARANTIZAR LA CONTINUIDAD DE LAS EXPORTACIONES ARGENTINAS MIENTRAS DURE LA SUSPENSION DE LA REGULACION 2023/1115 DE LA UNION EUROPEA.
HCDN283348,2025,RESOLUCION,D,externo,"PEDIDO DE INFORMES AL PODER EJECUTIVO SOBRE DIVERSAS CUESTIONES RELACIONADAS CON LA RESOLUCION 19/2025, QUE POSPONE LA OBLIGATORIEDAD DE LA TRAZABILIDAD INDIVIDUAL ELECTRONICA PARA GANADO BOVINO, BUBALINO Y CERVIDO Y OTRAS CUESTIONES CONEXAS."
HCDN283543,2025,RESOLUCION,A,ue_otro,"PEDIDO DE INFORMES VERBALES, ANTE LA COMISION DEL MERCOSUR DE ESTA H. CAMARA, A DIVERSOS FUNCIONARIOS DE CANCILLERIA, SOBRE EL ACUERDO MERCOSUR-UNION EUROPEA."
HCDN283621,2025,RESOLUCION,A,ue_otro,"PEDIDO DE INFORMES VERBALES, ANTE LA COMISION DEL MERCOSUR DE ESTA H. CAMARA, A DIVERSOS FUNCIONARIOS DE CANCILLERIA SOBRE EL ACUERDO MERCOSUR-UNION EUROPEA."
HCDN285678,2025,DECLARACION,C,externo,EXPRESAR BENEPLACITO POR EL ACUERDO ENTRE LOS ESTADOS PARTE DEL MERCOSUR SOBRE LA CREACION DE UNA AGENCIA REGIONAL PARA LA LUCHA CONTRA EL CRIMEN ORGANIZADO.
HCDN285950,2025,DECLARACION,C,ue_otro,EXPRESAR BENEPLACITO POR EL TRATADO DE LIBRE COMERCIO ENTRE MERCOSUR CON LA ASOCIACION EUROPEA.
HCDN287093,2025,RESOLUCION,C,externo,"PEDIDO DE INFORMES AL PODER EJECUTIVO SOBRE DIVERSAS CUESTIONES RELACIONADAS CON LA DECISION DEL CONSEJO DEL MERCADO COMUN DEL MERCOSUR, MEDIANTE LA CUAL SE AMPLIO LAS POSICIONES ARANCELARIAS EXCEPTUADAS DEL ARANCEL EXTERNO COMUN (AEC) QUE CADA ESTADO PARTE PUEDE APLICAR HASTA LOS AÑOS 2028/2030."
HCDN287183,2025,RESOLUCION,A,ue_otro,EXPRESAR BENEPLACITO POR EL TRATADO DE LIBRE COMERCIO ENTRE LA UNION EUROPEA Y EL MERCOSUR.
HCDN287405,2025,RESOLUCION,C,externo,"SOLICITAR AL PODER EJECUTIVO DISPONGA PROMOVER EN EL AMBITO DEL MERCADO COMUN DEL SUR (MERCOSUR) LA ADOPCION DE UNA RENOVADA POSICION COMUN, EN FAVOR DE LA PAZ EN MEDIO ORIENTE."
HCDN287914,2025,RESOLUCION,C,externo,"EXPRESAR BENEPLACITO POR EL RECONOCIMIENTO EFECTUADO POR EL PARLAMENTO DEL MERCOSUR (PARLASUR), AL SINDICATO UNICO DE TRABAJADORES DE FERIAS DE LA REPUBLICA ARGENTINA."
HCDN288546,2025,LEY,C,externo,ELECCION DE PARLAMENTARIOS DEL MERCOSUR - LEY 27120 -. MODIFICACIONES.
HCDN288857,2025,LEY,C,externo,"ESTABLEZCASE QUE HASTA QUE SE CELEBRE LA ELECCION DIRECTA DE PARLAMENTARIOS DEL MERCOSUR, LA REPRESENTACION DE LA REPUBLICA ARGENTINA SERA EJERCIDA POR LEGISLADORES NACIONALES NOMINADOS POR CADA UNA DE LAS CAMARAS DEL HONORABLE CONGRESO DE LA NACION, EN IGUAL NUMERO, RESPETANDO LAS PROPORCIONES PARTIDARIAS. MODIFICACION DEL CODIGO ELECTORAL NACIONAL Y DE DIVERSAS LEYES."
HCDN284689,2025,RESOLUCION,C,externo,"PEDIDO DE INFORMES AL PODER EJECUTIVO SOBRE DIVERSAS CUESTIONES RELACIONADAS CON EL MARCO DE LAS CUMBRES DE CANCILLERES DE LOS PAISES INTEGRANTES DEL MERCOSUR QUE TUVIERON LUGAR EN LA CIUDAD AUTONOMA DE BUENOS AIRES, ARGENTINA, EL 11 DE ABRIL Y EL 2 DE MAYO DE 2025."
HCDN282068,2025,LEY,C,externo,SUSPENSION DE LAS ELECCIONES DIRECTAS DE PARLAMENTARIOS DEL MERCOSUR.
HCDN282710,2025,RESOLUCION,C,externo,INSTAR AL PODER EJECUTIVO A ASEGURAR EL CUMPLIMIENTO DE LA DISPOSICION N° 03/2022 DEL PARLASUR EN RELACION AL PAGO DE LOS VIATICOS CORRESPONDIENTES A LA PARTICIPACION DE LOS REPRESENTANTES DE LA REPUBLICA ARGENTINA ANTE EL PARLAMENTO DEL MERCOSUR.
