diputado_id,anio,exposure,familia,distrito,region,fase,electoral,gobierno,n_rel,n_rel_d
HCDN1136,2009,0.0602,provinciales,SANTIAGO DEL ESTERO,NOA,f1_impasse,1,0,0,0
HCDN1136,2010,0.9993,provinciales,SANTIAGO DEL ESTERO,NOA,f2_relanzamiento,0,0,0,0
HCDN1136,2011,0.9993,provinciales,SANTIAGO DEL ESTERO,NOA,f2_relanzamiento,1,0,0,0
HCDN1136,2012,1.0021,provinciales,SANTIAGO DEL ESTERO,NOA,f2_relanzamiento,0,0,0,0
HCDN1136,2013,0.9993,provinciales,SANTIAGO DEL ESTERO,NOA,f2_relanzamiento,1,0,0,0
HCDN1136,2014,0.9993,provinciales,SANTIAGO DEL ESTERO,NOA,f2_relanzamiento,0,0,0,0
HCDN1136,2015,0.9993,provinciales,SANTIAGO DEL ESTERO,NOA,f2_relanzamiento,1,0,0,0
HCDN1136,2016,1.0021,provinciales,SANTIAGO DEL ESTERO,NOA,f3_reactivacion,0,0,0,0
HCDN1136,2017,0.9993,provinciales,SANTIAGO DEL ESTERO,NOA,f3_reactivacion,1,0,0,0
HCDN1136,2018,0.9993,provinciales,SANTIAGO DEL ESTERO,NOA,f3_reactivacion,0,0,0,0
HCDN1136,2019,0.9993,provinciales,SANTIAGO DEL ESTERO,NOA,f3_reactivacion,1,0,0,0
HCDN1136,2020,1.0021,kirchnerismo,SANTIAGO DEL ESTERO,NOA,f4_paralisis,0,1,0,0
HCDN1136,2021,0.9391,kirchnerismo,SANTIAGO DEL ESTERO,NOA,f4_paralisis,1,1,0,0
HCDN1382,2013,0.0602,kirchnerismo,MENDOZA,CUYO,f2_relanzamiento,1,1,0,0
HCDN1382,2014,0.9993,kirchnerismo,MENDOZA,CUYO,f2_relanzamiento,0,1,0,0
HCDN1382,2015,0.9993,kirchnerismo,MENDOZA,CUYO,f2_relanzamiento,1,1,0,0
HCDN1382,2016,1.0021,kirchnerismo,MENDOZA,CUYO,f3_reactivacion,0,0,1,0
HCDN1382,2017,0.9391,kirchnerismo,MENDOZA,CUYO,f3_reactivacion,1,0,0,0
HCDN1441,2015,0.0602,pro,BUENOS AIRES,PAMPEANA,f2_relanzamiento,1,0,0,0
HCDN1441,2016,1.0021,pro,BUENOS AIRES,PAMPEANA,f3_reactivacion,0,1,0,0
HCDN1441,2017,0.9993,pro,BUENOS AIRES,PAMPEANA,f3_reactivacion,1,1,0,0
HCDN1441,2018,0.9993,pro,BUENOS AIRES,PAMPEANA,f3_reactivacion,0,1,0,0
HCDN1441,2019,0.9391,pro,BUENOS AIRES,PAMPEANA,f3_reactivacion,1,1,0,0
HCDN0055,2023,0.0684,provinciales,SANTA CRUZ,PATAGONIA,f4_paralisis,1,0,0,0
HCDN0055,2024,1.0021,provinciales,SANTA CRUZ,PATAGONIA,f5_cierre,0,0,0,0
HCDN0055,2025,0.7064,provinciales,SANTA CRUZ,PATAGONIA,f5_cierre,1,0,0,0
HCDN0970,2008,1.0021,kirchnerismo,CATAMARCA,NOA,f1_impasse,0,1,0,0
HCDN0970,2009,0.9993,kirchnerismo,CATAMARCA,NOA,f1_impasse,1,1,0,0
HCDN0970,2010,0.9993,kirchnerismo,CATAMARCA,NOA,f2_relanzamiento,0,1,0,0
HCDN0970,2011,0.9391,kirchnerismo,CATAMARCA,NOA,f2_relanzamiento,1,1,0,0
HCDN3018,2023,0.3587,pro,CORDOBA,PAMPEANA,f4_paralisis,1,0,0,0
HCDN3018,2024,1.0021,peronismo_federal,CORDOBA,PAMPEANA,f5_cierre,0,0,0,0
HCDN3018,2025,0.9391,peronismo_federal,CORDOBA,PAMPEANA,f5_cierre,1,0,0,0
HCDN0971,2008,1.0021,kirchnerismo,SANTA FE,PAMPEANA,f1_impasse,0,1,0,0
HCDN0971,2009,0.9993,peronismo_federal,SANTA FE,PAMPEANA,f1_impasse,1,0,0,0
HCDN0971,2010,0.9993,peronismo_federal,SANTA FE,PAMPEANA,f2_relanzamiento,0,0,0,0
HCDN0971,2011,0.9391,peronismo_federal,SANTA FE,PAMPEANA,f2_relanzamiento,1,0,0,0
HCDN0845,2008,1.0021,ucr,CORDOBA,PAMPEANA,f1_impasse,0,0,0,0
HCDN0845,2009,0.9993,ucr,CORDOBA,PAMPEANA,f1_impasse,1,0,0,0
HCDN0845,2010,0.9993,ucr,CORDOBA,PAMPEANA,f2_relanzamiento,0,0,0,0
HCDN0845,2011,0.9993,ucr,CORDOBA,PAMPEANA,f2_relanzamiento,1,0,0,0
HCDN0845,2012,1.0021,ucr,CORDOBA,PAMPEANA,f2_relanzamiento,0,0,0,0
HCDN0845,2013,0.9993,ucr,CORDOBA,PAMPEANA,f2_relanzamiento,1,0,0,0
HCDN0845,2014,0.9993,ucr,CORDOBA,PAMPEANA,f2_relanzamiento,0,0,0,0
HCDN0845,2015,0.9391,ucr,CORDOBA,PAMPEANA,f2_relanzamiento,1,0,0,0
HCDN3166,2025,0.0602,ucr,CHACO,NEA,f5_cierre,1,0,0,0
HCDN1232,2011,0.0602,peronismo_federal,SAN LUIS,CUYO,f2_relanzamiento,1,0,0,0
HCDN1232,2012,1.0021,peronismo_federal,SAN LUIS,CUYO,f2_relanzamiento,0,0,0,0
HCDN1232,2013,0.9993,peronismo_federal,SAN LUIS,CUYO,f2_relanzamiento,1,0,0,0
HCDN1232,2014,0.9993,peronismo_federal,SAN LUIS,CUYO,f2_relanzamiento,0,0,0,0
HCDN1232,2015,0.9391,peronismo_federal,SAN LUIS,CUYO,f2_relanzamiento,1,0,0,0
HCDN0972,2008,1.0021,kirchnerismo,LA RIOJA,NOA,f1_impasse,0,1,0,0
HCDN0972,2009,0.9993,kirchnerismo,LA RIOJA,NOA,f1_impasse,1,1,0,0
HCDN0972,2010,0.9993,kirchnerismo,LA RIOJA,NOA,f2_relanzamiento,0,1,0,0
HCDN0972,2011,0.9391,kirchnerismo,LA RIOJA,NOA,f2_relanzamiento,1,1,0,0
HCDN0972,2019,0.0602,kirchnerismo,LA RIOJA,NOA,f3_reactivacion,1,0,0,0
HCDN0972,2020,1.0021,kirchnerismo,LA RIOJA,NOA,f4_paralisis,0,1,0,0
HCDN0972,2021,0.9993,kirchnerismo,LA RIOJA,NOA,f4_paralisis,1,1,0,0
HCDN0972,2022,0.9993,kirchnerismo,LA RIOJA,NOA,f4_paralisis,0,1,0,0
HCDN0972,2023,0.9993,kirchnerismo,LA RIOJA,NOA,f4_paralisis,1,1,0,0
HCDN0972,2024,1.0021,kirchnerismo,LA RIOJA,NOA,f5_cierre,0,0,0,0
HCDN0972,2025,0.9993,kirchnerismo,LA RIOJA,NOA,f5_cierre,1,0,0,0
HCDN2959,2021,0.0602,ucr,CORRIENTES,NEA,f4_paralisis,1,0,0,0
HCDN2959,2022,0.9993,ucr,CORRIENTES,NEA,f4_paralisis,0,0,0,0
HCDN2959,2023,0.9993,ucr,CORRIENTES,NEA,f4_paralisis,1,0,0,0
HCDN2959,2024,1.0021,ucr,CORRIENTES,NEA,f5_cierre,0,0,0,0
HCDN2959,2025,0.9391,ucr,CORRIENTES,NEA,f5_cierre,1,0,0,0
HCDN2349,2017,0.0602,pro,BUENOS AIRES,PAMPEANA,f3_reactivacion,1,1,0,0
HCDN2349,2018,0.9993,pro,BUENOS AIRES,PAMPEANA,f3_reactivacion,0,1,0,0
HCDN2349,2019,0.9993,pro,BUENOS AIRES,PAMPEANA,f3_reactivacion,1,1,0,0
HCDN2349,2020,1.0021,pro,BUENOS AIRES,PAMPEANA,f4_paralisis,0,0,0,0
HCDN2349,2021,0.9391,pro,BUENOS AIRES,PAMPEANA,f4_paralisis,1,0,0,0
HCDN2916,2021,0.0602,pro,CIUDAD DE BUENOS AIRES,CABA,f4_paralisis,1,0,0,0
HCDN2916,2022,0.9993,pro,CIUDAD DE BUENOS AIRES,CABA,f4_paralisis,0,0,0,0
HCDN2916,2023,0.9993,pro,CIUDAD DE BUENOS AIRES,CABA,f4_paralisis,1,0,0,0
HCDN2916,2024,1.0021,pro,CIUDAD DE BUENOS AIRES,CABA,f5_cierre,0,0,0,0
HCDN2916,2025,0.9993,pro,CIUDAD DE BUENOS AIRES,CABA,f5_cierre,1,0,0,0
HCDN1101,2008,1.0021,peronismo_federal,MENDOZA,CUYO,f1_impasse,0,0,0,0
HCDN1101,2009,0.9391,peronismo_federal,MENDOZA,CUYO,f1_impasse,1,0,0,0
HCDN1101,2011,0.0712,ucr,MENDOZA,CUYO,f2_relanzamiento,1,0,0,0
HCDN1101,2012,1.0021,ucr,MENDOZA,CUYO,f2_relanzamiento,0,0,0,0
HCDN1101,2013,0.9391,ucr,MENDOZA,CUYO,f2_relanzamiento,1,0,0,0
HCDN1572,2016,0.8378,ucr,JUJUY,NOA,f3_reactivacion,0,1,0,0
HCDN1572,2017,0.9391,ucr,JUJUY,NOA,f3_reactivacion,1,1,0,0
HCDN1137,2009,0.0602,kirchnerismo,RIO NEGRO,PATAGONIA,f1_impasse,1,1,0,0
HCDN1137,2010,0.9993,kirchnerismo,RIO NEGRO,PATAGONIA,f2_relanzamiento,0,1,0,0
HCDN1137,2011,0.9993,kirchnerismo,RIO NEGRO,PATAGONIA,f2_relanzamiento,1,1,0,0
HCDN1137,2012,1.0021,kirchnerismo,RIO NEGRO,PATAGONIA,f2_relanzamiento,0,1,0,0
HCDN1137,2013,0.9172,kirchnerismo,RIO NEGRO,PATAGONIA,f2_relanzamiento,1,1,0,0
HCDN0163,2008,1.0021,peronismo_federal,CORDOBA,PAMPEANA,f1_impasse,0,0,0,0
HCDN0163,2009,0.9993,peronismo_federal,CORDOBA,PAMPEANA,f1_impasse,1,0,0,0
HCDN0163,2010,0.2847,peronismo_federal,CORDOBA,PAMPEANA,f2_relanzamiento,0,0,0,0
HCDN1068,2008,1.0021,cc_ari,BUENOS AIRES,PAMPEANA,f1_impasse,0,0,0,0
HCDN1068,2009,0.9993,cc_ari,BUENOS AIRES,PAMPEANA,f1_impasse,1,0,0,0
HCDN1068,2010,0.9993,izquierda_progresista,BUENOS AIRES,PAMPEANA,f2_relanzamiento,0,0,0,0
HCDN1068,2011,0.9391,izquierda_progresista,BUENOS AIRES,PAMPEANA,f2_relanzamiento,1,0,0,0
HCDN2859,2019,0.0356,kirchnerismo,BUENOS AIRES,PAMPEANA,f3_reactivacion,1,0,0,0
HCDN2859,2020,1.0021,kirchnerismo,BUENOS AIRES,PAMPEANA,f4_paralisis,0,1,0,0
HCDN2859,2021,0.9993,kirchnerismo,BUENOS AIRES,PAMPEANA,f4_paralisis,1,1,0,0
HCDN2859,2022,0.9993,kirchnerismo,BUENOS AIRES,PAMPEANA,f4_paralisis,0,1,0,0
HCDN2859,2023,0.9391,kirchnerismo,BUENOS AIRES,PAMPEANA,f4_paralisis,1,1,0,0
HCDN1338,2013,0.0602,peronismo_federal,BUENOS AIRES,PAMPEANA,f2_relanzamiento,1,0,0,0
HCDN1338,2014,0.9993,peronismo_federal,BUENOS AIRES,PAMPEANA,f2_relanzamiento,0,0,0,0
HCDN1338,2015,0.9993,peronismo_federal,BUENOS AIRES,PAMPEANA,f2_relanzamiento,1,0,0,0
HCDN1338,2016,1.0021,peronismo_federal,BUENOS AIRES,PAMPEANA,f3_reactivacion,0,0,0,0
HCDN1338,2017,0.9391,peronismo_federal,BUENOS AIRES,PAMPEANA,f3_reactivacion,1,0,1,1
HCDN0973,2008,1.0021,kirchnerismo,TUCUMAN,NOA,f1_impasse,0,1,3,0
HCDN0973,2009,0.9993,kirchnerismo,TUCUMAN,NOA,f1_impasse,1,1,0,0
HCDN0973,2010,0.9993,kirchnerismo,TUCUMAN,NOA,f2_relanzamiento,0,1,0,0
HCDN0973,2011,0.8049,kirchnerismo,TUCUMAN,NOA,f2_relanzamiento,1,1,0,0
HCDN1138,2009,0.0602,ucr,BUENOS AIRES,PAMPEANA,f1_impasse,1,0,0,0
HCDN1138,2010,0.9993,ucr,BUENOS AIRES,PAMPEANA,f2_relanzamiento,0,0,0,0
HCDN1138,2011,0.9993,ucr,BUENOS AIRES,PAMPEANA,f2_relanzamiento,1,0,0,0
HCDN1138,2012,1.0021,ucr,BUENOS AIRES,PAMPEANA,f2_relanzamiento,0,0,0,0
HCDN1138,2013,0.9993,ucr,BUENOS AIRES,PAMPEANA,f2_relanzamiento,1,0,0,0
HCDN1138,2014,0.9993,ucr,BUENOS AIRES,PAMPEANA,f2_relanzamiento,0,0,0,0
HCDN1138,2015,0.9993,ucr,BUENOS AIRES,PAMPEANA,f2_relanzamiento,1,0,1,1
HCDN1138,2016,1.0021,ucr,BUENOS AIRES,PAMPEANA,f3_reactivacion,0,1,0,0
HCDN1138,2017,0.9391,ucr,BUENOS AIRES,PAMPEANA,f3_reactivacion,1,1,0,0
HCDN3140,2024,0.9199,kirchnerismo,SAN LUIS,CUYO,f5_cierre,0,0,0,0
HCDN3140,2025,0.9993,kirchnerismo,SAN LUIS,CUYO,f5_cierre,1,0,0,0
HCDN2912,2021,0.0602,kirchnerismo,CHUBUT,PATAGONIA,f4_paralisis,1,1,0,0
HCDN2912,2022,0.9993,kirchnerismo,CHUBUT,PATAGONIA,f4_paralisis,0,1,0,0
HCDN2912,2023,0.9993,kirchnerismo,CHUBUT,PATAGONIA,f4_paralisis,1,1,0,0
HCDN2912,2024,1.0021,kirchnerismo,CHUBUT,PATAGONIA,f5_cierre,0,0,0,0
HCDN2912,2025,0.9391,kirchnerismo,CHUBUT,PATAGONIA,f5_cierre,1,0,0,0
HCDN1222,2009,0.0794,kirchnerismo,ENTRE RIOS,PAMPEANA,f1_impasse,1,1,0,0
HCDN1222,2010,0.9993,kirchnerismo,ENTRE RIOS,PAMPEANA,f2_relanzamiento,0,1,0,0
HCDN1222,2011,0.9391,kirchnerismo,ENTRE RIOS,PAMPEANA,f2_relanzamiento,1,1,0,0
HCDN2350,2017,0.0602,provinciales,SAN JUAN,CUYO,f3_reactivacion,1,0,0,0
HCDN2350,2018,0.9993,provinciales,SAN JUAN,CUYO,f3_reactivacion,0,0,0,0
HCDN2350,2019,0.9993,provinciales,SAN JUAN,CUYO,f3_reactivacion,1,0,0,0
HCDN2350,2020,1.0021,kirchnerismo,SAN JUAN,CUYO,f4_paralisis,0,1,0,0
HCDN2350,2021,0.9993,kirchnerismo,SAN JUAN,CUYO,f4_paralisis,1,1,0,0
HCDN2350,2022,0.9993,kirchnerismo,SAN JUAN,CUYO,f4_paralisis,0,1,0,0
HCDN2350,2023,0.9993,kirchnerismo,SAN JUAN,CUYO,f4_paralisis,1,1,0,0
HCDN2350,2024,1.0021,kirchnerismo,SAN JUAN,CUYO,f5_cierre,0,0,0,0
HCDN2350,2025,0.9391,kirchnerismo,SAN JUAN,CUYO,f5_cierre,1,0,0,0
HCDN3171,2025,0.0602,lla,SAN LUIS,CUYO,f5_cierre,1,1,0,0
HCDN3029,2023,0.0602,lla,CORRIENTES,NEA,f4_paralisis,1,0,0,0
HCDN3029,2024,1.0021,lla,CORRIENTES,NEA,f5_cierre,0,1,0,0
HCDN3029,2025,0.9993,lla,CORRIENTES,NEA,f5_cierre,1,1,0,0
HCDN2937,2021,0.0602,kirchnerismo,BUENOS AIRES,PAMPEANA,f4_paralisis,1,1,0,0
HCDN2937,2022,0.9993,kirchnerismo,BUENOS AIRES,PAMPEANA,f4_paralisis,0,1,0,0
HCDN2937,2023,0.9993,kirchnerismo,BUENOS AIRES,PAMPEANA,f4_paralisis,1,1,0,0
HCDN2937,2024,1.0021,kirchnerismo,BUENOS AIRES,PAMPEANA,f5_cierre,0,0,0,0
HCDN2937,2025,0.9391,kirchnerismo,BUENOS AIRES,PAMPEANA,f5_cierre,1,0,0,0
HCDN0733,2009,0.0602,provinciales,CORDOBA,PAMPEANA,f1_impasse,1,0,0,0
HCDN0733,2010,0.9993,provinciales,CORDOBA,PAMPEANA,f2_relanzamiento,0,0,1,0
HCDN0733,2011,0.9993,provinciales,CORDOBA,PAMPEANA,f2_relanzamiento,1,0,0,0
HCDN0733,2012,1.0021,provinciales,CORDOBA,PAMPEANA,f2_relanzamiento,0,0,1,0
HCDN0733,2013,0.9391,provinciales,CORDOBA,PAMPEANA,f2_relanzamiento,1,0,0,0
HCDN1568,2016,0.8378,peronismo_federal,BUENOS AIRES,PAMPEANA,f3_reactivacion,0,0,0,0
HCDN1568,2017,0.9391,peronismo_federal,BUENOS AIRES,PAMPEANA,f3_reactivacion,1,0,0,0
HCDN1139,2009,0.0602,pro,CIUDAD DE BUENOS AIRES,CABA,f1_impasse,1,0,0,0
HCDN1139,2010,0.9993,pro,CIUDAD DE BUENOS AIRES,CABA,f2_relanzamiento,0,0,0,0
HCDN1139,2011,0.9993,pro,CIUDAD DE BUENOS AIRES,CABA,f2_relanzamiento,1,0,0,0
HCDN1139,2012,1.0021,pro,CIUDAD DE BUENOS AIRES,CABA,f2_relanzamiento,0,0,1,0
HCDN1139,2013,0.9993,pro,CIUDAD DE BUENOS AIRES,CABA,f2_relanzamiento,1,0,0,0
HCDN1139,2014,0.9993,pro,CIUDAD DE BUENOS AIRES,CABA,f2_relanzamiento,0,0,3,0
HCDN1139,2015,0.9747,pro,CIUDAD DE BUENOS AIRES,CABA,f2_relanzamiento,1,0,0,0
HCDN2351,2017,0.0602,kirchnerismo,BUENOS AIRES,PAMPEANA,f3_reactivacion,1,0,0,0
HCDN2351,2018,0.9993,kirchnerismo,BUENOS AIRES,PAMPEANA,f3_reactivacion,0,0,0,0
HCDN2351,2019,0.9418,kirchnerismo,BUENOS AIRES,PAMPEANA,f3_reactivacion,1,0,0,0
HCDN1233,2011,0.0602,kirchnerismo,LA PAMPA,PAMPEANA,f2_relanzamiento,1,1,0,0
HCDN1233,2012,1.0021,kirchnerismo,LA PAMPA,PAMPEANA,f2_relanzamiento,0,1,0,0
HCDN1233,2013,0.9993,kirchnerismo,LA PAMPA,PAMPEANA,f2_relanzamiento,1,1,0,0
HCDN1233,2014,0.9993,kirchnerismo,LA PAMPA,PAMPEANA,f2_relanzamiento,0,1,0,0
HCDN1233,2015,0.9391,kirchnerismo,LA PAMPA,PAMPEANA,f2_relanzamiento,1,1,0,0
HCDN2352,2017,0.0602,peronismo_federal,SAN LUIS,CUYO,f3_reactivacion,1,0,0,0
HCDN2352,2018,0.9993,peronismo_federal,SAN LUIS,CUYO,f3_reactivacion,0,0,0,0
HCDN2352,2019,0.9993,peronismo_federal,SAN LUIS,CUYO,f3_reactivacion,1,0,0,0
HCDN2352,2020,1.0021,kirchnerismo,SAN LUIS,CUYO,f4_paralisis,0,1,0,0
HCDN2352,2021,0.9391,kirchnerismo,SAN LUIS,CUYO,f4_paralisis,1,1,0,0
HCDN3178,2023,0.0602,otros,SAN LUIS,CUYO,f4_paralisis,1,0,0,0
HCDN3178,2024,1.0021,otros,SAN LUIS,CUYO,f5_cierre,0,0,0,0
HCDN3178,2025,0.9993,otros,SAN LUIS,CUYO,f5_cierre,1,0,0,0
HCDN1140,2009,0.0602,ucr,SANTA CRUZ,PATAGONIA,f1_impasse,1,0,0,0
HCDN1140,2010,0.9993,ucr,SANTA CRUZ,PATAGONIA,f2_relanzamiento,0,0,0,0
HCDN1140,2011,0.9993,ucr,SANTA CRUZ,PATAGONIA,f2_relanzamiento,1,0,0,0
HCDN1140,2012,1.0021,ucr,SANTA CRUZ,PATAGONIA,f2_relanzamiento,0,0,0,0
HCDN1140,2013,0.9391,ucr,SANTA CRUZ,PATAGONIA,f2_relanzamiento,1,0,0,0
HCDN2790,2019,0.0602,provinciales,LA RIOJA,NOA,f3_reactivacion,1,0,0,0
HCDN2790,2020,1.0021,otros,LA RIOJA,NOA,f4_paralisis,0,0,0,0
HCDN2790,2021,0.9993,otros,LA RIOJA,NOA,f4_paralisis,1,0,0,0
HCDN2790,2022,0.9993,otros,LA RIOJA,NOA,f4_paralisis,0,0,0,0
HCDN2790,2023,0.9391,otros,LA RIOJA,NOA,f4_paralisis,1,0,0,0
HCDN1141,2009,0.0602,ucr,SANTA FE,PAMPEANA,f1_impasse,1,0,0,0
HCDN1141,2010,0.9993,ucr,SANTA FE,PAMPEANA,f2_relanzamiento,0,0,0,0
HCDN1141,2011,0.9993,ucr,SANTA FE,PAMPEANA,f2_relanzamiento,1,0,0,0
HCDN1141,2012,1.0021,ucr,SANTA FE,PAMPEANA,f2_relanzamiento,0,0,1,0
HCDN1141,2013,0.9391,ucr,SANTA FE,PAMPEANA,f2_relanzamiento,1,0,0,0
HCDN0693,2008,1.0021,peronismo_federal,BUENOS AIRES,PAMPEANA,f1_impasse,0,0,0,0
HCDN0693,2009,0.9993,peronismo_federal,BUENOS AIRES,PAMPEANA,f1_impasse,1,0,0,0
HCDN0693,2010,0.9993,peronismo_federal,BUENOS AIRES,PAMPEANA,f2_relanzamiento,0,0,0,0
HCDN0693,2011,0.9391,peronismo_federal,BUENOS AIRES,PAMPEANA,f2_relanzamiento,1,0,0,0
HCDN0846,2015,0.0602,kirchnerismo,BUENOS AIRES,PAMPEANA,f2_relanzamiento,1,1,0,0
HCDN0846,2016,1.0021,kirchnerismo,BUENOS AIRES,PAMPEANA,f3_reactivacion,0,0,0,0
HCDN0846,2017,0.9993,kirchnerismo,BUENOS AIRES,PAMPEANA,f3_reactivacion,1,0,0,0
HCDN0846,2018,0.9993,kirchnerismo,BUENOS AIRES,PAMPEANA,f3_reactivacion,0,0,0,0
HCDN0846,2019,0.9993,kirchnerismo,BUENOS AIRES,PAMPEANA,f3_reactivacion,1,0,0,0
HCDN0846,2020,1.0021,kirchnerismo,BUENOS AIRES,PAMPEANA,f4_paralisis,0,1,0,0
HCDN0846,2021,0.7228,kirchnerismo,BUENOS AIRES,PAMPEANA,f4_paralisis,1,1,0,0
HCDN0974,2008,1.0021,kirchnerismo,MENDOZA,CUYO,f1_impasse,0,1,0,0
HCDN0974,2009,0.9993,kirchnerismo,MENDOZA,CUYO,f1_impasse,1,1,0,0
HCDN0974,2010,0.9993,kirchnerismo,MENDOZA,CUYO,f2_relanzamiento,0,1,0,0
HCDN0974,2011,0.9391,kirchnerismo,MENDOZA,CUYO,f2_relanzamiento,1,1,0,0
HCDN1142,2009,0.0602,peronismo_federal,BUENOS AIRES,PAMPEANA,f1_impasse,1,0,0,0
HCDN1142,2010,0.9993,peronismo_federal,BUENOS AIRES,PAMPEANA,f2_relanzamiento,0,0,0,0
HCDN1142,2011,0.9993,peronismo_federal,BUENOS AIRES,PAMPEANA,f2_relanzamiento,1,0,0,0
HCDN1142,2012,1.0021,peronismo_federal,BUENOS AIRES,PAMPEANA,f2_relanzamiento,0,0,0,0
HCDN1142,2013,0.9391,peronismo_federal,BUENOS AIRES,PAMPEANA,f2_relanzamiento,1,0,0,0
HCDN1142,2015,0.0602,pro,BUENOS AIRES,PAMPEANA,f2_relanzamiento,1,0,0,0
HCDN1142,2016,1.0021,pro,BUENOS AIRES,PAMPEANA,f3_reactivacion,0,1,0,0
HCDN1142,2017,0.9993,pro,BUENOS AIRES,PAMPEANA,f3_reactivacion,1,1,0,0
HCDN1142,2018,0.9993,pro,BUENOS AIRES,PAMPEANA,f3_reactivacion,0,1,0,0
HCDN1142,2019,0.9391,pro,BUENOS AIRES,PAMPEANA,f3_reactivacion,1,1,0,0
HCDN2806,2019,0.0602,pro,TUCUMAN,NOA,f3_reactivacion,1,1,0,0
HCDN2806,2020,1.0021,pro,TUCUMAN,NOA,f4_paralisis,0,0,0,0
HCDN2806,2021,0.9993,pro,TUCUMAN,NOA,f4_paralisis,1,0,0,0
HCDN2806,2022,0.9993,peronismo_federal,TUCUMAN,NOA,f4_paralisis,0,0,0,0
HCDN2806,2023,0.9391,peronismo_federal,TUCUMAN,NOA,f4_paralisis,1,0,0,0
HCDN2805,2019,0.0356,kirchnerismo,SALTA,NOA,f3_reactivacion,1,0,0,0
HCDN2805,2020,0.7337,kirchnerismo,SALTA,NOA,f4_paralisis,0,1,0,0
HCDN3185,2025,0.0602,kirchnerismo,SAN JUAN,CUYO,f5_cierre,1,0,0,0
HCDN3226,2023,0.0602,kirchnerismo,CIUDAD DE BUENOS AIRES,CABA,f4_paralisis,1,1,0,0
HCDN3226,2024,1.0021,kirchnerismo,CIUDAD DE BUENOS AIRES,CABA,f5_cierre,0,0,0,0
HCDN3226,2025,0.9993,kirchnerismo,CIUDAD DE BUENOS AIRES,CABA,f5_cierre,1,0,0,0
HCDN3157,2025,0.0602,lla,JUJUY,NOA,f5_cierre,1,1,0,0
HCDN2793,2019,0.0602,pro,SANTA FE,PAMPEANA,f3_reactivacion,1,1,0,0
HCDN2793,2020,1.0021,pro,SANTA FE,PAMPEANA,f4_paralisis,0,0,0,0
HCDN2793,2021,0.9993,pro,SANTA FE,PAMPEANA,f4_paralisis,1,0,0,0
HCDN2793,2022,0.9993,pro,SANTA FE,PAMPEANA,f4_paralisis,0,0,0,0
HCDN2793,2023,0.9391,pro,SANTA FE,PAMPEANA,f4_paralisis,1,0,0,0
HCDN2354,2017,0.0602,pro,BUENOS AIRES,PAMPEANA,f3_reactivacion,1,1,0,0
HCDN2354,2018,0.9993,pro,BUENOS AIRES,PAMPEANA,f3_reactivacion,0,1,0,0
HCDN2354,2019,0.9993,pro,BUENOS AIRES,PAMPEANA,f3_reactivacion,1,1,0,0
HCDN2354,2020,1.0021,otros,BUENOS AIRES,PAMPEANA,f4_paralisis,0,0,0,0
HCDN2354,2021,0.9391,otros,BUENOS AIRES,PAMPEANA,f4_paralisis,1,0,0,0
HCDN2354,2023,0.0602,lla,BUENOS AIRES,PAMPEANA,f4_paralisis,1,0,0,0
HCDN2354,2024,1.0021,lla,BUENOS AIRES,PAMPEANA,f5_cierre,0,1,0,0
HCDN2354,2025,0.9993,lla,BUENOS AIRES,PAMPEANA,f5_cierre,1,1,0,0
HCDN2893,2021,0.0602,ucr,ENTRE RIOS,PAMPEANA,f4_paralisis,1,0,0,0
HCDN2893,2022,0.9993,ucr,ENTRE RIOS,PAMPEANA,f4_paralisis,0,0,0,0
HCDN2893,2023,0.9993,ucr,ENTRE RIOS,PAMPEANA,f4_paralisis,1,0,0,0
HCDN2893,2024,1.0021,ucr,ENTRE RIOS,PAMPEANA,f5_cierre,0,0,0,0
HCDN2893,2025,0.9391,ucr,ENTRE RIOS,PAMPEANA,f5_cierre,1,0,0,0
HCDN2759,2019,0.0602,kirchnerismo,BUENOS AIRES,PAMPEANA,f3_reactivacion,1,0,0,0
HCDN2759,2020,1.0021,kirchnerismo,BUENOS AIRES,PAMPEANA,f4_paralisis,0,1,0,0
HCDN2759,2021,0.9993,kirchnerismo,BUENOS AIRES,PAMPEANA,f4_paralisis,1,1,0,0
HCDN2759,2022,0.9993,kirchnerismo,BUENOS AIRES,PAMPEANA,f4_paralisis,0,1,0,0
HCDN2759,2023,0.9391,kirchnerismo,BUENOS AIRES,PAMPEANA,f4_paralisis,1,1,0,0
HCDN3032,2023,0.0602,pro,CIUDAD DE BUENOS AIRES,CABA,f4_paralisis,1,0,0,0
HCDN3032,2024,1.0021,pro,CIUDAD DE BUENOS AIRES,CABA,f5_cierre,0,0,0,0
HCDN3032,2025,0.9993,pro,CIUDAD DE BUENOS AIRES,CABA,f5_cierre,1,0,0,0
HCDN1234,2011,0.0602,kirchnerismo,BUENOS AIRES,PAMPEANA,f2_relanzamiento,1,1,0,0
HCDN1234,2012,0.1697,kirchnerismo,BUENOS AIRES,PAMPEANA,f2_relanzamiento,0,1,0,0
HCDN3022,2023,0.1643,provinciales,SAN LUIS,CUYO,f4_paralisis,1,0,0,0
HCDN3022,2024,1.0021,lla,SAN LUIS,CUYO,f5_cierre,0,1,0,0
HCDN3022,2025,0.9391,lla,SAN LUIS,CUYO,f5_cierre,1,1,0,0
HCDN3023,2023,0.0684,lla,CIUDAD DE BUENOS AIRES,CABA,f4_paralisis,1,0,0,0
HCDN3023,2024,1.0021,lla,CIUDAD DE BUENOS AIRES,CABA,f5_cierre,0,1,0,0
HCDN3023,2025,0.9391,lla,CIUDAD DE BUENOS AIRES,CABA,f5_cierre,1,1,0,0
HCDN3047,2023,0.0602,kirchnerismo,TIERRA DEL FUEGO,PATAGONIA,f4_paralisis,1,1,0,0
HCDN3047,2024,1.0021,kirchnerismo,TIERRA DEL FUEGO,PATAGONIA,f5_cierre,0,0,0,0
HCDN3047,2025,0.9993,kirchnerismo,TIERRA DEL FUEGO,PATAGONIA,f5_cierre,1,0,0,0
HCDN0975,2008,1.0021,provinciales,CORRIENTES,NEA,f1_impasse,0,0,0,0
HCDN0975,2009,0.9993,provinciales,CORRIENTES,NEA,f1_impasse,1,0,0,0
HCDN0975,2010,0.9993,provinciales,CORRIENTES,NEA,f2_relanzamiento,0,0,1,0
HCDN0975,2011,0.9391,provinciales,CORRIENTES,NEA,f2_relanzamiento,1,0,0,0
HCDN2355,2017,0.0602,ucr,FORMOSA,NEA,f3_reactivacion,1,1,0,0
HCDN2355,2018,0.9993,ucr,FORMOSA,NEA,f3_reactivacion,0,1,0,0
HCDN2355,2019,0.9993,ucr,FORMOSA,NEA,f3_reactivacion,1,1,0,0
HCDN2355,2020,1.0021,ucr,FORMOSA,NEA,f4_paralisis,0,0,1,1
HCDN2355,2021,0.9391,ucr,FORMOSA,NEA,f4_paralisis,1,0,0,0
HCDN3049,2023,0.0602,pro,LA PAMPA,PAMPEANA,f4_paralisis,1,0,0,0
HCDN3049,2024,1.0021,pro,LA PAMPA,PAMPEANA,f5_cierre,0,0,0,0
HCDN3049,2025,0.9993,pro,LA PAMPA,PAMPEANA,f5_cierre,1,0,0,0
HCDN1143,2009,0.0602,peronismo_federal,SANTA FE,PAMPEANA,f1_impasse,1,0,0,0
HCDN1143,2010,0.9993,peronismo_federal,SANTA FE,PAMPEANA,f2_relanzamiento,0,0,0,0
HCDN1143,2011,0.9993,peronismo_federal,SANTA FE,PAMPEANA,f2_relanzamiento,1,0,0,0
HCDN1143,2012,1.0021,kirchnerismo,SANTA FE,PAMPEANA,f2_relanzamiento,0,1,0,0
HCDN1143,2013,0.9391,kirchnerismo,SANTA FE,PAMPEANA,f2_relanzamiento,1,1,0,0
HCDN1396,2013,0.0602,peronismo_federal,SAN LUIS,CUYO,f2_relanzamiento,1,0,0,0
HCDN1396,2014,0.9993,peronismo_federal,SAN LUIS,CUYO,f2_relanzamiento,0,0,0,0
HCDN1396,2015,0.9993,peronismo_federal,SAN LUIS,CUYO,f2_relanzamiento,1,0,0,0
HCDN1396,2016,1.0021,peronismo_federal,SAN LUIS,CUYO,f3_reactivacion,0,0,0,0
HCDN1396,2017,0.9391,peronismo_federal,SAN LUIS,CUYO,f3_reactivacion,1,0,0,0
HCDN0976,2008,1.0021,kirchnerismo,CORRIENTES,NEA,f1_impasse,0,1,0,0
HCDN0976,2009,0.9993,kirchnerismo,CORRIENTES,NEA,f1_impasse,1,1,0,0
HCDN0976,2010,0.9993,kirchnerismo,CORRIENTES,NEA,f2_relanzamiento,0,1,0,0
HCDN0976,2011,0.9391,kirchnerismo,CORRIENTES,NEA,f2_relanzamiento,1,1,0,0
HCDN1069,2008,1.0021,kirchnerismo,BUENOS AIRES,PAMPEANA,f1_impasse,0,1,0,0
HCDN1069,2009,0.9993,kirchnerismo,BUENOS AIRES,PAMPEANA,f1_impasse,1,1,0,0
HCDN1069,2010,0.9993,kirchnerismo,BUENOS AIRES,PAMPEANA,f2_relanzamiento,0,1,0,0
HCDN1069,2011,0.9391,kirchnerismo,BUENOS AIRES,PAMPEANA,f2_relanzamiento,1,1,0,0
HCDN1144,2009,0.0602,izquierda_progresista,CIUDAD DE BUENOS AIRES,CABA,f1_impasse,1,0,0,0
HCDN1144,2010,0.9993,izquierda_progresista,CIUDAD DE BUENOS AIRES,CABA,f2_relanzamiento,0,0,0,0
HCDN1144,2011,0.9993,izquierda_progresista,CIUDAD DE BUENOS AIRES,CABA,f2_relanzamiento,1,0,0,0
HCDN1144,2012,1.0021,izquierda_progresista,CIUDAD DE BUENOS AIRES,CABA,f2_relanzamiento,0,0,0,0
HCDN1144,2013,0.9993,izquierda_progresista,CIUDAD DE BUENOS AIRES,CABA,f2_relanzamiento,1,0,0,0
HCDN1144,2014,0.9993,izquierda_progresista,CIUDAD DE BUENOS AIRES,CABA,f2_relanzamiento,0,0,0,0
HCDN1144,2015,0.9993,izquierda_progresista,CIUDAD DE BUENOS AIRES,CABA,f2_relanzamiento,1,0,0,0
HCDN1144,2016,1.0021,izquierda_progresista,CIUDAD DE BUENOS AIRES,CABA,f3_reactivacion,0,0,0,0
HCDN1144,2017,0.9391,izquierda_progresista,CIUDAD DE BUENOS AIRES,CABA,f3_reactivacion,1,0,1,0
HCDN2934,2021,0.0602,ucr,MISIONES,NEA,f4_paralisis,1,0,0,0
HCDN2934,2022,0.9993,ucr,MISIONES,NEA,f4_paralisis,0,0,0,0
HCDN2934,2023,0.9993,ucr,MISIONES,NEA,f4_paralisis,1,0,0,0
HCDN2934,2024,1.0021,ucr,MISIONES,NEA,f5_cierre,0,0,0,0
HCDN2934,2025,0.9391,ucr,MISIONES,NEA,f5_cierre,1,0,0,0
HCDN1235,2011,0.0602,kirchnerismo,BUENOS AIRES,PAMPEANA,f2_relanzamiento,1,1,0,0
HCDN1235,2012,1.0021,kirchnerismo,BUENOS AIRES,PAMPEANA,f2_relanzamiento,0,1,0,0
HCDN1235,2013,0.9993,kirchnerismo,BUENOS AIRES,PAMPEANA,f2_relanzamiento,1,1,0,0
HCDN1235,2014,0.9993,kirchnerismo,BUENOS AIRES,PAMPEANA,f2_relanzamiento,0,1,0,0
HCDN1235,2015,0.9391,kirchnerismo,BUENOS AIRES,PAMPEANA,f2_relanzamiento,1,1,0,0
HCDN3014,2022,0.0849,kirchnerismo,BUENOS AIRES,PAMPEANA,f4_paralisis,0,1,0,0
HCDN3014,2023,0.9391,kirchnerismo,BUENOS AIRES,PAMPEANA,f4_paralisis,1,1,0,0
HCDN1581,2016,0.7995,kirchnerismo,BUENOS AIRES,PAMPEANA,f3_reactivacion,0,0,0,0
HCDN1581,2017,0.9391,kirchnerismo,BUENOS AIRES,PAMPEANA,f3_reactivacion,1,0,0,0
HCDN3059,2023,0.0602,lla,MENDOZA,CUYO,f4_paralisis,1,0,0,0
HCDN3059,2024,1.0021,lla,MENDOZA,CUYO,f5_cierre,0,1,0,0
HCDN3059,2025,0.9993,otros,MENDOZA,CUYO,f5_cierre,1,0,0,0
HCDN2356,2017,0.0602,peronismo_federal,BUENOS AIRES,PAMPEANA,f3_reactivacion,1,0,0,0
HCDN2356,2018,0.9993,peronismo_federal,BUENOS AIRES,PAMPEANA,f3_reactivacion,0,0,0,0
HCDN2356,2019,0.9418,otros,BUENOS AIRES,PAMPEANA,f3_reactivacion,1,0,0,0
HCDN2356,2021,0.0602,kirchnerismo,BUENOS AIRES,PAMPEANA,f4_paralisis,1,1,0,0
HCDN2356,2022,0.9993,kirchnerismo,BUENOS AIRES,PAMPEANA,f4_paralisis,0,1,0,0
HCDN2356,2023,0.9993,kirchnerismo,BUENOS AIRES,PAMPEANA,f4_paralisis,1,1,0,0
HCDN2356,2024,1.0021,kirchnerismo,BUENOS AIRES,PAMPEANA,f5_cierre,0,0,0,0
HCDN2356,2025,0.9391,kirchnerismo,BUENOS AIRES,PAMPEANA,f5_cierre,1,0,0,0
HCDN3030,2023,0.0602,provinciales,MISIONES,NEA,f4_paralisis,1,0,0,0
HCDN3030,2024,1.0021,provinciales,MISIONES,NEA,f5_cierre,0,0,0,0
HCDN3030,2025,0.9993,provinciales,MISIONES,NEA,f5_cierre,1,0,0,0
HCDN2758,2019,0.0602,ucr,TUCUMAN,NOA,f3_reactivacion,1,1,0,0
HCDN2758,2020,1.0021,ucr,TUCUMAN,NOA,f4_paralisis,0,0,0,0
HCDN2758,2021,0.9993,ucr,TUCUMAN,NOA,f4_paralisis,1,0,0,0
HCDN2758,2022,0.9993,ucr,TUCUMAN,NOA,f4_paralisis,0,0,0,0
HCDN2758,2023,0.9391,ucr,TUCUMAN,NOA,f4_paralisis,1,0,0,0
HCDN1224,2010,0.6982,peronismo_federal,CORDOBA,PAMPEANA,f2_relanzamiento,0,0,0,0
HCDN1224,2011,0.9391,peronismo_federal,CORDOBA,PAMPEANA,f2_relanzamiento,1,0,0,0
HCDN2441,2018,0.6105,peronismo_federal,BUENOS AIRES,PAMPEANA,f3_reactivacion,0,0,0,0
HCDN2441,2019,0.9391,otros,BUENOS AIRES,PAMPEANA,f3_reactivacion,1,0,0,0
HCDN1145,2009,0.0602,ucr,CORRIENTES,NEA,f1_impasse,1,0,0,0
HCDN1145,2010,0.9993,ucr,CORRIENTES,NEA,f2_relanzamiento,0,0,0,0
HCDN1145,2011,0.9993,ucr,CORRIENTES,NEA,f2_relanzamiento,1,0,0,0
HCDN1145,2012,1.0021,ucr,CORRIENTES,NEA,f2_relanzamiento,0,0,1,0
HCDN1145,2013,0.9391,ucr,CORRIENTES,NEA,f2_relanzamiento,1,0,0,0
HCDN1236,2011,0.0602,peronismo_federal,BUENOS AIRES,PAMPEANA,f2_relanzamiento,1,0,0,0
HCDN1236,2012,1.0021,peronismo_federal,BUENOS AIRES,PAMPEANA,f2_relanzamiento,0,0,3,0
HCDN1236,2013,0.9993,peronismo_federal,BUENOS AIRES,PAMPEANA,f2_relanzamiento,1,0,4,1
HCDN1236,2014,0.9993,otros,BUENOS AIRES,PAMPEANA,f2_relanzamiento,0,0,12,1
HCDN1236,2015,0.9391,otros,BUENOS AIRES,PAMPEANA,f2_relanzamiento,1,0,8,1
HCDN1236,2019,0.0602,pro,BUENOS AIRES,PAMPEANA,f3_reactivacion,1,1,0,0
HCDN1236,2020,1.0021,pro,BUENOS AIRES,PAMPEANA,f4_paralisis,0,0,2,0
HCDN1236,2021,0.9993,pro,BUENOS AIRES,PAMPEANA,f4_paralisis,1,0,2,0
HCDN1236,2022,0.9993,pro,BUENOS AIRES,PAMPEANA,f4_paralisis,0,0,0,0
HCDN1236,2023,0.9391,pro,BUENOS AIRES,PAMPEANA,f4_paralisis,1,0,0,0
HCDN0061,2009,0.0602,peronismo_federal,BUENOS AIRES,PAMPEANA,f1_impasse,1,0,0,0
HCDN0061,2010,0.9993,peronismo_federal,BUENOS AIRES,PAMPEANA,f2_relanzamiento,0,0,0,0
HCDN0061,2011,0.9993,peronismo_federal,BUENOS AIRES,PAMPEANA,f2_relanzamiento,1,0,0,0
HCDN0061,2012,1.0021,peronismo_federal,BUENOS AIRES,PAMPEANA,f2_relanzamiento,0,0,5,0
HCDN0061,2013,0.9391,peronismo_federal,BUENOS AIRES,PAMPEANA,f2_relanzamiento,1,0,1,0
HCDN2921,2021,0.0602,kirchnerismo,SAN JUAN,CUYO,f4_paralisis,1,1,0,0
HCDN2921,2022,0.9993,kirchnerismo,SAN JUAN,CUYO,f4_paralisis,0,1,0,0
HCDN2921,2023,0.9993,kirchnerismo,SAN JUAN,CUYO,f4_paralisis,1,1,0,0
HCDN2921,2024,1.0021,kirchnerismo,SAN JUAN,CUYO,f5_cierre,0,0,0,0
HCDN2921,2025,0.9391,kirchnerismo,SAN JUAN,CUYO,f5_cierre,1,0,0,0
HCDN1582,2016,0.6242,ucr,CORDOBA,PAMPEANA,f3_reactivacion,0,1,0,0
HCDN1582,2017,0.9993,ucr,CORDOBA,PAMPEANA,f3_reactivacion,1,1,0,0
HCDN1582,2018,0.9993,ucr,CORDOBA,PAMPEANA,f3_reactivacion,0,1,0,0
HCDN1582,2019,0.9993,ucr,CORDOBA,PAMPEANA,f3_reactivacion,1,1,1,0
HCDN1582,2020,1.0021,ucr,CORDOBA,PAMPEANA,f4_paralisis,0,0,2,2
HCDN1582,2021,0.9391,ucr,CORDOBA,PAMPEANA,f4_paralisis,1,0,0,0
HCDN3028,2023,0.0602,kirchnerismo,MENDOZA,CUYO,f4_paralisis,1,1,0,0
HCDN3028,2024,1.0021,kirchnerismo,MENDOZA,CUYO,f5_cierre,0,0,0,0
HCDN3028,2025,0.9993,kirchnerismo,MENDOZA,CUYO,f5_cierre,1,0,1,1
HCDN3058,2023,0.0602,pro,CORDOBA,PAMPEANA,f4_paralisis,1,0,0,0
HCDN3058,2024,1.0021,pro,CORDOBA,PAMPEANA,f5_cierre,0,0,0,0
HCDN3058,2025,0.9993,pro,CORDOBA,PAMPEANA,f5_cierre,1,0,0,0
HCDN2357,2017,0.0602,provinciales,TUCUMAN,NOA,f3_reactivacion,1,0,0,0
HCDN2357,2018,0.9993,provinciales,TUCUMAN,NOA,f3_reactivacion,0,0,0,0
HCDN2357,2019,0.9993,provinciales,TUCUMAN,NOA,f3_reactivacion,1,0,0,0
HCDN2357,2020,1.0021,provinciales,TUCUMAN,NOA,f4_paralisis,0,0,0,0
HCDN2357,2021,0.9391,provinciales,TUCUMAN,NOA,f4_paralisis,1,0,0,0
HCDN3052,2023,0.0602,kirchnerismo,CATAMARCA,NOA,f4_paralisis,1,1,0,0
HCDN3052,2024,1.0021,kirchnerismo,CATAMARCA,NOA,f5_cierre,0,0,0,0
HCDN3052,2025,0.9993,kirchnerismo,CATAMARCA,NOA,f5_cierre,1,0,0,0
HCDN3094,2023,0.0602,otros,CHUBUT,PATAGONIA,f4_paralisis,1,0,0,0
HCDN3094,2024,1.0021,peronismo_federal,CHUBUT,PATAGONIA,f5_cierre,0,0,0,0
HCDN3094,2025,0.9993,peronismo_federal,CHUBUT,PATAGONIA,f5_cierre,1,0,0,0
HCDN1237,2011,0.0602,kirchnerismo,RIO NEGRO,PATAGONIA,f2_relanzamiento,1,1,0,0
HCDN1237,2012,1.0021,kirchnerismo,RIO NEGRO,PATAGONIA,f2_relanzamiento,0,1,0,0
HCDN1237,2013,0.9993,kirchnerismo,RIO NEGRO,PATAGONIA,f2_relanzamiento,1,1,0,0
HCDN1237,2014,0.9993,kirchnerismo,RIO NEGRO,PATAGONIA,f2_relanzamiento,0,1,1,0
HCDN1237,2015,0.9391,kirchnerismo,RIO NEGRO,PATAGONIA,f2_relanzamiento,1,1,0,0
HCDN2358,2017,0.0602,ucr,CHACO,NEA,f3_reactivacion,1,1,0,0
HCDN2358,2018,0.9993,ucr,CHACO,NEA,f3_reactivacion,0,1,0,0
HCDN2358,2019,0.9993,ucr,CHACO,NEA,f3_reactivacion,1,1,0,0
HCDN2358,2020,1.0021,ucr,CHACO,NEA,f4_paralisis,0,0,0,0
HCDN2358,2021,0.9391,ucr,CHACO,NEA,f4_paralisis,1,0,0,0
HCDN2947,2021,0.0602,pro,SAN LUIS,CUYO,f4_paralisis,1,0,0,0
HCDN2947,2022,0.9993,pro,SAN LUIS,CUYO,f4_paralisis,0,0,0,0
HCDN2947,2023,0.9993,pro,SAN LUIS,CUYO,f4_paralisis,1,0,0,0
HCDN2947,2024,1.0021,pro,SAN LUIS,CUYO,f5_cierre,0,0,0,0
HCDN2947,2025,0.9391,pro,SAN LUIS,CUYO,f5_cierre,1,0,0,0
HCDN2359,2017,0.0602,peronismo_federal,ENTRE RIOS,PAMPEANA,f3_reactivacion,1,0,0,0
HCDN2359,2018,0.9993,peronismo_federal,ENTRE RIOS,PAMPEANA,f3_reactivacion,0,0,0,0
HCDN2359,2019,0.9199,peronismo_federal,ENTRE RIOS,PAMPEANA,f3_reactivacion,1,0,0,0
HCDN1530,2015,0.0602,pro,MENDOZA,CUYO,f2_relanzamiento,1,0,0,0
HCDN1530,2016,1.0021,pro,MENDOZA,CUYO,f3_reactivacion,0,1,0,0
HCDN1530,2017,0.9993,pro,MENDOZA,CUYO,f3_reactivacion,1,1,0,0
HCDN1530,2018,0.3285,pro,MENDOZA,CUYO,f3_reactivacion,0,1,0,0
HCDN1238,2011,0.0602,kirchnerismo,BUENOS AIRES,PAMPEANA,f2_relanzamiento,1,1,0,0
HCDN1238,2012,1.0021,kirchnerismo,BUENOS AIRES,PAMPEANA,f2_relanzamiento,0,1,0,0
HCDN1238,2013,0.9993,kirchnerismo,BUENOS AIRES,PAMPEANA,f2_relanzamiento,1,1,0,0
HCDN1238,2014,0.9993,kirchnerismo,BUENOS AIRES,PAMPEANA,f2_relanzamiento,0,1,0,0
HCDN1238,2015,0.9391,kirchnerismo,BUENOS AIRES,PAMPEANA,f2_relanzamiento,1,1,0,0
HCDN1364,2013,0.0602,pro,CORDOBA,PAMPEANA,f2_relanzamiento,1,0,0,0
HCDN1364,2014,0.9993,pro,CORDOBA,PAMPEANA,f2_relanzamiento,0,0,0,0
HCDN1364,2015,0.9993,pro,CORDOBA,PAMPEANA,f2_relanzamiento,1,0,0,0
HCDN1364,2016,1.0021,pro,CORDOBA,PAMPEANA,f3_reactivacion,0,1,0,0
HCDN1364,2017,0.9993,pro,CORDOBA,PAMPEANA,f3_reactivacion,1,1,0,0
HCDN1364,2018,0.9993,pro,CORDOBA,PAMPEANA,f3_reactivacion,0,1,0,0
HCDN1364,2019,0.9993,pro,CORDOBA,PAMPEANA,f3_reactivacion,1,1,0,0
HCDN1364,2020,1.0021,pro,CORDOBA,PAMPEANA,f4_paralisis,0,0,0,0
HCDN1364,2021,0.9993,pro,CORDOBA,PAMPEANA,f4_paralisis,1,0,0,0
HCDN1364,2022,0.9993,pro,CORDOBA,PAMPEANA,f4_paralisis,0,0,0,0
HCDN1364,2023,0.9993,pro,CORDOBA,PAMPEANA,f4_paralisis,1,0,0,0
HCDN1364,2024,1.0021,pro,CORDOBA,PAMPEANA,f5_cierre,0,0,0,0
HCDN1364,2025,0.9391,pro,CORDOBA,PAMPEANA,f5_cierre,1,0,0,0
HCDN1034,2008,1.0021,cc_ari,CORDOBA,PAMPEANA,f1_impasse,0,0,0,0
HCDN1034,2009,0.9993,cc_ari,CORDOBA,PAMPEANA,f1_impasse,1,0,0,0
HCDN1034,2010,0.9993,cc_ari,CORDOBA,PAMPEANA,f2_relanzamiento,0,0,0,0
HCDN1034,2011,0.9391,cc_ari,CORDOBA,PAMPEANA,f2_relanzamiento,1,0,0,0
HCDN3143,2024,0.3066,pro,ENTRE RIOS,PAMPEANA,f5_cierre,0,0,1,1
HCDN3143,2025,0.9391,pro,ENTRE RIOS,PAMPEANA,f5_cierre,1,0,0,0
HCDN1447,2015,0.0602,ucr,BUENOS AIRES,PAMPEANA,f2_relanzamiento,1,0,0,0
HCDN1447,2016,1.0021,ucr,BUENOS AIRES,PAMPEANA,f3_reactivacion,0,1,0,0
HCDN1447,2017,0.9993,ucr,BUENOS AIRES,PAMPEANA,f3_reactivacion,1,1,2,0
HCDN1447,2018,0.9993,ucr,BUENOS AIRES,PAMPEANA,f3_reactivacion,0,1,0,0
HCDN1447,2019,0.9993,ucr,BUENOS AIRES,PAMPEANA,f3_reactivacion,1,1,0,0
HCDN1447,2020,1.0021,ucr,BUENOS AIRES,PAMPEANA,f4_paralisis,0,0,0,0
HCDN1447,2021,0.9993,ucr,BUENOS AIRES,PAMPEANA,f4_paralisis,1,0,0,0
HCDN1447,2022,0.9993,ucr,BUENOS AIRES,PAMPEANA,f4_paralisis,0,0,0,0
HCDN1447,2023,0.9993,ucr,BUENOS AIRES,PAMPEANA,f4_paralisis,1,0,0,0
HCDN1447,2024,1.0021,ucr,BUENOS AIRES,PAMPEANA,f5_cierre,0,0,0,0
HCDN1447,2025,0.9993,ucr,BUENOS AIRES,PAMPEANA,f5_cierre,1,0,1,0
HCDN2770,2019,0.0602,kirchnerismo,MISIONES,NEA,f3_reactivacion,1,0,0,0
HCDN2770,2020,1.0021,kirchnerismo,MISIONES,NEA,f4_paralisis,0,1,1,0
HCDN2770,2021,0.9993,kirchnerismo,MISIONES,NEA,f4_paralisis,1,1,0,0
HCDN2770,2022,0.9993,kirchnerismo,MISIONES,NEA,f4_paralisis,0,1,1,0
HCDN2770,2023,0.9391,kirchnerismo,MISIONES,NEA,f4_paralisis,1,1,0,0
HCDN1146,2009,0.0602,ucr,BUENOS AIRES,PAMPEANA,f1_impasse,1,0,0,0
HCDN1146,2010,0.9993,ucr,BUENOS AIRES,PAMPEANA,f2_relanzamiento,0,0,0,0
HCDN1146,2011,0.9993,ucr,BUENOS AIRES,PAMPEANA,f2_relanzamiento,1,0,0,0
HCDN1146,2012,1.0021,ucr,BUENOS AIRES,PAMPEANA,f2_relanzamiento,0,0,0,0
HCDN1146,2013,0.9391,ucr,BUENOS AIRES,PAMPEANA,f2_relanzamiento,1,0,0,0
HCDN3223,2025,0.0602,kirchnerismo,SANTIAGO DEL ESTERO,NOA,f5_cierre,1,0,0,0
HCDN1239,2011,0.0602,izquierda_progresista,SANTA FE,PAMPEANA,f2_relanzamiento,1,0,0,0
HCDN1239,2012,1.0021,izquierda_progresista,SANTA FE,PAMPEANA,f2_relanzamiento,0,0,0,0
HCDN1239,2013,0.9993,izquierda_progresista,SANTA FE,PAMPEANA,f2_relanzamiento,1,0,0,0
HCDN1239,2014,0.9993,izquierda_progresista,SANTA FE,PAMPEANA,f2_relanzamiento,0,0,0,0
HCDN1239,2015,0.9391,izquierda_progresista,SANTA FE,PAMPEANA,f2_relanzamiento,1,0,0,0
HCDN1389,2013,0.0602,kirchnerismo,RIO NEGRO,PATAGONIA,f2_relanzamiento,1,1,0,0
HCDN1389,2014,0.9993,kirchnerismo,RIO NEGRO,PATAGONIA,f2_relanzamiento,0,1,0,0
HCDN1389,2015,0.9993,kirchnerismo,RIO NEGRO,PATAGONIA,f2_relanzamiento,1,1,0,0
HCDN1389,2016,1.0021,kirchnerismo,RIO NEGRO,PATAGONIA,f3_reactivacion,0,0,0,0
HCDN1389,2017,0.9391,kirchnerismo,RIO NEGRO,PATAGONIA,f3_reactivacion,1,0,0,0
HCDN2906,2021,0.0602,ucr,SANTA FE,PAMPEANA,f4_paralisis,1,0,0,0
HCDN2906,2022,0.9993,ucr,SANTA FE,PAMPEANA,f4_paralisis,0,0,0,0
HCDN2906,2023,0.9993,ucr,SANTA FE,PAMPEANA,f4_paralisis,1,0,0,0
HCDN2906,2024,1.0021,ucr,SANTA FE,PAMPEANA,f5_cierre,0,0,0,0
HCDN2906,2025,0.9391,otros,SANTA FE,PAMPEANA,f5_cierre,1,0,0,0
HCDN1401,2013,0.0602,ucr,SANTA FE,PAMPEANA,f2_relanzamiento,1,0,0,0
HCDN1401,2014,0.9993,ucr,SANTA FE,PAMPEANA,f2_relanzamiento,0,0,0,0
HCDN1401,2015,0.9993,ucr,SANTA FE,PAMPEANA,f2_relanzamiento,1,0,0,0
HCDN1401,2016,1.0021,ucr,SANTA FE,PAMPEANA,f3_reactivacion,0,1,0,0
HCDN1401,2017,0.9391,ucr,SANTA FE,PAMPEANA,f3_reactivacion,1,1,0,0
HCDN1147,2009,0.0602,kirchnerismo,ENTRE RIOS,PAMPEANA,f1_impasse,1,1,0,0
HCDN1147,2010,0.9993,kirchnerismo,ENTRE RIOS,PAMPEANA,f2_relanzamiento,0,1,0,0
HCDN1147,2011,0.9993,kirchnerismo,ENTRE RIOS,PAMPEANA,f2_relanzamiento,1,1,1,0
HCDN1147,2012,1.0021,kirchnerismo,ENTRE RIOS,PAMPEANA,f2_relanzamiento,0,1,1,0
HCDN1147,2013,0.9391,kirchnerismo,ENTRE RIOS,PAMPEANA,f2_relanzamiento,1,1,0,0
HCDN1373,2013,0.0602,kirchnerismo,ENTRE RIOS,PAMPEANA,f2_relanzamiento,1,1,0,0
HCDN1373,2014,0.9993,kirchnerismo,ENTRE RIOS,PAMPEANA,f2_relanzamiento,0,1,0,0
HCDN1373,2015,0.9993,kirchnerismo,ENTRE RIOS,PAMPEANA,f2_relanzamiento,1,1,0,0
HCDN1373,2016,1.0021,kirchnerismo,ENTRE RIOS,PAMPEANA,f3_reactivacion,0,0,0,0
HCDN1373,2017,0.9391,kirchnerismo,ENTRE RIOS,PAMPEANA,f3_reactivacion,1,0,0,0
HCDN0977,2008,1.0021,izquierda_progresista,SANTA FE,PAMPEANA,f1_impasse,0,0,0,0
HCDN0977,2009,0.9993,izquierda_progresista,SANTA FE,PAMPEANA,f1_impasse,1,0,0,0
HCDN0977,2010,0.9993,izquierda_progresista,SANTA FE,PAMPEANA,f2_relanzamiento,0,0,0,0
HCDN0977,2011,0.9391,izquierda_progresista,SANTA FE,PAMPEANA,f2_relanzamiento,1,0,0,0
HCDN0578,2008,1.0021,izquierda_progresista,BUENOS AIRES,PAMPEANA,f1_impasse,0,0,0,0
HCDN0578,2009,0.9993,izquierda_progresista,BUENOS AIRES,PAMPEANA,f1_impasse,1,0,0,0
HCDN0578,2010,0.9993,kirchnerismo,BUENOS AIRES,PAMPEANA,f2_relanzamiento,0,1,0,0
HCDN0578,2011,0.9391,kirchnerismo,BUENOS AIRES,PAMPEANA,f2_relanzamiento,1,1,0,0
HCDN1240,2011,0.0602,kirchnerismo,FORMOSA,NEA,f2_relanzamiento,1,1,0,0
HCDN1240,2012,1.0021,kirchnerismo,FORMOSA,NEA,f2_relanzamiento,0,1,0,0
HCDN1240,2013,0.9993,kirchnerismo,FORMOSA,NEA,f2_relanzamiento,1,1,0,0
HCDN1240,2014,0.9993,kirchnerismo,FORMOSA,NEA,f2_relanzamiento,0,1,0,0
HCDN1240,2015,0.9993,kirchnerismo,FORMOSA,NEA,f2_relanzamiento,1,1,0,0
HCDN1240,2016,1.0021,kirchnerismo,FORMOSA,NEA,f3_reactivacion,0,0,0,0
HCDN1240,2017,0.9993,kirchnerismo,FORMOSA,NEA,f3_reactivacion,1,0,0,0
HCDN1240,2018,0.9993,kirchnerismo,FORMOSA,NEA,f3_reactivacion,0,0,0,0
HCDN1240,2019,0.9418,kirchnerismo,FORMOSA,NEA,f3_reactivacion,1,0,0,0
HCDN1240,2023,0.0602,kirchnerismo,FORMOSA,NEA,f4_paralisis,1,1,0,0
HCDN1240,2024,1.0021,kirchnerismo,FORMOSA,NEA,f5_cierre,0,0,0,0
HCDN1240,2025,0.9993,kirchnerismo,FORMOSA,NEA,f5_cierre,1,0,0,0
HCDN3209,2025,0.0602,provinciales,CORDOBA,PAMPEANA,f5_cierre,1,0,0,0
HCDN1241,2011,0.0602,ucr,BUENOS AIRES,PAMPEANA,f2_relanzamiento,1,0,0,0
HCDN1241,2012,1.0021,ucr,BUENOS AIRES,PAMPEANA,f2_relanzamiento,0,0,0,0
HCDN1241,2013,0.9993,ucr,BUENOS AIRES,PAMPEANA,f2_relanzamiento,1,0,0,0
HCDN1241,2014,0.9993,ucr,BUENOS AIRES,PAMPEANA,f2_relanzamiento,0,0,0,0
HCDN1241,2015,0.9993,ucr,BUENOS AIRES,PAMPEANA,f2_relanzamiento,1,0,0,0
HCDN1241,2016,1.0021,ucr,BUENOS AIRES,PAMPEANA,f3_reactivacion,0,1,0,0
HCDN1241,2017,0.9993,ucr,BUENOS AIRES,PAMPEANA,f3_reactivacion,1,1,0,0
HCDN1241,2018,0.9993,ucr,BUENOS AIRES,PAMPEANA,f3_reactivacion,0,1,0,0
HCDN1241,2019,0.9993,ucr,BUENOS AIRES,PAMPEANA,f3_reactivacion,1,1,0,0
HCDN1241,2020,1.0021,ucr,BUENOS AIRES,PAMPEANA,f4_paralisis,0,0,0,0
HCDN1241,2021,0.9993,ucr,BUENOS AIRES,PAMPEANA,f4_paralisis,1,0,0,0
HCDN1241,2022,0.9993,ucr,BUENOS AIRES,PAMPEANA,f4_paralisis,0,0,0,0
HCDN1241,2023,0.9391,ucr,BUENOS AIRES,PAMPEANA,f4_paralisis,1,0,0,0
HCDN3201,2025,0.0602,lla,SAN LUIS,CUYO,f5_cierre,1,1,0,0
HCDN0978,2008,1.0021,kirchnerismo,CORDOBA,PAMPEANA,f1_impasse,0,1,0,0
HCDN0978,2009,0.9993,kirchnerismo,CORDOBA,PAMPEANA,f1_impasse,1,1,0,0
HCDN0978,2010,0.9993,kirchnerismo,CORDOBA,PAMPEANA,f2_relanzamiento,0,1,0,0
HCDN0978,2011,0.9993,kirchnerismo,CORDOBA,PAMPEANA,f2_relanzamiento,1,1,0,0
HCDN0978,2012,1.0021,kirchnerismo,CORDOBA,PAMPEANA,f2_relanzamiento,0,1,0,0
HCDN0978,2013,0.9993,kirchnerismo,CORDOBA,PAMPEANA,f2_relanzamiento,1,1,0,0
HCDN0978,2014,0.9993,kirchnerismo,CORDOBA,PAMPEANA,f2_relanzamiento,0,1,0,0
HCDN0978,2015,0.9391,kirchnerismo,CORDOBA,PAMPEANA,f2_relanzamiento,1,1,0,0
HCDN1570,2016,0.1561,ucr,CORDOBA,PAMPEANA,f3_reactivacion,0,1,0,0
HCDN0979,2008,1.0021,izquierda_progresista,TIERRA DEL FUEGO,PATAGONIA,f1_impasse,0,0,0,0
HCDN0979,2009,0.9993,izquierda_progresista,TIERRA DEL FUEGO,PATAGONIA,f1_impasse,1,0,0,0
HCDN0979,2010,0.9993,izquierda_progresista,TIERRA DEL FUEGO,PATAGONIA,f2_relanzamiento,0,0,0,0
HCDN0979,2011,0.9391,provinciales,TIERRA DEL FUEGO,PATAGONIA,f2_relanzamiento,1,0,0,0
HCDN0980,2008,1.0021,izquierda_progresista,SANTA FE,PAMPEANA,f1_impasse,0,0,0,0
HCDN0980,2009,0.9993,izquierda_progresista,SANTA FE,PAMPEANA,f1_impasse,1,0,0,0
HCDN0980,2010,0.9993,izquierda_progresista,SANTA FE,PAMPEANA,f2_relanzamiento,0,0,0,0
HCDN0980,2011,0.9391,izquierda_progresista,SANTA FE,PAMPEANA,f2_relanzamiento,1,0,0,0
HCDN1148,2009,0.0602,ucr,ENTRE RIOS,PAMPEANA,f1_impasse,1,0,0,0
HCDN1148,2010,0.9993,ucr,ENTRE RIOS,PAMPEANA,f2_relanzamiento,0,0,0,0
HCDN1148,2011,0.9993,ucr,ENTRE RIOS,PAMPEANA,f2_relanzamiento,1,0,0,0
HCDN1148,2012,1.0021,ucr,ENTRE RIOS,PAMPEANA,f2_relanzamiento,0,0,0,0
HCDN1148,2013,0.9391,ucr,ENTRE RIOS,PAMPEANA,f2_relanzamiento,1,0,0,0
HCDN1148,2017,0.0602,ucr,ENTRE RIOS,PAMPEANA,f3_reactivacion,1,1,0,0
HCDN1148,2018,0.9993,ucr,ENTRE RIOS,PAMPEANA,f3_reactivacion,0,1,0,0
HCDN1148,2019,0.9993,ucr,ENTRE RIOS,PAMPEANA,f3_reactivacion,1,1,0,0
HCDN1148,2020,1.0021,ucr,ENTRE RIOS,PAMPEANA,f4_paralisis,0,0,0,0
HCDN1148,2021,0.9391,ucr,ENTRE RIOS,PAMPEANA,f4_paralisis,1,0,0,0
HCDN1148,2023,0.4928,ucr,ENTRE RIOS,PAMPEANA,f4_paralisis,1,0,0,0
HCDN1148,2024,1.0021,ucr,ENTRE RIOS,PAMPEANA,f5_cierre,0,0,1,1
HCDN1148,2025,0.9391,ucr,ENTRE RIOS,PAMPEANA,f5_cierre,1,0,0,0
HCDN3111,2023,0.0602,lla,ENTRE RIOS,PAMPEANA,f4_paralisis,1,0,0,0
HCDN3111,2024,1.0021,lla,ENTRE RIOS,PAMPEANA,f5_cierre,0,1,0,0
HCDN3111,2025,0.9993,lla,ENTRE RIOS,PAMPEANA,f5_cierre,1,1,0,0
HCDN3064,2023,0.0602,lla,BUENOS AIRES,PAMPEANA,f4_paralisis,1,0,0,0
HCDN3064,2024,1.0021,lla,BUENOS AIRES,PAMPEANA,f5_cierre,0,1,0,0
HCDN3064,2025,0.9993,lla,BUENOS AIRES,PAMPEANA,f5_cierre,1,1,0,0
HCDN1359,2013,0.0602,pro,CIUDAD DE BUENOS AIRES,CABA,f2_relanzamiento,1,0,0,0
HCDN1359,2014,0.9993,pro,CIUDAD DE BUENOS AIRES,CABA,f2_relanzamiento,0,0,0,0
HCDN1359,2015,0.9391,pro,CIUDAD DE BUENOS AIRES,CABA,f2_relanzamiento,1,0,0,0
HCDN2777,2019,0.0602,ucr,LA PAMPA,PAMPEANA,f3_reactivacion,1,1,0,0
HCDN2777,2020,1.0021,ucr,LA PAMPA,PAMPEANA,f4_paralisis,0,0,0,0
HCDN2777,2021,0.9993,ucr,LA PAMPA,PAMPEANA,f4_paralisis,1,0,0,0
HCDN2777,2022,0.9993,ucr,LA PAMPA,PAMPEANA,f4_paralisis,0,0,0,0
HCDN2777,2023,0.9391,ucr,LA PAMPA,PAMPEANA,f4_paralisis,1,0,0,0
HCDN2360,2017,0.0602,pro,BUENOS AIRES,PAMPEANA,f3_reactivacion,1,1,0,0
HCDN2360,2018,0.9993,pro,BUENOS AIRES,PAMPEANA,f3_reactivacion,0,1,0,0
HCDN2360,2019,0.9993,pro,BUENOS AIRES,PAMPEANA,f3_reactivacion,1,1,0,0
HCDN2360,2020,1.0021,pro,BUENOS AIRES,PAMPEANA,f4_paralisis,0,0,0,0
HCDN2360,2021,0.9391,pro,BUENOS AIRES,PAMPEANA,f4_paralisis,1,0,2,0
HCDN2917,2021,0.0602,kirchnerismo,MENDOZA,CUYO,f4_paralisis,1,1,0,0
HCDN2917,2022,0.9993,kirchnerismo,MENDOZA,CUYO,f4_paralisis,0,1,0,0
HCDN2917,2023,0.9993,kirchnerismo,MENDOZA,CUYO,f4_paralisis,1,1,0,0
HCDN2917,2024,1.0021,kirchnerismo,MENDOZA,CUYO,f5_cierre,0,0,0,0
HCDN2917,2025,0.9391,kirchnerismo,MENDOZA,CUYO,f5_cierre,1,0,0,0
HCDN2802,2019,0.0602,kirchnerismo,MENDOZA,CUYO,f3_reactivacion,1,0,0,0
HCDN2802,2020,1.0021,kirchnerismo,MENDOZA,CUYO,f4_paralisis,0,1,0,0
HCDN2802,2021,0.2355,kirchnerismo,MENDOZA,CUYO,f4_paralisis,1,1,0,0
HCDN1560,2016,0.8378,provinciales,CHUBUT,PATAGONIA,f3_reactivacion,0,0,0,0
HCDN1560,2017,0.9391,provinciales,CHUBUT,PATAGONIA,f3_reactivacion,1,0,0,0
HCDN1432,2014,0.3477,kirchnerismo,CORDOBA,PAMPEANA,f2_relanzamiento,0,1,0,0
HCDN1432,2015,0.9993,kirchnerismo,CORDOBA,PAMPEANA,f2_relanzamiento,1,1,0,0
HCDN1432,2016,1.0021,provinciales,CORDOBA,PAMPEANA,f3_reactivacion,0,0,0,0
HCDN1432,2017,0.9391,provinciales,CORDOBA,PAMPEANA,f3_reactivacion,1,0,0,0
HCDN1149,2009,0.0602,kirchnerismo,JUJUY,NOA,f1_impasse,1,1,0,0
HCDN1149,2010,0.9993,kirchnerismo,JUJUY,NOA,f2_relanzamiento,0,1,0,0
HCDN1149,2011,0.9993,kirchnerismo,JUJUY,NOA,f2_relanzamiento,1,1,0,0
HCDN1149,2012,1.0021,kirchnerismo,JUJUY,NOA,f2_relanzamiento,0,1,0,0
HCDN1149,2013,0.9391,kirchnerismo,JUJUY,NOA,f2_relanzamiento,1,1,0,0
HCDN1097,2008,1.0021,kirchnerismo,BUENOS AIRES,PAMPEANA,f1_impasse,0,1,0,0
HCDN1097,2009,0.9391,kirchnerismo,BUENOS AIRES,PAMPEANA,f1_impasse,1,1,0,0
HCDN1097,2020,0.7721,kirchnerismo,BUENOS AIRES,PAMPEANA,f4_paralisis,0,1,0,0
HCDN1097,2021,0.9391,kirchnerismo,BUENOS AIRES,PAMPEANA,f4_paralisis,1,1,0,0
HCDN0853,2008,1.0021,pro,CIUDAD DE BUENOS AIRES,CABA,f1_impasse,0,0,0,0
HCDN0853,2009,0.9993,pro,CIUDAD DE BUENOS AIRES,CABA,f1_impasse,1,0,0,0
HCDN0853,2010,0.9993,pro,CIUDAD DE BUENOS AIRES,CABA,f2_relanzamiento,0,0,0,0
HCDN0853,2011,0.9993,pro,CIUDAD DE BUENOS AIRES,CABA,f2_relanzamiento,1,0,0,0
HCDN0853,2012,1.0021,pro,CIUDAD DE BUENOS AIRES,CABA,f2_relanzamiento,0,0,0,0
HCDN0853,2013,0.9391,pro,CIUDAD DE BUENOS AIRES,CABA,f2_relanzamiento,1,0,0,0
HCDN2907,2021,0.0602,kirchnerismo,NEUQUEN,PATAGONIA,f4_paralisis,1,1,0,0
HCDN2907,2022,0.9993,kirchnerismo,NEUQUEN,PATAGONIA,f4_paralisis,0,1,0,0
HCDN2907,2023,0.9993,kirchnerismo,NEUQUEN,PATAGONIA,f4_paralisis,1,1,0,0
HCDN2907,2024,1.0021,kirchnerismo,NEUQUEN,PATAGONIA,f5_cierre,0,0,1,1
HCDN2907,2025,0.9391,kirchnerismo,NEUQUEN,PATAGONIA,f5_cierre,1,0,0,0
HCDN0581,2008,1.0021,kirchnerismo,TIERRA DEL FUEGO,PATAGONIA,f1_impasse,0,1,0,0
HCDN0581,2009,0.9993,kirchnerismo,TIERRA DEL FUEGO,PATAGONIA,f1_impasse,1,1,0,0
HCDN0581,2010,0.9993,kirchnerismo,TIERRA DEL FUEGO,PATAGONIA,f2_relanzamiento,0,1,0,0
HCDN0581,2011,0.9993,kirchnerismo,TIERRA DEL FUEGO,PATAGONIA,f2_relanzamiento,1,1,0,0
HCDN0581,2012,1.0021,kirchnerismo,TIERRA DEL FUEGO,PATAGONIA,f2_relanzamiento,0,1,0,0
HCDN0581,2013,0.9391,kirchnerismo,TIERRA DEL FUEGO,PATAGONIA,f2_relanzamiento,1,1,0,0
HCDN0581,2019,0.0602,kirchnerismo,TIERRA DEL FUEGO,PATAGONIA,f3_reactivacion,1,0,0,0
HCDN0581,2020,1.0021,kirchnerismo,TIERRA DEL FUEGO,PATAGONIA,f4_paralisis,0,1,0,0
HCDN0581,2021,0.9993,kirchnerismo,TIERRA DEL FUEGO,PATAGONIA,f4_paralisis,1,1,0,0
HCDN0581,2022,0.9993,kirchnerismo,TIERRA DEL FUEGO,PATAGONIA,f4_paralisis,0,1,0,0
HCDN0581,2023,0.9391,kirchnerismo,TIERRA DEL FUEGO,PATAGONIA,f4_paralisis,1,1,0,0
HCDN1567,2016,0.8378,pro,CIUDAD DE BUENOS AIRES,CABA,f3_reactivacion,0,1,0,0
HCDN1567,2017,0.9391,pro,CIUDAD DE BUENOS AIRES,CABA,f3_reactivacion,1,1,0,0
HCDN2881,2021,0.0602,pro,BUENOS AIRES,PAMPEANA,f4_paralisis,1,0,0,0
HCDN2881,2022,0.9993,pro,BUENOS AIRES,PAMPEANA,f4_paralisis,0,0,0,0
HCDN2881,2023,0.9993,pro,BUENOS AIRES,PAMPEANA,f4_paralisis,1,0,0,0
HCDN2881,2024,1.0021,pro,BUENOS AIRES,PAMPEANA,f5_cierre,0,0,0,0
HCDN2881,2025,0.9391,pro,BUENOS AIRES,PAMPEANA,f5_cierre,1,0,0,0
HCDN1334,2013,0.5147,kirchnerismo,SANTA FE,PAMPEANA,f2_relanzamiento,1,1,0,0
HCDN1461,2015,0.0602,peronismo_federal,BUENOS AIRES,PAMPEANA,f2_relanzamiento,1,0,0,0
HCDN1461,2016,1.0021,peronismo_federal,BUENOS AIRES,PAMPEANA,f3_reactivacion,0,0,0,0
HCDN1461,2017,0.9993,peronismo_federal,BUENOS AIRES,PAMPEANA,f3_reactivacion,1,0,0,0
HCDN1461,2018,0.9993,peronismo_federal,BUENOS AIRES,PAMPEANA,f3_reactivacion,0,0,0,0
HCDN1461,2019,0.9391,peronismo_federal,BUENOS AIRES,PAMPEANA,f3_reactivacion,1,0,0,0
HCDN3079,2023,0.0602,pro,MISIONES,NEA,f4_paralisis,1,0,0,0
HCDN3079,2024,1.0021,pro,MISIONES,NEA,f5_cierre,0,0,0,0
HCDN3079,2025,0.9993,pro,MISIONES,NEA,f5_cierre,1,0,0,0
HCDN0964,2008,1.0021,peronismo_federal,SAN LUIS,CUYO,f1_impasse,0,0,1,0
HCDN0964,2009,0.9993,peronismo_federal,SAN LUIS,CUYO,f1_impasse,1,0,0,0
HCDN0964,2010,0.9993,peronismo_federal,SAN LUIS,CUYO,f2_relanzamiento,0,0,0,0
HCDN0964,2011,0.9993,peronismo_federal,SAN LUIS,CUYO,f2_relanzamiento,1,0,0,0
HCDN0964,2012,1.0021,peronismo_federal,SAN LUIS,CUYO,f2_relanzamiento,0,0,5,1
HCDN0964,2013,0.9993,peronismo_federal,SAN LUIS,CUYO,f2_relanzamiento,1,0,2,0
HCDN0964,2014,0.9993,peronismo_federal,SAN LUIS,CUYO,f2_relanzamiento,0,0,3,2
HCDN0964,2015,0.9993,peronismo_federal,SAN LUIS,CUYO,f2_relanzamiento,1,0,3,1
HCDN0964,2016,1.0021,peronismo_federal,SAN LUIS,CUYO,f3_reactivacion,0,0,1,1
HCDN0964,2017,0.9993,peronismo_federal,SAN LUIS,CUYO,f3_reactivacion,1,0,0,0
HCDN0964,2018,0.9993,peronismo_federal,SAN LUIS,CUYO,f3_reactivacion,0,0,3,3
HCDN0964,2019,0.9391,peronismo_federal,SAN LUIS,CUYO,f3_reactivacion,1,0,0,0
HCDN1242,2011,0.0602,kirchnerismo,CIUDAD DE BUENOS AIRES,CABA,f2_relanzamiento,1,1,0,0
HCDN1242,2012,1.0021,kirchnerismo,CIUDAD DE BUENOS AIRES,CABA,f2_relanzamiento,0,1,0,0
HCDN1242,2013,0.9993,kirchnerismo,CIUDAD DE BUENOS AIRES,CABA,f2_relanzamiento,1,1,0,0
HCDN1242,2014,0.9993,kirchnerismo,CIUDAD DE BUENOS AIRES,CABA,f2_relanzamiento,0,1,0,0
HCDN1242,2015,0.9391,kirchnerismo,CIUDAD DE BUENOS AIRES,CABA,f2_relanzamiento,1,1,0,0
HCDN3141,2024,0.5147,izquierda_progresista,CIUDAD DE BUENOS AIRES,CABA,f5_cierre,0,0,0,0
HCDN3141,2025,0.501,izquierda_progresista,CIUDAD DE BUENOS AIRES,CABA,f5_cierre,1,0,1,1
HCDN1070,2008,2.0041,kirchnerismo,BUENOS AIRES,PAMPEANA,f1_impasse,0,1,0,0
HCDN1070,2009,1.9384,kirchnerismo,BUENOS AIRES,PAMPEANA,f1_impasse,1,1,0,0
HCDN1070,2010,0.9993,kirchnerismo,BUENOS AIRES,PAMPEANA,f2_relanzamiento,0,1,0,0
HCDN1070,2011,0.9993,kirchnerismo,BUENOS AIRES,PAMPEANA,f2_relanzamiento,1,1,0,0
HCDN1070,2012,1.0021,kirchnerismo,BUENOS AIRES,PAMPEANA,f2_relanzamiento,0,1,0,0
HCDN1070,2013,0.9993,kirchnerismo,BUENOS AIRES,PAMPEANA,f2_relanzamiento,1,1,0,0
HCDN1070,2014,0.9993,kirchnerismo,BUENOS AIRES,PAMPEANA,f2_relanzamiento,0,1,0,0
HCDN1070,2015,0.9391,kirchnerismo,BUENOS AIRES,PAMPEANA,f2_relanzamiento,1,1,0,0
HCDN3240,2025,0.0602,provinciales,SALTA,NOA,f5_cierre,1,0,0,0
HCDN1243,2011,0.0602,ucr,SALTA,NOA,f2_relanzamiento,1,0,0,0
HCDN1243,2012,1.0021,ucr,SALTA,NOA,f2_relanzamiento,0,0,0,0
HCDN1243,2013,0.9993,ucr,SALTA,NOA,f2_relanzamiento,1,0,0,0
HCDN1243,2014,0.9993,ucr,SALTA,NOA,f2_relanzamiento,0,0,2,2
HCDN1243,2015,0.9391,ucr,SALTA,NOA,f2_relanzamiento,1,0,0,0
HCDN0855,2013,0.0602,izquierda_progresista,SANTA FE,PAMPEANA,f2_relanzamiento,1,0,0,0
HCDN0855,2014,0.9993,izquierda_progresista,SANTA FE,PAMPEANA,f2_relanzamiento,0,0,0,0
HCDN0855,2015,0.9993,izquierda_progresista,SANTA FE,PAMPEANA,f2_relanzamiento,1,0,0,0
HCDN0855,2016,1.0021,izquierda_progresista,SANTA FE,PAMPEANA,f3_reactivacion,0,0,0,0
HCDN0855,2017,0.9391,izquierda_progresista,SANTA FE,PAMPEANA,f3_reactivacion,1,0,0,0
HCDN1150,2009,0.0602,kirchnerismo,SANTA CRUZ,PATAGONIA,f1_impasse,1,1,0,0
HCDN1150,2010,0.9993,kirchnerismo,SANTA CRUZ,PATAGONIA,f2_relanzamiento,0,1,0,0
HCDN1150,2011,0.9993,kirchnerismo,SANTA CRUZ,PATAGONIA,f2_relanzamiento,1,1,0,0
HCDN1150,2012,1.0021,kirchnerismo,SANTA CRUZ,PATAGONIA,f2_relanzamiento,0,1,0,0
HCDN1150,2013,0.9391,kirchnerismo,SANTA CRUZ,PATAGONIA,f2_relanzamiento,1,1,0,0
HCDN2847,2019,0.0356,kirchnerismo,SANTA FE,PAMPEANA,f3_reactivacion,1,0,0,0
HCDN2847,2020,1.0021,kirchnerismo,SANTA FE,PAMPEANA,f4_paralisis,0,1,0,0
HCDN2847,2021,0.9391,kirchnerismo,SANTA FE,PAMPEANA,f4_paralisis,1,1,0,0
HCDN3088,2023,0.0602,lla,SANTA FE,PAMPEANA,f4_paralisis,1,0,0,0
HCDN3088,2024,1.0021,lla,SANTA FE,PAMPEANA,f5_cierre,0,1,0,0
HCDN3088,2025,0.9993,lla,SANTA FE,PAMPEANA,f5_cierre,1,1,0,0
HCDN0798,2008,1.0021,izquierda_progresista,CIUDAD DE BUENOS AIRES,CABA,f1_impasse,0,0,1,1
HCDN0798,2009,0.9993,izquierda_progresista,CIUDAD DE BUENOS AIRES,CABA,f1_impasse,1,0,0,0
HCDN0798,2010,0.9993,izquierda_progresista,CIUDAD DE BUENOS AIRES,CABA,f2_relanzamiento,0,0,1,1
HCDN0798,2011,0.9391,izquierda_progresista,CIUDAD DE BUENOS AIRES,CABA,f2_relanzamiento,1,0,1,1
HCDN3048,2023,0.0602,pro,SANTA FE,PAMPEANA,f4_paralisis,1,0,0,0
HCDN3048,2024,1.0021,pro,SANTA FE,PAMPEANA,f5_cierre,0,0,0,0
HCDN3048,2025,0.9993,pro,SANTA FE,PAMPEANA,f5_cierre,1,0,0,0
HCDN2982,2021,0.0438,kirchnerismo,CORRIENTES,NEA,f4_paralisis,1,1,0,0
HCDN2982,2022,0.9993,kirchnerismo,CORRIENTES,NEA,f4_paralisis,0,1,0,0
HCDN2982,2023,0.9391,kirchnerismo,CORRIENTES,NEA,f4_paralisis,1,1,0,0
HCDN3035,2023,0.0602,kirchnerismo,ENTRE RIOS,PAMPEANA,f4_paralisis,1,1,0,0
HCDN3035,2024,1.0021,kirchnerismo,ENTRE RIOS,PAMPEANA,f5_cierre,0,0,0,0
HCDN3035,2025,0.9993,kirchnerismo,ENTRE RIOS,PAMPEANA,f5_cierre,1,0,0,0
HCDN3183,2025,0.0602,kirchnerismo,SANTA FE,PAMPEANA,f5_cierre,1,0,0,0
HCDN2862,2020,0.6379,kirchnerismo,BUENOS AIRES,PAMPEANA,f4_paralisis,0,1,0,0
HCDN2862,2021,0.9993,kirchnerismo,BUENOS AIRES,PAMPEANA,f4_paralisis,1,1,0,0
HCDN2862,2022,0.9993,kirchnerismo,BUENOS AIRES,PAMPEANA,f4_paralisis,0,1,0,0
HCDN2862,2023,0.9391,kirchnerismo,BUENOS AIRES,PAMPEANA,f4_paralisis,1,1,0,0
HCDN3042,2023,0.0602,lla,CORDOBA,PAMPEANA,f4_paralisis,1,0,0,0
HCDN3042,2024,1.0021,lla,CORDOBA,PAMPEANA,f5_cierre,0,1,0,0
HCDN3042,2025,0.9993,lla,CORDOBA,PAMPEANA,f5_cierre,1,1,0,0
HCDN2913,2021,0.0602,cc_ari,BUENOS AIRES,PAMPEANA,f4_paralisis,1,0,0,0
HCDN2913,2022,0.9993,cc_ari,BUENOS AIRES,PAMPEANA,f4_paralisis,0,0,0,0
HCDN2913,2023,0.9993,cc_ari,BUENOS AIRES,PAMPEANA,f4_paralisis,1,0,0,0
HCDN2913,2024,1.0021,cc_ari,BUENOS AIRES,PAMPEANA,f5_cierre,0,0,0,0
HCDN2913,2025,0.9391,cc_ari,BUENOS AIRES,PAMPEANA,f5_cierre,1,0,0,0
HCDN0720,2015,0.0602,ucr,MENDOZA,CUYO,f2_relanzamiento,1,0,0,0
HCDN0720,2016,1.0021,ucr,MENDOZA,CUYO,f3_reactivacion,0,1,0,0
HCDN0720,2017,0.9993,ucr,MENDOZA,CUYO,f3_reactivacion,1,1,0,0
HCDN0720,2018,0.9993,ucr,MENDOZA,CUYO,f3_reactivacion,0,1,0,0
HCDN0720,2019,0.9391,ucr,MENDOZA,CUYO,f3_reactivacion,1,1,0,0
HCDN1450,2015,0.0602,kirchnerismo,BUENOS AIRES,PAMPEANA,f2_relanzamiento,1,1,0,0
HCDN1450,2016,1.0021,peronismo_federal,BUENOS AIRES,PAMPEANA,f3_reactivacion,0,0,0,0
HCDN1450,2017,0.9993,peronismo_federal,BUENOS AIRES,PAMPEANA,f3_reactivacion,1,0,0,0
HCDN1450,2018,0.9993,peronismo_federal,BUENOS AIRES,PAMPEANA,f3_reactivacion,0,0,0,0
HCDN1450,2019,0.9391,peronismo_federal,BUENOS AIRES,PAMPEANA,f3_reactivacion,1,0,0,0
HCDN2932,2021,0.0602,ucr,JUJUY,NOA,f4_paralisis,1,0,0,0
HCDN2932,2022,0.9993,ucr,JUJUY,NOA,f4_paralisis,0,0,0,0
HCDN2932,2023,0.4189,ucr,JUJUY,NOA,f4_paralisis,1,0,0,0
HCDN1425,2013,0.0767,provinciales,TIERRA DEL FUEGO,PATAGONIA,f2_relanzamiento,1,0,0,0
HCDN1425,2014,0.9993,provinciales,TIERRA DEL FUEGO,PATAGONIA,f2_relanzamiento,0,0,0,0
HCDN1425,2015,0.9391,provinciales,TIERRA DEL FUEGO,PATAGONIA,f2_relanzamiento,1,0,0,0
HCDN2440,2018,0.6489,pro,MENDOZA,CUYO,f3_reactivacion,0,1,0,0
HCDN2440,2019,0.9391,pro,MENDOZA,CUYO,f3_reactivacion,1,1,0,0
HCDN2361,2017,0.0602,pro,CORRIENTES,NEA,f3_reactivacion,1,1,0,0
HCDN2361,2018,0.9993,pro,CORRIENTES,NEA,f3_reactivacion,0,1,0,0
HCDN2361,2019,0.9993,pro,CORRIENTES,NEA,f3_reactivacion,1,1,0,0
HCDN2361,2020,1.0021,pro,CORRIENTES,NEA,f4_paralisis,0,0,0,0
HCDN2361,2021,0.9993,pro,CORRIENTES,NEA,f4_paralisis,1,0,0,0
HCDN2361,2022,0.9993,pro,CORRIENTES,NEA,f4_paralisis,0,0,0,0
HCDN2361,2023,0.9993,pro,CORRIENTES,NEA,f4_paralisis,1,0,0,0
HCDN2361,2024,1.0021,pro,CORRIENTES,NEA,f5_cierre,0,0,0,0
HCDN2361,2025,0.9391,pro,CORRIENTES,NEA,f5_cierre,1,0,2,2
HCDN1244,2011,0.0602,kirchnerismo,CIUDAD DE BUENOS AIRES,CABA,f2_relanzamiento,1,1,0,0
HCDN1244,2012,1.0021,kirchnerismo,CIUDAD DE BUENOS AIRES,CABA,f2_relanzamiento,0,1,0,0
HCDN1244,2013,0.9993,kirchnerismo,CIUDAD DE BUENOS AIRES,CABA,f2_relanzamiento,1,1,0,0
HCDN1244,2014,0.9993,kirchnerismo,CIUDAD DE BUENOS AIRES,CABA,f2_relanzamiento,0,1,0,0
HCDN1244,2015,0.9391,kirchnerismo,CIUDAD DE BUENOS AIRES,CABA,f2_relanzamiento,1,1,0,0
HCDN1244,2019,0.0356,kirchnerismo,CIUDAD DE BUENOS AIRES,CABA,f3_reactivacion,1,0,0,0
HCDN1244,2020,1.0021,kirchnerismo,CIUDAD DE BUENOS AIRES,CABA,f4_paralisis,0,1,0,0
HCDN1244,2021,0.9993,kirchnerismo,CIUDAD DE BUENOS AIRES,CABA,f4_paralisis,1,1,0,0
HCDN1244,2022,0.9993,kirchnerismo,CIUDAD DE BUENOS AIRES,CABA,f4_paralisis,0,1,0,0
HCDN1244,2023,0.9391,kirchnerismo,CIUDAD DE BUENOS AIRES,CABA,f4_paralisis,1,1,0,0
HCDN1435,2015,0.5613,izquierda_progresista,BUENOS AIRES,PAMPEANA,f2_relanzamiento,1,0,0,0
HCDN1435,2016,0.9336,izquierda_progresista,BUENOS AIRES,PAMPEANA,f3_reactivacion,0,0,0,0
HCDN1435,2021,0.0602,izquierda_progresista,CIUDAD DE BUENOS AIRES,CABA,f4_paralisis,1,0,0,0
HCDN1435,2022,0.9993,izquierda_progresista,CIUDAD DE BUENOS AIRES,CABA,f4_paralisis,0,0,0,0
HCDN1435,2023,0.9993,izquierda_progresista,CIUDAD DE BUENOS AIRES,CABA,f4_paralisis,1,0,0,0
HCDN1435,2024,0.4435,izquierda_progresista,CIUDAD DE BUENOS AIRES,CABA,f5_cierre,0,0,0,0
HCDN1435,2025,0.0602,izquierda_progresista,CIUDAD DE BUENOS AIRES,CABA,f5_cierre,1,0,0,0
HCDN1576,2016,0.8378,peronismo_federal,CORDOBA,PAMPEANA,f3_reactivacion,0,0,0,0
HCDN1576,2017,0.9391,peronismo_federal,CORDOBA,PAMPEANA,f3_reactivacion,1,0,0,0
HCDN0858,2008,1.0021,provinciales,NEUQUEN,PATAGONIA,f1_impasse,0,0,0,0
HCDN0858,2009,0.9993,provinciales,NEUQUEN,PATAGONIA,f1_impasse,1,0,0,0
HCDN0858,2010,0.9993,provinciales,NEUQUEN,PATAGONIA,f2_relanzamiento,0,0,0,0
HCDN0858,2011,0.9993,provinciales,NEUQUEN,PATAGONIA,f2_relanzamiento,1,0,0,0
HCDN0858,2012,1.0021,provinciales,NEUQUEN,PATAGONIA,f2_relanzamiento,0,0,0,0
HCDN0858,2013,0.9391,provinciales,NEUQUEN,PATAGONIA,f2_relanzamiento,1,0,0,0
HCDN1479,2015,0.0602,kirchnerismo,MISIONES,NEA,f2_relanzamiento,1,1,0,0
HCDN1479,2016,1.0021,kirchnerismo,MISIONES,NEA,f3_reactivacion,0,0,0,0
HCDN1479,2017,0.9993,kirchnerismo,MISIONES,NEA,f3_reactivacion,1,0,0,0
HCDN1479,2018,0.9993,kirchnerismo,MISIONES,NEA,f3_reactivacion,0,0,0,0
HCDN1479,2019,0.9993,kirchnerismo,MISIONES,NEA,f3_reactivacion,1,0,0,0
HCDN1479,2020,1.0021,kirchnerismo,MISIONES,NEA,f4_paralisis,0,1,1,0
HCDN1479,2021,0.9993,kirchnerismo,MISIONES,NEA,f4_paralisis,1,1,3,0
HCDN1479,2022,0.9993,kirchnerismo,MISIONES,NEA,f4_paralisis,0,1,0,0
HCDN1479,2023,0.9391,kirchnerismo,MISIONES,NEA,f4_paralisis,1,1,0,0
HCDN3202,2025,0.0602,lla,CATAMARCA,NOA,f5_cierre,1,1,0,0
HCDN0552,2013,0.0602,ucr,CATAMARCA,NOA,f2_relanzamiento,1,0,0,0
HCDN0552,2014,0.9993,ucr,CATAMARCA,NOA,f2_relanzamiento,0,0,0,0
HCDN0552,2015,0.9993,ucr,CATAMARCA,NOA,f2_relanzamiento,1,0,0,0
HCDN0552,2016,1.0021,ucr,CATAMARCA,NOA,f3_reactivacion,0,1,0,0
HCDN0552,2017,0.9993,ucr,CATAMARCA,NOA,f3_reactivacion,1,1,0,0
HCDN0552,2018,0.9993,ucr,CATAMARCA,NOA,f3_reactivacion,0,1,0,0
HCDN0552,2019,0.9993,ucr,CATAMARCA,NOA,f3_reactivacion,1,1,0,0
HCDN0552,2020,1.0021,ucr,CATAMARCA,NOA,f4_paralisis,0,0,0,0
HCDN0552,2021,0.6489,ucr,CATAMARCA,NOA,f4_paralisis,1,0,0,0
HCDN1245,2011,0.0602,ucr,LA RIOJA,NOA,f2_relanzamiento,1,0,0,0
HCDN1245,2012,1.0021,ucr,LA RIOJA,NOA,f2_relanzamiento,0,0,0,0
HCDN1245,2013,0.9993,ucr,LA RIOJA,NOA,f2_relanzamiento,1,0,0,0
HCDN1245,2014,0.2519,ucr,LA RIOJA,NOA,f2_relanzamiento,0,0,0,0
HCDN1246,2011,0.0602,kirchnerismo,TUCUMAN,NOA,f2_relanzamiento,1,1,0,0
HCDN1246,2012,1.0021,kirchnerismo,TUCUMAN,NOA,f2_relanzamiento,0,1,0,0
HCDN1246,2013,0.9993,kirchnerismo,TUCUMAN,NOA,f2_relanzamiento,1,1,0,0
HCDN1246,2014,0.9993,kirchnerismo,TUCUMAN,NOA,f2_relanzamiento,0,1,0,0
HCDN1246,2015,0.9391,kirchnerismo,TUCUMAN,NOA,f2_relanzamiento,1,1,0,0
HCDN2956,2021,0.0602,ucr,CORDOBA,PAMPEANA,f4_paralisis,1,0,0,0
HCDN2956,2022,0.9993,ucr,CORDOBA,PAMPEANA,f4_paralisis,0,0,0,0
HCDN2956,2023,0.9993,ucr,CORDOBA,PAMPEANA,f4_paralisis,1,0,0,0
HCDN2956,2024,1.0021,ucr,CORDOBA,PAMPEANA,f5_cierre,0,0,0,0
HCDN2956,2025,0.9391,ucr,CORDOBA,PAMPEANA,f5_cierre,1,0,0,0
HCDN0586,2011,0.0602,peronismo_federal,BUENOS AIRES,PAMPEANA,f2_relanzamiento,1,0,0,0
HCDN0586,2012,1.0021,peronismo_federal,BUENOS AIRES,PAMPEANA,f2_relanzamiento,0,0,0,0
HCDN0586,2013,0.9993,peronismo_federal,BUENOS AIRES,PAMPEANA,f2_relanzamiento,1,0,0,0
HCDN0586,2014,0.9993,peronismo_federal,BUENOS AIRES,PAMPEANA,f2_relanzamiento,0,0,0,0
HCDN0586,2015,0.9391,peronismo_federal,BUENOS AIRES,PAMPEANA,f2_relanzamiento,1,0,0,0
HCDN0859,2008,1.0021,provinciales,SANTIAGO DEL ESTERO,NOA,f1_impasse,0,0,0,0
HCDN0859,2009,0.9993,provinciales,SANTIAGO DEL ESTERO,NOA,f1_impasse,1,0,0,0
HCDN0859,2010,0.9993,provinciales,SANTIAGO DEL ESTERO,NOA,f2_relanzamiento,0,0,0,0
HCDN0859,2011,0.9993,provinciales,SANTIAGO DEL ESTERO,NOA,f2_relanzamiento,1,0,0,0
HCDN0859,2012,1.0021,provinciales,SANTIAGO DEL ESTERO,NOA,f2_relanzamiento,0,0,0,0
HCDN0859,2013,0.9391,provinciales,SANTIAGO DEL ESTERO,NOA,f2_relanzamiento,1,0,0,0
HCDN0859,2019,0.0602,kirchnerismo,SANTIAGO DEL ESTERO,NOA,f3_reactivacion,1,0,0,0
HCDN0859,2020,1.0021,kirchnerismo,SANTIAGO DEL ESTERO,NOA,f4_paralisis,0,1,0,0
HCDN0859,2021,0.9993,kirchnerismo,SANTIAGO DEL ESTERO,NOA,f4_paralisis,1,1,0,0
HCDN0859,2022,0.9993,kirchnerismo,SANTIAGO DEL ESTERO,NOA,f4_paralisis,0,1,0,0
HCDN0859,2023,0.9391,kirchnerismo,SANTIAGO DEL ESTERO,NOA,f4_paralisis,1,1,0,0
HCDN1577,2016,0.8378,peronismo_federal,CORDOBA,PAMPEANA,f3_reactivacion,0,0,0,0
HCDN1577,2017,0.9993,peronismo_federal,CORDOBA,PAMPEANA,f3_reactivacion,1,0,0,0
HCDN1577,2018,0.9993,peronismo_federal,CORDOBA,PAMPEANA,f3_reactivacion,0,0,0,0
HCDN1577,2019,0.9391,peronismo_federal,CORDOBA,PAMPEANA,f3_reactivacion,1,0,0,0
HCDN1577,2023,0.0602,peronismo_federal,CORDOBA,PAMPEANA,f4_paralisis,1,0,0,0
HCDN1577,2024,1.0021,peronismo_federal,CORDOBA,PAMPEANA,f5_cierre,0,0,0,0
HCDN1577,2025,0.9993,peronismo_federal,CORDOBA,PAMPEANA,f5_cierre,1,0,0,0
HCDN3190,2023,0.0602,lla,SALTA,NOA,f4_paralisis,1,0,0,0
HCDN3190,2024,1.0021,lla,SALTA,NOA,f5_cierre,0,1,0,0
HCDN3190,2025,0.9993,lla,SALTA,NOA,f5_cierre,1,1,0,0
HCDN2432,2017,0.0602,peronismo_federal,BUENOS AIRES,PAMPEANA,f3_reactivacion,1,0,0,0
HCDN2432,2018,0.9993,peronismo_federal,BUENOS AIRES,PAMPEANA,f3_reactivacion,0,0,0,0
HCDN2432,2019,0.9993,peronismo_federal,BUENOS AIRES,PAMPEANA,f3_reactivacion,1,0,0,0
HCDN2432,2020,1.0021,peronismo_federal,BUENOS AIRES,PAMPEANA,f4_paralisis,0,0,0,0
HCDN2432,2021,0.9391,peronismo_federal,BUENOS AIRES,PAMPEANA,f4_paralisis,1,0,0,0
HCDN1446,2015,0.0602,pro,BUENOS AIRES,PAMPEANA,f2_relanzamiento,1,0,0,0
HCDN1446,2016,1.0021,pro,BUENOS AIRES,PAMPEANA,f3_reactivacion,0,1,0,0
HCDN1446,2017,0.9993,pro,BUENOS AIRES,PAMPEANA,f3_reactivacion,1,1,0,0
HCDN1446,2018,0.9993,pro,BUENOS AIRES,PAMPEANA,f3_reactivacion,0,1,0,0
HCDN1446,2019,0.9391,pro,BUENOS AIRES,PAMPEANA,f3_reactivacion,1,1,0,0
HCDN0860,2008,1.0021,pro,CIUDAD DE BUENOS AIRES,CABA,f1_impasse,0,0,0,0
HCDN0860,2009,0.9993,pro,CIUDAD DE BUENOS AIRES,CABA,f1_impasse,1,0,0,0
HCDN0860,2010,0.6653,pro,CIUDAD DE BUENOS AIRES,CABA,f2_relanzamiento,0,0,0,0
HCDN0509,2008,1.0021,cc_ari,CIUDAD DE BUENOS AIRES,CABA,f1_impasse,0,0,0,0
HCDN0509,2009,0.9993,cc_ari,CIUDAD DE BUENOS AIRES,CABA,f1_impasse,1,0,0,0
HCDN0509,2010,0.9993,cc_ari,CIUDAD DE BUENOS AIRES,CABA,f2_relanzamiento,0,0,1,0
HCDN0509,2011,0.9993,cc_ari,CIUDAD DE BUENOS AIRES,CABA,f2_relanzamiento,1,0,0,0
HCDN0509,2012,1.0021,pro,CIUDAD DE BUENOS AIRES,CABA,f2_relanzamiento,0,0,1,0
HCDN0509,2013,0.9993,pro,CIUDAD DE BUENOS AIRES,CABA,f2_relanzamiento,1,0,0,0
HCDN0509,2014,0.9993,pro,CIUDAD DE BUENOS AIRES,CABA,f2_relanzamiento,0,0,1,0
HCDN0509,2015,0.9391,pro,CIUDAD DE BUENOS AIRES,CABA,f2_relanzamiento,1,0,0,0
HCDN1376,2013,0.0602,ucr,JUJUY,NOA,f2_relanzamiento,1,0,0,0
HCDN1376,2014,0.9993,ucr,JUJUY,NOA,f2_relanzamiento,0,0,0,0
HCDN1376,2015,0.9993,ucr,JUJUY,NOA,f2_relanzamiento,1,0,0,0
HCDN1376,2016,1.0021,ucr,JUJUY,NOA,f3_reactivacion,0,1,0,0
HCDN1376,2017,0.9993,ucr,JUJUY,NOA,f3_reactivacion,1,1,0,0
HCDN1376,2018,0.9993,ucr,JUJUY,NOA,f3_reactivacion,0,1,0,0
HCDN1376,2019,0.9993,ucr,JUJUY,NOA,f3_reactivacion,1,1,0,0
HCDN1376,2020,1.0021,ucr,JUJUY,NOA,f4_paralisis,0,0,0,0
HCDN1376,2021,0.9391,ucr,JUJUY,NOA,f4_paralisis,1,0,0,0
HCDN1151,2009,0.0602,ucr,FORMOSA,NEA,f1_impasse,1,0,0,0
HCDN1151,2010,0.9993,ucr,FORMOSA,NEA,f2_relanzamiento,0,0,0,0
HCDN1151,2011,0.9993,ucr,FORMOSA,NEA,f2_relanzamiento,1,0,0,0
HCDN1151,2012,1.0021,ucr,FORMOSA,NEA,f2_relanzamiento,0,0,0,0
HCDN1151,2013,0.9993,ucr,FORMOSA,NEA,f2_relanzamiento,1,0,1,0
HCDN1151,2014,0.9993,ucr,FORMOSA,NEA,f2_relanzamiento,0,0,0,0
HCDN1151,2015,0.9993,ucr,FORMOSA,NEA,f2_relanzamiento,1,0,0,0
HCDN1151,2016,0.1643,ucr,FORMOSA,NEA,f3_reactivacion,0,1,0,0
HCDN1151,2019,0.0602,ucr,FORMOSA,NEA,f3_reactivacion,1,1,0,0
HCDN1151,2020,1.0021,ucr,FORMOSA,NEA,f4_paralisis,0,0,0,0
HCDN1151,2021,0.9993,ucr,FORMOSA,NEA,f4_paralisis,1,0,0,0
HCDN1151,2022,0.9993,ucr,FORMOSA,NEA,f4_paralisis,0,0,0,0
HCDN1151,2023,0.9391,ucr,FORMOSA,NEA,f4_paralisis,1,0,0,0
HCDN2676,2019,0.4572,pro,CIUDAD DE BUENOS AIRES,CABA,f3_reactivacion,1,1,0,0
HCDN1360,2013,0.0602,kirchnerismo,CIUDAD DE BUENOS AIRES,CABA,f2_relanzamiento,1,1,0,0
HCDN1360,2014,0.9993,kirchnerismo,CIUDAD DE BUENOS AIRES,CABA,f2_relanzamiento,0,1,0,0
HCDN1360,2015,0.9993,kirchnerismo,CIUDAD DE BUENOS AIRES,CABA,f2_relanzamiento,1,1,0,0
HCDN1360,2016,1.0021,kirchnerismo,CIUDAD DE BUENOS AIRES,CABA,f3_reactivacion,0,0,0,0
HCDN1360,2017,0.9993,kirchnerismo,CIUDAD DE BUENOS AIRES,CABA,f3_reactivacion,1,0,0,0
HCDN1360,2018,0.9993,kirchnerismo,CIUDAD DE BUENOS AIRES,CABA,f3_reactivacion,0,0,0,0
HCDN1360,2019,0.9391,kirchnerismo,CIUDAD DE BUENOS AIRES,CABA,f3_reactivacion,1,0,0,0
HCDN2785,2019,0.0602,ucr,SAN LUIS,CUYO,f3_reactivacion,1,1,0,0
HCDN2785,2020,1.0021,ucr,SAN LUIS,CUYO,f4_paralisis,0,0,0,0
HCDN2785,2021,0.9993,ucr,SAN LUIS,CUYO,f4_paralisis,1,0,0,0
HCDN2785,2022,0.9993,ucr,SAN LUIS,CUYO,f4_paralisis,0,0,0,0
HCDN2785,2023,0.9391,ucr,SAN LUIS,CUYO,f4_paralisis,1,0,0,0
HCDN2861,2020,0.846,pro,BUENOS AIRES,PAMPEANA,f4_paralisis,0,0,0,0
HCDN2861,2021,0.9391,pro,BUENOS AIRES,PAMPEANA,f4_paralisis,1,0,0,0
HCDN1394,2013,0.0602,pro,SAN JUAN,CUYO,f2_relanzamiento,1,0,0,0
HCDN1394,2014,0.9993,pro,SAN JUAN,CUYO,f2_relanzamiento,0,0,0,0
HCDN1394,2015,0.9993,pro,SAN JUAN,CUYO,f2_relanzamiento,1,0,0,0
HCDN1394,2016,1.0021,pro,SAN JUAN,CUYO,f3_reactivacion,0,1,0,0
HCDN1394,2017,0.9993,pro,SAN JUAN,CUYO,f3_reactivacion,1,1,0,0
HCDN1394,2018,0.9993,pro,SAN JUAN,CUYO,f3_reactivacion,0,1,0,0
HCDN1394,2019,0.9993,pro,SAN JUAN,CUYO,f3_reactivacion,1,1,0,0
HCDN1394,2020,1.0021,pro,SAN JUAN,CUYO,f4_paralisis,0,0,0,0
HCDN1394,2021,0.9391,pro,SAN JUAN,CUYO,f4_paralisis,1,0,0,0
HCDN2831,2023,0.0602,kirchnerismo,BUENOS AIRES,PAMPEANA,f4_paralisis,1,1,0,0
HCDN2831,2024,1.0021,kirchnerismo,BUENOS AIRES,PAMPEANA,f5_cierre,0,0,1,0
HCDN2831,2025,0.9993,kirchnerismo,BUENOS AIRES,PAMPEANA,f5_cierre,1,0,2,0
HCDN0969,2011,0.0602,kirchnerismo,BUENOS AIRES,PAMPEANA,f2_relanzamiento,1,1,0,0
HCDN0969,2012,1.0021,kirchnerismo,BUENOS AIRES,PAMPEANA,f2_relanzamiento,0,1,0,0
HCDN0969,2013,0.9993,kirchnerismo,BUENOS AIRES,PAMPEANA,f2_relanzamiento,1,1,0,0
HCDN0969,2014,0.9993,kirchnerismo,BUENOS AIRES,PAMPEANA,f2_relanzamiento,0,1,0,0
HCDN0969,2015,0.9391,kirchnerismo,BUENOS AIRES,PAMPEANA,f2_relanzamiento,1,1,0,0
HCDN0981,2008,1.0021,kirchnerismo,TIERRA DEL FUEGO,PATAGONIA,f1_impasse,0,1,0,0
HCDN0981,2009,0.9993,kirchnerismo,TIERRA DEL FUEGO,PATAGONIA,f1_impasse,1,1,0,0
HCDN0981,2010,0.9993,kirchnerismo,TIERRA DEL FUEGO,PATAGONIA,f2_relanzamiento,0,1,0,0
HCDN0981,2011,0.9391,kirchnerismo,TIERRA DEL FUEGO,PATAGONIA,f2_relanzamiento,1,1,0,0
HCDN2800,2019,0.0602,kirchnerismo,SALTA,NOA,f3_reactivacion,1,0,0,0
HCDN2800,2020,1.0021,kirchnerismo,SALTA,NOA,f4_paralisis,0,1,0,0
HCDN2800,2021,0.9993,kirchnerismo,SALTA,NOA,f4_paralisis,1,1,0,0
HCDN2800,2022,0.9993,kirchnerismo,SALTA,NOA,f4_paralisis,0,1,0,0
HCDN2800,2023,0.9391,kirchnerismo,SALTA,NOA,f4_paralisis,1,1,0,0
HCDN1575,2016,0.8378,peronismo_federal,CORDOBA,PAMPEANA,f3_reactivacion,0,0,0,0
HCDN1575,2017,0.9391,peronismo_federal,CORDOBA,PAMPEANA,f3_reactivacion,1,0,0,0
HCDN2946,2021,0.0602,kirchnerismo,SALTA,NOA,f4_paralisis,1,1,0,0
HCDN2946,2022,0.9993,kirchnerismo,SALTA,NOA,f4_paralisis,0,1,0,0
HCDN2946,2023,0.9993,kirchnerismo,SALTA,NOA,f4_paralisis,1,1,0,0
HCDN2946,2024,1.0021,provinciales,SALTA,NOA,f5_cierre,0,0,0,0
HCDN2946,2025,0.9391,provinciales,SALTA,NOA,f5_cierre,1,0,0,0
HCDN0173,2008,1.0021,kirchnerismo,BUENOS AIRES,PAMPEANA,f1_impasse,0,1,0,0
HCDN0173,2009,0.9993,kirchnerismo,BUENOS AIRES,PAMPEANA,f1_impasse,1,1,0,0
HCDN0173,2010,0.9993,peronismo_federal,BUENOS AIRES,PAMPEANA,f2_relanzamiento,0,0,0,0
HCDN0173,2011,0.9993,peronismo_federal,BUENOS AIRES,PAMPEANA,f2_relanzamiento,1,0,0,0
HCDN0173,2012,1.0021,peronismo_federal,BUENOS AIRES,PAMPEANA,f2_relanzamiento,0,0,0,0
HCDN0173,2013,0.9993,peronismo_federal,BUENOS AIRES,PAMPEANA,f2_relanzamiento,1,0,0,0
HCDN0173,2014,0.9993,peronismo_federal,BUENOS AIRES,PAMPEANA,f2_relanzamiento,0,0,0,0
HCDN0173,2015,0.9993,peronismo_federal,BUENOS AIRES,PAMPEANA,f2_relanzamiento,1,0,0,0
HCDN0173,2016,1.0021,peronismo_federal,BUENOS AIRES,PAMPEANA,f3_reactivacion,0,0,0,0
HCDN0173,2017,0.9993,peronismo_federal,BUENOS AIRES,PAMPEANA,f3_reactivacion,1,0,0,0
HCDN0173,2018,0.9993,peronismo_federal,BUENOS AIRES,PAMPEANA,f3_reactivacion,0,0,0,0
HCDN0173,2019,0.9993,peronismo_federal,BUENOS AIRES,PAMPEANA,f3_reactivacion,1,0,0,0
HCDN0173,2020,1.0021,peronismo_federal,BUENOS AIRES,PAMPEANA,f4_paralisis,0,0,0,0
HCDN0173,2021,0.9993,peronismo_federal,BUENOS AIRES,PAMPEANA,f4_paralisis,1,0,1,1
HCDN0173,2022,0.9993,peronismo_federal,BUENOS AIRES,PAMPEANA,f4_paralisis,0,0,1,1
HCDN0173,2023,0.9391,peronismo_federal,BUENOS AIRES,PAMPEANA,f4_paralisis,1,0,0,0
HCDN2362,2017,0.0602,cc_ari,BUENOS AIRES,PAMPEANA,f3_reactivacion,1,1,0,0
HCDN2362,2018,0.9993,cc_ari,BUENOS AIRES,PAMPEANA,f3_reactivacion,0,1,0,0
HCDN2362,2019,0.9993,cc_ari,BUENOS AIRES,PAMPEANA,f3_reactivacion,1,1,0,0
HCDN2362,2020,1.0021,cc_ari,BUENOS AIRES,PAMPEANA,f4_paralisis,0,0,0,0
HCDN2362,2021,0.9993,cc_ari,BUENOS AIRES,PAMPEANA,f4_paralisis,1,0,0,0
HCDN2362,2022,0.9993,cc_ari,BUENOS AIRES,PAMPEANA,f4_paralisis,0,0,0,0
HCDN2362,2023,0.9993,cc_ari,BUENOS AIRES,PAMPEANA,f4_paralisis,1,0,0,0
HCDN2362,2024,1.0021,cc_ari,BUENOS AIRES,PAMPEANA,f5_cierre,0,0,0,0
HCDN2362,2025,0.9391,cc_ari,BUENOS AIRES,PAMPEANA,f5_cierre,1,0,0,0
HCDN3044,2023,0.0602,ucr,TUCUMAN,NOA,f4_paralisis,1,0,0,0
HCDN3044,2024,1.0021,ucr,TUCUMAN,NOA,f5_cierre,0,0,0,0
HCDN3044,2025,0.9993,ucr,TUCUMAN,NOA,f5_cierre,1,0,0,0
HCDN3093,2023,0.0602,kirchnerismo,SANTIAGO DEL ESTERO,NOA,f4_paralisis,1,1,0,0
HCDN3093,2024,1.0021,kirchnerismo,SANTIAGO DEL ESTERO,NOA,f5_cierre,0,0,0,0
HCDN3093,2025,0.9993,kirchnerismo,SANTIAGO DEL ESTERO,NOA,f5_cierre,1,0,0,0
HCDN3198,2025,0.0602,kirchnerismo,CHACO,NEA,f5_cierre,1,0,0,0
HCDN3174,2025,0.0602,kirchnerismo,CIUDAD DE BUENOS AIRES,CABA,f5_cierre,1,0,0,0
HCDN2363,2017,0.0602,cc_ari,BUENOS AIRES,PAMPEANA,f3_reactivacion,1,1,0,0
HCDN2363,2018,0.9993,cc_ari,BUENOS AIRES,PAMPEANA,f3_reactivacion,0,1,0,0
HCDN2363,2019,0.9993,cc_ari,BUENOS AIRES,PAMPEANA,f3_reactivacion,1,1,0,0
HCDN2363,2020,1.0021,cc_ari,BUENOS AIRES,PAMPEANA,f4_paralisis,0,0,0,0
HCDN2363,2021,0.9391,cc_ari,BUENOS AIRES,PAMPEANA,f4_paralisis,1,0,0,0
HCDN0862,2008,1.0021,kirchnerismo,SALTA,NOA,f1_impasse,0,1,0,0
HCDN0862,2009,0.9391,kirchnerismo,SALTA,NOA,f1_impasse,1,1,0,0
HCDN0862,2013,0.0767,kirchnerismo,SALTA,NOA,f2_relanzamiento,1,1,0,0
HCDN0862,2014,0.9993,kirchnerismo,SALTA,NOA,f2_relanzamiento,0,1,0,0
HCDN0862,2015,0.9391,kirchnerismo,SALTA,NOA,f2_relanzamiento,1,1,0,0
HCDN1130,2013,0.0602,ucr,TUCUMAN,NOA,f2_relanzamiento,1,0,0,0
HCDN1130,2014,0.9993,ucr,TUCUMAN,NOA,f2_relanzamiento,0,0,0,0
HCDN1130,2015,0.9418,ucr,TUCUMAN,NOA,f2_relanzamiento,1,0,0,0
HCDN1130,2017,0.0602,ucr,TUCUMAN,NOA,f3_reactivacion,1,1,0,0
HCDN1130,2018,0.9993,ucr,TUCUMAN,NOA,f3_reactivacion,0,1,0,0
HCDN1130,2019,0.9993,ucr,TUCUMAN,NOA,f3_reactivacion,1,1,0,0
HCDN1130,2020,1.0021,ucr,TUCUMAN,NOA,f4_paralisis,0,0,0,0
HCDN1130,2021,0.9391,ucr,TUCUMAN,NOA,f4_paralisis,1,0,0,0
HCDN2364,2017,0.0602,ucr,SANTA FE,PAMPEANA,f3_reactivacion,1,1,0,0
HCDN2364,2018,0.9993,ucr,SANTA FE,PAMPEANA,f3_reactivacion,0,1,0,0
HCDN2364,2019,0.9993,ucr,SANTA FE,PAMPEANA,f3_reactivacion,1,1,0,0
HCDN2364,2020,1.0021,ucr,SANTA FE,PAMPEANA,f4_paralisis,0,0,0,0
HCDN2364,2021,0.9391,ucr,SANTA FE,PAMPEANA,f4_paralisis,1,0,0,0
HCDN3019,2023,0.2984,kirchnerismo,JUJUY,NOA,f4_paralisis,1,1,0,0
HCDN0543,2019,0.0602,kirchnerismo,TIERRA DEL FUEGO,PATAGONIA,f3_reactivacion,1,0,0,0
HCDN0543,2020,1.0021,kirchnerismo,TIERRA DEL FUEGO,PATAGONIA,f4_paralisis,0,1,1,1
HCDN0543,2021,0.9993,kirchnerismo,TIERRA DEL FUEGO,PATAGONIA,f4_paralisis,1,1,0,0
HCDN0543,2022,0.9993,kirchnerismo,TIERRA DEL FUEGO,PATAGONIA,f4_paralisis,0,1,0,0
HCDN0543,2023,0.9391,kirchnerismo,TIERRA DEL FUEGO,PATAGONIA,f4_paralisis,1,1,0,0
HCDN3080,2023,0.0602,pro,RIO NEGRO,PATAGONIA,f4_paralisis,1,0,0,0
HCDN3080,2024,1.0021,pro,RIO NEGRO,PATAGONIA,f5_cierre,0,0,0,0
HCDN3080,2025,0.9993,pro,RIO NEGRO,PATAGONIA,f5_cierre,1,0,0,0
HCDN2365,2017,0.0602,pro,SANTA CRUZ,PATAGONIA,f3_reactivacion,1,1,0,0
HCDN2365,2018,0.9993,pro,SANTA CRUZ,PATAGONIA,f3_reactivacion,0,1,0,0
HCDN2365,2019,0.9993,pro,SANTA CRUZ,PATAGONIA,f3_reactivacion,1,1,0,0
HCDN2365,2020,1.0021,otros,SANTA CRUZ,PATAGONIA,f4_paralisis,0,0,0,0
HCDN2365,2021,0.9391,otros,SANTA CRUZ,PATAGONIA,f4_paralisis,1,0,0,0
HCDN2984,2021,0.0438,ucr,CORDOBA,PAMPEANA,f4_paralisis,1,0,0,0
HCDN2984,2022,0.9993,ucr,CORDOBA,PAMPEANA,f4_paralisis,0,0,0,0
HCDN2984,2023,0.9391,ucr,CORDOBA,PAMPEANA,f4_paralisis,1,0,0,0
HCDN2923,2021,0.0602,ucr,FORMOSA,NEA,f4_paralisis,1,0,0,0
HCDN2923,2022,0.9993,ucr,FORMOSA,NEA,f4_paralisis,0,0,0,0
HCDN2923,2023,0.9993,ucr,FORMOSA,NEA,f4_paralisis,1,0,0,0
HCDN2923,2024,1.0021,ucr,FORMOSA,NEA,f5_cierre,0,0,0,0
HCDN2923,2025,0.9391,ucr,FORMOSA,NEA,f5_cierre,1,0,0,0
HCDN1072,2008,1.0021,cc_ari,BUENOS AIRES,PAMPEANA,f1_impasse,0,0,0,0
HCDN1072,2009,0.9993,cc_ari,BUENOS AIRES,PAMPEANA,f1_impasse,1,0,0,0
HCDN1072,2010,0.9993,cc_ari,BUENOS AIRES,PAMPEANA,f2_relanzamiento,0,0,0,0
HCDN1072,2011,0.9391,cc_ari,BUENOS AIRES,PAMPEANA,f2_relanzamiento,1,0,0,0
HCDN1152,2009,0.0602,izquierda_progresista,CIUDAD DE BUENOS AIRES,CABA,f1_impasse,1,0,0,0
HCDN1152,2010,0.9993,izquierda_progresista,CIUDAD DE BUENOS AIRES,CABA,f2_relanzamiento,0,0,0,0
HCDN1152,2011,0.9993,izquierda_progresista,CIUDAD DE BUENOS AIRES,CABA,f2_relanzamiento,1,0,0,0
HCDN1152,2012,1.0021,izquierda_progresista,CIUDAD DE BUENOS AIRES,CABA,f2_relanzamiento,0,0,1,0
HCDN1152,2013,0.9391,izquierda_progresista,CIUDAD DE BUENOS AIRES,CABA,f2_relanzamiento,1,0,0,0
HCDN3090,2023,0.0602,kirchnerismo,SANTA FE,PAMPEANA,f4_paralisis,1,1,0,0
HCDN3090,2024,1.0021,kirchnerismo,SANTA FE,PAMPEANA,f5_cierre,0,0,0,0
HCDN3090,2025,0.9993,kirchnerismo,SANTA FE,PAMPEANA,f5_cierre,1,0,0,0
HCDN0864,2008,1.0021,kirchnerismo,BUENOS AIRES,PAMPEANA,f1_impasse,0,1,0,0
HCDN0864,2009,0.9993,kirchnerismo,BUENOS AIRES,PAMPEANA,f1_impasse,1,1,0,0
HCDN0864,2010,0.9993,kirchnerismo,BUENOS AIRES,PAMPEANA,f2_relanzamiento,0,1,0,0
HCDN0864,2011,0.9993,kirchnerismo,BUENOS AIRES,PAMPEANA,f2_relanzamiento,1,1,0,0
HCDN0864,2012,1.0021,kirchnerismo,BUENOS AIRES,PAMPEANA,f2_relanzamiento,0,1,0,0
HCDN0864,2013,0.9993,kirchnerismo,BUENOS AIRES,PAMPEANA,f2_relanzamiento,1,1,0,0
HCDN0864,2014,0.9993,kirchnerismo,BUENOS AIRES,PAMPEANA,f2_relanzamiento,0,1,0,0
HCDN0864,2015,0.9993,kirchnerismo,BUENOS AIRES,PAMPEANA,f2_relanzamiento,1,1,0,0
HCDN0864,2016,1.0021,kirchnerismo,BUENOS AIRES,PAMPEANA,f3_reactivacion,0,0,0,0
HCDN0864,2017,0.9391,kirchnerismo,BUENOS AIRES,PAMPEANA,f3_reactivacion,1,0,0,0
HCDN1247,2011,0.0602,kirchnerismo,MENDOZA,CUYO,f2_relanzamiento,1,1,0,0
HCDN1247,2012,1.0021,kirchnerismo,MENDOZA,CUYO,f2_relanzamiento,0,1,0,0
HCDN1247,2013,0.9993,kirchnerismo,MENDOZA,CUYO,f2_relanzamiento,1,1,0,0
HCDN1247,2014,0.9993,kirchnerismo,MENDOZA,CUYO,f2_relanzamiento,0,1,1,0
HCDN1247,2015,0.9993,kirchnerismo,MENDOZA,CUYO,f2_relanzamiento,1,1,0,0
HCDN1247,2016,1.0021,kirchnerismo,MENDOZA,CUYO,f3_reactivacion,0,0,5,0
HCDN1247,2017,0.9993,kirchnerismo,MENDOZA,CUYO,f3_reactivacion,1,0,1,0
HCDN1247,2018,0.9993,kirchnerismo,MENDOZA,CUYO,f3_reactivacion,0,0,1,0
HCDN1247,2019,0.9391,kirchnerismo,MENDOZA,CUYO,f3_reactivacion,1,0,2,0
HCDN2863,2020,0.271,kirchnerismo,NEUQUEN,PATAGONIA,f4_paralisis,0,1,0,0
HCDN2863,2021,0.9993,kirchnerismo,NEUQUEN,PATAGONIA,f4_paralisis,1,1,0,0
HCDN2863,2022,0.9993,kirchnerismo,NEUQUEN,PATAGONIA,f4_paralisis,0,1,0,0
HCDN2863,2023,0.9391,kirchnerismo,NEUQUEN,PATAGONIA,f4_paralisis,1,1,0,0
HCDN1495,2015,0.0602,kirchnerismo,TIERRA DEL FUEGO,PATAGONIA,f2_relanzamiento,1,1,0,0
HCDN1495,2016,1.0021,kirchnerismo,TIERRA DEL FUEGO,PATAGONIA,f3_reactivacion,0,0,0,0
HCDN1495,2017,0.9993,kirchnerismo,TIERRA DEL FUEGO,PATAGONIA,f3_reactivacion,1,0,0,0
HCDN1495,2018,0.9993,kirchnerismo,TIERRA DEL FUEGO,PATAGONIA,f3_reactivacion,0,0,0,0
HCDN1495,2019,0.9391,kirchnerismo,TIERRA DEL FUEGO,PATAGONIA,f3_reactivacion,1,0,0,0
HCDN3164,2025,0.0602,lla,BUENOS AIRES,PAMPEANA,f5_cierre,1,1,0,0
HCDN1153,2009,0.0602,peronismo_federal,SANTA FE,PAMPEANA,f1_impasse,1,0,0,0
HCDN1153,2010,0.9993,peronismo_federal,SANTA FE,PAMPEANA,f2_relanzamiento,0,0,0,0
HCDN1153,2011,0.9993,peronismo_federal,SANTA FE,PAMPEANA,f2_relanzamiento,1,0,0,0
HCDN1153,2012,1.0021,peronismo_federal,SANTA FE,PAMPEANA,f2_relanzamiento,0,0,0,0
HCDN1153,2013,0.9391,peronismo_federal,SANTA FE,PAMPEANA,f2_relanzamiento,1,0,0,0
HCDN1333,2013,0.8049,kirchnerismo,TUCUMAN,NOA,f2_relanzamiento,1,1,0,0
HCDN1333,2014,0.9993,kirchnerismo,TUCUMAN,NOA,f2_relanzamiento,0,1,0,0
HCDN1333,2015,0.9391,kirchnerismo,TUCUMAN,NOA,f2_relanzamiento,1,1,0,0
HCDN0079,2009,0.0602,cc_ari,CIUDAD DE BUENOS AIRES,CABA,f1_impasse,1,0,0,0
HCDN0079,2010,0.9993,cc_ari,CIUDAD DE BUENOS AIRES,CABA,f2_relanzamiento,0,0,0,0
HCDN0079,2011,0.9993,cc_ari,CIUDAD DE BUENOS AIRES,CABA,f2_relanzamiento,1,0,0,0
HCDN0079,2012,1.0021,cc_ari,CIUDAD DE BUENOS AIRES,CABA,f2_relanzamiento,0,0,1,0
HCDN0079,2013,0.9993,cc_ari,CIUDAD DE BUENOS AIRES,CABA,f2_relanzamiento,1,0,0,0
HCDN0079,2014,0.9993,cc_ari,CIUDAD DE BUENOS AIRES,CABA,f2_relanzamiento,0,0,1,0
HCDN0079,2015,0.9993,cc_ari,CIUDAD DE BUENOS AIRES,CABA,f2_relanzamiento,1,0,0,0
HCDN0079,2016,1.0021,cc_ari,CIUDAD DE BUENOS AIRES,CABA,f3_reactivacion,0,1,1,0
HCDN0079,2017,0.9993,cc_ari,CIUDAD DE BUENOS AIRES,CABA,f3_reactivacion,1,1,1,0
HCDN0079,2018,0.9993,cc_ari,CIUDAD DE BUENOS AIRES,CABA,f3_reactivacion,0,1,1,0
HCDN0079,2019,0.9993,cc_ari,CIUDAD DE BUENOS AIRES,CABA,f3_reactivacion,1,1,1,0
HCDN0079,2020,0.1643,cc_ari,CIUDAD DE BUENOS AIRES,CABA,f4_paralisis,0,0,0,0
HCDN1361,2013,0.0602,ucr,CIUDAD DE BUENOS AIRES,CABA,f2_relanzamiento,1,0,0,0
HCDN1361,2014,0.9993,ucr,CIUDAD DE BUENOS AIRES,CABA,f2_relanzamiento,0,0,0,0
HCDN1361,2015,0.9993,ucr,CIUDAD DE BUENOS AIRES,CABA,f2_relanzamiento,1,0,1,0
HCDN1361,2016,1.0021,ucr,CIUDAD DE BUENOS AIRES,CABA,f3_reactivacion,0,1,0,0
HCDN1361,2017,0.9993,ucr,CIUDAD DE BUENOS AIRES,CABA,f3_reactivacion,1,1,1,0
HCDN1361,2018,0.9993,ucr,CIUDAD DE BUENOS AIRES,CABA,f3_reactivacion,0,1,0,0
HCDN1361,2019,0.9993,ucr,CIUDAD DE BUENOS AIRES,CABA,f3_reactivacion,1,1,1,0
HCDN1361,2020,1.0021,ucr,CIUDAD DE BUENOS AIRES,CABA,f4_paralisis,0,0,0,0
HCDN1361,2021,0.9993,ucr,CIUDAD DE BUENOS AIRES,CABA,f4_paralisis,1,0,1,0
HCDN1361,2022,0.9993,ucr,CIUDAD DE BUENOS AIRES,CABA,f4_paralisis,0,0,0,0
HCDN1361,2023,0.9993,ucr,CIUDAD DE BUENOS AIRES,CABA,f4_paralisis,1,0,0,0
HCDN1361,2024,1.0021,ucr,CIUDAD DE BUENOS AIRES,CABA,f5_cierre,0,0,0,0
HCDN1361,2025,0.9391,ucr,CIUDAD DE BUENOS AIRES,CABA,f5_cierre,1,0,0,0
HCDN1420,2013,0.0602,kirchnerismo,TUCUMAN,NOA,f2_relanzamiento,1,1,0,0
HCDN1420,2014,0.9993,kirchnerismo,TUCUMAN,NOA,f2_relanzamiento,0,1,0,0
HCDN1420,2015,0.9993,kirchnerismo,TUCUMAN,NOA,f2_relanzamiento,1,1,0,0
HCDN1420,2016,1.0021,kirchnerismo,TUCUMAN,NOA,f3_reactivacion,0,0,0,0
HCDN1420,2017,0.9391,kirchnerismo,TUCUMAN,NOA,f3_reactivacion,1,0,0,0
HCDN1420,2019,0.0602,kirchnerismo,TUCUMAN,NOA,f3_reactivacion,1,0,0,0
HCDN1420,2020,1.0021,kirchnerismo,TUCUMAN,NOA,f4_paralisis,0,1,0,0
HCDN1420,2021,0.9993,kirchnerismo,TUCUMAN,NOA,f4_paralisis,1,1,0,0
HCDN1420,2022,0.9993,kirchnerismo,TUCUMAN,NOA,f4_paralisis,0,1,0,0
HCDN1420,2023,0.9391,kirchnerismo,TUCUMAN,NOA,f4_paralisis,1,1,0,0
HCDN1365,2013,0.0602,ucr,CORDOBA,PAMPEANA,f2_relanzamiento,1,0,0,0
HCDN1365,2014,0.9993,ucr,CORDOBA,PAMPEANA,f2_relanzamiento,0,0,0,0
HCDN1365,2015,0.9993,ucr,CORDOBA,PAMPEANA,f2_relanzamiento,1,0,0,0
HCDN1365,2016,1.0021,ucr,CORDOBA,PAMPEANA,f3_reactivacion,0,1,0,0
HCDN1365,2017,0.9993,ucr,CORDOBA,PAMPEANA,f3_reactivacion,1,1,0,0
HCDN1365,2018,0.9993,ucr,CORDOBA,PAMPEANA,f3_reactivacion,0,1,0,0
HCDN1365,2019,0.9993,ucr,CORDOBA,PAMPEANA,f3_reactivacion,1,1,0,0
HCDN1365,2020,1.0021,ucr,CORDOBA,PAMPEANA,f4_paralisis,0,0,0,0
HCDN1365,2021,0.9993,ucr,CORDOBA,PAMPEANA,f4_paralisis,1,0,0,0
HCDN1365,2022,0.9993,ucr,CORDOBA,PAMPEANA,f4_paralisis,0,0,0,0
HCDN1365,2023,0.9993,ucr,CORDOBA,PAMPEANA,f4_paralisis,1,0,1,1
HCDN1365,2024,1.0021,ucr,CORDOBA,PAMPEANA,f5_cierre,0,0,0,0
HCDN1365,2025,0.9391,ucr,CORDOBA,PAMPEANA,f5_cierre,1,0,0,0
HCDN2366,2017,0.0602,kirchnerismo,CORDOBA,PAMPEANA,f3_reactivacion,1,0,0,0
HCDN2366,2018,0.9993,kirchnerismo,CORDOBA,PAMPEANA,f3_reactivacion,0,0,0,0
HCDN2366,2019,0.9993,kirchnerismo,CORDOBA,PAMPEANA,f3_reactivacion,1,0,0,0
HCDN2366,2020,1.0021,kirchnerismo,CORDOBA,PAMPEANA,f4_paralisis,0,1,0,0
HCDN2366,2021,0.9993,kirchnerismo,CORDOBA,PAMPEANA,f4_paralisis,1,1,0,0
HCDN2366,2022,0.9993,kirchnerismo,CORDOBA,PAMPEANA,f4_paralisis,0,1,0,0
HCDN2366,2023,0.9993,kirchnerismo,CORDOBA,PAMPEANA,f4_paralisis,1,1,0,0
HCDN2366,2024,1.0021,kirchnerismo,CORDOBA,PAMPEANA,f5_cierre,0,0,0,0
HCDN2366,2025,0.9391,kirchnerismo,CORDOBA,PAMPEANA,f5_cierre,1,0,0,0
HCDN1154,2009,0.0602,ucr,TUCUMAN,NOA,f1_impasse,1,0,0,0
HCDN1154,2010,0.9993,ucr,TUCUMAN,NOA,f2_relanzamiento,0,0,0,0
HCDN1154,2011,0.9993,ucr,TUCUMAN,NOA,f2_relanzamiento,1,0,0,0
HCDN1154,2012,1.0021,ucr,TUCUMAN,NOA,f2_relanzamiento,0,0,3,0
HCDN1154,2013,0.9391,ucr,TUCUMAN,NOA,f2_relanzamiento,1,0,1,0
HCDN1154,2014,0.7474,ucr,TUCUMAN,NOA,f2_relanzamiento,0,0,1,0
HCDN1154,2015,0.9993,ucr,TUCUMAN,NOA,f2_relanzamiento,1,0,0,0
HCDN1154,2016,1.0021,kirchnerismo,TUCUMAN,NOA,f3_reactivacion,0,0,0,0
HCDN1154,2017,0.9391,kirchnerismo,TUCUMAN,NOA,f3_reactivacion,1,0,0,0
HCDN2778,2019,0.0602,kirchnerismo,ENTRE RIOS,PAMPEANA,f3_reactivacion,1,0,0,0
HCDN2778,2020,1.0021,kirchnerismo,ENTRE RIOS,PAMPEANA,f4_paralisis,0,1,0,0
HCDN2778,2021,0.9993,kirchnerismo,ENTRE RIOS,PAMPEANA,f4_paralisis,1,1,0,0
HCDN2778,2022,0.9993,kirchnerismo,ENTRE RIOS,PAMPEANA,f4_paralisis,0,1,0,0
HCDN2778,2023,0.9391,kirchnerismo,ENTRE RIOS,PAMPEANA,f4_paralisis,1,1,0,0
HCDN2780,2019,0.0602,kirchnerismo,LA RIOJA,NOA,f3_reactivacion,1,0,0,0
HCDN2780,2020,1.0021,kirchnerismo,LA RIOJA,NOA,f4_paralisis,0,1,0,0
HCDN2780,2021,0.9993,kirchnerismo,LA RIOJA,NOA,f4_paralisis,1,1,0,0
HCDN2780,2022,0.9993,kirchnerismo,LA RIOJA,NOA,f4_paralisis,0,1,0,0
HCDN2780,2023,0.9993,kirchnerismo,LA RIOJA,NOA,f4_paralisis,1,1,0,0
HCDN2780,2024,1.0021,kirchnerismo,LA RIOJA,NOA,f5_cierre,0,0,0,0
HCDN2780,2025,0.9993,kirchnerismo,LA RIOJA,NOA,f5_cierre,1,0,0,0
HCDN0982,2008,1.0021,kirchnerismo,SAN JUAN,CUYO,f1_impasse,0,1,0,0
HCDN0982,2009,0.9993,kirchnerismo,SAN JUAN,CUYO,f1_impasse,1,1,0,0
HCDN0982,2010,0.9993,kirchnerismo,SAN JUAN,CUYO,f2_relanzamiento,0,1,0,0
HCDN0982,2011,0.9993,kirchnerismo,SAN JUAN,CUYO,f2_relanzamiento,1,1,0,0
HCDN0982,2012,1.0021,kirchnerismo,SAN JUAN,CUYO,f2_relanzamiento,0,1,1,0
HCDN0982,2013,0.9993,kirchnerismo,SAN JUAN,CUYO,f2_relanzamiento,1,1,0,0
HCDN0982,2014,0.9993,kirchnerismo,SAN JUAN,CUYO,f2_relanzamiento,0,1,0,0
HCDN0982,2015,0.9993,kirchnerismo,SAN JUAN,CUYO,f2_relanzamiento,1,1,0,0
HCDN0982,2016,1.0021,provinciales,SAN JUAN,CUYO,f3_reactivacion,0,0,0,0
HCDN0982,2017,0.9993,provinciales,SAN JUAN,CUYO,f3_reactivacion,1,0,0,0
HCDN0982,2018,0.9993,provinciales,SAN JUAN,CUYO,f3_reactivacion,0,0,0,0
HCDN0982,2019,0.9993,provinciales,SAN JUAN,CUYO,f3_reactivacion,1,0,0,0
HCDN0982,2020,1.0021,kirchnerismo,SAN JUAN,CUYO,f4_paralisis,0,1,0,0
HCDN0982,2021,0.9993,kirchnerismo,SAN JUAN,CUYO,f4_paralisis,1,1,0,0
HCDN0982,2022,0.9993,kirchnerismo,SAN JUAN,CUYO,f4_paralisis,0,1,0,0
HCDN0982,2023,0.9391,kirchnerismo,SAN JUAN,CUYO,f4_paralisis,1,1,0,0
HCDN0722,2013,0.0602,peronismo_federal,CORDOBA,PAMPEANA,f2_relanzamiento,1,0,0,0
HCDN0722,2014,0.9993,peronismo_federal,CORDOBA,PAMPEANA,f2_relanzamiento,0,0,0,0
HCDN0722,2015,0.9391,peronismo_federal,CORDOBA,PAMPEANA,f2_relanzamiento,1,0,0,0
HCDN2367,2017,0.0602,peronismo_federal,CORDOBA,PAMPEANA,f3_reactivacion,1,0,0,0
HCDN2367,2018,0.9993,peronismo_federal,CORDOBA,PAMPEANA,f3_reactivacion,0,0,0,0
HCDN2367,2019,0.9993,peronismo_federal,CORDOBA,PAMPEANA,f3_reactivacion,1,0,0,0
HCDN2367,2020,1.0021,peronismo_federal,CORDOBA,PAMPEANA,f4_paralisis,0,0,0,0
HCDN2367,2021,0.9391,peronismo_federal,CORDOBA,PAMPEANA,f4_paralisis,1,0,0,0
HCDN1454,2015,0.0602,kirchnerismo,BUENOS AIRES,PAMPEANA,f2_relanzamiento,1,1,0,0
HCDN1454,2016,1.0021,kirchnerismo,BUENOS AIRES,PAMPEANA,f3_reactivacion,0,0,0,0
HCDN1454,2017,0.9993,kirchnerismo,BUENOS AIRES,PAMPEANA,f3_reactivacion,1,0,0,0
HCDN1454,2018,0.9993,kirchnerismo,BUENOS AIRES,PAMPEANA,f3_reactivacion,0,0,0,0
HCDN1454,2019,0.9446,kirchnerismo,BUENOS AIRES,PAMPEANA,f3_reactivacion,1,0,0,0
HCDN1454,2023,0.0602,kirchnerismo,BUENOS AIRES,PAMPEANA,f4_paralisis,1,1,0,0
HCDN1454,2024,1.0021,kirchnerismo,BUENOS AIRES,PAMPEANA,f5_cierre,0,0,0,0
HCDN1454,2025,0.9993,kirchnerismo,BUENOS AIRES,PAMPEANA,f5_cierre,1,0,0,0
HCDN1117,2009,0.4079,ucr,TUCUMAN,NOA,f1_impasse,1,0,0,0
HCDN1117,2010,0.9993,ucr,TUCUMAN,NOA,f2_relanzamiento,0,0,0,0
HCDN1117,2011,0.9391,ucr,TUCUMAN,NOA,f2_relanzamiento,1,0,0,0
HCDN1155,2009,0.0602,ucr,RIO NEGRO,PATAGONIA,f1_impasse,1,0,0,0
HCDN1155,2010,0.9993,ucr,RIO NEGRO,PATAGONIA,f2_relanzamiento,0,0,0,0
HCDN1155,2011,0.9993,ucr,RIO NEGRO,PATAGONIA,f2_relanzamiento,1,0,0,0
HCDN1155,2012,1.0021,ucr,RIO NEGRO,PATAGONIA,f2_relanzamiento,0,0,0,0
HCDN1155,2013,0.9391,ucr,RIO NEGRO,PATAGONIA,f2_relanzamiento,1,0,0,0
HCDN3225,2025,0.0602,lla,BUENOS AIRES,PAMPEANA,f5_cierre,1,1,0,0
HCDN2827,2019,0.0602,cc_ari,SANTA FE,PAMPEANA,f3_reactivacion,1,1,0,0
HCDN2827,2020,1.0021,cc_ari,SANTA FE,PAMPEANA,f4_paralisis,0,0,0,0
HCDN2827,2021,0.9993,cc_ari,SANTA FE,PAMPEANA,f4_paralisis,1,0,0,0
HCDN2827,2022,0.9993,cc_ari,SANTA FE,PAMPEANA,f4_paralisis,0,0,0,0
HCDN2827,2023,0.9391,otros,SANTA FE,PAMPEANA,f4_paralisis,1,0,0,0
HCDN3066,2023,0.0602,izquierda_progresista,BUENOS AIRES,PAMPEANA,f4_paralisis,1,0,0,0
HCDN3066,2024,1.0021,izquierda_progresista,BUENOS AIRES,PAMPEANA,f5_cierre,0,0,0,0
HCDN3066,2025,0.9391,izquierda_progresista,BUENOS AIRES,PAMPEANA,f5_cierre,1,0,0,0
HCDN1395,2013,0.0602,kirchnerismo,SAN JUAN,CUYO,f2_relanzamiento,1,1,0,0
HCDN1395,2014,0.9993,kirchnerismo,SAN JUAN,CUYO,f2_relanzamiento,0,1,0,0
HCDN1395,2015,0.9993,kirchnerismo,SAN JUAN,CUYO,f2_relanzamiento,1,1,0,0
HCDN1395,2016,1.0021,kirchnerismo,SAN JUAN,CUYO,f3_reactivacion,0,0,0,0
HCDN1395,2017,0.9993,kirchnerismo,SAN JUAN,CUYO,f3_reactivacion,1,0,0,0
HCDN1395,2018,0.9993,kirchnerismo,SAN JUAN,CUYO,f3_reactivacion,0,0,0,0
HCDN1395,2019,0.9391,kirchnerismo,SAN JUAN,CUYO,f3_reactivacion,1,0,0,0
HCDN1488,2015,0.0602,provinciales,SAN JUAN,CUYO,f2_relanzamiento,1,0,0,0
HCDN1488,2016,0.397,provinciales,SAN JUAN,CUYO,f3_reactivacion,0,0,0,0
HCDN1248,2011,0.0602,kirchnerismo,TIERRA DEL FUEGO,PATAGONIA,f2_relanzamiento,1,1,0,0
HCDN1248,2012,1.0021,kirchnerismo,TIERRA DEL FUEGO,PATAGONIA,f2_relanzamiento,0,1,0,0
HCDN1248,2013,0.9391,kirchnerismo,TIERRA DEL FUEGO,PATAGONIA,f2_relanzamiento,1,1,0,0
HCDN0403,2016,0.7995,otros,BUENOS AIRES,PAMPEANA,f3_reactivacion,0,0,0,0
HCDN0403,2017,0.9391,otros,BUENOS AIRES,PAMPEANA,f3_reactivacion,1,0,0,0
HCDN0983,2008,1.0021,kirchnerismo,RIO NEGRO,PATAGONIA,f1_impasse,0,1,0,0
HCDN0983,2009,0.9993,kirchnerismo,RIO NEGRO,PATAGONIA,f1_impasse,1,1,0,0
HCDN0983,2010,0.9993,kirchnerismo,RIO NEGRO,PATAGONIA,f2_relanzamiento,0,1,0,0
HCDN0983,2011,0.9993,kirchnerismo,RIO NEGRO,PATAGONIA,f2_relanzamiento,1,1,0,0
HCDN0983,2012,1.0021,kirchnerismo,RIO NEGRO,PATAGONIA,f2_relanzamiento,0,1,0,0
HCDN0983,2013,0.9993,kirchnerismo,RIO NEGRO,PATAGONIA,f2_relanzamiento,1,1,0,0
HCDN0983,2014,0.9993,kirchnerismo,RIO NEGRO,PATAGONIA,f2_relanzamiento,0,1,0,0
HCDN0983,2015,0.9391,kirchnerismo,RIO NEGRO,PATAGONIA,f2_relanzamiento,1,1,1,0
HCDN2368,2017,0.0602,kirchnerismo,CIUDAD DE BUENOS AIRES,CABA,f3_reactivacion,1,0,0,0
HCDN2368,2018,0.9993,kirchnerismo,CIUDAD DE BUENOS AIRES,CABA,f3_reactivacion,0,0,0,0
HCDN2368,2019,0.9993,kirchnerismo,CIUDAD DE BUENOS AIRES,CABA,f3_reactivacion,1,0,0,0
HCDN2368,2020,1.0021,kirchnerismo,CIUDAD DE BUENOS AIRES,CABA,f4_paralisis,0,1,0,0
HCDN2368,2021,0.783,kirchnerismo,CIUDAD DE BUENOS AIRES,CABA,f4_paralisis,1,1,0,0
HCDN2930,2021,0.0602,ucr,NEUQUEN,PATAGONIA,f4_paralisis,1,0,0,0
HCDN2930,2022,0.9993,ucr,NEUQUEN,PATAGONIA,f4_paralisis,0,0,0,0
HCDN2930,2023,0.9993,ucr,NEUQUEN,PATAGONIA,f4_paralisis,1,0,0,0
HCDN2930,2024,1.0021,ucr,NEUQUEN,PATAGONIA,f5_cierre,0,0,0,0
HCDN2930,2025,0.9391,ucr,NEUQUEN,PATAGONIA,f5_cierre,1,0,0,0
HCDN2911,2021,0.0602,kirchnerismo,JUJUY,NOA,f4_paralisis,1,1,0,0
HCDN2911,2022,0.9993,kirchnerismo,JUJUY,NOA,f4_paralisis,0,1,0,0
HCDN2911,2023,0.9993,kirchnerismo,JUJUY,NOA,f4_paralisis,1,1,0,0
HCDN2911,2024,1.0021,kirchnerismo,JUJUY,NOA,f5_cierre,0,0,0,0
HCDN2911,2025,0.9391,kirchnerismo,JUJUY,NOA,f5_cierre,1,0,0,0
HCDN2931,2021,0.0602,kirchnerismo,TUCUMAN,NOA,f4_paralisis,1,1,0,0
HCDN2931,2022,0.9993,kirchnerismo,TUCUMAN,NOA,f4_paralisis,0,1,0,0
HCDN2931,2023,0.8214,kirchnerismo,TUCUMAN,NOA,f4_paralisis,1,1,0,0
HCDN1156,2009,0.0602,ucr,ENTRE RIOS,PAMPEANA,f1_impasse,1,0,0,0
HCDN1156,2010,0.9993,ucr,ENTRE RIOS,PAMPEANA,f2_relanzamiento,0,0,0,0
HCDN1156,2011,0.9993,ucr,ENTRE RIOS,PAMPEANA,f2_relanzamiento,1,0,0,0
HCDN1156,2012,1.0021,ucr,ENTRE RIOS,PAMPEANA,f2_relanzamiento,0,0,0,0
HCDN1156,2013,0.9391,ucr,ENTRE RIOS,PAMPEANA,f2_relanzamiento,1,0,0,0
HCDN3085,2023,0.0602,kirchnerismo,SAN JUAN,CUYO,f4_paralisis,1,1,0,0
HCDN3085,2024,1.0021,kirchnerismo,SAN JUAN,CUYO,f5_cierre,0,0,0,0
HCDN3085,2025,0.9993,kirchnerismo,SAN JUAN,CUYO,f5_cierre,1,0,0,0
HCDN3254,2025,0.0602,lla,SAN JUAN,CUYO,f5_cierre,1,1,0,0
HCDN1157,2009,0.0602,kirchnerismo,CORRIENTES,NEA,f1_impasse,1,1,0,0
HCDN1157,2010,0.9993,kirchnerismo,CORRIENTES,NEA,f2_relanzamiento,0,1,3,0
HCDN1157,2011,0.9993,kirchnerismo,CORRIENTES,NEA,f2_relanzamiento,1,1,0,0
HCDN1157,2012,1.0021,kirchnerismo,CORRIENTES,NEA,f2_relanzamiento,0,1,1,0
HCDN1157,2013,0.9391,kirchnerismo,CORRIENTES,NEA,f2_relanzamiento,1,1,0,0
HCDN0986,2008,1.0021,kirchnerismo,CHUBUT,PATAGONIA,f1_impasse,0,1,0,0
HCDN0986,2009,0.9993,kirchnerismo,CHUBUT,PATAGONIA,f1_impasse,1,1,0,0
HCDN0986,2010,0.9993,kirchnerismo,CHUBUT,PATAGONIA,f2_relanzamiento,0,1,0,0
HCDN0986,2011,0.9391,kirchnerismo,CHUBUT,PATAGONIA,f2_relanzamiento,1,1,0,0
HCDN2885,2021,0.0602,kirchnerismo,CHACO,NEA,f4_paralisis,1,1,0,0
HCDN2885,2022,0.9993,kirchnerismo,CHACO,NEA,f4_paralisis,0,1,0,0
HCDN2885,2023,0.9993,kirchnerismo,CHACO,NEA,f4_paralisis,1,1,0,0
HCDN2885,2024,1.0021,kirchnerismo,CHACO,NEA,f5_cierre,0,0,0,0
HCDN2885,2025,0.9391,kirchnerismo,CHACO,NEA,f5_cierre,1,0,0,0
HCDN2919,2021,0.0602,pro,SANTA FE,PAMPEANA,f4_paralisis,1,0,0,0
HCDN2919,2022,0.9993,pro,SANTA FE,PAMPEANA,f4_paralisis,0,0,0,0
HCDN2919,2023,0.9993,pro,SANTA FE,PAMPEANA,f4_paralisis,1,0,0,0
HCDN2919,2024,1.0021,pro,SANTA FE,PAMPEANA,f5_cierre,0,0,0,0
HCDN2919,2025,0.9391,lla,SANTA FE,PAMPEANA,f5_cierre,1,1,0,0
HCDN1249,2011,0.0602,kirchnerismo,NEUQUEN,PATAGONIA,f2_relanzamiento,1,1,0,0
HCDN1249,2012,1.0021,kirchnerismo,NEUQUEN,PATAGONIA,f2_relanzamiento,0,1,0,0
HCDN1249,2013,0.9993,kirchnerismo,NEUQUEN,PATAGONIA,f2_relanzamiento,1,1,0,0
HCDN1249,2014,0.9993,kirchnerismo,NEUQUEN,PATAGONIA,f2_relanzamiento,0,1,0,0
HCDN1249,2015,0.9993,kirchnerismo,NEUQUEN,PATAGONIA,f2_relanzamiento,1,1,0,0
HCDN1249,2016,1.0021,kirchnerismo,NEUQUEN,PATAGONIA,f3_reactivacion,0,0,0,0
HCDN1249,2017,0.9993,kirchnerismo,NEUQUEN,PATAGONIA,f3_reactivacion,1,0,0,0
HCDN1249,2018,0.9993,kirchnerismo,NEUQUEN,PATAGONIA,f3_reactivacion,0,0,0,0
HCDN1249,2019,0.9391,kirchnerismo,NEUQUEN,PATAGONIA,f3_reactivacion,1,0,0,0
HCDN1158,2009,0.0602,izquierda_progresista,SANTA FE,PAMPEANA,f1_impasse,1,0,0,0
HCDN1158,2010,0.9993,izquierda_progresista,SANTA FE,PAMPEANA,f2_relanzamiento,0,0,0,0
HCDN1158,2011,0.9993,izquierda_progresista,SANTA FE,PAMPEANA,f2_relanzamiento,1,0,0,0
HCDN1158,2012,1.0021,izquierda_progresista,SANTA FE,PAMPEANA,f2_relanzamiento,0,0,0,0
HCDN1158,2013,0.9993,izquierda_progresista,SANTA FE,PAMPEANA,f2_relanzamiento,1,0,0,0
HCDN1158,2014,0.9993,izquierda_progresista,SANTA FE,PAMPEANA,f2_relanzamiento,0,0,0,0
HCDN1158,2015,0.9993,izquierda_progresista,SANTA FE,PAMPEANA,f2_relanzamiento,1,0,0,0
HCDN1158,2016,1.0021,izquierda_progresista,SANTA FE,PAMPEANA,f3_reactivacion,0,0,1,0
HCDN1158,2017,0.9391,izquierda_progresista,SANTA FE,PAMPEANA,f3_reactivacion,1,0,0,0
HCDN0594,2008,1.0021,kirchnerismo,BUENOS AIRES,PAMPEANA,f1_impasse,0,1,0,0
HCDN0594,2009,0.9993,kirchnerismo,BUENOS AIRES,PAMPEANA,f1_impasse,1,1,0,0
HCDN0594,2010,0.9993,kirchnerismo,BUENOS AIRES,PAMPEANA,f2_relanzamiento,0,1,0,0
HCDN0594,2011,0.9993,kirchnerismo,BUENOS AIRES,PAMPEANA,f2_relanzamiento,1,1,0,0
HCDN0594,2012,1.0021,kirchnerismo,BUENOS AIRES,PAMPEANA,f2_relanzamiento,0,1,0,0
HCDN0594,2013,0.9391,kirchnerismo,BUENOS AIRES,PAMPEANA,f2_relanzamiento,1,1,0,0
HCDN0594,2014,0.0438,kirchnerismo,BUENOS AIRES,PAMPEANA,f2_relanzamiento,0,1,0,0
HCDN0594,2015,0.9993,kirchnerismo,BUENOS AIRES,PAMPEANA,f2_relanzamiento,1,1,0,0
HCDN0594,2016,1.0021,kirchnerismo,BUENOS AIRES,PAMPEANA,f3_reactivacion,0,0,0,0
HCDN0594,2017,0.9391,kirchnerismo,BUENOS AIRES,PAMPEANA,f3_reactivacion,1,0,0,0
HCDN2803,2019,0.0602,ucr,CHACO,NEA,f3_reactivacion,1,1,0,0
HCDN2803,2020,1.0021,ucr,CHACO,NEA,f4_paralisis,0,0,0,0
HCDN2803,2021,0.9993,ucr,CHACO,NEA,f4_paralisis,1,0,0,0
HCDN2803,2022,0.9993,ucr,CHACO,NEA,f4_paralisis,0,0,0,0
HCDN2803,2023,0.9993,ucr,CHACO,NEA,f4_paralisis,1,0,0,0
HCDN2803,2024,1.0021,ucr,CHACO,NEA,f5_cierre,0,0,0,0
HCDN2803,2025,0.9993,ucr,CHACO,NEA,f5_cierre,1,0,0,0
HCDN2765,2019,0.0602,kirchnerismo,TUCUMAN,NOA,f3_reactivacion,1,0,0,0
HCDN2765,2020,1.0021,kirchnerismo,TUCUMAN,NOA,f4_paralisis,0,1,0,0
HCDN2765,2021,0.9993,kirchnerismo,TUCUMAN,NOA,f4_paralisis,1,1,0,0
HCDN2765,2022,0.9993,kirchnerismo,TUCUMAN,NOA,f4_paralisis,0,1,0,0
HCDN2765,2023,0.9993,kirchnerismo,TUCUMAN,NOA,f4_paralisis,1,1,0,0
HCDN2765,2024,1.0021,kirchnerismo,TUCUMAN,NOA,f5_cierre,0,0,0,0
HCDN2765,2025,0.9993,kirchnerismo,TUCUMAN,NOA,f5_cierre,1,0,0,0
HCDN1250,2011,0.0602,kirchnerismo,SANTA FE,PAMPEANA,f2_relanzamiento,1,1,0,0
HCDN1250,2012,1.0021,kirchnerismo,SANTA FE,PAMPEANA,f2_relanzamiento,0,1,0,0
HCDN1250,2013,0.9993,kirchnerismo,SANTA FE,PAMPEANA,f2_relanzamiento,1,1,0,0
HCDN1250,2014,0.9993,kirchnerismo,SANTA FE,PAMPEANA,f2_relanzamiento,0,1,0,0
HCDN1250,2015,0.9993,kirchnerismo,SANTA FE,PAMPEANA,f2_relanzamiento,1,1,0,0
HCDN1250,2016,1.0021,kirchnerismo,SANTA FE,PAMPEANA,f3_reactivacion,0,0,0,0
HCDN1250,2017,0.9993,kirchnerismo,SANTA FE,PAMPEANA,f3_reactivacion,1,0,0,0
HCDN1250,2018,0.9993,kirchnerismo,SANTA FE,PAMPEANA,f3_reactivacion,0,0,0,0
HCDN1250,2019,0.9993,kirchnerismo,SANTA FE,PAMPEANA,f3_reactivacion,1,0,0,0
HCDN1250,2020,1.0021,kirchnerismo,SANTA FE,PAMPEANA,f4_paralisis,0,1,0,0
HCDN1250,2021,0.9993,kirchnerismo,SANTA FE,PAMPEANA,f4_paralisis,1,1,0,0
HCDN1250,2022,0.9993,kirchnerismo,SANTA FE,PAMPEANA,f4_paralisis,0,1,0,0
HCDN1250,2023,0.9391,kirchnerismo,SANTA FE,PAMPEANA,f4_paralisis,1,1,0,0
HCDN0934,2015,0.0602,kirchnerismo,MISIONES,NEA,f2_relanzamiento,1,1,0,0
HCDN0934,2016,1.0021,provinciales,MISIONES,NEA,f3_reactivacion,0,0,0,0
HCDN0934,2017,0.9391,provinciales,MISIONES,NEA,f3_reactivacion,1,0,0,0
HCDN1066,2013,0.0602,ucr,MENDOZA,CUYO,f2_relanzamiento,1,0,0,0
HCDN1066,2014,0.9993,ucr,MENDOZA,CUYO,f2_relanzamiento,0,0,0,0
HCDN1066,2015,0.9391,ucr,MENDOZA,CUYO,f2_relanzamiento,1,0,0,0
HCDN1066,2021,0.0602,ucr,MENDOZA,CUYO,f4_paralisis,1,0,0,0
HCDN1066,2022,0.9993,ucr,MENDOZA,CUYO,f4_paralisis,0,0,0,0
HCDN1066,2023,0.9993,ucr,MENDOZA,CUYO,f4_paralisis,1,0,0,0
HCDN1066,2024,1.0021,ucr,MENDOZA,CUYO,f5_cierre,0,0,1,0
HCDN1066,2025,0.9391,ucr,MENDOZA,CUYO,f5_cierre,1,0,0,0
HCDN3034,2023,0.0602,ucr,CIUDAD DE BUENOS AIRES,CABA,f4_paralisis,1,0,0,0
HCDN3034,2024,1.0021,ucr,CIUDAD DE BUENOS AIRES,CABA,f5_cierre,0,0,0,0
HCDN3034,2025,0.9993,ucr,CIUDAD DE BUENOS AIRES,CABA,f5_cierre,1,0,0,0
HCDN2894,2021,0.0602,ucr,LA PAMPA,PAMPEANA,f4_paralisis,1,0,0,0
HCDN2894,2022,0.9993,ucr,LA PAMPA,PAMPEANA,f4_paralisis,0,0,0,0
HCDN2894,2023,0.9993,ucr,LA PAMPA,PAMPEANA,f4_paralisis,1,0,0,0
HCDN2894,2024,1.0021,ucr,LA PAMPA,PAMPEANA,f5_cierre,0,0,0,0
HCDN2894,2025,0.9391,ucr,LA PAMPA,PAMPEANA,f5_cierre,1,0,0,0
HCDN0867,2008,1.0021,ucr,CATAMARCA,NOA,f1_impasse,0,0,0,0
HCDN0867,2009,0.9829,ucr,CATAMARCA,NOA,f1_impasse,1,0,0,0
HCDN0726,2008,1.0021,provinciales,NEUQUEN,PATAGONIA,f1_impasse,0,0,0,0
HCDN0726,2009,0.9993,provinciales,NEUQUEN,PATAGONIA,f1_impasse,1,0,0,0
HCDN0726,2010,0.9993,provinciales,NEUQUEN,PATAGONIA,f2_relanzamiento,0,0,0,0
HCDN0726,2011,0.9993,provinciales,NEUQUEN,PATAGONIA,f2_relanzamiento,1,0,0,0
HCDN0726,2012,1.0021,provinciales,NEUQUEN,PATAGONIA,f2_relanzamiento,0,0,0,0
HCDN0726,2013,0.9993,provinciales,NEUQUEN,PATAGONIA,f2_relanzamiento,1,0,0,0
HCDN0726,2014,0.9993,provinciales,NEUQUEN,PATAGONIA,f2_relanzamiento,0,0,0,0
HCDN0726,2015,0.9391,provinciales,NEUQUEN,PATAGONIA,f2_relanzamiento,1,0,0,0
HCDN1159,2009,0.0602,cc_ari,SANTA FE,PAMPEANA,f1_impasse,1,0,0,0
HCDN1159,2010,0.9993,cc_ari,SANTA FE,PAMPEANA,f2_relanzamiento,0,0,0,0
HCDN1159,2011,0.9993,cc_ari,SANTA FE,PAMPEANA,f2_relanzamiento,1,0,0,0
HCDN1159,2012,1.0021,cc_ari,SANTA FE,PAMPEANA,f2_relanzamiento,0,0,0,0
HCDN1159,2013,0.9391,cc_ari,SANTA FE,PAMPEANA,f2_relanzamiento,1,0,0,0
HCDN1566,2016,0.8378,pro,CIUDAD DE BUENOS AIRES,CABA,f3_reactivacion,0,1,0,0
HCDN1566,2017,0.9391,pro,CIUDAD DE BUENOS AIRES,CABA,f3_reactivacion,1,1,0,0
HCDN0181,2008,1.0021,kirchnerismo,BUENOS AIRES,PAMPEANA,f1_impasse,0,1,0,0
HCDN0181,2009,0.9993,kirchnerismo,BUENOS AIRES,PAMPEANA,f1_impasse,1,1,0,0
HCDN0181,2010,0.9993,kirchnerismo,BUENOS AIRES,PAMPEANA,f2_relanzamiento,0,1,0,0
HCDN0181,2011,0.9993,kirchnerismo,BUENOS AIRES,PAMPEANA,f2_relanzamiento,1,1,0,0
HCDN0181,2012,1.0021,kirchnerismo,BUENOS AIRES,PAMPEANA,f2_relanzamiento,0,1,0,0
HCDN0181,2013,0.9993,kirchnerismo,BUENOS AIRES,PAMPEANA,f2_relanzamiento,1,1,0,0
HCDN0181,2014,0.9993,kirchnerismo,BUENOS AIRES,PAMPEANA,f2_relanzamiento,0,1,0,0
HCDN0181,2015,0.9993,kirchnerismo,BUENOS AIRES,PAMPEANA,f2_relanzamiento,1,1,0,0
HCDN0181,2016,1.0021,kirchnerismo,BUENOS AIRES,PAMPEANA,f3_reactivacion,0,0,1,0
HCDN0181,2017,0.9391,kirchnerismo,BUENOS AIRES,PAMPEANA,f3_reactivacion,1,0,0,0
HCDN2369,2017,0.0602,izquierda_progresista,SANTA FE,PAMPEANA,f3_reactivacion,1,0,0,0
HCDN2369,2018,0.9993,izquierda_progresista,SANTA FE,PAMPEANA,f3_reactivacion,0,0,0,0
HCDN2369,2019,0.9993,izquierda_progresista,SANTA FE,PAMPEANA,f3_reactivacion,1,0,2,2
HCDN2369,2020,1.0021,izquierda_progresista,SANTA FE,PAMPEANA,f4_paralisis,0,0,0,0
HCDN2369,2021,0.9391,izquierda_progresista,SANTA FE,PAMPEANA,f4_paralisis,1,0,0,0
HCDN1332,2013,0.8049,kirchnerismo,CHUBUT,PATAGONIA,f2_relanzamiento,1,1,0,0
HCDN1332,2014,0.9993,kirchnerismo,CHUBUT,PATAGONIA,f2_relanzamiento,0,1,0,0
HCDN1332,2015,0.9391,kirchnerismo,CHUBUT,PATAGONIA,f2_relanzamiento,1,1,0,0
HCDN1578,2016,0.8378,otros,SANTA FE,PAMPEANA,f3_reactivacion,0,0,0,0
HCDN1578,2017,0.9391,otros,SANTA FE,PAMPEANA,f3_reactivacion,1,0,0,0
HCDN0597,2008,1.0021,kirchnerismo,TUCUMAN,NOA,f1_impasse,0,1,0,0
HCDN0597,2009,0.9993,kirchnerismo,TUCUMAN,NOA,f1_impasse,1,1,0,0
HCDN0597,2010,0.9993,kirchnerismo,TUCUMAN,NOA,f2_relanzamiento,0,1,0,0
HCDN0597,2011,0.9993,kirchnerismo,TUCUMAN,NOA,f2_relanzamiento,1,1,0,0
HCDN0597,2012,1.0021,kirchnerismo,TUCUMAN,NOA,f2_relanzamiento,0,1,0,0
HCDN0597,2013,0.9391,kirchnerismo,TUCUMAN,NOA,f2_relanzamiento,1,1,0,0
HCDN0870,2019,0.0602,ucr,MENDOZA,CUYO,f3_reactivacion,1,1,0,0
HCDN0870,2020,1.0021,ucr,MENDOZA,CUYO,f4_paralisis,0,0,0,0
HCDN0870,2021,0.9391,ucr,MENDOZA,CUYO,f4_paralisis,1,0,0,0
HCDN2782,2019,0.0602,provinciales,SALTA,NOA,f3_reactivacion,1,0,0,0
HCDN2782,2020,1.0021,pro,SALTA,NOA,f4_paralisis,0,0,0,0
HCDN2782,2021,0.9993,pro,SALTA,NOA,f4_paralisis,1,0,0,0
HCDN2782,2022,0.9993,pro,SALTA,NOA,f4_paralisis,0,0,0,0
HCDN2782,2023,0.9391,pro,SALTA,NOA,f4_paralisis,1,0,0,0
HCDN1119,2019,0.0602,kirchnerismo,CATAMARCA,NOA,f3_reactivacion,1,0,0,0
HCDN1119,2020,1.0021,kirchnerismo,CATAMARCA,NOA,f4_paralisis,0,1,0,0
HCDN1119,2021,0.9391,kirchnerismo,CATAMARCA,NOA,f4_paralisis,1,1,0,0
HCDN2370,2017,0.0602,kirchnerismo,BUENOS AIRES,PAMPEANA,f3_reactivacion,1,0,0,0
HCDN2370,2018,0.9993,kirchnerismo,BUENOS AIRES,PAMPEANA,f3_reactivacion,0,0,0,0
HCDN2370,2019,0.9993,kirchnerismo,BUENOS AIRES,PAMPEANA,f3_reactivacion,1,0,1,0
HCDN2370,2020,1.0021,kirchnerismo,BUENOS AIRES,PAMPEANA,f4_paralisis,0,1,0,0
HCDN2370,2021,0.9391,kirchnerismo,BUENOS AIRES,PAMPEANA,f4_paralisis,1,1,0,0
HCDN3072,2023,0.0602,lla,MENDOZA,CUYO,f4_paralisis,1,0,0,0
HCDN3072,2024,1.0021,lla,MENDOZA,CUYO,f5_cierre,0,1,1,0
HCDN3072,2025,0.9993,lla,MENDOZA,CUYO,f5_cierre,1,1,0,0
HCDN0984,2008,1.0021,izquierda_progresista,CIUDAD DE BUENOS AIRES,CABA,f1_impasse,0,0,1,1
HCDN0984,2009,0.9993,izquierda_progresista,CIUDAD DE BUENOS AIRES,CABA,f1_impasse,1,0,0,0
HCDN0984,2010,0.9993,izquierda_progresista,CIUDAD DE BUENOS AIRES,CABA,f2_relanzamiento,0,0,0,0
HCDN0984,2011,0.9993,izquierda_progresista,CIUDAD DE BUENOS AIRES,CABA,f2_relanzamiento,1,0,0,0
HCDN0984,2012,1.0021,izquierda_progresista,CIUDAD DE BUENOS AIRES,CABA,f2_relanzamiento,0,0,0,0
HCDN0984,2013,0.9993,izquierda_progresista,CIUDAD DE BUENOS AIRES,CABA,f2_relanzamiento,1,0,0,0
HCDN0984,2014,0.9993,izquierda_progresista,CIUDAD DE BUENOS AIRES,CABA,f2_relanzamiento,0,0,0,0
HCDN0984,2015,0.9391,izquierda_progresista,CIUDAD DE BUENOS AIRES,CABA,f2_relanzamiento,1,0,0,0
HCDN2977,2021,0.0438,kirchnerismo,CATAMARCA,NOA,f4_paralisis,1,1,0,0
HCDN2977,2022,0.9993,kirchnerismo,CATAMARCA,NOA,f4_paralisis,0,1,0,0
HCDN2977,2023,0.9391,kirchnerismo,CATAMARCA,NOA,f4_paralisis,1,1,0,0
HCDN1160,2009,0.0602,ucr,SANTA CRUZ,PATAGONIA,f1_impasse,1,0,0,0
HCDN1160,2010,0.9993,ucr,SANTA CRUZ,PATAGONIA,f2_relanzamiento,0,0,0,0
HCDN1160,2011,0.9993,ucr,SANTA CRUZ,PATAGONIA,f2_relanzamiento,1,0,0,0
HCDN1160,2012,1.0021,ucr,SANTA CRUZ,PATAGONIA,f2_relanzamiento,0,0,0,0
HCDN1160,2013,0.9993,ucr,SANTA CRUZ,PATAGONIA,f2_relanzamiento,1,0,0,0
HCDN1160,2014,0.9993,ucr,SANTA CRUZ,PATAGONIA,f2_relanzamiento,0,0,0,0
HCDN1160,2015,0.9993,ucr,SANTA CRUZ,PATAGONIA,f2_relanzamiento,1,0,0,0
HCDN1160,2016,1.0021,ucr,SANTA CRUZ,PATAGONIA,f3_reactivacion,0,1,0,0
HCDN1160,2017,0.9391,ucr,SANTA CRUZ,PATAGONIA,f3_reactivacion,1,1,0,0
HCDN2282,2017,0.8159,peronismo_federal,BUENOS AIRES,PAMPEANA,f3_reactivacion,1,0,0,0
HCDN1580,2016,0.8378,izquierda_progresista,MENDOZA,CUYO,f3_reactivacion,0,0,1,1
HCDN1580,2017,0.9391,izquierda_progresista,MENDOZA,CUYO,f3_reactivacion,1,0,0,0
HCDN0985,2008,1.0021,kirchnerismo,ENTRE RIOS,PAMPEANA,f1_impasse,0,1,0,0
HCDN0985,2009,0.9993,kirchnerismo,ENTRE RIOS,PAMPEANA,f1_impasse,1,1,0,0
HCDN0985,2010,0.9993,peronismo_federal,ENTRE RIOS,PAMPEANA,f2_relanzamiento,0,0,0,0
HCDN0985,2011,0.9993,peronismo_federal,ENTRE RIOS,PAMPEANA,f2_relanzamiento,1,0,0,0
HCDN0985,2012,1.0021,peronismo_federal,ENTRE RIOS,PAMPEANA,f2_relanzamiento,0,0,0,0
HCDN0985,2013,0.9993,peronismo_federal,ENTRE RIOS,PAMPEANA,f2_relanzamiento,1,0,0,0
HCDN0985,2014,0.9993,provinciales,ENTRE RIOS,PAMPEANA,f2_relanzamiento,0,0,0,0
HCDN0985,2015,0.9993,provinciales,ENTRE RIOS,PAMPEANA,f2_relanzamiento,1,0,0,0
HCDN0985,2016,1.0021,provinciales,ENTRE RIOS,PAMPEANA,f3_reactivacion,0,0,0,0
HCDN0985,2017,0.9391,provinciales,ENTRE RIOS,PAMPEANA,f3_reactivacion,1,0,0,0
HCDN2797,2019,0.0602,pro,BUENOS AIRES,PAMPEANA,f3_reactivacion,1,1,0,0
HCDN2797,2020,1.0021,pro,BUENOS AIRES,PAMPEANA,f4_paralisis,0,0,0,0
HCDN2797,2021,0.9993,pro,BUENOS AIRES,PAMPEANA,f4_paralisis,1,0,0,0
HCDN2797,2022,0.9993,pro,BUENOS AIRES,PAMPEANA,f4_paralisis,0,0,0,0
HCDN2797,2023,0.9391,pro,BUENOS AIRES,PAMPEANA,f4_paralisis,1,0,0,0
HCDN2371,2017,0.0602,peronismo_federal,ENTRE RIOS,PAMPEANA,f3_reactivacion,1,0,0,0
HCDN2371,2018,0.9993,peronismo_federal,ENTRE RIOS,PAMPEANA,f3_reactivacion,0,0,0,0
HCDN2371,2019,0.9993,peronismo_federal,ENTRE RIOS,PAMPEANA,f3_reactivacion,1,0,0,0
HCDN2371,2020,1.0021,kirchnerismo,ENTRE RIOS,PAMPEANA,f4_paralisis,0,1,0,0
HCDN2371,2021,0.9391,kirchnerismo,ENTRE RIOS,PAMPEANA,f4_paralisis,1,1,0,0
HCDN1071,2008,1.0021,izquierda_progresista,BUENOS AIRES,PAMPEANA,f1_impasse,0,0,0,0
HCDN1071,2009,0.9993,izquierda_progresista,BUENOS AIRES,PAMPEANA,f1_impasse,1,0,0,0
HCDN1071,2010,0.9993,izquierda_progresista,BUENOS AIRES,PAMPEANA,f2_relanzamiento,0,0,1,1
HCDN1071,2011,0.9993,izquierda_progresista,BUENOS AIRES,PAMPEANA,f2_relanzamiento,1,0,1,0
HCDN1071,2012,1.0021,izquierda_progresista,BUENOS AIRES,PAMPEANA,f2_relanzamiento,0,0,0,0
HCDN1071,2013,0.9993,izquierda_progresista,BUENOS AIRES,PAMPEANA,f2_relanzamiento,1,0,0,0
HCDN1071,2014,0.9993,izquierda_progresista,BUENOS AIRES,PAMPEANA,f2_relanzamiento,0,0,0,0
HCDN1071,2015,0.9391,izquierda_progresista,BUENOS AIRES,PAMPEANA,f2_relanzamiento,1,0,0,0
HCDN1161,2009,0.0602,peronismo_federal,CHUBUT,PATAGONIA,f1_impasse,1,0,0,0
HCDN1161,2010,0.9993,peronismo_federal,CHUBUT,PATAGONIA,f2_relanzamiento,0,0,0,0
HCDN1161,2011,0.9993,peronismo_federal,CHUBUT,PATAGONIA,f2_relanzamiento,1,0,0,0
HCDN1161,2012,1.0021,kirchnerismo,CHUBUT,PATAGONIA,f2_relanzamiento,0,1,0,0
HCDN1161,2013,0.9391,kirchnerismo,CHUBUT,PATAGONIA,f2_relanzamiento,1,1,0,0
HCDN0600,2008,1.0021,ucr,ENTRE RIOS,PAMPEANA,f1_impasse,0,0,0,0
HCDN0600,2009,0.9993,ucr,ENTRE RIOS,PAMPEANA,f1_impasse,1,0,0,0
HCDN0600,2010,0.9993,ucr,ENTRE RIOS,PAMPEANA,f2_relanzamiento,0,0,0,0
HCDN0600,2011,0.9391,ucr,ENTRE RIOS,PAMPEANA,f2_relanzamiento,1,0,0,0
HCDN1339,2013,0.0602,peronismo_federal,BUENOS AIRES,PAMPEANA,f2_relanzamiento,1,0,0,0
HCDN1339,2014,0.9993,peronismo_federal,BUENOS AIRES,PAMPEANA,f2_relanzamiento,0,0,0,0
HCDN1339,2015,0.9993,peronismo_federal,BUENOS AIRES,PAMPEANA,f2_relanzamiento,1,0,0,0
HCDN1339,2016,0.1944,peronismo_federal,BUENOS AIRES,PAMPEANA,f3_reactivacion,0,0,0,0
HCDN1340,2013,0.0602,peronismo_federal,BUENOS AIRES,PAMPEANA,f2_relanzamiento,1,0,0,0
HCDN1340,2014,0.9993,peronismo_federal,BUENOS AIRES,PAMPEANA,f2_relanzamiento,0,0,0,0
HCDN1340,2015,0.9993,peronismo_federal,BUENOS AIRES,PAMPEANA,f2_relanzamiento,1,0,0,0
HCDN1340,2016,1.0021,peronismo_federal,BUENOS AIRES,PAMPEANA,f3_reactivacion,0,0,0,0
HCDN1340,2017,0.9391,otros,BUENOS AIRES,PAMPEANA,f3_reactivacion,1,0,0,0
HCDN1374,2013,0.0602,ucr,ENTRE RIOS,PAMPEANA,f2_relanzamiento,1,0,0,0
HCDN1374,2014,0.9993,ucr,ENTRE RIOS,PAMPEANA,f2_relanzamiento,0,0,0,0
HCDN1374,2015,0.9993,ucr,ENTRE RIOS,PAMPEANA,f2_relanzamiento,1,0,0,0
HCDN1374,2016,1.0021,ucr,ENTRE RIOS,PAMPEANA,f3_reactivacion,0,1,0,0
HCDN1374,2017,0.9391,ucr,ENTRE RIOS,PAMPEANA,f3_reactivacion,1,1,0,0
HCDN0409,2008,1.0021,kirchnerismo,SALTA,NOA,f1_impasse,0,1,0,0
HCDN0409,2009,0.9993,peronismo_federal,SALTA,NOA,f1_impasse,1,0,1,1
HCDN0409,2010,0.9993,peronismo_federal,SALTA,NOA,f2_relanzamiento,0,0,2,2
HCDN0409,2011,0.9391,peronismo_federal,SALTA,NOA,f2_relanzamiento,1,0,1,1
HCDN2822,2019,0.0602,kirchnerismo,SANTIAGO DEL ESTERO,NOA,f3_reactivacion,1,0,0,0
HCDN2822,2020,1.0021,kirchnerismo,SANTIAGO DEL ESTERO,NOA,f4_paralisis,0,1,0,0
HCDN2822,2021,0.9993,kirchnerismo,SANTIAGO DEL ESTERO,NOA,f4_paralisis,1,1,0,0
HCDN2822,2022,0.9993,kirchnerismo,SANTIAGO DEL ESTERO,NOA,f4_paralisis,0,1,0,0
HCDN2822,2023,0.9993,kirchnerismo,SANTIAGO DEL ESTERO,NOA,f4_paralisis,1,1,0,0
HCDN2822,2024,1.0021,kirchnerismo,SANTIAGO DEL ESTERO,NOA,f5_cierre,0,0,0,0
HCDN2822,2025,0.9993,kirchnerismo,SANTIAGO DEL ESTERO,NOA,f5_cierre,1,0,0,0
HCDN2853,2019,0.0356,kirchnerismo,FORMOSA,NEA,f3_reactivacion,1,0,0,0
HCDN2853,2020,1.0021,kirchnerismo,FORMOSA,NEA,f4_paralisis,0,1,0,0
HCDN2853,2021,0.9993,kirchnerismo,FORMOSA,NEA,f4_paralisis,1,1,0,0
HCDN2853,2022,0.9993,kirchnerismo,FORMOSA,NEA,f4_paralisis,0,1,0,0
HCDN2853,2023,0.9391,kirchnerismo,FORMOSA,NEA,f4_paralisis,1,1,0,0
HCDN3060,2023,0.0602,lla,SAN LUIS,CUYO,f4_paralisis,1,0,0,0
HCDN3060,2024,1.0021,lla,SAN LUIS,CUYO,f5_cierre,0,1,0,0
HCDN3060,2025,0.9391,lla,SAN LUIS,CUYO,f5_cierre,1,1,0,0
HCDN0987,2008,1.0021,kirchnerismo,CHACO,NEA,f1_impasse,0,1,0,0
HCDN0987,2009,0.9993,kirchnerismo,CHACO,NEA,f1_impasse,1,1,0,0
HCDN0987,2010,0.9993,kirchnerismo,CHACO,NEA,f2_relanzamiento,0,1,1,0
HCDN0987,2011,0.9391,kirchnerismo,CHACO,NEA,f2_relanzamiento,1,1,0,0
HCDN2870,2021,0.7666,kirchnerismo,RIO NEGRO,PATAGONIA,f4_paralisis,1,1,0,0
HCDN2870,2022,0.9993,kirchnerismo,RIO NEGRO,PATAGONIA,f4_paralisis,0,1,0,0
HCDN2870,2023,0.9391,kirchnerismo,RIO NEGRO,PATAGONIA,f4_paralisis,1,1,0,0
HCDN0083,2013,0.0602,provinciales,CHUBUT,PATAGONIA,f2_relanzamiento,1,0,0,0
HCDN0083,2014,0.9993,provinciales,CHUBUT,PATAGONIA,f2_relanzamiento,0,0,0,0
HCDN0083,2015,0.9418,provinciales,CHUBUT,PATAGONIA,f2_relanzamiento,1,0,0,0
HCDN0988,2008,1.0021,kirchnerismo,TUCUMAN,NOA,f1_impasse,0,1,0,0
HCDN0988,2009,0.9993,kirchnerismo,TUCUMAN,NOA,f1_impasse,1,1,0,0
HCDN0988,2010,0.9993,kirchnerismo,TUCUMAN,NOA,f2_relanzamiento,0,1,0,0
HCDN0988,2011,0.9993,kirchnerismo,TUCUMAN,NOA,f2_relanzamiento,1,1,0,0
HCDN0988,2012,1.0021,kirchnerismo,TUCUMAN,NOA,f2_relanzamiento,0,1,0,0
HCDN0988,2013,0.9993,kirchnerismo,TUCUMAN,NOA,f2_relanzamiento,1,1,0,0
HCDN0988,2014,0.9993,kirchnerismo,TUCUMAN,NOA,f2_relanzamiento,0,1,0,0
HCDN0988,2015,0.9391,kirchnerismo,TUCUMAN,NOA,f2_relanzamiento,1,1,0,0
HCDN1486,2015,0.0602,kirchnerismo,SALTA,NOA,f2_relanzamiento,1,1,0,0
HCDN1486,2016,1.0021,peronismo_federal,SALTA,NOA,f3_reactivacion,0,0,0,0
HCDN1486,2017,0.9993,peronismo_federal,SALTA,NOA,f3_reactivacion,1,0,0,0
HCDN1486,2018,0.9993,peronismo_federal,SALTA,NOA,f3_reactivacion,0,0,0,0
HCDN1486,2019,0.9391,peronismo_federal,SALTA,NOA,f3_reactivacion,1,0,0,0
HCDN3253,2025,0.0602,pro,CIUDAD DE BUENOS AIRES,CABA,f5_cierre,1,0,0,0
HCDN1251,2011,0.0602,ucr,CORDOBA,PAMPEANA,f2_relanzamiento,1,0,0,0
HCDN1251,2012,1.0021,ucr,CORDOBA,PAMPEANA,f2_relanzamiento,0,0,0,0
HCDN1251,2013,0.9993,ucr,CORDOBA,PAMPEANA,f2_relanzamiento,1,0,0,0
HCDN1251,2014,0.9993,ucr,CORDOBA,PAMPEANA,f2_relanzamiento,0,0,0,0
HCDN1251,2015,0.9391,ucr,CORDOBA,PAMPEANA,f2_relanzamiento,1,0,0,0
HCDN1252,2011,0.0602,izquierda_progresista,BUENOS AIRES,PAMPEANA,f2_relanzamiento,1,0,0,0
HCDN1252,2012,1.0021,izquierda_progresista,BUENOS AIRES,PAMPEANA,f2_relanzamiento,0,0,0,0
HCDN1252,2013,0.9993,izquierda_progresista,BUENOS AIRES,PAMPEANA,f2_relanzamiento,1,0,0,0
HCDN1252,2014,0.9993,izquierda_progresista,BUENOS AIRES,PAMPEANA,f2_relanzamiento,0,0,0,0
HCDN1252,2015,0.9391,izquierda_progresista,BUENOS AIRES,PAMPEANA,f2_relanzamiento,1,0,0,0
HCDN0732,2008,1.0021,kirchnerismo,FORMOSA,NEA,f1_impasse,0,1,0,0
HCDN0732,2009,0.9993,kirchnerismo,FORMOSA,NEA,f1_impasse,1,1,0,0
HCDN0732,2010,0.9993,kirchnerismo,FORMOSA,NEA,f2_relanzamiento,0,1,0,0
HCDN0732,2011,0.9391,kirchnerismo,FORMOSA,NEA,f2_relanzamiento,1,1,0,0
HCDN0732,2025,0.0602,kirchnerismo,FORMOSA,NEA,f5_cierre,1,0,0,0
HCDN2928,2021,0.0602,peronismo_federal,CORDOBA,PAMPEANA,f4_paralisis,1,0,0,0
HCDN2928,2022,0.9993,peronismo_federal,CORDOBA,PAMPEANA,f4_paralisis,0,0,0,0
HCDN2928,2023,0.9993,peronismo_federal,CORDOBA,PAMPEANA,f4_paralisis,1,0,0,0
HCDN2928,2024,1.0021,peronismo_federal,CORDOBA,PAMPEANA,f5_cierre,0,0,0,0
HCDN2928,2025,0.9993,peronismo_federal,CORDOBA,PAMPEANA,f5_cierre,1,0,0,0
HCDN2794,2019,0.0356,ucr,CIUDAD DE BUENOS AIRES,CABA,f3_reactivacion,1,1,0,0
HCDN2794,2020,1.0021,ucr,CIUDAD DE BUENOS AIRES,CABA,f4_paralisis,0,0,1,0
HCDN2794,2021,0.9391,ucr,CIUDAD DE BUENOS AIRES,CABA,f4_paralisis,1,0,0,0
HCDN2942,2021,0.0602,ucr,CORDOBA,PAMPEANA,f4_paralisis,1,0,0,0
HCDN2942,2022,0.9993,ucr,CORDOBA,PAMPEANA,f4_paralisis,0,0,0,0
HCDN2942,2023,0.9993,ucr,CORDOBA,PAMPEANA,f4_paralisis,1,0,0,0
HCDN2942,2024,1.0021,ucr,CORDOBA,PAMPEANA,f5_cierre,0,0,0,0
HCDN2942,2025,0.9391,ucr,CORDOBA,PAMPEANA,f5_cierre,1,0,0,0
HCDN0871,2008,1.0021,provinciales,MENDOZA,CUYO,f1_impasse,0,0,0,0
HCDN0871,2009,0.9993,provinciales,MENDOZA,CUYO,f1_impasse,1,0,0,0
HCDN0871,2010,0.9993,provinciales,MENDOZA,CUYO,f2_relanzamiento,0,0,0,0
HCDN0871,2011,0.9993,provinciales,MENDOZA,CUYO,f2_relanzamiento,1,0,0,0
HCDN0871,2012,1.0021,provinciales,MENDOZA,CUYO,f2_relanzamiento,0,0,0,0
HCDN0871,2013,0.9391,provinciales,MENDOZA,CUYO,f2_relanzamiento,1,0,0,0
HCDN0871,2019,0.0602,pro,MENDOZA,CUYO,f3_reactivacion,1,1,0,0
HCDN0871,2020,1.0021,pro,MENDOZA,CUYO,f4_paralisis,0,0,0,0
HCDN0871,2021,0.9993,pro,MENDOZA,CUYO,f4_paralisis,1,0,0,0
HCDN0871,2022,0.9993,pro,MENDOZA,CUYO,f4_paralisis,0,0,0,0
HCDN0871,2023,0.9391,pro,MENDOZA,CUYO,f4_paralisis,1,0,0,0
HCDN3150,2025,0.4408,izquierda_progresista,CIUDAD DE BUENOS AIRES,CABA,f5_cierre,1,0,0,0
HCDN0668,2013,0.0602,peronismo_federal,BUENOS AIRES,PAMPEANA,f2_relanzamiento,1,0,0,0
HCDN0668,2014,0.9993,peronismo_federal,BUENOS AIRES,PAMPEANA,f2_relanzamiento,0,0,0,0
HCDN0668,2015,0.9993,peronismo_federal,BUENOS AIRES,PAMPEANA,f2_relanzamiento,1,0,0,0
HCDN0668,2016,1.0021,peronismo_federal,BUENOS AIRES,PAMPEANA,f3_reactivacion,0,0,1,0
HCDN0668,2017,0.9993,peronismo_federal,BUENOS AIRES,PAMPEANA,f3_reactivacion,1,0,1,0
HCDN0668,2018,0.9993,peronismo_federal,BUENOS AIRES,PAMPEANA,f3_reactivacion,0,0,0,0
HCDN0668,2019,0.9993,peronismo_federal,BUENOS AIRES,PAMPEANA,f3_reactivacion,1,0,4,0
HCDN0668,2020,1.0021,kirchnerismo,BUENOS AIRES,PAMPEANA,f4_paralisis,0,1,0,0
HCDN0668,2021,0.9391,kirchnerismo,BUENOS AIRES,PAMPEANA,f4_paralisis,1,1,0,0
HCDN0872,2008,1.0021,peronismo_federal,BUENOS AIRES,PAMPEANA,f1_impasse,0,0,0,0
HCDN0872,2009,0.9993,peronismo_federal,BUENOS AIRES,PAMPEANA,f1_impasse,1,0,0,0
HCDN0872,2010,0.9993,peronismo_federal,BUENOS AIRES,PAMPEANA,f2_relanzamiento,0,0,0,0
HCDN0872,2011,0.9993,peronismo_federal,BUENOS AIRES,PAMPEANA,f2_relanzamiento,1,0,0,0
HCDN0872,2012,1.0021,peronismo_federal,BUENOS AIRES,PAMPEANA,f2_relanzamiento,0,0,0,0
HCDN0872,2013,0.9993,peronismo_federal,BUENOS AIRES,PAMPEANA,f2_relanzamiento,1,0,0,0
HCDN0872,2014,0.9993,peronismo_federal,BUENOS AIRES,PAMPEANA,f2_relanzamiento,0,0,0,0
HCDN0872,2015,0.9227,peronismo_federal,BUENOS AIRES,PAMPEANA,f2_relanzamiento,1,0,0,0
HCDN1253,2011,0.0602,kirchnerismo,BUENOS AIRES,PAMPEANA,f2_relanzamiento,1,1,0,0
HCDN1253,2012,1.0021,kirchnerismo,BUENOS AIRES,PAMPEANA,f2_relanzamiento,0,1,0,0
HCDN1253,2013,0.9993,kirchnerismo,BUENOS AIRES,PAMPEANA,f2_relanzamiento,1,1,0,0
HCDN1253,2014,0.9993,kirchnerismo,BUENOS AIRES,PAMPEANA,f2_relanzamiento,0,1,0,0
HCDN1253,2015,0.2163,kirchnerismo,BUENOS AIRES,PAMPEANA,f2_relanzamiento,1,1,0,0
HCDN1253,2016,1.0021,kirchnerismo,BUENOS AIRES,PAMPEANA,f3_reactivacion,0,0,0,0
HCDN1253,2017,0.9993,kirchnerismo,BUENOS AIRES,PAMPEANA,f3_reactivacion,1,0,0,0
HCDN1253,2018,0.9993,kirchnerismo,BUENOS AIRES,PAMPEANA,f3_reactivacion,0,0,0,0
HCDN1253,2019,0.9418,kirchnerismo,BUENOS AIRES,PAMPEANA,f3_reactivacion,1,0,0,0
HCDN1493,2015,0.0602,kirchnerismo,SANTA FE,PAMPEANA,f2_relanzamiento,1,1,0,0
HCDN1493,2016,1.0021,kirchnerismo,SANTA FE,PAMPEANA,f3_reactivacion,0,0,0,0
HCDN1493,2017,0.9993,kirchnerismo,SANTA FE,PAMPEANA,f3_reactivacion,1,0,0,0
HCDN1493,2018,0.9993,kirchnerismo,SANTA FE,PAMPEANA,f3_reactivacion,0,0,0,0
HCDN1493,2019,0.9391,kirchnerismo,SANTA FE,PAMPEANA,f3_reactivacion,1,0,0,0
HCDN1162,2009,0.0602,cc_ari,CIUDAD DE BUENOS AIRES,CABA,f1_impasse,1,0,0,0
HCDN1162,2010,0.9993,cc_ari,CIUDAD DE BUENOS AIRES,CABA,f2_relanzamiento,0,0,0,0
HCDN1162,2011,0.9993,cc_ari,CIUDAD DE BUENOS AIRES,CABA,f2_relanzamiento,1,0,0,0
HCDN1162,2012,1.0021,cc_ari,CIUDAD DE BUENOS AIRES,CABA,f2_relanzamiento,0,0,0,0
HCDN1162,2013,0.9391,cc_ari,CIUDAD DE BUENOS AIRES,CABA,f2_relanzamiento,1,0,0,0
HCDN3101,2023,0.0684,pro,BUENOS AIRES,PAMPEANA,f4_paralisis,1,0,0,0
HCDN3101,2024,1.0021,pro,BUENOS AIRES,PAMPEANA,f5_cierre,0,0,0,0
HCDN3101,2025,0.9993,pro,BUENOS AIRES,PAMPEANA,f5_cierre,1,0,0,0
HCDN0703,2015,0.0602,kirchnerismo,BUENOS AIRES,PAMPEANA,f2_relanzamiento,1,1,0,0
HCDN0703,2016,1.0021,kirchnerismo,BUENOS AIRES,PAMPEANA,f3_reactivacion,0,0,0,0
HCDN0703,2017,0.9993,kirchnerismo,BUENOS AIRES,PAMPEANA,f3_reactivacion,1,0,0,0
HCDN0703,2018,0.9993,kirchnerismo,BUENOS AIRES,PAMPEANA,f3_reactivacion,0,0,0,0
HCDN0703,2019,0.9391,kirchnerismo,BUENOS AIRES,PAMPEANA,f3_reactivacion,1,0,0,0
HCDN0989,2008,1.0021,ucr,CORDOBA,PAMPEANA,f1_impasse,0,0,0,0
HCDN0989,2009,0.9993,ucr,CORDOBA,PAMPEANA,f1_impasse,1,0,0,0
HCDN0989,2010,0.9993,ucr,CORDOBA,PAMPEANA,f2_relanzamiento,0,0,0,0
HCDN0989,2011,0.9391,ucr,CORDOBA,PAMPEANA,f2_relanzamiento,1,0,0,0
HCDN1383,2013,0.0602,izquierda_progresista,MENDOZA,CUYO,f2_relanzamiento,1,0,0,0
HCDN1383,2014,0.9993,izquierda_progresista,MENDOZA,CUYO,f2_relanzamiento,0,0,0,0
HCDN1383,2015,0.9199,izquierda_progresista,MENDOZA,CUYO,f2_relanzamiento,1,0,0,0
HCDN1383,2017,0.0602,izquierda_progresista,BUENOS AIRES,PAMPEANA,f3_reactivacion,1,0,0,0
HCDN1383,2018,0.9993,izquierda_progresista,BUENOS AIRES,PAMPEANA,f3_reactivacion,0,0,0,0
HCDN1383,2019,0.9993,izquierda_progresista,BUENOS AIRES,PAMPEANA,f3_reactivacion,1,0,0,0
HCDN1383,2020,1.0021,izquierda_progresista,BUENOS AIRES,PAMPEANA,f4_paralisis,0,0,0,0
HCDN1383,2021,0.501,izquierda_progresista,BUENOS AIRES,PAMPEANA,f4_paralisis,1,0,0,0
HCDN1383,2022,0.9993,izquierda_progresista,BUENOS AIRES,PAMPEANA,f4_paralisis,0,0,0,0
HCDN1383,2023,0.9993,izquierda_progresista,BUENOS AIRES,PAMPEANA,f4_paralisis,1,0,0,0
HCDN1383,2024,1.0021,izquierda_progresista,BUENOS AIRES,PAMPEANA,f5_cierre,0,0,0,0
HCDN1383,2025,0.5613,izquierda_progresista,BUENOS AIRES,PAMPEANA,f5_cierre,1,0,0,0
HCDN2372,2017,0.0602,ucr,SANTA FE,PAMPEANA,f3_reactivacion,1,1,0,0
HCDN2372,2018,0.9993,ucr,SANTA FE,PAMPEANA,f3_reactivacion,0,1,0,0
HCDN2372,2019,0.9993,ucr,SANTA FE,PAMPEANA,f3_reactivacion,1,1,0,0
HCDN2372,2020,1.0021,ucr,SANTA FE,PAMPEANA,f4_paralisis,0,0,0,0
HCDN2372,2021,0.9391,ucr,SANTA FE,PAMPEANA,f4_paralisis,1,0,0,0
HCDN2373,2017,0.0602,izquierda_progresista,BUENOS AIRES,PAMPEANA,f3_reactivacion,1,0,0,0
HCDN2373,2018,0.9993,izquierda_progresista,BUENOS AIRES,PAMPEANA,f3_reactivacion,0,0,0,0
HCDN2373,2019,0.9993,izquierda_progresista,BUENOS AIRES,PAMPEANA,f3_reactivacion,1,0,0,0
HCDN2373,2020,0.9418,izquierda_progresista,BUENOS AIRES,PAMPEANA,f4_paralisis,0,0,0,0
HCDN2373,2021,0.0602,izquierda_progresista,BUENOS AIRES,PAMPEANA,f4_paralisis,1,0,0,0
HCDN2373,2022,0.9993,izquierda_progresista,BUENOS AIRES,PAMPEANA,f4_paralisis,0,0,1,1
HCDN2373,2023,0.9993,izquierda_progresista,BUENOS AIRES,PAMPEANA,f4_paralisis,1,0,0,0
HCDN2373,2024,0.4873,izquierda_progresista,BUENOS AIRES,PAMPEANA,f5_cierre,0,0,1,1
HCDN2373,2025,0.0602,izquierda_progresista,BUENOS AIRES,PAMPEANA,f5_cierre,1,0,0,0
HCDN2374,2017,0.0602,peronismo_federal,LA PAMPA,PAMPEANA,f3_reactivacion,1,0,0,0
HCDN2374,2018,0.9993,peronismo_federal,LA PAMPA,PAMPEANA,f3_reactivacion,0,0,0,0
HCDN2374,2019,0.9993,peronismo_federal,LA PAMPA,PAMPEANA,f3_reactivacion,1,0,0,0
HCDN2374,2020,1.0021,kirchnerismo,LA PAMPA,PAMPEANA,f4_paralisis,0,1,0,0
HCDN2374,2021,0.9391,kirchnerismo,LA PAMPA,PAMPEANA,f4_paralisis,1,1,0,0
HCDN0875,2008,1.0021,kirchnerismo,BUENOS AIRES,PAMPEANA,f1_impasse,0,1,0,0
HCDN0875,2009,0.9391,kirchnerismo,BUENOS AIRES,PAMPEANA,f1_impasse,1,1,0,0
HCDN0875,2010,0.1615,kirchnerismo,BUENOS AIRES,PAMPEANA,f2_relanzamiento,0,1,0,0
HCDN0875,2011,0.9993,kirchnerismo,BUENOS AIRES,PAMPEANA,f2_relanzamiento,1,1,0,0
HCDN0875,2012,1.0021,kirchnerismo,BUENOS AIRES,PAMPEANA,f2_relanzamiento,0,1,0,0
HCDN0875,2013,0.9993,kirchnerismo,BUENOS AIRES,PAMPEANA,f2_relanzamiento,1,1,0,0
HCDN0875,2014,0.9993,kirchnerismo,BUENOS AIRES,PAMPEANA,f2_relanzamiento,0,1,0,0
HCDN0875,2015,0.9993,kirchnerismo,BUENOS AIRES,PAMPEANA,f2_relanzamiento,1,1,0,0
HCDN0875,2016,1.0021,kirchnerismo,BUENOS AIRES,PAMPEANA,f3_reactivacion,0,0,0,0
HCDN0875,2017,0.9391,kirchnerismo,BUENOS AIRES,PAMPEANA,f3_reactivacion,1,0,0,0
HCDN2438,2017,0.0383,provinciales,MISIONES,NEA,f3_reactivacion,1,0,0,0
HCDN2438,2018,0.9993,provinciales,MISIONES,NEA,f3_reactivacion,0,0,1,1
HCDN2438,2019,0.9391,provinciales,MISIONES,NEA,f3_reactivacion,1,0,1,1
HCDN2813,2019,0.0602,provinciales,RIO NEGRO,PATAGONIA,f3_reactivacion,1,0,0,0
HCDN2813,2020,1.0021,provinciales,RIO NEGRO,PATAGONIA,f4_paralisis,0,0,0,0
HCDN2813,2021,0.9993,provinciales,RIO NEGRO,PATAGONIA,f4_paralisis,1,0,0,0
HCDN2813,2022,0.9993,provinciales,RIO NEGRO,PATAGONIA,f4_paralisis,0,0,0,0
HCDN2813,2023,0.9391,provinciales,RIO NEGRO,PATAGONIA,f4_paralisis,1,0,0,0
HCDN1481,2015,0.0602,kirchnerismo,MISIONES,NEA,f2_relanzamiento,1,1,0,0
HCDN1481,2016,1.0021,kirchnerismo,MISIONES,NEA,f3_reactivacion,0,0,1,0
HCDN1481,2017,0.9993,kirchnerismo,MISIONES,NEA,f3_reactivacion,1,0,0,0
HCDN1481,2018,0.9993,provinciales,MISIONES,NEA,f3_reactivacion,0,0,0,0
HCDN1481,2019,0.9391,provinciales,MISIONES,NEA,f3_reactivacion,1,0,1,0
HCDN0876,2008,1.0021,kirchnerismo,BUENOS AIRES,PAMPEANA,f1_impasse,0,1,0,0
HCDN0876,2009,0.9993,kirchnerismo,BUENOS AIRES,PAMPEANA,f1_impasse,1,1,0,0
HCDN0876,2010,0.9993,kirchnerismo,BUENOS AIRES,PAMPEANA,f2_relanzamiento,0,1,0,0
HCDN0876,2011,0.9993,kirchnerismo,BUENOS AIRES,PAMPEANA,f2_relanzamiento,1,1,0,0
HCDN0876,2012,1.0021,kirchnerismo,BUENOS AIRES,PAMPEANA,f2_relanzamiento,0,1,0,0
HCDN0876,2013,0.9993,kirchnerismo,BUENOS AIRES,PAMPEANA,f2_relanzamiento,1,1,0,0
HCDN0876,2014,0.9993,kirchnerismo,BUENOS AIRES,PAMPEANA,f2_relanzamiento,0,1,0,0
HCDN0876,2015,0.9993,kirchnerismo,BUENOS AIRES,PAMPEANA,f2_relanzamiento,1,1,0,0
HCDN0876,2016,1.0021,kirchnerismo,BUENOS AIRES,PAMPEANA,f3_reactivacion,0,0,0,0
HCDN0876,2017,0.9391,kirchnerismo,BUENOS AIRES,PAMPEANA,f3_reactivacion,1,0,0,0
HCDN3194,2025,0.0602,kirchnerismo,BUENOS AIRES,PAMPEANA,f5_cierre,1,0,0,0
HCDN0739,2008,1.0021,kirchnerismo,TUCUMAN,NOA,f1_impasse,0,1,1,0
HCDN0739,2009,0.9993,kirchnerismo,TUCUMAN,NOA,f1_impasse,1,1,0,0
HCDN0739,2010,0.9993,kirchnerismo,TUCUMAN,NOA,f2_relanzamiento,0,1,0,0
HCDN0739,2011,0.8186,kirchnerismo,TUCUMAN,NOA,f2_relanzamiento,1,1,0,0
HCDN0412,2008,1.0021,kirchnerismo,BUENOS AIRES,PAMPEANA,f1_impasse,0,1,0,0
HCDN0412,2009,0.9993,kirchnerismo,BUENOS AIRES,PAMPEANA,f1_impasse,1,1,0,0
HCDN0412,2010,0.9993,kirchnerismo,BUENOS AIRES,PAMPEANA,f2_relanzamiento,0,1,0,0
HCDN0412,2011,0.9993,kirchnerismo,BUENOS AIRES,PAMPEANA,f2_relanzamiento,1,1,0,0
HCDN0412,2012,1.0021,kirchnerismo,BUENOS AIRES,PAMPEANA,f2_relanzamiento,0,1,0,0
HCDN0412,2013,0.9993,kirchnerismo,BUENOS AIRES,PAMPEANA,f2_relanzamiento,1,1,0,0
HCDN0412,2014,0.9993,kirchnerismo,BUENOS AIRES,PAMPEANA,f2_relanzamiento,0,1,0,0
HCDN0412,2015,0.9391,kirchnerismo,BUENOS AIRES,PAMPEANA,f2_relanzamiento,1,1,0,0
HCDN0877,2008,1.0021,kirchnerismo,FORMOSA,NEA,f1_impasse,0,1,0,0
HCDN0877,2009,0.9993,kirchnerismo,FORMOSA,NEA,f1_impasse,1,1,0,0
HCDN0877,2010,0.9993,kirchnerismo,FORMOSA,NEA,f2_relanzamiento,0,1,0,0
HCDN0877,2011,0.9993,kirchnerismo,FORMOSA,NEA,f2_relanzamiento,1,1,0,0
HCDN0877,2012,1.0021,kirchnerismo,FORMOSA,NEA,f2_relanzamiento,0,1,1,0
HCDN0877,2013,0.9993,kirchnerismo,FORMOSA,NEA,f2_relanzamiento,1,1,1,0
HCDN0877,2014,0.9993,kirchnerismo,FORMOSA,NEA,f2_relanzamiento,0,1,0,0
HCDN0877,2015,0.9993,kirchnerismo,FORMOSA,NEA,f2_relanzamiento,1,1,0,0
HCDN0877,2016,1.0021,kirchnerismo,FORMOSA,NEA,f3_reactivacion,0,0,0,0
HCDN0877,2017,0.9391,kirchnerismo,FORMOSA,NEA,f3_reactivacion,1,0,0,0
HCDN3041,2023,0.0602,lla,SANTA FE,PAMPEANA,f4_paralisis,1,0,0,0
HCDN3041,2024,1.0021,lla,SANTA FE,PAMPEANA,f5_cierre,0,1,0,0
HCDN3041,2025,0.9993,lla,SANTA FE,PAMPEANA,f5_cierre,1,1,0,0
HCDN1519,2015,0.0602,ucr,CORRIENTES,NEA,f2_relanzamiento,1,0,0,0
HCDN1519,2016,1.0021,ucr,CORRIENTES,NEA,f3_reactivacion,0,1,0,0
HCDN1519,2017,0.9993,ucr,CORRIENTES,NEA,f3_reactivacion,1,1,0,0
HCDN1519,2018,0.9993,ucr,CORRIENTES,NEA,f3_reactivacion,0,1,0,0
HCDN1519,2019,0.9391,ucr,CORRIENTES,NEA,f3_reactivacion,1,1,0,0
HCDN3193,2025,0.0602,kirchnerismo,CHACO,NEA,f5_cierre,1,0,0,0
HCDN2954,2021,0.0602,provinciales,RIO NEGRO,PATAGONIA,f4_paralisis,1,0,0,0
HCDN2954,2022,0.9993,provinciales,RIO NEGRO,PATAGONIA,f4_paralisis,0,0,0,0
HCDN2954,2023,0.9993,provinciales,RIO NEGRO,PATAGONIA,f4_paralisis,1,0,0,0
HCDN2954,2024,1.0021,provinciales,RIO NEGRO,PATAGONIA,f5_cierre,0,0,0,0
HCDN2954,2025,0.9391,provinciales,RIO NEGRO,PATAGONIA,f5_cierre,1,0,0,0
HCDN1118,2011,0.0602,kirchnerismo,BUENOS AIRES,PAMPEANA,f2_relanzamiento,1,1,0,0
HCDN1118,2012,1.0021,kirchnerismo,BUENOS AIRES,PAMPEANA,f2_relanzamiento,0,1,0,0
HCDN1118,2013,0.9993,kirchnerismo,BUENOS AIRES,PAMPEANA,f2_relanzamiento,1,1,0,0
HCDN1118,2014,0.9993,kirchnerismo,BUENOS AIRES,PAMPEANA,f2_relanzamiento,0,1,0,0
HCDN1118,2015,0.9391,kirchnerismo,BUENOS AIRES,PAMPEANA,f2_relanzamiento,1,1,0,0
HCDN2335,2017,0.4326,peronismo_federal,SAN LUIS,CUYO,f3_reactivacion,1,0,0,0
HCDN1483,2015,0.0602,kirchnerismo,RIO NEGRO,PATAGONIA,f2_relanzamiento,1,1,0,0
HCDN1483,2016,1.0021,kirchnerismo,RIO NEGRO,PATAGONIA,f3_reactivacion,0,0,0,0
HCDN1483,2017,0.9993,kirchnerismo,RIO NEGRO,PATAGONIA,f3_reactivacion,1,0,0,0
HCDN1483,2018,0.9993,kirchnerismo,RIO NEGRO,PATAGONIA,f3_reactivacion,0,0,1,1
HCDN1483,2019,0.9391,kirchnerismo,RIO NEGRO,PATAGONIA,f3_reactivacion,1,0,0,0
HCDN1073,2008,1.0021,izquierda_progresista,BUENOS AIRES,PAMPEANA,f1_impasse,0,0,0,0
HCDN1073,2009,0.9993,izquierda_progresista,BUENOS AIRES,PAMPEANA,f1_impasse,1,0,0,0
HCDN1073,2010,0.9993,izquierda_progresista,BUENOS AIRES,PAMPEANA,f2_relanzamiento,0,0,0,0
HCDN1073,2011,0.9993,izquierda_progresista,BUENOS AIRES,PAMPEANA,f2_relanzamiento,1,0,0,0
HCDN1073,2012,1.0021,izquierda_progresista,BUENOS AIRES,PAMPEANA,f2_relanzamiento,0,0,0,0
HCDN1073,2013,0.9993,izquierda_progresista,BUENOS AIRES,PAMPEANA,f2_relanzamiento,1,0,0,0
HCDN1073,2014,0.9993,izquierda_progresista,BUENOS AIRES,PAMPEANA,f2_relanzamiento,0,0,1,1
HCDN1073,2015,0.9993,izquierda_progresista,BUENOS AIRES,PAMPEANA,f2_relanzamiento,1,0,0,0
HCDN1073,2016,1.0021,izquierda_progresista,CIUDAD DE BUENOS AIRES,CABA,f3_reactivacion,0,0,1,1
HCDN1073,2017,0.9993,izquierda_progresista,CIUDAD DE BUENOS AIRES,CABA,f3_reactivacion,1,0,0,0
HCDN1073,2018,0.9993,izquierda_progresista,CIUDAD DE BUENOS AIRES,CABA,f3_reactivacion,0,0,1,1
HCDN1073,2019,0.9418,otros,CIUDAD DE BUENOS AIRES,CABA,f3_reactivacion,1,0,0,0
HCDN1228,2010,0.1424,kirchnerismo,FORMOSA,NEA,f2_relanzamiento,0,1,0,0
HCDN1228,2011,0.9993,kirchnerismo,FORMOSA,NEA,f2_relanzamiento,1,1,0,0
HCDN1228,2012,1.0021,kirchnerismo,FORMOSA,NEA,f2_relanzamiento,0,1,0,0
HCDN1228,2013,0.9993,kirchnerismo,FORMOSA,NEA,f2_relanzamiento,1,1,0,0
HCDN1228,2014,0.9993,kirchnerismo,FORMOSA,NEA,f2_relanzamiento,0,1,0,0
HCDN1228,2015,0.9391,kirchnerismo,FORMOSA,NEA,f2_relanzamiento,1,1,0,0
HCDN1255,2011,0.0602,izquierda_progresista,BUENOS AIRES,PAMPEANA,f2_relanzamiento,1,0,0,0
HCDN1255,2012,1.0021,izquierda_progresista,BUENOS AIRES,PAMPEANA,f2_relanzamiento,0,0,0,0
HCDN1255,2013,0.9993,izquierda_progresista,BUENOS AIRES,PAMPEANA,f2_relanzamiento,1,0,0,0
HCDN1255,2014,0.9993,izquierda_progresista,BUENOS AIRES,PAMPEANA,f2_relanzamiento,0,0,0,0
HCDN1255,2015,0.9391,izquierda_progresista,BUENOS AIRES,PAMPEANA,f2_relanzamiento,1,0,0,0
HCDN1391,2013,0.0602,otros,SALTA,NOA,f2_relanzamiento,1,0,0,0
HCDN1391,2014,0.9993,otros,SALTA,NOA,f2_relanzamiento,0,0,0,0
HCDN1391,2015,0.9993,otros,SALTA,NOA,f2_relanzamiento,1,0,1,0
HCDN1391,2016,1.0021,pro,SALTA,NOA,f3_reactivacion,0,1,0,0
HCDN1391,2017,0.9391,pro,SALTA,NOA,f3_reactivacion,1,1,0,0
HCDN1559,2016,0.8378,izquierda_progresista,FORMOSA,NEA,f3_reactivacion,0,0,0,0
HCDN1559,2017,0.9391,izquierda_progresista,FORMOSA,NEA,f3_reactivacion,1,0,0,0
HCDN1227,2010,0.1615,kirchnerismo,BUENOS AIRES,PAMPEANA,f2_relanzamiento,0,1,0,0
HCDN1227,2011,0.9391,kirchnerismo,BUENOS AIRES,PAMPEANA,f2_relanzamiento,1,1,0,0
HCDN1442,2015,0.0602,ucr,BUENOS AIRES,PAMPEANA,f2_relanzamiento,1,0,0,0
HCDN1442,2016,1.0021,ucr,BUENOS AIRES,PAMPEANA,f3_reactivacion,0,1,0,0
HCDN1442,2017,0.9993,ucr,BUENOS AIRES,PAMPEANA,f3_reactivacion,1,1,0,0
HCDN1442,2018,0.9993,ucr,BUENOS AIRES,PAMPEANA,f3_reactivacion,0,1,0,0
HCDN1442,2019,0.9391,ucr,BUENOS AIRES,PAMPEANA,f3_reactivacion,1,1,0,0
HCDN1341,2013,0.0602,peronismo_federal,BUENOS AIRES,PAMPEANA,f2_relanzamiento,1,0,0,0
HCDN1341,2014,0.9993,peronismo_federal,BUENOS AIRES,PAMPEANA,f2_relanzamiento,0,0,1,0
HCDN1341,2015,0.9993,peronismo_federal,BUENOS AIRES,PAMPEANA,f2_relanzamiento,1,0,0,0
HCDN1341,2016,1.0021,peronismo_federal,BUENOS AIRES,PAMPEANA,f3_reactivacion,0,0,0,0
HCDN1341,2017,0.9391,peronismo_federal,BUENOS AIRES,PAMPEANA,f3_reactivacion,1,0,0,0
HCDN2766,2019,0.0602,pro,CORDOBA,PAMPEANA,f3_reactivacion,1,1,0,0
HCDN2766,2020,1.0021,pro,CORDOBA,PAMPEANA,f4_paralisis,0,0,0,0
HCDN2766,2021,0.9993,pro,CORDOBA,PAMPEANA,f4_paralisis,1,0,0,0
HCDN2766,2022,0.9993,pro,CORDOBA,PAMPEANA,f4_paralisis,0,0,0,0
HCDN2766,2023,0.9391,pro,CORDOBA,PAMPEANA,f4_paralisis,1,0,0,0
HCDN1419,2013,0.0082,ucr,TUCUMAN,NOA,f2_relanzamiento,1,0,0,0
HCDN1256,2011,0.0602,kirchnerismo,CHUBUT,PATAGONIA,f2_relanzamiento,1,1,0,0
HCDN1256,2012,1.0021,kirchnerismo,CHUBUT,PATAGONIA,f2_relanzamiento,0,1,0,0
HCDN1256,2013,0.1643,kirchnerismo,CHUBUT,PATAGONIA,f2_relanzamiento,1,1,0,0
HCDN1257,2011,0.0602,kirchnerismo,ENTRE RIOS,PAMPEANA,f2_relanzamiento,1,1,0,0
HCDN1257,2012,1.0021,kirchnerismo,ENTRE RIOS,PAMPEANA,f2_relanzamiento,0,1,0,0
HCDN1257,2013,0.9993,kirchnerismo,ENTRE RIOS,PAMPEANA,f2_relanzamiento,1,1,0,0
HCDN1257,2014,0.9993,kirchnerismo,ENTRE RIOS,PAMPEANA,f2_relanzamiento,0,1,0,0
HCDN1257,2015,0.9391,kirchnerismo,ENTRE RIOS,PAMPEANA,f2_relanzamiento,1,1,0,0
HCDN3024,2023,0.0684,lla,CIUDAD DE BUENOS AIRES,CABA,f4_paralisis,1,0,0,0
HCDN3024,2024,1.0021,lla,CIUDAD DE BUENOS AIRES,CABA,f5_cierre,0,1,0,0
HCDN3024,2025,0.9993,lla,CIUDAD DE BUENOS AIRES,CABA,f5_cierre,1,1,0,0
HCDN2435,2017,0.0383,pro,CIUDAD DE BUENOS AIRES,CABA,f3_reactivacion,1,1,0,0
HCDN2435,2018,0.9993,pro,CIUDAD DE BUENOS AIRES,CABA,f3_reactivacion,0,1,0,0
HCDN2435,2019,0.9993,pro,CIUDAD DE BUENOS AIRES,CABA,f3_reactivacion,1,1,0,0
HCDN2435,2020,1.0021,pro,CIUDAD DE BUENOS AIRES,CABA,f4_paralisis,0,0,1,0
HCDN2435,2021,0.9391,pro,CIUDAD DE BUENOS AIRES,CABA,f4_paralisis,1,0,0,0
HCDN1090,2008,1.0021,kirchnerismo,BUENOS AIRES,PAMPEANA,f1_impasse,0,1,0,0
HCDN1090,2009,0.9993,otros,BUENOS AIRES,PAMPEANA,f1_impasse,1,0,0,0
HCDN1090,2010,0.9993,ucr,BUENOS AIRES,PAMPEANA,f2_relanzamiento,0,0,0,0
HCDN1090,2011,0.9391,ucr,BUENOS AIRES,PAMPEANA,f2_relanzamiento,1,0,0,0
HCDN1428,2014,0.7474,peronismo_federal,BUENOS AIRES,PAMPEANA,f2_relanzamiento,0,0,0,0
HCDN1428,2015,0.9391,peronismo_federal,BUENOS AIRES,PAMPEANA,f2_relanzamiento,1,0,0,0
HCDN2901,2021,0.0602,lla,BUENOS AIRES,PAMPEANA,f4_paralisis,1,0,0,0
HCDN2901,2022,0.9993,lla,BUENOS AIRES,PAMPEANA,f4_paralisis,0,0,0,0
HCDN2901,2023,0.9993,lla,BUENOS AIRES,PAMPEANA,f4_paralisis,1,0,0,0
HCDN2901,2024,1.0021,lla,BUENOS AIRES,PAMPEANA,f5_cierre,0,1,0,0
HCDN2901,2025,0.9391,lla,BUENOS AIRES,PAMPEANA,f5_cierre,1,1,0,0
HCDN3017,2023,0.4326,cc_ari,BUENOS AIRES,PAMPEANA,f4_paralisis,1,0,0,0
HCDN1163,2009,0.0602,ucr,CORDOBA,PAMPEANA,f1_impasse,1,0,0,0
HCDN1163,2010,0.9993,ucr,CORDOBA,PAMPEANA,f2_relanzamiento,0,0,0,0
HCDN1163,2011,0.9993,ucr,CORDOBA,PAMPEANA,f2_relanzamiento,1,0,0,0
HCDN1163,2012,1.0021,ucr,CORDOBA,PAMPEANA,f2_relanzamiento,0,0,0,0
HCDN1163,2013,0.9391,ucr,CORDOBA,PAMPEANA,f2_relanzamiento,1,0,0,0
HCDN2430,2017,0.0602,kirchnerismo,BUENOS AIRES,PAMPEANA,f3_reactivacion,1,0,0,0
HCDN2430,2018,0.9993,kirchnerismo,BUENOS AIRES,PAMPEANA,f3_reactivacion,0,0,0,0
HCDN2430,2019,0.9446,kirchnerismo,BUENOS AIRES,PAMPEANA,f3_reactivacion,1,0,1,0
HCDN2756,2019,0.0602,izquierda_progresista,SANTA FE,PAMPEANA,f3_reactivacion,1,0,0,0
HCDN2756,2020,1.0021,izquierda_progresista,SANTA FE,PAMPEANA,f4_paralisis,0,0,0,0
HCDN2756,2021,0.9993,izquierda_progresista,SANTA FE,PAMPEANA,f4_paralisis,1,0,0,0
HCDN2756,2022,0.9993,izquierda_progresista,SANTA FE,PAMPEANA,f4_paralisis,0,0,0,0
HCDN2756,2023,0.9391,izquierda_progresista,SANTA FE,PAMPEANA,f4_paralisis,1,0,1,1
HCDN1514,2015,0.0602,kirchnerismo,CORDOBA,PAMPEANA,f2_relanzamiento,1,1,0,0
HCDN1514,2016,1.0021,kirchnerismo,CORDOBA,PAMPEANA,f3_reactivacion,0,0,0,0
HCDN1514,2017,0.9993,kirchnerismo,CORDOBA,PAMPEANA,f3_reactivacion,1,0,2,2
HCDN1514,2018,0.9993,kirchnerismo,CORDOBA,PAMPEANA,f3_reactivacion,0,0,0,0
HCDN1514,2019,0.9993,kirchnerismo,CORDOBA,PAMPEANA,f3_reactivacion,1,0,0,0
HCDN1514,2020,1.0021,kirchnerismo,CORDOBA,PAMPEANA,f4_paralisis,0,1,0,0
HCDN1514,2021,0.9993,kirchnerismo,CORDOBA,PAMPEANA,f4_paralisis,1,1,0,0
HCDN1514,2022,0.9993,kirchnerismo,CORDOBA,PAMPEANA,f4_paralisis,0,1,0,0
HCDN1514,2023,0.9993,kirchnerismo,CORDOBA,PAMPEANA,f4_paralisis,1,1,0,0
HCDN1514,2024,1.0021,kirchnerismo,CORDOBA,PAMPEANA,f5_cierre,0,0,1,1
HCDN1514,2025,0.9993,kirchnerismo,CORDOBA,PAMPEANA,f5_cierre,1,0,0,0
HCDN2884,2021,0.0602,kirchnerismo,SALTA,NOA,f4_paralisis,1,1,0,0
HCDN2884,2022,0.9993,kirchnerismo,SALTA,NOA,f4_paralisis,0,1,0,0
HCDN2884,2023,0.9993,kirchnerismo,SALTA,NOA,f4_paralisis,1,1,0,0
HCDN2884,2024,1.0021,kirchnerismo,SALTA,NOA,f5_cierre,0,0,0,0
HCDN2884,2025,0.9391,kirchnerismo,SALTA,NOA,f5_cierre,1,0,0,0
HCDN1342,2013,0.0602,peronismo_federal,BUENOS AIRES,PAMPEANA,f2_relanzamiento,1,0,0,0
HCDN1342,2014,0.9993,peronismo_federal,BUENOS AIRES,PAMPEANA,f2_relanzamiento,0,0,0,0
HCDN1342,2015,0.9993,otros,BUENOS AIRES,PAMPEANA,f2_relanzamiento,1,0,0,0
HCDN1342,2016,1.0021,otros,BUENOS AIRES,PAMPEANA,f3_reactivacion,0,0,0,0
HCDN1342,2017,0.9391,otros,BUENOS AIRES,PAMPEANA,f3_reactivacion,1,0,0,0
HCDN0741,2008,1.0021,kirchnerismo,MENDOZA,CUYO,f1_impasse,0,1,1,0
HCDN0741,2009,0.9993,kirchnerismo,MENDOZA,CUYO,f1_impasse,1,1,0,0
HCDN0741,2010,0.9993,kirchnerismo,MENDOZA,CUYO,f2_relanzamiento,0,1,0,0
HCDN0741,2011,0.9391,kirchnerismo,MENDOZA,CUYO,f2_relanzamiento,1,1,0,0
HCDN1164,2009,0.0602,provinciales,TIERRA DEL FUEGO,PATAGONIA,f1_impasse,1,0,0,0
HCDN1164,2010,0.9993,provinciales,TIERRA DEL FUEGO,PATAGONIA,f2_relanzamiento,0,0,2,0
HCDN1164,2011,0.9993,provinciales,TIERRA DEL FUEGO,PATAGONIA,f2_relanzamiento,1,0,0,0
HCDN1164,2012,1.0021,provinciales,TIERRA DEL FUEGO,PATAGONIA,f2_relanzamiento,0,0,3,0
HCDN1164,2013,0.9391,provinciales,TIERRA DEL FUEGO,PATAGONIA,f2_relanzamiento,1,0,0,0
HCDN2844,2019,0.0356,kirchnerismo,BUENOS AIRES,PAMPEANA,f3_reactivacion,1,0,0,0
HCDN2844,2020,1.0021,kirchnerismo,BUENOS AIRES,PAMPEANA,f4_paralisis,0,1,0,0
HCDN2844,2021,0.9993,kirchnerismo,BUENOS AIRES,PAMPEANA,f4_paralisis,1,1,0,0
HCDN2844,2022,0.9993,kirchnerismo,BUENOS AIRES,PAMPEANA,f4_paralisis,0,1,1,1
HCDN2844,2023,0.9391,kirchnerismo,BUENOS AIRES,PAMPEANA,f4_paralisis,1,1,0,0
HCDN3089,2023,0.0602,lla,BUENOS AIRES,PAMPEANA,f4_paralisis,1,0,0,0
HCDN3089,2024,1.0021,otros,BUENOS AIRES,PAMPEANA,f5_cierre,0,0,0,0
HCDN3089,2025,0.9993,otros,BUENOS AIRES,PAMPEANA,f5_cierre,1,0,0,0
HCDN3252,2025,0.0602,lla,CIUDAD DE BUENOS AIRES,CABA,f5_cierre,1,1,0,0
HCDN3219,2025,0.0602,provinciales,SANTA FE,PAMPEANA,f5_cierre,1,0,0,0
HCDN1165,2009,0.0602,ucr,CORDOBA,PAMPEANA,f1_impasse,1,0,0,0
HCDN1165,2010,0.9993,ucr,CORDOBA,PAMPEANA,f2_relanzamiento,0,0,0,0
HCDN1165,2011,0.9993,ucr,CORDOBA,PAMPEANA,f2_relanzamiento,1,0,0,0
HCDN1165,2012,1.0021,ucr,CORDOBA,PAMPEANA,f2_relanzamiento,0,0,0,0
HCDN1165,2013,0.9391,ucr,CORDOBA,PAMPEANA,f2_relanzamiento,1,0,0,0
HCDN1166,2009,0.0602,otros,SANTA FE,PAMPEANA,f1_impasse,1,0,0,0
HCDN1166,2010,0.9993,otros,SANTA FE,PAMPEANA,f2_relanzamiento,0,0,0,0
HCDN1166,2011,0.9993,otros,SANTA FE,PAMPEANA,f2_relanzamiento,1,0,0,0
HCDN1166,2012,1.0021,otros,SANTA FE,PAMPEANA,f2_relanzamiento,0,0,0,0
HCDN1166,2013,0.9391,otros,SANTA FE,PAMPEANA,f2_relanzamiento,1,0,0,0
HCDN2891,2021,0.0602,izquierda_progresista,SANTA FE,PAMPEANA,f4_paralisis,1,0,0,0
HCDN2891,2022,0.9993,izquierda_progresista,SANTA FE,PAMPEANA,f4_paralisis,0,0,0,0
HCDN2891,2023,0.9993,izquierda_progresista,SANTA FE,PAMPEANA,f4_paralisis,1,0,0,0
HCDN2891,2024,1.0021,izquierda_progresista,SANTA FE,PAMPEANA,f5_cierre,0,0,0,0
HCDN2891,2025,0.9391,izquierda_progresista,SANTA FE,PAMPEANA,f5_cierre,1,0,0,0
HCDN0990,2008,1.0021,izquierda_progresista,SANTA FE,PAMPEANA,f1_impasse,0,0,0,0
HCDN0990,2009,0.9993,izquierda_progresista,SANTA FE,PAMPEANA,f1_impasse,1,0,0,0
HCDN0990,2010,0.9993,izquierda_progresista,SANTA FE,PAMPEANA,f2_relanzamiento,0,0,0,0
HCDN0990,2011,0.9391,izquierda_progresista,SANTA FE,PAMPEANA,f2_relanzamiento,1,0,0,0
HCDN1258,2011,0.0602,kirchnerismo,CIUDAD DE BUENOS AIRES,CABA,f2_relanzamiento,1,1,0,0
HCDN1258,2012,1.0021,kirchnerismo,CIUDAD DE BUENOS AIRES,CABA,f2_relanzamiento,0,1,0,0
HCDN1258,2013,0.9993,kirchnerismo,CIUDAD DE BUENOS AIRES,CABA,f2_relanzamiento,1,1,0,0
HCDN1258,2014,0.9993,kirchnerismo,CIUDAD DE BUENOS AIRES,CABA,f2_relanzamiento,0,1,0,0
HCDN1258,2015,0.9391,kirchnerismo,CIUDAD DE BUENOS AIRES,CABA,f2_relanzamiento,1,1,0,0
HCDN3212,2025,0.0602,kirchnerismo,MENDOZA,CUYO,f5_cierre,1,0,0,0
HCDN1167,2009,0.0602,kirchnerismo,MENDOZA,CUYO,f1_impasse,1,1,0,0
HCDN1167,2010,0.9993,kirchnerismo,MENDOZA,CUYO,f2_relanzamiento,0,1,0,0
HCDN1167,2011,0.9993,kirchnerismo,MENDOZA,CUYO,f2_relanzamiento,1,1,0,0
HCDN1167,2012,1.0021,kirchnerismo,MENDOZA,CUYO,f2_relanzamiento,0,1,0,0
HCDN1167,2013,0.9391,kirchnerismo,MENDOZA,CUYO,f2_relanzamiento,1,1,0,0
HCDN1167,2017,0.0602,provinciales,MENDOZA,CUYO,f3_reactivacion,1,0,0,0
HCDN1167,2018,0.9993,provinciales,MENDOZA,CUYO,f3_reactivacion,0,0,0,0
HCDN1167,2019,0.9993,provinciales,MENDOZA,CUYO,f3_reactivacion,1,0,0,0
HCDN1167,2020,1.0021,kirchnerismo,MENDOZA,CUYO,f4_paralisis,0,1,0,0
HCDN1167,2021,0.9391,kirchnerismo,MENDOZA,CUYO,f4_paralisis,1,1,0,0
HCDN1033,2008,1.0021,kirchnerismo,JUJUY,NOA,f1_impasse,0,1,0,0
HCDN1033,2009,0.9993,kirchnerismo,JUJUY,NOA,f1_impasse,1,1,0,0
HCDN1033,2010,0.9993,kirchnerismo,JUJUY,NOA,f2_relanzamiento,0,1,0,0
HCDN1033,2011,0.9391,kirchnerismo,JUJUY,NOA,f2_relanzamiento,1,1,0,0
HCDN2903,2021,0.0602,kirchnerismo,TUCUMAN,NOA,f4_paralisis,1,1,0,0
HCDN2903,2022,0.9993,kirchnerismo,TUCUMAN,NOA,f4_paralisis,0,1,0,0
HCDN2903,2023,0.9993,kirchnerismo,TUCUMAN,NOA,f4_paralisis,1,1,0,0
HCDN2903,2024,1.0021,otros,TUCUMAN,NOA,f5_cierre,0,0,0,0
HCDN2903,2025,0.9391,otros,TUCUMAN,NOA,f5_cierre,1,0,0,0
HCDN2377,2017,0.0602,ucr,BUENOS AIRES,PAMPEANA,f3_reactivacion,1,1,0,0
HCDN2377,2018,0.9993,ucr,BUENOS AIRES,PAMPEANA,f3_reactivacion,0,1,0,0
HCDN2377,2019,0.9993,ucr,BUENOS AIRES,PAMPEANA,f3_reactivacion,1,1,0,0
HCDN2377,2020,1.0021,ucr,BUENOS AIRES,PAMPEANA,f4_paralisis,0,0,0,0
HCDN2377,2021,0.9391,ucr,BUENOS AIRES,PAMPEANA,f4_paralisis,1,0,0,0
HCDN2985,2021,0.0438,provinciales,MISIONES,NEA,f4_paralisis,1,0,0,0
HCDN2985,2022,0.9993,provinciales,MISIONES,NEA,f4_paralisis,0,0,1,0
HCDN2985,2023,0.9993,provinciales,MISIONES,NEA,f4_paralisis,1,0,0,0
HCDN2985,2024,1.0021,provinciales,MISIONES,NEA,f5_cierre,0,0,0,0
HCDN2985,2025,0.9391,provinciales,MISIONES,NEA,f5_cierre,1,0,0,0
HCDN2815,2019,0.0602,kirchnerismo,CORDOBA,PAMPEANA,f3_reactivacion,1,0,0,0
HCDN2815,2020,1.0021,kirchnerismo,CORDOBA,PAMPEANA,f4_paralisis,0,1,0,0
HCDN2815,2021,0.9993,kirchnerismo,CORDOBA,PAMPEANA,f4_paralisis,1,1,0,0
HCDN2815,2022,0.9993,kirchnerismo,CORDOBA,PAMPEANA,f4_paralisis,0,1,0,0
HCDN2815,2023,0.9391,kirchnerismo,CORDOBA,PAMPEANA,f4_paralisis,1,1,0,0
HCDN3020,2023,0.2245,kirchnerismo,TUCUMAN,NOA,f4_paralisis,1,1,0,0
HCDN3020,2024,2.0041,otros,TUCUMAN,NOA,f5_cierre,0,0,0,0
HCDN3020,2025,1.9384,otros,TUCUMAN,NOA,f5_cierre,1,0,0,0
HCDN2852,2019,0.0356,kirchnerismo,BUENOS AIRES,PAMPEANA,f3_reactivacion,1,0,0,0
HCDN2852,2020,1.0021,kirchnerismo,BUENOS AIRES,PAMPEANA,f4_paralisis,0,1,0,0
HCDN2852,2021,0.9391,kirchnerismo,BUENOS AIRES,PAMPEANA,f4_paralisis,1,1,0,0
HCDN3208,2025,0.0602,otros,SAN LUIS,CUYO,f5_cierre,1,0,0,0
HCDN1168,2009,0.0602,ucr,CORRIENTES,NEA,f1_impasse,1,0,0,0
HCDN1168,2010,0.9993,ucr,CORRIENTES,NEA,f2_relanzamiento,0,0,1,0
HCDN1168,2011,0.9993,ucr,CORRIENTES,NEA,f2_relanzamiento,1,0,0,0
HCDN1168,2012,1.0021,ucr,CORRIENTES,NEA,f2_relanzamiento,0,0,1,0
HCDN1168,2013,0.9391,ucr,CORRIENTES,NEA,f2_relanzamiento,1,0,0,0
HCDN0991,2008,1.0021,kirchnerismo,FORMOSA,NEA,f1_impasse,0,1,0,0
HCDN0991,2009,0.9993,kirchnerismo,FORMOSA,NEA,f1_impasse,1,1,0,0
HCDN0991,2010,0.7995,kirchnerismo,FORMOSA,NEA,f2_relanzamiento,0,1,2,0
HCDN1436,2015,0.4052,ucr,JUJUY,NOA,f2_relanzamiento,1,0,0,0
HCDN2375,2017,0.0602,pro,BUENOS AIRES,PAMPEANA,f3_reactivacion,1,1,0,0
HCDN2375,2018,0.9993,pro,BUENOS AIRES,PAMPEANA,f3_reactivacion,0,1,0,0
HCDN2375,2019,0.9993,pro,BUENOS AIRES,PAMPEANA,f3_reactivacion,1,1,1,0
HCDN2375,2020,1.0021,pro,BUENOS AIRES,PAMPEANA,f4_paralisis,0,0,0,0
HCDN2375,2021,0.9391,pro,BUENOS AIRES,PAMPEANA,f4_paralisis,1,0,1,0
HCDN1378,2013,0.0602,peronismo_federal,LA PAMPA,PAMPEANA,f2_relanzamiento,1,0,0,0
HCDN1378,2014,0.9993,peronismo_federal,LA PAMPA,PAMPEANA,f2_relanzamiento,0,0,2,0
HCDN1378,2015,0.9993,peronismo_federal,LA PAMPA,PAMPEANA,f2_relanzamiento,1,0,0,0
HCDN1378,2016,1.0021,peronismo_federal,LA PAMPA,PAMPEANA,f3_reactivacion,0,0,0,0
HCDN1378,2017,0.9391,peronismo_federal,LA PAMPA,PAMPEANA,f3_reactivacion,1,0,0,0
HCDN3057,2023,0.0602,pro,CIUDAD DE BUENOS AIRES,CABA,f4_paralisis,1,0,0,0
HCDN3057,2024,1.0021,pro,CIUDAD DE BUENOS AIRES,CABA,f5_cierre,0,0,0,0
HCDN3057,2025,0.9993,pro,CIUDAD DE BUENOS AIRES,CABA,f5_cierre,1,0,0,0
HCDN2376,2017,0.0602,kirchnerismo,FORMOSA,NEA,f3_reactivacion,1,0,0,0
HCDN2376,2018,0.9993,kirchnerismo,FORMOSA,NEA,f3_reactivacion,0,0,0,0
HCDN2376,2019,0.9993,kirchnerismo,FORMOSA,NEA,f3_reactivacion,1,0,0,0
HCDN2376,2020,1.0021,kirchnerismo,FORMOSA,NEA,f4_paralisis,0,1,0,0
HCDN2376,2021,0.9993,kirchnerismo,FORMOSA,NEA,f4_paralisis,1,1,0,0
HCDN2376,2022,0.9993,kirchnerismo,FORMOSA,NEA,f4_paralisis,0,1,0,0
HCDN2376,2023,0.9993,kirchnerismo,FORMOSA,NEA,f4_paralisis,1,1,0,0
HCDN2376,2024,1.0021,kirchnerismo,FORMOSA,NEA,f5_cierre,0,0,0,0
HCDN2376,2025,0.9391,kirchnerismo,FORMOSA,NEA,f5_cierre,1,0,0,0
HCDN1259,2011,0.0602,kirchnerismo,MENDOZA,CUYO,f2_relanzamiento,1,1,0,0
HCDN1259,2012,1.0021,kirchnerismo,MENDOZA,CUYO,f2_relanzamiento,0,1,0,0
HCDN1259,2013,0.9993,kirchnerismo,MENDOZA,CUYO,f2_relanzamiento,1,1,0,0
HCDN1259,2014,0.9993,kirchnerismo,MENDOZA,CUYO,f2_relanzamiento,0,1,0,0
HCDN1259,2015,0.9391,kirchnerismo,MENDOZA,CUYO,f2_relanzamiento,1,1,0,0
HCDN0879,2008,1.0021,kirchnerismo,SAN JUAN,CUYO,f1_impasse,0,1,0,0
HCDN0879,2009,0.9993,kirchnerismo,SAN JUAN,CUYO,f1_impasse,1,1,0,0
HCDN0879,2010,0.9993,kirchnerismo,SAN JUAN,CUYO,f2_relanzamiento,0,1,2,0
HCDN0879,2011,0.9993,kirchnerismo,SAN JUAN,CUYO,f2_relanzamiento,1,1,0,0
HCDN0879,2012,1.0021,kirchnerismo,SAN JUAN,CUYO,f2_relanzamiento,0,1,0,0
HCDN0879,2013,0.7775,kirchnerismo,SAN JUAN,CUYO,f2_relanzamiento,1,1,0,0
HCDN3176,2025,0.0602,kirchnerismo,LA PAMPA,PAMPEANA,f5_cierre,1,0,0,0
HCDN1169,2009,0.0602,peronismo_federal,BUENOS AIRES,PAMPEANA,f1_impasse,1,0,0,0
HCDN1169,2010,0.9993,peronismo_federal,BUENOS AIRES,PAMPEANA,f2_relanzamiento,0,0,0,0
HCDN1169,2011,0.9993,peronismo_federal,BUENOS AIRES,PAMPEANA,f2_relanzamiento,1,0,0,0
HCDN1169,2012,1.0021,peronismo_federal,BUENOS AIRES,PAMPEANA,f2_relanzamiento,0,0,2,0
HCDN1169,2013,0.9391,peronismo_federal,BUENOS AIRES,PAMPEANA,f2_relanzamiento,1,0,0,0
HCDN2787,2019,0.0602,cc_ari,CIUDAD DE BUENOS AIRES,CABA,f3_reactivacion,1,1,0,0
HCDN2787,2020,1.0021,cc_ari,CIUDAD DE BUENOS AIRES,CABA,f4_paralisis,0,0,0,0
HCDN2787,2021,0.9993,cc_ari,CIUDAD DE BUENOS AIRES,CABA,f4_paralisis,1,0,0,0
HCDN2787,2022,0.9993,cc_ari,CIUDAD DE BUENOS AIRES,CABA,f4_paralisis,0,0,0,0
HCDN2787,2023,0.9993,cc_ari,CIUDAD DE BUENOS AIRES,CABA,f4_paralisis,1,0,0,0
HCDN2787,2024,1.0021,cc_ari,CIUDAD DE BUENOS AIRES,CABA,f5_cierre,0,0,2,2
HCDN2787,2025,0.9993,cc_ari,CIUDAD DE BUENOS AIRES,CABA,f5_cierre,1,0,0,0
HCDN3139,2024,0.9199,lla,CIUDAD DE BUENOS AIRES,CABA,f5_cierre,0,1,0,0
HCDN3139,2025,0.9993,lla,CIUDAD DE BUENOS AIRES,CABA,f5_cierre,1,1,0,0
HCDN1260,2011,0.0602,kirchnerismo,CORRIENTES,NEA,f2_relanzamiento,1,1,0,0
HCDN1260,2012,1.0021,kirchnerismo,CORRIENTES,NEA,f2_relanzamiento,0,1,0,0
HCDN1260,2013,0.9993,kirchnerismo,CORRIENTES,NEA,f2_relanzamiento,1,1,0,0
HCDN1260,2014,0.9993,kirchnerismo,CORRIENTES,NEA,f2_relanzamiento,0,1,0,0
HCDN1260,2015,0.9993,kirchnerismo,CORRIENTES,NEA,f2_relanzamiento,1,1,0,0
HCDN1260,2016,1.0021,kirchnerismo,CORRIENTES,NEA,f3_reactivacion,0,0,1,0
HCDN1260,2017,0.9993,kirchnerismo,CORRIENTES,NEA,f3_reactivacion,1,0,0,0
HCDN1260,2018,0.9993,kirchnerismo,CORRIENTES,NEA,f3_reactivacion,0,0,0,0
HCDN1260,2019,0.9391,kirchnerismo,CORRIENTES,NEA,f3_reactivacion,1,0,0,0
HCDN2819,2019,0.0602,kirchnerismo,JUJUY,NOA,f3_reactivacion,1,0,0,0
HCDN2819,2020,1.0021,kirchnerismo,JUJUY,NOA,f4_paralisis,0,1,0,0
HCDN2819,2021,0.9993,kirchnerismo,JUJUY,NOA,f4_paralisis,1,1,0,0
HCDN2819,2022,0.9993,kirchnerismo,JUJUY,NOA,f4_paralisis,0,1,0,0
HCDN2819,2023,0.5941,kirchnerismo,JUJUY,NOA,f4_paralisis,1,1,0,0
HCDN1170,2009,0.0602,ucr,JUJUY,NOA,f1_impasse,1,0,0,0
HCDN1170,2010,0.9993,ucr,JUJUY,NOA,f2_relanzamiento,0,0,0,0
HCDN1170,2011,0.9993,ucr,JUJUY,NOA,f2_relanzamiento,1,0,0,0
HCDN1170,2012,1.0021,ucr,JUJUY,NOA,f2_relanzamiento,0,0,1,1
HCDN1170,2013,0.9993,ucr,JUJUY,NOA,f2_relanzamiento,1,0,0,0
HCDN1170,2014,0.9993,ucr,JUJUY,NOA,f2_relanzamiento,0,0,0,0
HCDN1170,2015,0.9391,ucr,JUJUY,NOA,f2_relanzamiento,1,0,0,0
HCDN3230,2025,0.0602,lla,BUENOS AIRES,PAMPEANA,f5_cierre,1,1,0,0
HCDN2864,2020,0.2355,kirchnerismo,SALTA,NOA,f4_paralisis,0,1,0,0
HCDN2864,2021,0.9391,kirchnerismo,SALTA,NOA,f4_paralisis,1,1,0,0
HCDN2882,2021,0.0602,provinciales,NEUQUEN,PATAGONIA,f4_paralisis,1,0,0,0
HCDN2882,2022,0.9993,provinciales,NEUQUEN,PATAGONIA,f4_paralisis,0,0,0,0
HCDN2882,2023,0.9281,provinciales,NEUQUEN,PATAGONIA,f4_paralisis,1,0,0,0
HCDN2888,2021,0.0602,pro,SANTA FE,PAMPEANA,f4_paralisis,1,0,0,0
HCDN2888,2022,0.9993,pro,SANTA FE,PAMPEANA,f4_paralisis,0,0,0,0
HCDN2888,2023,0.9993,pro,SANTA FE,PAMPEANA,f4_paralisis,1,0,0,0
HCDN2888,2024,1.0021,pro,SANTA FE,PAMPEANA,f5_cierre,0,0,0,0
HCDN2888,2025,0.9391,pro,SANTA FE,PAMPEANA,f5_cierre,1,0,0,0
HCDN0705,2017,0.0602,kirchnerismo,CIUDAD DE BUENOS AIRES,CABA,f3_reactivacion,1,0,0,0
HCDN0705,2018,0.9993,kirchnerismo,CIUDAD DE BUENOS AIRES,CABA,f3_reactivacion,0,0,0,0
HCDN0705,2019,0.9993,kirchnerismo,CIUDAD DE BUENOS AIRES,CABA,f3_reactivacion,1,0,0,0
HCDN0705,2020,0.063,kirchnerismo,CIUDAD DE BUENOS AIRES,CABA,f4_paralisis,0,1,0,0
HCDN2955,2021,0.0602,pro,BUENOS AIRES,PAMPEANA,f4_paralisis,1,0,0,0
HCDN2955,2022,0.9993,pro,BUENOS AIRES,PAMPEANA,f4_paralisis,0,0,0,0
HCDN2955,2023,0.9993,pro,BUENOS AIRES,PAMPEANA,f4_paralisis,1,0,0,0
HCDN2955,2024,1.0021,pro,BUENOS AIRES,PAMPEANA,f5_cierre,0,0,0,0
HCDN2955,2025,0.9993,pro,BUENOS AIRES,PAMPEANA,f5_cierre,1,0,0,0
HCDN0746,2008,1.0021,kirchnerismo,SANTA FE,PAMPEANA,f1_impasse,0,1,0,0
HCDN0746,2009,0.9993,kirchnerismo,SANTA FE,PAMPEANA,f1_impasse,1,1,0,0
HCDN0746,2010,0.9993,kirchnerismo,SANTA FE,PAMPEANA,f2_relanzamiento,0,1,0,0
HCDN0746,2011,0.9391,kirchnerismo,SANTA FE,PAMPEANA,f2_relanzamiento,1,1,0,0
HCDN1261,2011,0.0602,provinciales,SALTA,NOA,f2_relanzamiento,1,0,0,0
HCDN1261,2012,1.0021,provinciales,SALTA,NOA,f2_relanzamiento,0,0,0,0
HCDN1261,2013,0.9391,provinciales,SALTA,NOA,f2_relanzamiento,1,0,0,0
HCDN2378,2017,0.0602,peronismo_federal,LA RIOJA,NOA,f3_reactivacion,1,0,0,0
HCDN2378,2018,0.9993,peronismo_federal,LA RIOJA,NOA,f3_reactivacion,0,0,0,0
HCDN2378,2019,0.9993,peronismo_federal,LA RIOJA,NOA,f3_reactivacion,1,0,0,0
HCDN2378,2020,1.0021,kirchnerismo,LA RIOJA,NOA,f4_paralisis,0,1,0,0
HCDN2378,2021,0.9391,kirchnerismo,LA RIOJA,NOA,f4_paralisis,1,1,0,0
HCDN1074,2008,2.0041,cc_ari,BUENOS AIRES,PAMPEANA,f1_impasse,0,0,0,0
HCDN1074,2009,1.9384,cc_ari,BUENOS AIRES,PAMPEANA,f1_impasse,1,0,0,0
HCDN1074,2010,0.9993,cc_ari,BUENOS AIRES,PAMPEANA,f2_relanzamiento,0,0,0,0
HCDN1074,2011,0.9391,cc_ari,BUENOS AIRES,PAMPEANA,f2_relanzamiento,1,0,0,0
HCDN1074,2017,0.0602,cc_ari,BUENOS AIRES,PAMPEANA,f3_reactivacion,1,1,0,0
HCDN1074,2018,0.9993,cc_ari,BUENOS AIRES,PAMPEANA,f3_reactivacion,0,1,0,0
HCDN1074,2019,0.9993,cc_ari,BUENOS AIRES,PAMPEANA,f3_reactivacion,1,1,0,0
HCDN1074,2020,1.0021,cc_ari,BUENOS AIRES,PAMPEANA,f4_paralisis,0,0,0,0
HCDN1074,2021,0.9391,cc_ari,BUENOS AIRES,PAMPEANA,f4_paralisis,1,0,0,0
HCDN3188,2025,0.0602,lla,SALTA,NOA,f5_cierre,1,1,0,0
HCDN1171,2009,0.0602,peronismo_federal,SANTA FE,PAMPEANA,f1_impasse,1,0,0,0
HCDN1171,2010,0.9993,peronismo_federal,SANTA FE,PAMPEANA,f2_relanzamiento,0,0,0,0
HCDN1171,2011,0.9993,peronismo_federal,SANTA FE,PAMPEANA,f2_relanzamiento,1,0,0,0
HCDN1171,2012,1.0021,provinciales,SANTA FE,PAMPEANA,f2_relanzamiento,0,0,0,0
HCDN1171,2013,0.9391,kirchnerismo,SANTA FE,PAMPEANA,f2_relanzamiento,1,1,0,0
HCDN1172,2009,0.0602,ucr,LA PAMPA,PAMPEANA,f1_impasse,1,0,0,0
HCDN1172,2010,0.9993,ucr,LA PAMPA,PAMPEANA,f2_relanzamiento,0,0,0,0
HCDN1172,2011,0.9993,ucr,LA PAMPA,PAMPEANA,f2_relanzamiento,1,0,1,0
HCDN1172,2012,1.0021,ucr,LA PAMPA,PAMPEANA,f2_relanzamiento,0,0,1,0
HCDN1172,2013,0.9391,ucr,LA PAMPA,PAMPEANA,f2_relanzamiento,1,0,1,0
HCDN1173,2009,0.0602,peronismo_federal,CORDOBA,PAMPEANA,f1_impasse,1,0,0,0
HCDN1173,2010,0.9993,peronismo_federal,CORDOBA,PAMPEANA,f2_relanzamiento,0,0,0,0
HCDN1173,2011,0.9993,peronismo_federal,CORDOBA,PAMPEANA,f2_relanzamiento,1,0,0,0
HCDN1173,2012,1.0021,peronismo_federal,CORDOBA,PAMPEANA,f2_relanzamiento,0,0,0,0
HCDN1173,2013,0.9391,peronismo_federal,CORDOBA,PAMPEANA,f2_relanzamiento,1,0,0,0
HCDN2810,2019,0.0602,cc_ari,BUENOS AIRES,PAMPEANA,f3_reactivacion,1,1,0,0
HCDN2810,2020,1.0021,cc_ari,BUENOS AIRES,PAMPEANA,f4_paralisis,0,0,0,0
HCDN2810,2021,0.9993,cc_ari,BUENOS AIRES,PAMPEANA,f4_paralisis,1,0,0,0
HCDN2810,2022,0.9993,cc_ari,BUENOS AIRES,PAMPEANA,f4_paralisis,0,0,0,0
HCDN2810,2023,0.9993,cc_ari,BUENOS AIRES,PAMPEANA,f4_paralisis,1,0,0,0
HCDN2810,2024,1.0021,cc_ari,BUENOS AIRES,PAMPEANA,f5_cierre,0,0,0,0
HCDN2810,2025,0.9993,cc_ari,BUENOS AIRES,PAMPEANA,f5_cierre,1,0,0,0
HCDN1491,2015,0.0602,kirchnerismo,SANTA FE,PAMPEANA,f2_relanzamiento,1,1,0,0
HCDN1491,2016,1.0021,kirchnerismo,SANTA FE,PAMPEANA,f3_reactivacion,0,0,0,0
HCDN1491,2017,0.9993,kirchnerismo,SANTA FE,PAMPEANA,f3_reactivacion,1,0,0,0
HCDN1491,2018,0.9993,kirchnerismo,SANTA FE,PAMPEANA,f3_reactivacion,0,0,0,0
HCDN1491,2019,0.9391,kirchnerismo,SANTA FE,PAMPEANA,f3_reactivacion,1,0,0,0
HCDN1262,2011,0.0602,kirchnerismo,CORDOBA,PAMPEANA,f2_relanzamiento,1,1,0,0
HCDN1262,2012,1.0021,kirchnerismo,CORDOBA,PAMPEANA,f2_relanzamiento,0,1,0,0
HCDN1262,2013,0.9993,kirchnerismo,CORDOBA,PAMPEANA,f2_relanzamiento,1,1,0,0
HCDN1262,2014,0.9993,kirchnerismo,CORDOBA,PAMPEANA,f2_relanzamiento,0,1,0,0
HCDN1262,2015,0.9391,kirchnerismo,CORDOBA,PAMPEANA,f2_relanzamiento,1,1,0,0
HCDN1480,2015,0.0602,kirchnerismo,MISIONES,NEA,f2_relanzamiento,1,1,0,0
HCDN1480,2016,1.0021,provinciales,MISIONES,NEA,f3_reactivacion,0,0,1,1
HCDN1480,2017,0.9993,provinciales,MISIONES,NEA,f3_reactivacion,1,0,0,0
HCDN1480,2018,0.9993,provinciales,MISIONES,NEA,f3_reactivacion,0,0,0,0
HCDN1480,2019,0.9391,provinciales,MISIONES,NEA,f3_reactivacion,1,0,1,0
HCDN2379,2017,0.0602,pro,ENTRE RIOS,PAMPEANA,f3_reactivacion,1,1,0,0
HCDN2379,2018,0.9993,pro,ENTRE RIOS,PAMPEANA,f3_reactivacion,0,1,0,0
HCDN2379,2019,0.9993,pro,ENTRE RIOS,PAMPEANA,f3_reactivacion,1,1,0,0
HCDN2379,2020,1.0021,pro,ENTRE RIOS,PAMPEANA,f4_paralisis,0,0,0,0
HCDN2379,2021,0.9391,pro,ENTRE RIOS,PAMPEANA,f4_paralisis,1,0,1,1
HCDN2379,2025,0.0602,pro,ENTRE RIOS,PAMPEANA,f5_cierre,1,0,0,0
HCDN3087,2023,0.0602,kirchnerismo,TIERRA DEL FUEGO,PATAGONIA,f4_paralisis,1,1,0,0
HCDN3087,2024,1.0021,kirchnerismo,TIERRA DEL FUEGO,PATAGONIA,f5_cierre,0,0,1,1
HCDN3087,2025,0.9993,kirchnerismo,TIERRA DEL FUEGO,PATAGONIA,f5_cierre,1,0,0,0
HCDN3215,2025,0.0602,lla,CHUBUT,PATAGONIA,f5_cierre,1,1,0,0
HCDN2783,2019,0.0602,pro,TIERRA DEL FUEGO,PATAGONIA,f3_reactivacion,1,1,0,0
HCDN2783,2020,1.0021,pro,TIERRA DEL FUEGO,PATAGONIA,f4_paralisis,0,0,0,0
HCDN2783,2021,0.9993,pro,TIERRA DEL FUEGO,PATAGONIA,f4_paralisis,1,0,0,0
HCDN2783,2022,0.9993,pro,TIERRA DEL FUEGO,PATAGONIA,f4_paralisis,0,0,0,0
HCDN2783,2023,0.9391,pro,TIERRA DEL FUEGO,PATAGONIA,f4_paralisis,1,0,0,0
HCDN1537,2021,0.0438,pro,ENTRE RIOS,PAMPEANA,f4_paralisis,1,0,0,0
HCDN1537,2022,0.9993,pro,ENTRE RIOS,PAMPEANA,f4_paralisis,0,0,0,0
HCDN1537,2023,0.5092,pro,ENTRE RIOS,PAMPEANA,f4_paralisis,1,0,0,0
HCDN2380,2017,0.0602,pro,CORDOBA,PAMPEANA,f3_reactivacion,1,1,0,0
HCDN2380,2018,0.9993,pro,CORDOBA,PAMPEANA,f3_reactivacion,0,1,0,0
HCDN2380,2019,0.9993,pro,CORDOBA,PAMPEANA,f3_reactivacion,1,1,0,0
HCDN2380,2020,1.0021,pro,CORDOBA,PAMPEANA,f4_paralisis,0,0,0,0
HCDN2380,2021,0.9391,pro,CORDOBA,PAMPEANA,f4_paralisis,1,0,0,0
HCDN1451,2015,0.0602,kirchnerismo,BUENOS AIRES,PAMPEANA,f2_relanzamiento,1,1,0,0
HCDN1451,2016,1.0021,kirchnerismo,BUENOS AIRES,PAMPEANA,f3_reactivacion,0,0,0,0
HCDN1451,2017,0.9993,kirchnerismo,BUENOS AIRES,PAMPEANA,f3_reactivacion,1,0,0,0
HCDN1451,2018,0.9993,kirchnerismo,BUENOS AIRES,PAMPEANA,f3_reactivacion,0,0,0,0
HCDN1451,2019,0.9391,kirchnerismo,BUENOS AIRES,PAMPEANA,f3_reactivacion,1,0,0,0
HCDN1422,2013,0.0767,kirchnerismo,RIO NEGRO,PATAGONIA,f2_relanzamiento,1,1,0,0
HCDN1422,2014,0.9993,kirchnerismo,RIO NEGRO,PATAGONIA,f2_relanzamiento,0,1,0,0
HCDN1422,2015,0.9391,kirchnerismo,RIO NEGRO,PATAGONIA,f2_relanzamiento,1,1,0,0
HCDN1375,2013,0.0602,kirchnerismo,ENTRE RIOS,PAMPEANA,f2_relanzamiento,1,1,0,0
HCDN1375,2014,0.9993,kirchnerismo,ENTRE RIOS,PAMPEANA,f2_relanzamiento,0,1,0,0
HCDN1375,2015,0.9993,kirchnerismo,ENTRE RIOS,PAMPEANA,f2_relanzamiento,1,1,1,0
HCDN1375,2016,1.0021,kirchnerismo,ENTRE RIOS,PAMPEANA,f3_reactivacion,0,0,3,0
HCDN1375,2017,0.9391,kirchnerismo,ENTRE RIOS,PAMPEANA,f3_reactivacion,1,0,1,0
HCDN1375,2019,0.0356,kirchnerismo,ENTRE RIOS,PAMPEANA,f3_reactivacion,1,0,0,0
HCDN1375,2020,1.0021,kirchnerismo,ENTRE RIOS,PAMPEANA,f4_paralisis,0,1,0,0
HCDN1375,2021,0.9993,kirchnerismo,ENTRE RIOS,PAMPEANA,f4_paralisis,1,1,0,0
HCDN1375,2022,0.9993,kirchnerismo,ENTRE RIOS,PAMPEANA,f4_paralisis,0,1,0,0
HCDN1375,2023,0.9993,kirchnerismo,ENTRE RIOS,PAMPEANA,f4_paralisis,1,1,0,0
HCDN1375,2024,1.0021,kirchnerismo,ENTRE RIOS,PAMPEANA,f5_cierre,0,0,0,0
HCDN1375,2025,0.9391,kirchnerismo,ENTRE RIOS,PAMPEANA,f5_cierre,1,0,0,0
HCDN2897,2021,0.0602,ucr,ENTRE RIOS,PAMPEANA,f4_paralisis,1,0,0,0
HCDN2897,2022,0.9993,ucr,ENTRE RIOS,PAMPEANA,f4_paralisis,0,0,0,0
HCDN2897,2023,0.9993,ucr,ENTRE RIOS,PAMPEANA,f4_paralisis,1,0,0,0
HCDN2897,2024,0.6927,ucr,ENTRE RIOS,PAMPEANA,f5_cierre,0,0,0,0
HCDN3217,2025,0.0602,lla,CORRIENTES,NEA,f5_cierre,1,1,0,0
HCDN1174,2009,0.0602,kirchnerismo,TUCUMAN,NOA,f1_impasse,1,1,0,0
HCDN1174,2010,0.9993,kirchnerismo,TUCUMAN,NOA,f2_relanzamiento,0,1,0,0
HCDN1174,2011,0.9993,kirchnerismo,TUCUMAN,NOA,f2_relanzamiento,1,1,0,0
HCDN1174,2012,1.0021,kirchnerismo,TUCUMAN,NOA,f2_relanzamiento,0,1,0,0
HCDN1174,2013,0.9391,kirchnerismo,TUCUMAN,NOA,f2_relanzamiento,1,1,0,0
HCDN1174,2014,0.7474,kirchnerismo,TUCUMAN,NOA,f2_relanzamiento,0,1,1,0
HCDN1174,2015,0.9993,kirchnerismo,TUCUMAN,NOA,f2_relanzamiento,1,1,0,0
HCDN1174,2016,1.0021,kirchnerismo,TUCUMAN,NOA,f3_reactivacion,0,0,0,0
HCDN1174,2017,0.9391,kirchnerismo,TUCUMAN,NOA,f3_reactivacion,1,0,0,0
HCDN3199,2025,0.0602,kirchnerismo,BUENOS AIRES,PAMPEANA,f5_cierre,1,0,0,0
HCDN1175,2009,0.0602,peronismo_federal,BUENOS AIRES,PAMPEANA,f1_impasse,1,0,0,0
HCDN1175,2010,0.9993,peronismo_federal,BUENOS AIRES,PAMPEANA,f2_relanzamiento,0,0,1,0
HCDN1175,2011,0.9993,peronismo_federal,BUENOS AIRES,PAMPEANA,f2_relanzamiento,1,0,0,0
HCDN1175,2012,1.0021,peronismo_federal,BUENOS AIRES,PAMPEANA,f2_relanzamiento,0,0,0,0
HCDN1175,2013,0.9391,peronismo_federal,BUENOS AIRES,PAMPEANA,f2_relanzamiento,1,0,0,0
HCDN2381,2017,0.0602,pro,CIUDAD DE BUENOS AIRES,CABA,f3_reactivacion,1,1,0,0
HCDN2381,2018,0.9993,pro,CIUDAD DE BUENOS AIRES,CABA,f3_reactivacion,0,1,0,0
HCDN2381,2019,0.9993,pro,CIUDAD DE BUENOS AIRES,CABA,f3_reactivacion,1,1,0,0
HCDN2381,2020,1.0021,pro,CIUDAD DE BUENOS AIRES,CABA,f4_paralisis,0,0,0,0
HCDN2381,2021,0.9391,pro,CIUDAD DE BUENOS AIRES,CABA,f4_paralisis,1,0,0,0
HCDN3248,2025,0.0602,lla,BUENOS AIRES,PAMPEANA,f5_cierre,1,1,0,0
HCDN1264,2011,0.0602,kirchnerismo,BUENOS AIRES,PAMPEANA,f2_relanzamiento,1,1,0,0
HCDN1264,2012,1.0021,kirchnerismo,BUENOS AIRES,PAMPEANA,f2_relanzamiento,0,1,0,0
HCDN1264,2013,0.9993,kirchnerismo,BUENOS AIRES,PAMPEANA,f2_relanzamiento,1,1,0,0
HCDN1264,2014,0.9993,kirchnerismo,BUENOS AIRES,PAMPEANA,f2_relanzamiento,0,1,0,0
HCDN1264,2015,0.9391,kirchnerismo,BUENOS AIRES,PAMPEANA,f2_relanzamiento,1,1,0,0
HCDN3106,2023,0.0602,lla,CHACO,NEA,f4_paralisis,1,0,0,0
HCDN3106,2024,1.0021,lla,CHACO,NEA,f5_cierre,0,1,0,0
HCDN3106,2025,0.9993,lla,CHACO,NEA,f5_cierre,1,1,0,0
HCDN0993,2008,1.0021,kirchnerismo,LA PAMPA,PAMPEANA,f1_impasse,0,1,0,0
HCDN0993,2009,0.9993,peronismo_federal,LA PAMPA,PAMPEANA,f1_impasse,1,0,0,0
HCDN0993,2010,0.9993,peronismo_federal,LA PAMPA,PAMPEANA,f2_relanzamiento,0,0,0,0
HCDN0993,2011,0.9391,peronismo_federal,LA PAMPA,PAMPEANA,f2_relanzamiento,1,0,0,0
HCDN0885,2008,1.0021,kirchnerismo,BUENOS AIRES,PAMPEANA,f1_impasse,0,1,0,0
HCDN0885,2009,0.9993,kirchnerismo,BUENOS AIRES,PAMPEANA,f1_impasse,1,1,0,0
HCDN0885,2010,0.9993,kirchnerismo,BUENOS AIRES,PAMPEANA,f2_relanzamiento,0,1,0,0
HCDN0885,2011,0.9993,kirchnerismo,BUENOS AIRES,PAMPEANA,f2_relanzamiento,1,1,0,0
HCDN0885,2012,1.0021,kirchnerismo,BUENOS AIRES,PAMPEANA,f2_relanzamiento,0,1,0,0
HCDN0885,2013,0.9993,kirchnerismo,BUENOS AIRES,PAMPEANA,f2_relanzamiento,1,1,0,0
HCDN0885,2014,0.9993,kirchnerismo,BUENOS AIRES,PAMPEANA,f2_relanzamiento,0,1,0,0
HCDN0885,2015,0.9993,kirchnerismo,BUENOS AIRES,PAMPEANA,f2_relanzamiento,1,1,0,0
HCDN0885,2016,1.0021,kirchnerismo,BUENOS AIRES,PAMPEANA,f3_reactivacion,0,0,0,0
HCDN0885,2017,0.9391,kirchnerismo,BUENOS AIRES,PAMPEANA,f3_reactivacion,1,0,0,0
HCDN0885,2025,0.0602,kirchnerismo,BUENOS AIRES,PAMPEANA,f5_cierre,1,0,0,0
HCDN0749,2008,1.0021,cc_ari,SANTA FE,PAMPEANA,f1_impasse,0,0,1,1
HCDN0749,2009,0.9993,cc_ari,SANTA FE,PAMPEANA,f1_impasse,1,0,2,2
HCDN0749,2010,0.9993,cc_ari,SANTA FE,PAMPEANA,f2_relanzamiento,0,0,1,1
HCDN0749,2011,0.9391,cc_ari,SANTA FE,PAMPEANA,f2_relanzamiento,1,0,0,0
HCDN2814,2019,0.0602,ucr,SANTA FE,PAMPEANA,f3_reactivacion,1,1,0,0
HCDN2814,2020,1.0021,ucr,SANTA FE,PAMPEANA,f4_paralisis,0,0,1,1
HCDN2814,2021,0.9993,ucr,SANTA FE,PAMPEANA,f4_paralisis,1,0,0,0
HCDN2814,2022,0.9993,ucr,SANTA FE,PAMPEANA,f4_paralisis,0,0,1,1
HCDN2814,2023,0.9391,ucr,SANTA FE,PAMPEANA,f4_paralisis,1,0,0,0
HCDN2910,2021,0.0602,peronismo_federal,CORDOBA,PAMPEANA,f4_paralisis,1,0,0,0
HCDN2910,2022,0.9993,peronismo_federal,CORDOBA,PAMPEANA,f4_paralisis,0,0,0,0
HCDN2910,2023,0.9993,peronismo_federal,CORDOBA,PAMPEANA,f4_paralisis,1,0,0,0
HCDN2910,2024,1.0021,peronismo_federal,CORDOBA,PAMPEANA,f5_cierre,0,0,0,0
HCDN2910,2025,0.9993,peronismo_federal,CORDOBA,PAMPEANA,f5_cierre,1,0,0,0
HCDN2812,2019,0.0602,pro,BUENOS AIRES,PAMPEANA,f3_reactivacion,1,1,0,0
HCDN2812,2020,1.0021,pro,BUENOS AIRES,PAMPEANA,f4_paralisis,0,0,0,0
HCDN2812,2021,0.9993,pro,BUENOS AIRES,PAMPEANA,f4_paralisis,1,0,0,0
HCDN2812,2022,0.9993,peronismo_federal,BUENOS AIRES,PAMPEANA,f4_paralisis,0,0,0,0
HCDN2812,2023,0.9391,peronismo_federal,BUENOS AIRES,PAMPEANA,f4_paralisis,1,0,0,0
HCDN0992,2008,1.0021,ucr,TUCUMAN,NOA,f1_impasse,0,0,0,0
HCDN0992,2009,0.46,ucr,TUCUMAN,NOA,f1_impasse,1,0,0,0
HCDN1263,2011,0.0602,kirchnerismo,RIO NEGRO,PATAGONIA,f2_relanzamiento,1,1,0,0
HCDN1263,2012,1.0021,kirchnerismo,RIO NEGRO,PATAGONIA,f2_relanzamiento,0,1,0,0
HCDN1263,2013,0.9391,kirchnerismo,RIO NEGRO,PATAGONIA,f2_relanzamiento,1,1,0,0
HCDN1091,2008,1.0021,peronismo_federal,BUENOS AIRES,PAMPEANA,f1_impasse,0,0,0,0
HCDN1091,2009,0.9993,peronismo_federal,BUENOS AIRES,PAMPEANA,f1_impasse,1,0,0,0
HCDN1091,2010,0.9993,peronismo_federal,BUENOS AIRES,PAMPEANA,f2_relanzamiento,0,0,0,0
HCDN1091,2011,0.9391,peronismo_federal,BUENOS AIRES,PAMPEANA,f2_relanzamiento,1,0,0,0
HCDN1176,2009,0.0602,peronismo_federal,CORDOBA,PAMPEANA,f1_impasse,1,0,0,0
HCDN1176,2010,0.9993,peronismo_federal,CORDOBA,PAMPEANA,f2_relanzamiento,0,0,0,0
HCDN1176,2011,0.9993,peronismo_federal,CORDOBA,PAMPEANA,f2_relanzamiento,1,0,0,0
HCDN1176,2012,1.0021,peronismo_federal,CORDOBA,PAMPEANA,f2_relanzamiento,0,0,1,1
HCDN1176,2013,0.9391,peronismo_federal,CORDOBA,PAMPEANA,f2_relanzamiento,1,0,2,1
HCDN1265,2011,0.0602,provinciales,TIERRA DEL FUEGO,PATAGONIA,f2_relanzamiento,1,0,0,0
HCDN1265,2012,1.0021,provinciales,TIERRA DEL FUEGO,PATAGONIA,f2_relanzamiento,0,0,0,0
HCDN1265,2013,0.9391,provinciales,TIERRA DEL FUEGO,PATAGONIA,f2_relanzamiento,1,0,0,0
HCDN3146,2025,0.8405,provinciales,TIERRA DEL FUEGO,PATAGONIA,f5_cierre,1,0,0,0
HCDN0096,2015,0.0602,kirchnerismo,CIUDAD DE BUENOS AIRES,CABA,f2_relanzamiento,1,1,0,0
HCDN0096,2016,1.0021,kirchnerismo,CIUDAD DE BUENOS AIRES,CABA,f3_reactivacion,0,0,0,0
HCDN0096,2017,0.9993,kirchnerismo,CIUDAD DE BUENOS AIRES,CABA,f3_reactivacion,1,0,0,0
HCDN0096,2018,0.9993,kirchnerismo,CIUDAD DE BUENOS AIRES,CABA,f3_reactivacion,0,0,0,0
HCDN0096,2019,0.9391,kirchnerismo,CIUDAD DE BUENOS AIRES,CABA,f3_reactivacion,1,0,0,0
HCDN1501,2015,0.0602,pro,TUCUMAN,NOA,f2_relanzamiento,1,0,0,0
HCDN1501,2016,1.0021,pro,TUCUMAN,NOA,f3_reactivacion,0,1,0,0
HCDN1501,2017,0.9993,pro,TUCUMAN,NOA,f3_reactivacion,1,1,0,0
HCDN1501,2018,0.9993,pro,TUCUMAN,NOA,f3_reactivacion,0,1,0,0
HCDN1501,2019,0.9391,pro,TUCUMAN,NOA,f3_reactivacion,1,1,0,0
HCDN3099,2023,0.0602,provinciales,SANTA CRUZ,PATAGONIA,f4_paralisis,1,0,0,0
HCDN3099,2024,1.0021,provinciales,SANTA CRUZ,PATAGONIA,f5_cierre,0,0,0,0
HCDN3099,2025,0.9993,provinciales,SANTA CRUZ,PATAGONIA,f5_cierre,1,0,0,0
HCDN1266,2011,0.0602,ucr,CIUDAD DE BUENOS AIRES,CABA,f2_relanzamiento,1,0,0,0
HCDN1266,2012,1.0021,ucr,CIUDAD DE BUENOS AIRES,CABA,f2_relanzamiento,0,0,0,0
HCDN1266,2013,0.9993,ucr,CIUDAD DE BUENOS AIRES,CABA,f2_relanzamiento,1,0,0,0
HCDN1266,2014,0.9993,ucr,CIUDAD DE BUENOS AIRES,CABA,f2_relanzamiento,0,0,0,0
HCDN1266,2015,0.9391,ucr,CIUDAD DE BUENOS AIRES,CABA,f2_relanzamiento,1,0,0,0
HCDN1521,2015,0.0602,pro,ENTRE RIOS,PAMPEANA,f2_relanzamiento,1,0,0,0
HCDN1521,2016,1.0021,pro,ENTRE RIOS,PAMPEANA,f3_reactivacion,0,1,0,0
HCDN1521,2017,0.9993,pro,ENTRE RIOS,PAMPEANA,f3_reactivacion,1,1,0,0
HCDN1521,2018,0.9993,pro,ENTRE RIOS,PAMPEANA,f3_reactivacion,0,1,0,0
HCDN1521,2019,0.9391,pro,ENTRE RIOS,PAMPEANA,f3_reactivacion,1,1,1,0
HCDN1267,2011,0.0602,kirchnerismo,BUENOS AIRES,PAMPEANA,f2_relanzamiento,1,1,0,0
HCDN1267,2012,1.0021,kirchnerismo,BUENOS AIRES,PAMPEANA,f2_relanzamiento,0,1,0,0
HCDN1267,2013,0.9993,kirchnerismo,BUENOS AIRES,PAMPEANA,f2_relanzamiento,1,1,0,0
HCDN1267,2014,0.9993,kirchnerismo,BUENOS AIRES,PAMPEANA,f2_relanzamiento,0,1,0,0
HCDN1267,2015,0.9391,kirchnerismo,BUENOS AIRES,PAMPEANA,f2_relanzamiento,1,1,0,0
HCDN1177,2009,0.0602,peronismo_federal,SANTA FE,PAMPEANA,f1_impasse,1,0,0,0
HCDN1177,2010,0.9993,peronismo_federal,SANTA FE,PAMPEANA,f2_relanzamiento,0,0,0,0
HCDN1177,2011,0.9993,peronismo_federal,SANTA FE,PAMPEANA,f2_relanzamiento,1,0,0,0
HCDN1177,2012,1.0021,peronismo_federal,SANTA FE,PAMPEANA,f2_relanzamiento,0,0,0,0
HCDN1177,2013,0.9391,peronismo_federal,SANTA FE,PAMPEANA,f2_relanzamiento,1,0,0,0
HCDN1421,2013,0.0602,kirchnerismo,ENTRE RIOS,PAMPEANA,f2_relanzamiento,1,1,0,0
HCDN1421,2014,0.9993,kirchnerismo,ENTRE RIOS,PAMPEANA,f2_relanzamiento,0,1,0,0
HCDN1421,2015,0.9993,kirchnerismo,ENTRE RIOS,PAMPEANA,f2_relanzamiento,1,1,0,0
HCDN1421,2016,1.0021,kirchnerismo,ENTRE RIOS,PAMPEANA,f3_reactivacion,0,0,0,0
HCDN1421,2017,0.9391,kirchnerismo,ENTRE RIOS,PAMPEANA,f3_reactivacion,1,0,0,0
HCDN1268,2011,0.0602,kirchnerismo,SANTA FE,PAMPEANA,f2_relanzamiento,1,1,0,0
HCDN1268,2012,1.0021,kirchnerismo,SANTA FE,PAMPEANA,f2_relanzamiento,0,1,0,0
HCDN1268,2013,0.9993,kirchnerismo,SANTA FE,PAMPEANA,f2_relanzamiento,1,1,0,0
HCDN1268,2014,0.9993,kirchnerismo,SANTA FE,PAMPEANA,f2_relanzamiento,0,1,1,0
HCDN1268,2015,0.9391,kirchnerismo,SANTA FE,PAMPEANA,f2_relanzamiento,1,1,0,0
HCDN0887,2011,0.0602,kirchnerismo,CORDOBA,PAMPEANA,f2_relanzamiento,1,1,0,0
HCDN0887,2012,1.0021,kirchnerismo,CORDOBA,PAMPEANA,f2_relanzamiento,0,1,0,0
HCDN0887,2013,0.9993,kirchnerismo,CORDOBA,PAMPEANA,f2_relanzamiento,1,1,0,0
HCDN0887,2014,0.9993,kirchnerismo,CORDOBA,PAMPEANA,f2_relanzamiento,0,1,0,0
HCDN0887,2015,0.9391,kirchnerismo,CORDOBA,PAMPEANA,f2_relanzamiento,1,1,0,0
HCDN3169,2025,0.0602,pro,CIUDAD DE BUENOS AIRES,CABA,f5_cierre,1,0,0,0
HCDN0426,2008,1.0021,kirchnerismo,BUENOS AIRES,PAMPEANA,f1_impasse,0,1,0,0
HCDN0426,2009,0.9993,kirchnerismo,BUENOS AIRES,PAMPEANA,f1_impasse,1,1,0,0
HCDN0426,2010,0.9993,kirchnerismo,BUENOS AIRES,PAMPEANA,f2_relanzamiento,0,1,0,0
HCDN0426,2011,0.9993,kirchnerismo,BUENOS AIRES,PAMPEANA,f2_relanzamiento,1,1,0,0
HCDN0426,2012,1.0021,kirchnerismo,BUENOS AIRES,PAMPEANA,f2_relanzamiento,0,1,0,0
HCDN0426,2013,0.9993,kirchnerismo,BUENOS AIRES,PAMPEANA,f2_relanzamiento,1,1,0,0
HCDN0426,2014,0.9993,kirchnerismo,BUENOS AIRES,PAMPEANA,f2_relanzamiento,0,1,0,0
HCDN0426,2015,0.9062,kirchnerismo,BUENOS AIRES,PAMPEANA,f2_relanzamiento,1,1,0,0
HCDN0381,2009,0.0602,ucr,CIUDAD DE BUENOS AIRES,CABA,f1_impasse,1,0,0,0
HCDN0381,2010,0.9993,ucr,CIUDAD DE BUENOS AIRES,CABA,f2_relanzamiento,0,0,0,0
HCDN0381,2011,0.9993,ucr,CIUDAD DE BUENOS AIRES,CABA,f2_relanzamiento,1,0,1,0
HCDN0381,2012,1.0021,ucr,CIUDAD DE BUENOS AIRES,CABA,f2_relanzamiento,0,0,1,1
HCDN0381,2013,0.9391,ucr,CIUDAD DE BUENOS AIRES,CABA,f2_relanzamiento,1,0,0,0
HCDN0994,2008,1.0021,cc_ari,CIUDAD DE BUENOS AIRES,CABA,f1_impasse,0,0,0,0
HCDN0994,2009,0.9993,cc_ari,CIUDAD DE BUENOS AIRES,CABA,f1_impasse,1,0,0,0
HCDN0994,2010,0.9993,cc_ari,CIUDAD DE BUENOS AIRES,CABA,f2_relanzamiento,0,0,0,0
HCDN0994,2011,0.9391,cc_ari,CIUDAD DE BUENOS AIRES,CABA,f2_relanzamiento,1,0,0,0
HCDN1366,2013,0.0602,kirchnerismo,CORDOBA,PAMPEANA,f2_relanzamiento,1,1,0,0
HCDN1366,2014,0.9993,kirchnerismo,CORDOBA,PAMPEANA,f2_relanzamiento,0,1,0,0
HCDN1366,2015,0.9391,kirchnerismo,CORDOBA,PAMPEANA,f2_relanzamiento,1,1,0,0
HCDN1384,2013,0.0602,ucr,MENDOZA,CUYO,f2_relanzamiento,1,0,0,0
HCDN1384,2014,0.9993,ucr,MENDOZA,CUYO,f2_relanzamiento,0,0,0,0
HCDN1384,2015,0.9993,ucr,MENDOZA,CUYO,f2_relanzamiento,1,0,0,0
HCDN1384,2016,1.0021,ucr,MENDOZA,CUYO,f3_reactivacion,0,1,0,0
HCDN1384,2017,0.9391,ucr,MENDOZA,CUYO,f3_reactivacion,1,1,0,0
HCDN2382,2017,0.0602,provinciales,CATAMARCA,NOA,f3_reactivacion,1,0,0,0
HCDN2382,2018,0.9993,provinciales,CATAMARCA,NOA,f3_reactivacion,0,0,0,0
HCDN2382,2019,0.9993,provinciales,CATAMARCA,NOA,f3_reactivacion,1,0,0,0
HCDN2382,2020,1.0021,kirchnerismo,CATAMARCA,NOA,f4_paralisis,0,1,2,0
HCDN2382,2021,0.9993,kirchnerismo,CATAMARCA,NOA,f4_paralisis,1,1,1,0
HCDN2382,2022,0.9993,kirchnerismo,CATAMARCA,NOA,f4_paralisis,0,1,3,0
HCDN2382,2023,0.9993,kirchnerismo,CATAMARCA,NOA,f4_paralisis,1,1,1,0
HCDN2382,2024,1.0021,kirchnerismo,CATAMARCA,NOA,f5_cierre,0,0,0,0
HCDN2382,2025,0.9391,kirchnerismo,CATAMARCA,NOA,f5_cierre,1,0,0,0
HCDN0298,2015,0.0602,kirchnerismo,SAN JUAN,CUYO,f2_relanzamiento,1,1,0,0
HCDN0298,2016,1.0021,kirchnerismo,SAN JUAN,CUYO,f3_reactivacion,0,0,0,0
HCDN0298,2017,0.9993,kirchnerismo,SAN JUAN,CUYO,f3_reactivacion,1,0,0,0
HCDN0298,2018,0.9993,kirchnerismo,SAN JUAN,CUYO,f3_reactivacion,0,0,0,0
HCDN0298,2019,0.9993,kirchnerismo,SAN JUAN,CUYO,f3_reactivacion,1,0,0,0
HCDN0298,2020,1.0021,kirchnerismo,SAN JUAN,CUYO,f4_paralisis,0,1,0,0
HCDN0298,2021,0.9993,kirchnerismo,SAN JUAN,CUYO,f4_paralisis,1,1,0,0
HCDN0298,2022,0.9993,kirchnerismo,SAN JUAN,CUYO,f4_paralisis,0,1,0,0
HCDN0298,2023,0.9391,kirchnerismo,SAN JUAN,CUYO,f4_paralisis,1,1,0,0
HCDN0752,2008,1.0021,kirchnerismo,SAN JUAN,CUYO,f1_impasse,0,1,0,0
HCDN0752,2009,0.9993,kirchnerismo,SAN JUAN,CUYO,f1_impasse,1,1,0,0
HCDN0752,2010,0.9993,kirchnerismo,SAN JUAN,CUYO,f2_relanzamiento,0,1,0,0
HCDN0752,2011,0.9391,kirchnerismo,SAN JUAN,CUYO,f2_relanzamiento,1,1,0,0
HCDN2278,2016,0.0712,izquierda_progresista,BUENOS AIRES,PAMPEANA,f3_reactivacion,0,0,0,0
HCDN2278,2017,0.9391,izquierda_progresista,BUENOS AIRES,PAMPEANA,f3_reactivacion,1,0,0,0
HCDN2278,2020,0.0602,izquierda_progresista,BUENOS AIRES,PAMPEANA,f4_paralisis,0,0,0,0
HCDN2278,2021,0.9391,izquierda_progresista,BUENOS AIRES,PAMPEANA,f4_paralisis,1,0,0,0
HCDN2278,2025,0.4408,izquierda_progresista,BUENOS AIRES,PAMPEANA,f5_cierre,1,0,0,0
HCDN3026,2023,0.0684,ucr,SANTA FE,PAMPEANA,f4_paralisis,1,0,0,0
HCDN3026,2024,1.0021,ucr,SANTA FE,PAMPEANA,f5_cierre,0,0,0,0
HCDN3026,2025,0.9391,ucr,SANTA FE,PAMPEANA,f5_cierre,1,0,0,0
HCDN0427,2008,1.0021,ucr,JUJUY,NOA,f1_impasse,0,0,0,0
HCDN0427,2009,0.9993,ucr,JUJUY,NOA,f1_impasse,1,0,0,0
HCDN0427,2010,0.9993,ucr,JUJUY,NOA,f2_relanzamiento,0,0,0,0
HCDN0427,2011,0.9993,ucr,JUJUY,NOA,f2_relanzamiento,1,0,0,0
HCDN0427,2012,1.0021,ucr,JUJUY,NOA,f2_relanzamiento,0,0,0,0
HCDN0427,2013,0.9993,ucr,JUJUY,NOA,f2_relanzamiento,1,0,0,0
HCDN0427,2014,0.9993,ucr,JUJUY,NOA,f2_relanzamiento,0,0,0,0
HCDN0427,2015,0.5366,ucr,JUJUY,NOA,f2_relanzamiento,1,0,0,0
HCDN3043,2023,0.0602,pro,CIUDAD DE BUENOS AIRES,CABA,f4_paralisis,1,0,0,0
HCDN3043,2024,1.0021,pro,CIUDAD DE BUENOS AIRES,CABA,f5_cierre,0,0,0,0
HCDN3043,2025,0.9993,pro,CIUDAD DE BUENOS AIRES,CABA,f5_cierre,1,0,1,0
HCDN0754,2008,1.0021,ucr,CIUDAD DE BUENOS AIRES,CABA,f1_impasse,0,0,0,0
HCDN0754,2009,0.9993,ucr,CIUDAD DE BUENOS AIRES,CABA,f1_impasse,1,0,0,0
HCDN0754,2010,0.9993,ucr,CIUDAD DE BUENOS AIRES,CABA,f2_relanzamiento,0,0,0,0
HCDN0754,2011,0.9391,ucr,CIUDAD DE BUENOS AIRES,CABA,f2_relanzamiento,1,0,0,0
HCDN3074,2023,0.0602,kirchnerismo,SANTA FE,PAMPEANA,f4_paralisis,1,1,0,0
HCDN3074,2024,1.0021,kirchnerismo,SANTA FE,PAMPEANA,f5_cierre,0,0,0,0
HCDN3074,2025,0.9993,kirchnerismo,SANTA FE,PAMPEANA,f5_cierre,1,0,0,0
HCDN1343,2013,0.0602,peronismo_federal,BUENOS AIRES,PAMPEANA,f2_relanzamiento,1,0,0,0
HCDN1343,2014,0.9993,peronismo_federal,BUENOS AIRES,PAMPEANA,f2_relanzamiento,0,0,0,0
HCDN1343,2015,0.9993,otros,BUENOS AIRES,PAMPEANA,f2_relanzamiento,1,0,0,0
HCDN1343,2016,1.0021,otros,BUENOS AIRES,PAMPEANA,f3_reactivacion,0,0,0,0
HCDN1343,2017,0.9391,otros,BUENOS AIRES,PAMPEANA,f3_reactivacion,1,0,0,0
HCDN3053,2023,0.0602,kirchnerismo,CHUBUT,PATAGONIA,f4_paralisis,1,1,0,0
HCDN3053,2024,1.0021,kirchnerismo,CHUBUT,PATAGONIA,f5_cierre,0,0,0,0
HCDN3053,2025,0.9993,kirchnerismo,CHUBUT,PATAGONIA,f5_cierre,1,0,0,0
HCDN2751,2019,0.0602,kirchnerismo,SALTA,NOA,f3_reactivacion,1,0,0,0
HCDN2751,2020,1.0021,kirchnerismo,SALTA,NOA,f4_paralisis,0,1,1,1
HCDN2751,2021,0.9993,kirchnerismo,SALTA,NOA,f4_paralisis,1,1,0,0
HCDN2751,2022,0.9993,kirchnerismo,SALTA,NOA,f4_paralisis,0,1,0,0
HCDN2751,2023,0.9391,kirchnerismo,SALTA,NOA,f4_paralisis,1,1,0,0
HCDN0755,2008,1.0021,kirchnerismo,SAN JUAN,CUYO,f1_impasse,0,1,0,0
HCDN0755,2009,0.9993,kirchnerismo,SAN JUAN,CUYO,f1_impasse,1,1,1,0
HCDN0755,2010,0.9993,kirchnerismo,SAN JUAN,CUYO,f2_relanzamiento,0,1,2,0
HCDN0755,2011,0.9391,kirchnerismo,SAN JUAN,CUYO,f2_relanzamiento,1,1,1,0
HCDN1474,2015,0.0602,ucr,CHACO,NEA,f2_relanzamiento,1,0,0,0
HCDN1474,2016,1.0021,ucr,CHACO,NEA,f3_reactivacion,0,1,0,0
HCDN1474,2017,0.9993,ucr,CHACO,NEA,f3_reactivacion,1,1,0,0
HCDN1474,2018,0.9993,ucr,CHACO,NEA,f3_reactivacion,0,1,0,0
HCDN1474,2019,0.9391,ucr,CHACO,NEA,f3_reactivacion,1,1,0,0
HCDN3211,2025,0.0602,lla,CHACO,NEA,f5_cierre,1,1,0,0
HCDN2926,2021,0.0602,kirchnerismo,BUENOS AIRES,PAMPEANA,f4_paralisis,1,1,0,0
HCDN2926,2022,0.9993,kirchnerismo,BUENOS AIRES,PAMPEANA,f4_paralisis,0,1,0,0
HCDN2926,2023,0.9993,kirchnerismo,BUENOS AIRES,PAMPEANA,f4_paralisis,1,1,0,0
HCDN2926,2024,1.0021,kirchnerismo,BUENOS AIRES,PAMPEANA,f5_cierre,0,0,0,0
HCDN2926,2025,0.9391,kirchnerismo,BUENOS AIRES,PAMPEANA,f5_cierre,1,0,0,0
HCDN3062,2023,0.0602,kirchnerismo,SANTIAGO DEL ESTERO,NOA,f4_paralisis,1,1,0,0
HCDN3062,2024,1.0021,kirchnerismo,SANTIAGO DEL ESTERO,NOA,f5_cierre,0,0,0,0
HCDN3062,2025,0.9993,kirchnerismo,SANTIAGO DEL ESTERO,NOA,f5_cierre,1,0,0,0
HCDN1399,2013,0.0602,kirchnerismo,SANTA CRUZ,PATAGONIA,f2_relanzamiento,1,1,0,0
HCDN1399,2014,0.9993,kirchnerismo,SANTA CRUZ,PATAGONIA,f2_relanzamiento,0,1,0,0
HCDN1399,2015,0.9993,kirchnerismo,SANTA CRUZ,PATAGONIA,f2_relanzamiento,1,1,0,0
HCDN1399,2016,1.0021,kirchnerismo,SANTA CRUZ,PATAGONIA,f3_reactivacion,0,0,0,0
HCDN1399,2017,0.9391,kirchnerismo,SANTA CRUZ,PATAGONIA,f3_reactivacion,1,0,0,0
HCDN3200,2025,0.0602,lla,JUJUY,NOA,f5_cierre,1,1,0,0
HCDN1466,2015,0.0602,pro,CIUDAD DE BUENOS AIRES,CABA,f2_relanzamiento,1,0,0,0
HCDN1466,2016,1.0021,pro,CIUDAD DE BUENOS AIRES,CABA,f3_reactivacion,0,1,0,0
HCDN1466,2017,0.9993,pro,CIUDAD DE BUENOS AIRES,CABA,f3_reactivacion,1,1,0,0
HCDN1466,2018,0.9993,pro,CIUDAD DE BUENOS AIRES,CABA,f3_reactivacion,0,1,0,0
HCDN1466,2019,0.9993,pro,CIUDAD DE BUENOS AIRES,CABA,f3_reactivacion,1,1,0,0
HCDN1466,2020,1.0021,pro,CIUDAD DE BUENOS AIRES,CABA,f4_paralisis,0,0,0,0
HCDN1466,2021,0.9993,pro,CIUDAD DE BUENOS AIRES,CABA,f4_paralisis,1,0,1,0
HCDN1466,2022,0.9993,pro,CIUDAD DE BUENOS AIRES,CABA,f4_paralisis,0,0,0,0
HCDN1466,2023,0.9993,pro,CIUDAD DE BUENOS AIRES,CABA,f4_paralisis,1,0,0,0
HCDN1466,2024,1.0021,pro,CIUDAD DE BUENOS AIRES,CABA,f5_cierre,0,0,0,0
HCDN1466,2025,0.9993,pro,CIUDAD DE BUENOS AIRES,CABA,f5_cierre,1,0,0,0
HCDN3186,2025,0.0602,ucr,CORRIENTES,NEA,f5_cierre,1,0,0,0
HCDN3055,2023,0.0602,lla,FORMOSA,NEA,f4_paralisis,1,0,0,0
HCDN3055,2024,1.0021,lla,FORMOSA,NEA,f5_cierre,0,1,0,0
HCDN3055,2025,0.9993,lla,FORMOSA,NEA,f5_cierre,1,1,0,0
HCDN1178,2009,0.0602,pro,BUENOS AIRES,PAMPEANA,f1_impasse,1,0,0,0
HCDN1178,2010,0.9993,pro,BUENOS AIRES,PAMPEANA,f2_relanzamiento,0,0,0,0
HCDN1178,2011,0.9993,pro,BUENOS AIRES,PAMPEANA,f2_relanzamiento,1,0,0,0
HCDN1178,2012,1.0021,pro,BUENOS AIRES,PAMPEANA,f2_relanzamiento,0,0,1,0
HCDN1178,2013,0.9993,pro,BUENOS AIRES,PAMPEANA,f2_relanzamiento,1,0,3,2
HCDN1178,2014,0.9993,pro,BUENOS AIRES,PAMPEANA,f2_relanzamiento,0,0,1,1
HCDN1178,2015,0.9993,pro,BUENOS AIRES,PAMPEANA,f2_relanzamiento,1,0,0,0
HCDN1178,2016,1.0021,pro,BUENOS AIRES,PAMPEANA,f3_reactivacion,0,1,0,0
HCDN1178,2017,0.0164,pro,BUENOS AIRES,PAMPEANA,f3_reactivacion,1,1,0,0
HCDN2979,2021,0.0438,kirchnerismo,SANTA CRUZ,PATAGONIA,f4_paralisis,1,1,0,0
HCDN2979,2022,0.9993,kirchnerismo,SANTA CRUZ,PATAGONIA,f4_paralisis,0,1,0,0
HCDN2979,2023,0.9993,kirchnerismo,SANTA CRUZ,PATAGONIA,f4_paralisis,1,1,0,0
HCDN2979,2024,1.0021,kirchnerismo,SANTA CRUZ,PATAGONIA,f5_cierre,0,0,0,0
HCDN2979,2025,0.9391,kirchnerismo,SANTA CRUZ,PATAGONIA,f5_cierre,1,0,0,0
HCDN1402,2013,0.0602,kirchnerismo,SANTA FE,PAMPEANA,f2_relanzamiento,1,1,0,0
HCDN1402,2014,0.9993,kirchnerismo,SANTA FE,PAMPEANA,f2_relanzamiento,0,1,0,0
HCDN1402,2015,0.9993,kirchnerismo,SANTA FE,PAMPEANA,f2_relanzamiento,1,1,0,0
HCDN1402,2016,1.0021,kirchnerismo,SANTA FE,PAMPEANA,f3_reactivacion,0,0,0,0
HCDN1402,2017,0.9993,kirchnerismo,SANTA FE,PAMPEANA,f3_reactivacion,1,0,0,0
HCDN1402,2018,0.9993,kirchnerismo,SANTA FE,PAMPEANA,f3_reactivacion,0,0,0,0
HCDN1402,2019,0.9993,kirchnerismo,SANTA FE,PAMPEANA,f3_reactivacion,1,0,0,0
HCDN1402,2020,1.0021,kirchnerismo,SANTA FE,PAMPEANA,f4_paralisis,0,1,0,0
HCDN1402,2021,0.9391,kirchnerismo,SANTA FE,PAMPEANA,f4_paralisis,1,1,0,0
HCDN0995,2008,1.0021,kirchnerismo,MENDOZA,CUYO,f1_impasse,0,1,0,0
HCDN0995,2009,0.9993,kirchnerismo,MENDOZA,CUYO,f1_impasse,1,1,0,0
HCDN0995,2010,0.9993,kirchnerismo,MENDOZA,CUYO,f2_relanzamiento,0,1,0,0
HCDN0995,2011,0.9993,kirchnerismo,MENDOZA,CUYO,f2_relanzamiento,1,1,1,0
HCDN0995,2012,1.0021,kirchnerismo,MENDOZA,CUYO,f2_relanzamiento,0,1,1,0
HCDN0995,2013,0.9993,kirchnerismo,MENDOZA,CUYO,f2_relanzamiento,1,1,1,0
HCDN0995,2014,0.9993,kirchnerismo,MENDOZA,CUYO,f2_relanzamiento,0,1,0,0
HCDN0995,2015,0.9391,kirchnerismo,MENDOZA,CUYO,f2_relanzamiento,1,1,0,0
HCDN0954,2008,1.0021,kirchnerismo,CHUBUT,PATAGONIA,f1_impasse,0,1,0,0
HCDN0954,2009,0.9993,kirchnerismo,CHUBUT,PATAGONIA,f1_impasse,1,1,0,0
HCDN0954,2010,0.9993,kirchnerismo,CHUBUT,PATAGONIA,f2_relanzamiento,0,1,0,0
HCDN0954,2011,0.9993,kirchnerismo,CHUBUT,PATAGONIA,f2_relanzamiento,1,1,1,1
HCDN0954,2012,1.0021,kirchnerismo,CHUBUT,PATAGONIA,f2_relanzamiento,0,1,0,0
HCDN0954,2013,0.9391,kirchnerismo,CHUBUT,PATAGONIA,f2_relanzamiento,1,1,0,0
HCDN1316,2019,0.0602,kirchnerismo,SANTA CRUZ,PATAGONIA,f3_reactivacion,1,0,0,0
HCDN1316,2020,1.0021,kirchnerismo,SANTA CRUZ,PATAGONIA,f4_paralisis,0,1,0,0
HCDN1316,2021,0.1123,kirchnerismo,SANTA CRUZ,PATAGONIA,f4_paralisis,1,1,0,0
HCDN1423,2013,0.0767,kirchnerismo,TIERRA DEL FUEGO,PATAGONIA,f2_relanzamiento,1,1,0,0
HCDN1423,2014,0.9993,kirchnerismo,TIERRA DEL FUEGO,PATAGONIA,f2_relanzamiento,0,1,0,0
HCDN1423,2015,0.9391,kirchnerismo,TIERRA DEL FUEGO,PATAGONIA,f2_relanzamiento,1,1,0,0
HCDN3170,2025,0.0602,lla,BUENOS AIRES,PAMPEANA,f5_cierre,1,1,0,0
HCDN2285,2017,0.5311,izquierda_progresista,BUENOS AIRES,PAMPEANA,f3_reactivacion,1,0,0,0
HCDN2285,2018,0.9993,izquierda_progresista,BUENOS AIRES,PAMPEANA,f3_reactivacion,0,0,0,0
HCDN2285,2019,0.1889,izquierda_progresista,BUENOS AIRES,PAMPEANA,f3_reactivacion,1,0,0,0
HCDN3192,2025,0.0602,kirchnerismo,BUENOS AIRES,PAMPEANA,f5_cierre,1,0,0,0
HCDN1452,2015,0.0602,kirchnerismo,BUENOS AIRES,PAMPEANA,f2_relanzamiento,1,1,0,0
HCDN1452,2016,1.0021,kirchnerismo,BUENOS AIRES,PAMPEANA,f3_reactivacion,0,0,0,0
HCDN1452,2017,0.9993,kirchnerismo,BUENOS AIRES,PAMPEANA,f3_reactivacion,1,0,0,0
HCDN1452,2018,0.9993,kirchnerismo,BUENOS AIRES,PAMPEANA,f3_reactivacion,0,0,0,0
HCDN1452,2019,0.9391,kirchnerismo,BUENOS AIRES,PAMPEANA,f3_reactivacion,1,0,0,0
HCDN0011,2009,0.0602,kirchnerismo,BUENOS AIRES,PAMPEANA,f1_impasse,1,1,0,0
HCDN0011,2010,0.9993,kirchnerismo,BUENOS AIRES,PAMPEANA,f2_relanzamiento,0,1,1,0
HCDN0011,2011,0.9993,kirchnerismo,BUENOS AIRES,PAMPEANA,f2_relanzamiento,1,1,0,0
HCDN0011,2012,1.0021,kirchnerismo,BUENOS AIRES,PAMPEANA,f2_relanzamiento,0,1,0,0
HCDN0011,2013,0.9993,kirchnerismo,BUENOS AIRES,PAMPEANA,f2_relanzamiento,1,1,1,0
HCDN0011,2014,0.9993,kirchnerismo,BUENOS AIRES,PAMPEANA,f2_relanzamiento,0,1,2,0
HCDN0011,2015,0.9993,kirchnerismo,BUENOS AIRES,PAMPEANA,f2_relanzamiento,1,1,1,0
HCDN0011,2016,1.0021,kirchnerismo,BUENOS AIRES,PAMPEANA,f3_reactivacion,0,0,0,0
HCDN0011,2017,0.9391,kirchnerismo,BUENOS AIRES,PAMPEANA,f3_reactivacion,1,0,0,0
HCDN2383,2017,0.0602,pro,SALTA,NOA,f3_reactivacion,1,1,0,0
HCDN2383,2018,0.9993,pro,SALTA,NOA,f3_reactivacion,0,1,0,0
HCDN2383,2019,0.9993,pro,SALTA,NOA,f3_reactivacion,1,1,0,0
HCDN2383,2020,1.0021,pro,SALTA,NOA,f4_paralisis,0,0,0,0
HCDN2383,2021,0.9391,pro,SALTA,NOA,f4_paralisis,1,0,0,0
HCDN1503,2015,0.0602,peronismo_federal,SANTA FE,PAMPEANA,f2_relanzamiento,1,0,0,0
HCDN1503,2016,1.0021,peronismo_federal,SANTA FE,PAMPEANA,f3_reactivacion,0,0,0,0
HCDN1503,2017,0.9993,peronismo_federal,SANTA FE,PAMPEANA,f3_reactivacion,1,0,0,0
HCDN1503,2018,0.9993,peronismo_federal,SANTA FE,PAMPEANA,f3_reactivacion,0,0,0,0
HCDN1503,2019,0.9391,peronismo_federal,SANTA FE,PAMPEANA,f3_reactivacion,1,0,0,0
HCDN1075,2008,1.0021,pro,BUENOS AIRES,PAMPEANA,f1_impasse,0,0,0,0
HCDN1075,2009,0.9993,pro,BUENOS AIRES,PAMPEANA,f1_impasse,1,0,0,0
HCDN1075,2010,0.9993,pro,BUENOS AIRES,PAMPEANA,f2_relanzamiento,0,0,5,0
HCDN1075,2011,0.9391,pro,BUENOS AIRES,PAMPEANA,f2_relanzamiento,1,0,2,0
HCDN1075,2013,0.0602,pro,BUENOS AIRES,PAMPEANA,f2_relanzamiento,1,0,0,0
HCDN1075,2014,0.9993,pro,BUENOS AIRES,PAMPEANA,f2_relanzamiento,0,0,4,0
HCDN1075,2015,0.9993,pro,BUENOS AIRES,PAMPEANA,f2_relanzamiento,1,0,4,0
HCDN1075,2016,0.1643,pro,BUENOS AIRES,PAMPEANA,f3_reactivacion,0,1,0,0
HCDN1269,2011,0.0602,kirchnerismo,BUENOS AIRES,PAMPEANA,f2_relanzamiento,1,1,0,0
HCDN1269,2012,1.0021,kirchnerismo,BUENOS AIRES,PAMPEANA,f2_relanzamiento,0,1,0,0
HCDN1269,2013,0.9993,kirchnerismo,BUENOS AIRES,PAMPEANA,f2_relanzamiento,1,1,0,0
HCDN1269,2014,0.9993,kirchnerismo,BUENOS AIRES,PAMPEANA,f2_relanzamiento,0,1,0,0
HCDN1269,2015,0.9993,kirchnerismo,BUENOS AIRES,PAMPEANA,f2_relanzamiento,1,1,0,0
HCDN1269,2016,1.0021,kirchnerismo,BUENOS AIRES,PAMPEANA,f3_reactivacion,0,0,0,0
HCDN1269,2017,0.9993,kirchnerismo,BUENOS AIRES,PAMPEANA,f3_reactivacion,1,0,0,0
HCDN1269,2018,0.9993,kirchnerismo,BUENOS AIRES,PAMPEANA,f3_reactivacion,0,0,0,0
HCDN1269,2019,0.9993,kirchnerismo,BUENOS AIRES,PAMPEANA,f3_reactivacion,1,0,0,0
HCDN1269,2020,1.0021,kirchnerismo,BUENOS AIRES,PAMPEANA,f4_paralisis,0,1,0,0
HCDN1269,2021,0.9993,kirchnerismo,BUENOS AIRES,PAMPEANA,f4_paralisis,1,1,0,0
HCDN1269,2022,0.9993,kirchnerismo,BUENOS AIRES,PAMPEANA,f4_paralisis,0,1,0,0
HCDN1269,2023,0.9391,kirchnerismo,BUENOS AIRES,PAMPEANA,f4_paralisis,1,1,0,0
HCDN3207,2025,0.0602,lla,MISIONES,NEA,f5_cierre,1,1,0,0
HCDN1270,2011,0.0602,kirchnerismo,MISIONES,NEA,f2_relanzamiento,1,1,0,0
HCDN1270,2012,1.0021,kirchnerismo,MISIONES,NEA,f2_relanzamiento,0,1,0,0
HCDN1270,2013,0.9993,kirchnerismo,MISIONES,NEA,f2_relanzamiento,1,1,0,0
HCDN1270,2014,0.9993,kirchnerismo,MISIONES,NEA,f2_relanzamiento,0,1,0,0
HCDN1270,2015,0.9391,kirchnerismo,MISIONES,NEA,f2_relanzamiento,1,1,0,0
HCDN1458,2015,0.0602,kirchnerismo,BUENOS AIRES,PAMPEANA,f2_relanzamiento,1,1,0,0
HCDN1458,2016,1.0021,kirchnerismo,BUENOS AIRES,PAMPEANA,f3_reactivacion,0,0,0,0
HCDN1458,2017,0.9993,kirchnerismo,BUENOS AIRES,PAMPEANA,f3_reactivacion,1,0,0,0
HCDN1458,2018,0.9993,kirchnerismo,BUENOS AIRES,PAMPEANA,f3_reactivacion,0,0,0,0
HCDN1458,2019,0.9391,kirchnerismo,BUENOS AIRES,PAMPEANA,f3_reactivacion,1,0,0,0
HCDN2850,2019,0.0356,kirchnerismo,SAN JUAN,CUYO,f3_reactivacion,1,0,0,0
HCDN2850,2020,1.0021,kirchnerismo,SAN JUAN,CUYO,f4_paralisis,0,1,0,0
HCDN2850,2021,0.9391,kirchnerismo,SAN JUAN,CUYO,f4_paralisis,1,1,0,0
HCDN1029,2008,1.0021,kirchnerismo,CIUDAD DE BUENOS AIRES,CABA,f1_impasse,0,1,0,0
HCDN1029,2009,0.9993,kirchnerismo,CIUDAD DE BUENOS AIRES,CABA,f1_impasse,1,1,0,0
HCDN1029,2010,0.9993,kirchnerismo,CIUDAD DE BUENOS AIRES,CABA,f2_relanzamiento,0,1,0,0
HCDN1029,2011,0.9391,kirchnerismo,CIUDAD DE BUENOS AIRES,CABA,f2_relanzamiento,1,1,0,0
HCDN2768,2019,0.0602,peronismo_federal,CORDOBA,PAMPEANA,f3_reactivacion,1,0,0,0
HCDN2768,2020,1.0021,peronismo_federal,CORDOBA,PAMPEANA,f4_paralisis,0,0,0,0
HCDN2768,2021,0.9993,peronismo_federal,CORDOBA,PAMPEANA,f4_paralisis,1,0,0,0
HCDN2768,2022,0.9993,peronismo_federal,CORDOBA,PAMPEANA,f4_paralisis,0,0,0,0
HCDN2768,2023,0.9993,peronismo_federal,CORDOBA,PAMPEANA,f4_paralisis,1,0,0,0
HCDN2768,2024,1.0021,peronismo_federal,CORDOBA,PAMPEANA,f5_cierre,0,0,0,0
HCDN2768,2025,0.9993,peronismo_federal,CORDOBA,PAMPEANA,f5_cierre,1,0,0,0
HCDN1344,2013,0.0602,ucr,BUENOS AIRES,PAMPEANA,f2_relanzamiento,1,0,0,0
HCDN1344,2014,0.9993,ucr,BUENOS AIRES,PAMPEANA,f2_relanzamiento,0,0,0,0
HCDN1344,2015,0.9993,ucr,BUENOS AIRES,PAMPEANA,f2_relanzamiento,1,0,0,0
HCDN1344,2016,1.0021,ucr,BUENOS AIRES,PAMPEANA,f3_reactivacion,0,1,0,0
HCDN1344,2017,0.9391,ucr,BUENOS AIRES,PAMPEANA,f3_reactivacion,1,1,0,0
HCDN1271,2011,0.0602,kirchnerismo,CORDOBA,PAMPEANA,f2_relanzamiento,1,1,0,0
HCDN1271,2012,1.0021,kirchnerismo,CORDOBA,PAMPEANA,f2_relanzamiento,0,1,0,0
HCDN1271,2013,0.9993,kirchnerismo,CORDOBA,PAMPEANA,f2_relanzamiento,1,1,0,0
HCDN1271,2014,0.9993,kirchnerismo,CORDOBA,PAMPEANA,f2_relanzamiento,0,1,0,0
HCDN1271,2015,0.9391,kirchnerismo,CORDOBA,PAMPEANA,f2_relanzamiento,1,1,0,0
HCDN2775,2019,0.0602,kirchnerismo,BUENOS AIRES,PAMPEANA,f3_reactivacion,1,0,0,0
HCDN2775,2020,1.0021,kirchnerismo,BUENOS AIRES,PAMPEANA,f4_paralisis,0,1,0,0
HCDN2775,2021,0.9993,kirchnerismo,BUENOS AIRES,PAMPEANA,f4_paralisis,1,1,0,0
HCDN2775,2022,0.9993,kirchnerismo,BUENOS AIRES,PAMPEANA,f4_paralisis,0,1,0,0
HCDN2775,2023,0.9993,kirchnerismo,BUENOS AIRES,PAMPEANA,f4_paralisis,1,1,0,0
HCDN2775,2024,1.0021,kirchnerismo,BUENOS AIRES,PAMPEANA,f5_cierre,0,0,0,0
HCDN2775,2025,0.9993,kirchnerismo,BUENOS AIRES,PAMPEANA,f5_cierre,1,0,0,0
HCDN1561,2016,0.8378,kirchnerismo,CORDOBA,PAMPEANA,f3_reactivacion,0,0,0,0
HCDN1561,2017,0.9391,kirchnerismo,CORDOBA,PAMPEANA,f3_reactivacion,1,0,0,0
HCDN3247,2025,0.0602,lla,SANTA CRUZ,PATAGONIA,f5_cierre,1,1,0,0
HCDN1179,2009,0.0602,provinciales,NEUQUEN,PATAGONIA,f1_impasse,1,0,0,0
HCDN1179,2010,0.9993,provinciales,NEUQUEN,PATAGONIA,f2_relanzamiento,0,0,0,0
HCDN1179,2011,0.9993,provinciales,NEUQUEN,PATAGONIA,f2_relanzamiento,1,0,1,0
HCDN1179,2012,1.0021,provinciales,NEUQUEN,PATAGONIA,f2_relanzamiento,0,0,0,0
HCDN1179,2013,0.9391,provinciales,NEUQUEN,PATAGONIA,f2_relanzamiento,1,0,0,0
HCDN1345,2013,0.0602,peronismo_federal,BUENOS AIRES,PAMPEANA,f2_relanzamiento,1,0,0,0
HCDN1345,2014,0.9993,peronismo_federal,BUENOS AIRES,PAMPEANA,f2_relanzamiento,0,0,0,0
HCDN1345,2015,0.9993,otros,BUENOS AIRES,PAMPEANA,f2_relanzamiento,1,0,0,0
HCDN1345,2016,1.0021,otros,BUENOS AIRES,PAMPEANA,f3_reactivacion,0,0,0,0
HCDN1345,2017,0.9391,provinciales,BUENOS AIRES,PAMPEANA,f3_reactivacion,1,0,0,0
HCDN3237,2025,0.0602,kirchnerismo,CORRIENTES,NEA,f5_cierre,1,0,0,0
HCDN2804,2019,0.0602,kirchnerismo,CIUDAD DE BUENOS AIRES,CABA,f3_reactivacion,1,0,0,0
HCDN2804,2020,1.0021,kirchnerismo,CIUDAD DE BUENOS AIRES,CABA,f4_paralisis,0,1,0,0
HCDN2804,2021,0.9993,kirchnerismo,CIUDAD DE BUENOS AIRES,CABA,f4_paralisis,1,1,0,0
HCDN2804,2022,0.9993,kirchnerismo,CIUDAD DE BUENOS AIRES,CABA,f4_paralisis,0,1,0,0
HCDN2804,2023,0.9993,kirchnerismo,CIUDAD DE BUENOS AIRES,CABA,f4_paralisis,1,1,0,0
HCDN2804,2024,1.0021,kirchnerismo,CIUDAD DE BUENOS AIRES,CABA,f5_cierre,0,0,0,0
HCDN2804,2025,0.9993,kirchnerismo,CIUDAD DE BUENOS AIRES,CABA,f5_cierre,1,0,0,0
HCDN1325,2011,0.0602,kirchnerismo,BUENOS AIRES,PAMPEANA,f2_relanzamiento,1,1,0,0
HCDN1325,2012,1.0021,kirchnerismo,BUENOS AIRES,PAMPEANA,f2_relanzamiento,0,1,0,0
HCDN1325,2013,0.9993,kirchnerismo,BUENOS AIRES,PAMPEANA,f2_relanzamiento,1,1,0,0
HCDN1325,2014,0.9993,kirchnerismo,BUENOS AIRES,PAMPEANA,f2_relanzamiento,0,1,1,0
HCDN1325,2015,0.9391,kirchnerismo,BUENOS AIRES,PAMPEANA,f2_relanzamiento,1,1,0,0
HCDN3210,2025,0.0602,lla,MISIONES,NEA,f5_cierre,1,1,0,0
HCDN2781,2019,0.0602,pro,ENTRE RIOS,PAMPEANA,f3_reactivacion,1,1,0,0
HCDN2781,2020,1.0021,pro,ENTRE RIOS,PAMPEANA,f4_paralisis,0,0,0,0
HCDN2781,2021,0.9993,pro,ENTRE RIOS,PAMPEANA,f4_paralisis,1,0,0,0
HCDN2781,2022,0.9993,pro,ENTRE RIOS,PAMPEANA,f4_paralisis,0,0,0,0
HCDN2781,2023,0.9391,pro,ENTRE RIOS,PAMPEANA,f4_paralisis,1,0,0,0
HCDN1180,2009,0.0602,kirchnerismo,CIUDAD DE BUENOS AIRES,CABA,f1_impasse,1,1,0,0
HCDN1180,2010,0.9993,kirchnerismo,CIUDAD DE BUENOS AIRES,CABA,f2_relanzamiento,0,1,0,0
HCDN1180,2011,0.9993,kirchnerismo,CIUDAD DE BUENOS AIRES,CABA,f2_relanzamiento,1,1,0,0
HCDN1180,2012,1.0021,kirchnerismo,CIUDAD DE BUENOS AIRES,CABA,f2_relanzamiento,0,1,1,0
HCDN1180,2013,0.9993,kirchnerismo,CIUDAD DE BUENOS AIRES,CABA,f2_relanzamiento,1,1,0,0
HCDN1180,2014,0.9993,kirchnerismo,CIUDAD DE BUENOS AIRES,CABA,f2_relanzamiento,0,1,0,0
HCDN1180,2015,0.9993,kirchnerismo,CIUDAD DE BUENOS AIRES,CABA,f2_relanzamiento,1,1,0,0
HCDN1180,2016,1.0021,kirchnerismo,CIUDAD DE BUENOS AIRES,CABA,f3_reactivacion,0,0,1,0
HCDN1180,2017,0.9391,kirchnerismo,CIUDAD DE BUENOS AIRES,CABA,f3_reactivacion,1,0,0,0
HCDN1180,2019,0.0356,kirchnerismo,CIUDAD DE BUENOS AIRES,CABA,f3_reactivacion,1,0,0,0
HCDN1180,2020,1.0021,kirchnerismo,CIUDAD DE BUENOS AIRES,CABA,f4_paralisis,0,1,0,0
HCDN1180,2021,0.9993,kirchnerismo,CIUDAD DE BUENOS AIRES,CABA,f4_paralisis,1,1,0,0
HCDN1180,2022,0.9993,kirchnerismo,CIUDAD DE BUENOS AIRES,CABA,f4_paralisis,0,1,0,0
HCDN1180,2023,0.9993,kirchnerismo,CIUDAD DE BUENOS AIRES,CABA,f4_paralisis,1,1,0,0
HCDN1180,2024,1.0021,kirchnerismo,CIUDAD DE BUENOS AIRES,CABA,f5_cierre,0,0,0,0
HCDN1180,2025,0.9391,kirchnerismo,CIUDAD DE BUENOS AIRES,CABA,f5_cierre,1,0,0,0
HCDN2829,2019,0.0602,kirchnerismo,CHUBUT,PATAGONIA,f3_reactivacion,1,0,0,0
HCDN2829,2020,1.0021,kirchnerismo,CHUBUT,PATAGONIA,f4_paralisis,0,1,0,0
HCDN2829,2021,0.9993,kirchnerismo,CHUBUT,PATAGONIA,f4_paralisis,1,1,0,0
HCDN2829,2022,0.9993,kirchnerismo,CHUBUT,PATAGONIA,f4_paralisis,0,1,0,0
HCDN2829,2023,0.9391,kirchnerismo,CHUBUT,PATAGONIA,f4_paralisis,1,1,0,0
HCDN1523,2015,0.0602,ucr,FORMOSA,NEA,f2_relanzamiento,1,0,0,0
HCDN1523,2016,1.0021,ucr,FORMOSA,NEA,f3_reactivacion,0,1,0,0
HCDN1523,2017,0.9993,ucr,FORMOSA,NEA,f3_reactivacion,1,1,0,0
HCDN1523,2018,0.9993,ucr,FORMOSA,NEA,f3_reactivacion,0,1,0,0
HCDN1523,2019,0.9391,ucr,FORMOSA,NEA,f3_reactivacion,1,1,0,0
HCDN2445,2019,0.7447,provinciales,SANTIAGO DEL ESTERO,NOA,f3_reactivacion,1,0,0,0
HCDN2445,2020,1.0021,kirchnerismo,SANTIAGO DEL ESTERO,NOA,f4_paralisis,0,1,0,0
HCDN2445,2021,0.9993,kirchnerismo,SANTIAGO DEL ESTERO,NOA,f4_paralisis,1,1,0,0
HCDN2445,2022,0.9993,kirchnerismo,SANTIAGO DEL ESTERO,NOA,f4_paralisis,0,1,0,0
HCDN2445,2023,0.9993,kirchnerismo,SANTIAGO DEL ESTERO,NOA,f4_paralisis,1,1,0,0
HCDN2445,2024,1.0021,kirchnerismo,SANTIAGO DEL ESTERO,NOA,f5_cierre,0,0,0,0
HCDN2445,2025,0.9391,kirchnerismo,SANTIAGO DEL ESTERO,NOA,f5_cierre,1,0,0,0
HCDN0612,2008,1.0021,kirchnerismo,LA RIOJA,NOA,f1_impasse,0,1,0,0
HCDN0612,2009,0.9391,kirchnerismo,LA RIOJA,NOA,f1_impasse,1,1,0,0
HCDN0612,2011,0.0602,kirchnerismo,LA RIOJA,NOA,f2_relanzamiento,1,1,0,0
HCDN0612,2012,1.0021,kirchnerismo,LA RIOJA,NOA,f2_relanzamiento,0,1,0,0
HCDN0612,2013,0.9993,kirchnerismo,LA RIOJA,NOA,f2_relanzamiento,1,1,0,0
HCDN0612,2014,0.9993,kirchnerismo,LA RIOJA,NOA,f2_relanzamiento,0,1,0,0
HCDN0612,2015,0.9391,kirchnerismo,LA RIOJA,NOA,f2_relanzamiento,1,1,0,0
HCDN0996,2008,1.0021,provinciales,SANTIAGO DEL ESTERO,NOA,f1_impasse,0,0,0,0
HCDN0996,2009,0.9993,provinciales,SANTIAGO DEL ESTERO,NOA,f1_impasse,1,0,0,0
HCDN0996,2010,0.9993,provinciales,SANTIAGO DEL ESTERO,NOA,f2_relanzamiento,0,0,0,0
HCDN0996,2011,0.9993,provinciales,SANTIAGO DEL ESTERO,NOA,f2_relanzamiento,1,0,0,0
HCDN0996,2012,1.0021,provinciales,SANTIAGO DEL ESTERO,NOA,f2_relanzamiento,0,0,0,0
HCDN0996,2013,0.9993,provinciales,SANTIAGO DEL ESTERO,NOA,f2_relanzamiento,1,0,0,0
HCDN0996,2014,0.9993,provinciales,SANTIAGO DEL ESTERO,NOA,f2_relanzamiento,0,0,0,0
HCDN0996,2015,0.9993,provinciales,SANTIAGO DEL ESTERO,NOA,f2_relanzamiento,1,0,0,0
HCDN0996,2016,1.0021,provinciales,SANTIAGO DEL ESTERO,NOA,f3_reactivacion,0,0,0,0
HCDN0996,2017,0.8542,provinciales,SANTIAGO DEL ESTERO,NOA,f3_reactivacion,1,0,0,0
HCDN1529,2015,0.0602,kirchnerismo,LA RIOJA,NOA,f2_relanzamiento,1,1,0,0
HCDN1529,2016,1.0021,peronismo_federal,LA RIOJA,NOA,f3_reactivacion,0,0,0,0
HCDN1529,2017,0.9993,peronismo_federal,LA RIOJA,NOA,f3_reactivacion,1,0,0,0
HCDN1529,2018,0.9993,peronismo_federal,LA RIOJA,NOA,f3_reactivacion,0,0,0,0
HCDN1529,2019,0.9391,peronismo_federal,LA RIOJA,NOA,f3_reactivacion,1,0,0,0
HCDN3021,2023,0.104,kirchnerismo,TUCUMAN,NOA,f4_paralisis,1,1,0,0
HCDN3204,2025,0.0602,provinciales,MISIONES,NEA,f5_cierre,1,0,0,0
HCDN2949,2021,0.0602,kirchnerismo,LA RIOJA,NOA,f4_paralisis,1,1,0,0
HCDN2949,2022,0.9993,kirchnerismo,LA RIOJA,NOA,f4_paralisis,0,1,0,0
HCDN2949,2023,0.9993,kirchnerismo,LA RIOJA,NOA,f4_paralisis,1,1,0,0
HCDN2949,2024,1.0021,kirchnerismo,LA RIOJA,NOA,f5_cierre,0,0,0,0
HCDN2949,2025,0.9391,kirchnerismo,LA RIOJA,NOA,f5_cierre,1,0,0,0
HCDN1464,2015,0.0602,pro,CIUDAD DE BUENOS AIRES,CABA,f2_relanzamiento,1,0,0,0
HCDN1464,2016,1.0021,pro,CIUDAD DE BUENOS AIRES,CABA,f3_reactivacion,0,1,0,0
HCDN1464,2017,0.9993,pro,CIUDAD DE BUENOS AIRES,CABA,f3_reactivacion,1,1,0,0
HCDN1464,2018,0.9473,pro,CIUDAD DE BUENOS AIRES,CABA,f3_reactivacion,0,1,0,0
HCDN3232,2025,0.0602,lla,CIUDAD DE BUENOS AIRES,CABA,f5_cierre,1,1,0,0
HCDN1484,2016,0.8378,kirchnerismo,RIO NEGRO,PATAGONIA,f3_reactivacion,0,0,0,0
HCDN1484,2017,0.9993,kirchnerismo,RIO NEGRO,PATAGONIA,f3_reactivacion,1,0,0,0
HCDN1484,2018,0.9993,kirchnerismo,RIO NEGRO,PATAGONIA,f3_reactivacion,0,0,0,0
HCDN1484,2019,0.9391,kirchnerismo,RIO NEGRO,PATAGONIA,f3_reactivacion,1,0,0,0
HCDN0997,2008,1.0021,pro,CIUDAD DE BUENOS AIRES,CABA,f1_impasse,0,0,0,0
HCDN0997,2009,0.9993,pro,CIUDAD DE BUENOS AIRES,CABA,f1_impasse,1,0,0,0
HCDN0997,2010,0.9993,otros,CIUDAD DE BUENOS AIRES,CABA,f2_relanzamiento,0,0,0,0
HCDN0997,2011,0.9391,otros,CIUDAD DE BUENOS AIRES,CABA,f2_relanzamiento,1,0,0,0
HCDN1573,2016,0.8378,pro,MENDOZA,CUYO,f3_reactivacion,0,1,0,0
HCDN1573,2017,0.9993,pro,MENDOZA,CUYO,f3_reactivacion,1,1,1,0
HCDN1573,2018,0.9993,pro,MENDOZA,CUYO,f3_reactivacion,0,1,0,0
HCDN1573,2019,0.9391,pro,MENDOZA,CUYO,f3_reactivacion,1,1,0,0
HCDN3098,2023,0.0602,lla,TUCUMAN,NOA,f4_paralisis,1,0,0,0
HCDN3098,2024,1.0021,lla,TUCUMAN,NOA,f5_cierre,0,1,0,0
HCDN3098,2025,0.9993,lla,TUCUMAN,NOA,f5_cierre,1,1,0,0
HCDN3165,2025,0.0602,lla,BUENOS AIRES,PAMPEANA,f5_cierre,1,1,0,0
HCDN2436,2017,0.0383,pro,SANTA FE,PAMPEANA,f3_reactivacion,1,1,0,0
HCDN2436,2018,0.9993,pro,SANTA FE,PAMPEANA,f3_reactivacion,0,1,0,0
HCDN2436,2019,0.9391,pro,SANTA FE,PAMPEANA,f3_reactivacion,1,1,0,0
HCDN1522,2015,0.0602,kirchnerismo,ENTRE RIOS,PAMPEANA,f2_relanzamiento,1,1,0,0
HCDN1522,2016,1.0021,kirchnerismo,ENTRE RIOS,PAMPEANA,f3_reactivacion,0,0,0,0
HCDN1522,2017,0.9993,kirchnerismo,ENTRE RIOS,PAMPEANA,f3_reactivacion,1,0,0,0
HCDN1522,2018,0.9993,kirchnerismo,ENTRE RIOS,PAMPEANA,f3_reactivacion,0,0,1,0
HCDN1522,2019,0.9391,kirchnerismo,ENTRE RIOS,PAMPEANA,f3_reactivacion,1,0,0,0
HCDN1272,2011,0.0602,kirchnerismo,SANTA CRUZ,PATAGONIA,f2_relanzamiento,1,1,0,0
HCDN1272,2012,1.0021,kirchnerismo,SANTA CRUZ,PATAGONIA,f2_relanzamiento,0,1,0,0
HCDN1272,2013,0.9993,kirchnerismo,SANTA CRUZ,PATAGONIA,f2_relanzamiento,1,1,0,0
HCDN1272,2014,0.9993,kirchnerismo,SANTA CRUZ,PATAGONIA,f2_relanzamiento,0,1,0,0
HCDN1272,2015,0.9391,kirchnerismo,SANTA CRUZ,PATAGONIA,f2_relanzamiento,1,1,0,0
HCDN1272,2023,0.0602,kirchnerismo,SANTA CRUZ,PATAGONIA,f4_paralisis,1,1,0,0
HCDN1272,2024,1.0021,kirchnerismo,SANTA CRUZ,PATAGONIA,f5_cierre,0,0,0,0
HCDN1272,2025,0.9993,kirchnerismo,SANTA CRUZ,PATAGONIA,f5_cierre,1,0,0,0
HCDN3092,2023,0.0602,lla,CORDOBA,PAMPEANA,f4_paralisis,1,0,0,0
HCDN3092,2024,1.0021,otros,CORDOBA,PAMPEANA,f5_cierre,0,0,0,0
HCDN3092,2025,0.9993,otros,CORDOBA,PAMPEANA,f5_cierre,1,0,0,0
HCDN1181,2009,0.0602,peronismo_federal,SAN JUAN,CUYO,f1_impasse,1,0,0,0
HCDN1181,2010,0.9993,peronismo_federal,SAN JUAN,CUYO,f2_relanzamiento,0,0,0,0
HCDN1181,2011,0.9993,peronismo_federal,SAN JUAN,CUYO,f2_relanzamiento,1,0,0,0
HCDN1181,2012,1.0021,provinciales,SAN JUAN,CUYO,f2_relanzamiento,0,0,0,0
HCDN1181,2013,0.9391,provinciales,SAN JUAN,CUYO,f2_relanzamiento,1,0,0,0
HCDN0660,2008,1.0021,izquierda_progresista,CIUDAD DE BUENOS AIRES,CABA,f1_impasse,0,0,0,0
HCDN0660,2009,0.9993,izquierda_progresista,CIUDAD DE BUENOS AIRES,CABA,f1_impasse,1,0,0,0
HCDN0660,2010,0.9993,kirchnerismo,CIUDAD DE BUENOS AIRES,CABA,f2_relanzamiento,0,1,0,0
HCDN0660,2011,0.9391,kirchnerismo,CIUDAD DE BUENOS AIRES,CABA,f2_relanzamiento,1,1,0,0
HCDN1031,2008,2.0041,cc_ari,CIUDAD DE BUENOS AIRES,CABA,f1_impasse,0,0,2,0
HCDN1031,2009,1.9384,cc_ari,CIUDAD DE BUENOS AIRES,CABA,f1_impasse,1,0,5,0
HCDN1031,2010,0.9993,cc_ari,CIUDAD DE BUENOS AIRES,CABA,f2_relanzamiento,0,0,1,0
HCDN1031,2011,0.9391,cc_ari,CIUDAD DE BUENOS AIRES,CABA,f2_relanzamiento,1,0,1,0
HCDN1031,2017,0.0602,pro,CIUDAD DE BUENOS AIRES,CABA,f3_reactivacion,1,1,0,0
HCDN1031,2018,0.9993,pro,CIUDAD DE BUENOS AIRES,CABA,f3_reactivacion,0,1,1,0
HCDN1031,2019,0.9993,pro,CIUDAD DE BUENOS AIRES,CABA,f3_reactivacion,1,1,0,0
HCDN1031,2020,1.0021,pro,CIUDAD DE BUENOS AIRES,CABA,f4_paralisis,0,0,4,0
HCDN1031,2021,0.9993,pro,CIUDAD DE BUENOS AIRES,CABA,f4_paralisis,1,0,2,0
HCDN1031,2022,0.9993,pro,CIUDAD DE BUENOS AIRES,CABA,f4_paralisis,0,0,2,0
HCDN1031,2023,0.9993,pro,CIUDAD DE BUENOS AIRES,CABA,f4_paralisis,1,0,1,0
HCDN1031,2024,1.0021,pro,CIUDAD DE BUENOS AIRES,CABA,f5_cierre,0,0,2,0
HCDN1031,2025,0.9391,pro,CIUDAD DE BUENOS AIRES,CABA,f5_cierre,1,0,1,0
HCDN1475,2015,0.0602,kirchnerismo,CHUBUT,PATAGONIA,f2_relanzamiento,1,1,0,0
HCDN1475,2016,1.0021,kirchnerismo,CHUBUT,PATAGONIA,f3_reactivacion,0,0,0,0
HCDN1475,2017,0.9993,kirchnerismo,CHUBUT,PATAGONIA,f3_reactivacion,1,0,0,0
HCDN1475,2018,0.9993,kirchnerismo,CHUBUT,PATAGONIA,f3_reactivacion,0,0,0,0
HCDN1475,2019,0.9993,kirchnerismo,CHUBUT,PATAGONIA,f3_reactivacion,1,0,0,0
HCDN1475,2020,1.0021,kirchnerismo,CHUBUT,PATAGONIA,f4_paralisis,0,1,0,0
HCDN1475,2021,0.9993,kirchnerismo,CHUBUT,PATAGONIA,f4_paralisis,1,1,0,0
HCDN1475,2022,0.9993,kirchnerismo,CHUBUT,PATAGONIA,f4_paralisis,0,1,0,0
HCDN1475,2023,0.9391,kirchnerismo,CHUBUT,PATAGONIA,f4_paralisis,1,1,0,0
HCDN1499,2015,0.0602,pro,SANTA FE,PAMPEANA,f2_relanzamiento,1,0,0,0
HCDN1499,2016,1.0021,pro,SANTA FE,PAMPEANA,f3_reactivacion,0,1,0,0
HCDN1499,2017,0.9993,pro,SANTA FE,PAMPEANA,f3_reactivacion,1,1,0,0
HCDN1499,2018,0.9993,pro,SANTA FE,PAMPEANA,f3_reactivacion,0,1,0,0
HCDN1499,2019,0.9391,pro,SANTA FE,PAMPEANA,f3_reactivacion,1,1,0,0
HCDN2384,2017,0.0602,provinciales,SANTIAGO DEL ESTERO,NOA,f3_reactivacion,1,0,0,0
HCDN2384,2018,0.9966,provinciales,SANTIAGO DEL ESTERO,NOA,f3_reactivacion,0,0,0,0
HCDN1346,2013,0.0602,kirchnerismo,BUENOS AIRES,PAMPEANA,f2_relanzamiento,1,1,0,0
HCDN1346,2014,0.9418,kirchnerismo,BUENOS AIRES,PAMPEANA,f2_relanzamiento,0,1,0,0
HCDN2950,2021,0.0602,kirchnerismo,BUENOS AIRES,PAMPEANA,f4_paralisis,1,1,0,0
HCDN2950,2022,0.9993,kirchnerismo,BUENOS AIRES,PAMPEANA,f4_paralisis,0,1,0,0
HCDN2950,2023,0.9993,kirchnerismo,BUENOS AIRES,PAMPEANA,f4_paralisis,1,1,0,0
HCDN2950,2024,1.0021,kirchnerismo,BUENOS AIRES,PAMPEANA,f5_cierre,0,0,0,0
HCDN2950,2025,0.9391,kirchnerismo,BUENOS AIRES,PAMPEANA,f5_cierre,1,0,0,0
HCDN0760,2008,1.0021,kirchnerismo,MISIONES,NEA,f1_impasse,0,1,1,1
HCDN0760,2009,0.9993,kirchnerismo,MISIONES,NEA,f1_impasse,1,1,1,0
HCDN0760,2010,0.9993,kirchnerismo,MISIONES,NEA,f2_relanzamiento,0,1,0,0
HCDN0760,2011,0.9391,kirchnerismo,MISIONES,NEA,f2_relanzamiento,1,1,1,0
HCDN1392,2013,0.0602,kirchnerismo,SALTA,NOA,f2_relanzamiento,1,1,0,0
HCDN1392,2014,0.9993,kirchnerismo,SALTA,NOA,f2_relanzamiento,0,1,0,0
HCDN1392,2015,0.9993,kirchnerismo,SALTA,NOA,f2_relanzamiento,1,1,0,0
HCDN1392,2016,1.0021,peronismo_federal,SALTA,NOA,f3_reactivacion,0,0,0,0
HCDN1392,2017,0.9391,peronismo_federal,SALTA,NOA,f3_reactivacion,1,0,2,2
HCDN1134,2009,0.0602,izquierda_progresista,BUENOS AIRES,PAMPEANA,f1_impasse,1,0,0,0
HCDN1134,2010,0.9993,izquierda_progresista,BUENOS AIRES,PAMPEANA,f2_relanzamiento,0,0,0,0
HCDN1134,2011,0.9993,izquierda_progresista,BUENOS AIRES,PAMPEANA,f2_relanzamiento,1,0,0,0
HCDN1134,2012,1.0021,izquierda_progresista,BUENOS AIRES,PAMPEANA,f2_relanzamiento,0,0,0,0
HCDN1134,2013,0.9391,izquierda_progresista,BUENOS AIRES,PAMPEANA,f2_relanzamiento,1,0,0,0
HCDN3243,2025,0.0602,provinciales,SAN JUAN,CUYO,f5_cierre,1,0,0,0
HCDN1410,2013,0.0602,kirchnerismo,TUCUMAN,NOA,f2_relanzamiento,1,1,0,0
HCDN1410,2014,0.1752,kirchnerismo,TUCUMAN,NOA,f2_relanzamiento,0,1,0,0
HCDN1403,2013,0.0602,cc_ari,SANTA FE,PAMPEANA,f2_relanzamiento,1,0,0,0
HCDN1403,2014,0.9993,cc_ari,SANTA FE,PAMPEANA,f2_relanzamiento,0,0,0,0
HCDN1403,2015,0.9391,cc_ari,SANTA FE,PAMPEANA,f2_relanzamiento,1,0,0,0
HCDN2824,2019,0.0602,pro,CORRIENTES,NEA,f3_reactivacion,1,1,0,0
HCDN2824,2020,1.0021,pro,CORRIENTES,NEA,f4_paralisis,0,0,0,0
HCDN2824,2021,0.9993,pro,CORRIENTES,NEA,f4_paralisis,1,0,0,0
HCDN2824,2022,0.9993,pro,CORRIENTES,NEA,f4_paralisis,0,0,0,0
HCDN2824,2023,0.9391,pro,CORRIENTES,NEA,f4_paralisis,1,0,0,0
HCDN2809,2019,0.0602,pro,BUENOS AIRES,PAMPEANA,f3_reactivacion,1,1,0,0
HCDN2809,2020,1.0021,pro,BUENOS AIRES,PAMPEANA,f4_paralisis,0,0,0,0
HCDN2809,2021,0.9993,pro,BUENOS AIRES,PAMPEANA,f4_paralisis,1,0,0,0
HCDN2809,2022,0.9993,pro,BUENOS AIRES,PAMPEANA,f4_paralisis,0,0,0,0
HCDN2809,2023,0.9391,pro,BUENOS AIRES,PAMPEANA,f4_paralisis,1,0,0,0
HCDN1407,2013,0.0602,provinciales,SANTIAGO DEL ESTERO,NOA,f2_relanzamiento,1,0,0,0
HCDN1407,2014,0.9993,provinciales,SANTIAGO DEL ESTERO,NOA,f2_relanzamiento,0,0,0,0
HCDN1407,2015,0.9993,provinciales,SANTIAGO DEL ESTERO,NOA,f2_relanzamiento,1,0,0,0
HCDN1407,2016,1.0021,provinciales,SANTIAGO DEL ESTERO,NOA,f3_reactivacion,0,0,0,0
HCDN1407,2017,0.9391,provinciales,SANTIAGO DEL ESTERO,NOA,f3_reactivacion,1,0,0,0
HCDN1353,2013,0.0602,ucr,CATAMARCA,NOA,f2_relanzamiento,1,0,0,0
HCDN1353,2014,0.9993,ucr,CATAMARCA,NOA,f2_relanzamiento,0,0,0,0
HCDN1353,2015,0.9993,ucr,CATAMARCA,NOA,f2_relanzamiento,1,0,0,0
HCDN1353,2016,1.0021,ucr,CATAMARCA,NOA,f3_reactivacion,0,1,0,0
HCDN1353,2017,0.9391,ucr,CATAMARCA,NOA,f3_reactivacion,1,1,0,0
HCDN1121,2019,0.0602,pro,CORDOBA,PAMPEANA,f3_reactivacion,1,1,0,0
HCDN1121,2020,1.0021,pro,CORDOBA,PAMPEANA,f4_paralisis,0,0,0,0
HCDN1121,2021,0.9336,pro,CORDOBA,PAMPEANA,f4_paralisis,1,0,0,0
HCDN3068,2023,0.0602,ucr,BUENOS AIRES,PAMPEANA,f4_paralisis,1,0,0,0
HCDN3068,2024,1.0021,ucr,BUENOS AIRES,PAMPEANA,f5_cierre,0,0,0,0
HCDN3068,2025,0.9993,ucr,BUENOS AIRES,PAMPEANA,f5_cierre,1,0,0,0
HCDN1273,2011,0.0602,kirchnerismo,CIUDAD DE BUENOS AIRES,CABA,f2_relanzamiento,1,1,0,0
HCDN1273,2012,1.0021,kirchnerismo,CIUDAD DE BUENOS AIRES,CABA,f2_relanzamiento,0,1,0,0
HCDN1273,2013,0.9993,kirchnerismo,CIUDAD DE BUENOS AIRES,CABA,f2_relanzamiento,1,1,0,0
HCDN1273,2014,0.9993,kirchnerismo,CIUDAD DE BUENOS AIRES,CABA,f2_relanzamiento,0,1,0,0
HCDN1273,2015,0.9391,kirchnerismo,CIUDAD DE BUENOS AIRES,CABA,f2_relanzamiento,1,1,0,0
HCDN1182,2009,0.0602,ucr,MENDOZA,CUYO,f1_impasse,1,0,0,0
HCDN1182,2010,0.9993,ucr,MENDOZA,CUYO,f2_relanzamiento,0,0,0,0
HCDN1182,2011,0.9993,ucr,MENDOZA,CUYO,f2_relanzamiento,1,0,0,0
HCDN1182,2012,1.0021,ucr,MENDOZA,CUYO,f2_relanzamiento,0,0,0,0
HCDN1182,2013,0.9391,ucr,MENDOZA,CUYO,f2_relanzamiento,1,0,0,0
HCDN1076,2008,1.0021,kirchnerismo,BUENOS AIRES,PAMPEANA,f1_impasse,0,1,0,0
HCDN1076,2009,0.9993,peronismo_federal,BUENOS AIRES,PAMPEANA,f1_impasse,1,0,0,0
HCDN1076,2010,0.9993,ucr,BUENOS AIRES,PAMPEANA,f2_relanzamiento,0,0,0,0
HCDN1076,2011,0.9391,ucr,BUENOS AIRES,PAMPEANA,f2_relanzamiento,1,0,0,0
HCDN0998,2008,1.0021,ucr,LA PAMPA,PAMPEANA,f1_impasse,0,0,0,0
HCDN0998,2009,0.9993,ucr,LA PAMPA,PAMPEANA,f1_impasse,1,0,0,0
HCDN0998,2010,0.9993,ucr,LA PAMPA,PAMPEANA,f2_relanzamiento,0,0,0,0
HCDN0998,2011,0.9391,ucr,LA PAMPA,PAMPEANA,f2_relanzamiento,1,0,0,0
HCDN1337,2015,0.0602,kirchnerismo,CIUDAD DE BUENOS AIRES,CABA,f2_relanzamiento,1,1,0,0
HCDN1337,2016,1.0021,kirchnerismo,CIUDAD DE BUENOS AIRES,CABA,f3_reactivacion,0,0,0,0
HCDN1337,2017,0.9993,kirchnerismo,CIUDAD DE BUENOS AIRES,CABA,f3_reactivacion,1,0,0,0
HCDN1337,2018,0.9993,kirchnerismo,CIUDAD DE BUENOS AIRES,CABA,f3_reactivacion,0,0,0,0
HCDN1337,2019,0.9391,kirchnerismo,CIUDAD DE BUENOS AIRES,CABA,f3_reactivacion,1,0,0,0
HCDN1489,2015,0.0602,kirchnerismo,SANTA CRUZ,PATAGONIA,f2_relanzamiento,1,1,0,0
HCDN1489,2016,1.0021,kirchnerismo,SANTA CRUZ,PATAGONIA,f3_reactivacion,0,0,0,0
HCDN1489,2017,0.9993,kirchnerismo,SANTA CRUZ,PATAGONIA,f3_reactivacion,1,0,0,0
HCDN1489,2018,0.9993,kirchnerismo,SANTA CRUZ,PATAGONIA,f3_reactivacion,0,0,0,0
HCDN1489,2019,0.9993,kirchnerismo,SANTA CRUZ,PATAGONIA,f3_reactivacion,1,0,0,0
HCDN1489,2020,1.0021,kirchnerismo,BUENOS AIRES,PAMPEANA,f4_paralisis,0,1,0,0
HCDN1489,2021,0.9993,kirchnerismo,BUENOS AIRES,PAMPEANA,f4_paralisis,1,1,0,0
HCDN1489,2022,0.9993,kirchnerismo,BUENOS AIRES,PAMPEANA,f4_paralisis,0,1,0,0
HCDN1489,2023,0.9993,kirchnerismo,BUENOS AIRES,PAMPEANA,f4_paralisis,1,1,0,0
HCDN1489,2024,1.0021,kirchnerismo,BUENOS AIRES,PAMPEANA,f5_cierre,0,0,0,0
HCDN1489,2025,0.9993,kirchnerismo,BUENOS AIRES,PAMPEANA,f5_cierre,1,0,0,0
HCDN0707,2009,0.0602,kirchnerismo,BUENOS AIRES,PAMPEANA,f1_impasse,1,1,0,0
HCDN0707,2010,0.8214,kirchnerismo,BUENOS AIRES,PAMPEANA,f2_relanzamiento,0,1,0,0
HCDN2941,2021,0.0602,pro,MISIONES,NEA,f4_paralisis,1,0,0,0
HCDN2941,2022,0.9993,pro,MISIONES,NEA,f4_paralisis,0,0,0,0
HCDN2941,2023,0.9993,pro,MISIONES,NEA,f4_paralisis,1,0,0,0
HCDN2941,2024,1.0021,lla,MISIONES,NEA,f5_cierre,0,1,0,0
HCDN2941,2025,0.9391,lla,MISIONES,NEA,f5_cierre,1,1,0,0
HCDN2846,2019,0.0356,kirchnerismo,BUENOS AIRES,PAMPEANA,f3_reactivacion,1,0,0,0
HCDN2846,2020,1.0021,kirchnerismo,BUENOS AIRES,PAMPEANA,f4_paralisis,0,1,0,0
HCDN2846,2021,0.9391,kirchnerismo,BUENOS AIRES,PAMPEANA,f4_paralisis,1,1,0,0
HCDN0999,2008,1.0021,kirchnerismo,SANTA CRUZ,PATAGONIA,f1_impasse,0,1,0,0
HCDN0999,2009,0.9993,kirchnerismo,SANTA CRUZ,PATAGONIA,f1_impasse,1,1,0,0
HCDN0999,2010,0.9993,kirchnerismo,SANTA CRUZ,PATAGONIA,f2_relanzamiento,0,1,0,0
HCDN0999,2011,0.9391,kirchnerismo,SANTA CRUZ,PATAGONIA,f2_relanzamiento,1,1,0,0
HCDN1274,2011,0.0602,kirchnerismo,SALTA,NOA,f2_relanzamiento,1,1,0,0
HCDN1274,2012,1.0021,kirchnerismo,SALTA,NOA,f2_relanzamiento,0,1,0,0
HCDN1274,2013,0.9993,kirchnerismo,SALTA,NOA,f2_relanzamiento,1,1,0,0
HCDN1274,2014,0.9993,kirchnerismo,SALTA,NOA,f2_relanzamiento,0,1,0,0
HCDN1274,2015,0.9993,kirchnerismo,SALTA,NOA,f2_relanzamiento,1,1,0,0
HCDN1274,2016,1.0021,peronismo_federal,SALTA,NOA,f3_reactivacion,0,0,0,0
HCDN1274,2017,0.9993,peronismo_federal,SALTA,NOA,f3_reactivacion,1,0,0,0
HCDN1274,2018,0.9993,peronismo_federal,SALTA,NOA,f3_reactivacion,0,0,0,0
HCDN1274,2019,0.9391,peronismo_federal,SALTA,NOA,f3_reactivacion,1,0,0,0
HCDN0895,2008,1.0021,ucr,LA PAMPA,PAMPEANA,f1_impasse,0,0,0,0
HCDN0895,2009,0.9391,ucr,LA PAMPA,PAMPEANA,f1_impasse,1,0,0,0
HCDN0895,2011,0.0602,ucr,LA PAMPA,PAMPEANA,f2_relanzamiento,1,0,0,0
HCDN0895,2012,1.0021,ucr,LA PAMPA,PAMPEANA,f2_relanzamiento,0,0,0,0
HCDN0895,2013,0.9993,ucr,LA PAMPA,PAMPEANA,f2_relanzamiento,1,0,0,0
HCDN0895,2014,0.9993,ucr,LA PAMPA,PAMPEANA,f2_relanzamiento,0,0,0,0
HCDN0895,2015,0.9993,ucr,LA PAMPA,PAMPEANA,f2_relanzamiento,1,0,0,0
HCDN0895,2016,1.0021,ucr,LA PAMPA,PAMPEANA,f3_reactivacion,0,1,0,0
HCDN0895,2017,0.9993,ucr,LA PAMPA,PAMPEANA,f3_reactivacion,1,1,0,0
HCDN0895,2018,0.9993,ucr,LA PAMPA,PAMPEANA,f3_reactivacion,0,1,0,0
HCDN0895,2019,0.9391,ucr,LA PAMPA,PAMPEANA,f3_reactivacion,1,1,0,0
HCDN0896,2008,1.0021,kirchnerismo,BUENOS AIRES,PAMPEANA,f1_impasse,0,1,0,0
HCDN0896,2009,0.9993,kirchnerismo,BUENOS AIRES,PAMPEANA,f1_impasse,1,1,0,0
HCDN0896,2010,0.9993,kirchnerismo,BUENOS AIRES,PAMPEANA,f2_relanzamiento,0,1,0,0
HCDN0896,2011,0.9993,kirchnerismo,BUENOS AIRES,PAMPEANA,f2_relanzamiento,1,1,0,0
HCDN0896,2012,1.0021,kirchnerismo,BUENOS AIRES,PAMPEANA,f2_relanzamiento,0,1,0,0
HCDN0896,2013,0.9993,kirchnerismo,BUENOS AIRES,PAMPEANA,f2_relanzamiento,1,1,0,0
HCDN0896,2014,0.9993,kirchnerismo,BUENOS AIRES,PAMPEANA,f2_relanzamiento,0,1,0,0
HCDN0896,2015,0.9993,kirchnerismo,BUENOS AIRES,PAMPEANA,f2_relanzamiento,1,1,0,0
HCDN0896,2016,1.0021,kirchnerismo,BUENOS AIRES,PAMPEANA,f3_reactivacion,0,0,0,0
HCDN0896,2017,0.9391,kirchnerismo,BUENOS AIRES,PAMPEANA,f3_reactivacion,1,0,0,0
HCDN2958,2021,0.0602,provinciales,SAN JUAN,CUYO,f4_paralisis,1,0,0,0
HCDN2958,2022,0.9993,provinciales,SAN JUAN,CUYO,f4_paralisis,0,0,0,0
HCDN2958,2023,0.9391,provinciales,SAN JUAN,CUYO,f4_paralisis,1,0,0,0
HCDN2385,2017,0.0602,ucr,ENTRE RIOS,PAMPEANA,f3_reactivacion,1,1,0,0
HCDN2385,2018,0.9993,ucr,ENTRE RIOS,PAMPEANA,f3_reactivacion,0,1,0,0
HCDN2385,2019,0.9993,ucr,ENTRE RIOS,PAMPEANA,f3_reactivacion,1,1,0,0
HCDN2385,2020,1.0021,ucr,ENTRE RIOS,PAMPEANA,f4_paralisis,0,0,0,0
HCDN2385,2021,0.9391,ucr,ENTRE RIOS,PAMPEANA,f4_paralisis,1,0,0,0
HCDN1358,2013,0.0602,provinciales,CHUBUT,PATAGONIA,f2_relanzamiento,1,0,0,0
HCDN1358,2014,0.9993,provinciales,CHUBUT,PATAGONIA,f2_relanzamiento,0,0,0,0
HCDN1358,2015,0.9993,provinciales,CHUBUT,PATAGONIA,f2_relanzamiento,1,0,0,0
HCDN1358,2016,1.0021,provinciales,CHUBUT,PATAGONIA,f3_reactivacion,0,0,1,1
HCDN1358,2017,0.9391,provinciales,CHUBUT,PATAGONIA,f3_reactivacion,1,0,0,0
HCDN2761,2019,0.0602,kirchnerismo,BUENOS AIRES,PAMPEANA,f3_reactivacion,1,0,0,0
HCDN2761,2020,1.0021,kirchnerismo,BUENOS AIRES,PAMPEANA,f4_paralisis,0,1,0,0
HCDN2761,2021,0.9993,kirchnerismo,BUENOS AIRES,PAMPEANA,f4_paralisis,1,1,0,0
HCDN2761,2022,0.9993,kirchnerismo,BUENOS AIRES,PAMPEANA,f4_paralisis,0,1,0,0
HCDN2761,2023,0.9391,kirchnerismo,BUENOS AIRES,PAMPEANA,f4_paralisis,1,1,0,0
HCDN1077,2008,1.0021,ucr,BUENOS AIRES,PAMPEANA,f1_impasse,0,0,0,0
HCDN1077,2009,0.9993,ucr,BUENOS AIRES,PAMPEANA,f1_impasse,1,0,0,0
HCDN1077,2010,0.9993,ucr,BUENOS AIRES,PAMPEANA,f2_relanzamiento,0,0,0,0
HCDN1077,2011,0.9391,ucr,BUENOS AIRES,PAMPEANA,f2_relanzamiento,1,0,0,0
HCDN0837,2008,1.0021,kirchnerismo,BUENOS AIRES,PAMPEANA,f1_impasse,0,1,0,0
HCDN0837,2009,0.9993,kirchnerismo,BUENOS AIRES,PAMPEANA,f1_impasse,1,1,0,0
HCDN0837,2010,0.9993,kirchnerismo,BUENOS AIRES,PAMPEANA,f2_relanzamiento,0,1,1,0
HCDN0837,2011,0.9993,kirchnerismo,BUENOS AIRES,PAMPEANA,f2_relanzamiento,1,1,1,0
HCDN0837,2012,1.0021,kirchnerismo,BUENOS AIRES,PAMPEANA,f2_relanzamiento,0,1,0,0
HCDN0837,2013,0.9993,kirchnerismo,BUENOS AIRES,PAMPEANA,f2_relanzamiento,1,1,0,0
HCDN0837,2014,0.9993,kirchnerismo,BUENOS AIRES,PAMPEANA,f2_relanzamiento,0,1,1,0
HCDN0837,2015,0.9144,kirchnerismo,BUENOS AIRES,PAMPEANA,f2_relanzamiento,1,1,0,0
HCDN2796,2019,0.0602,kirchnerismo,RIO NEGRO,PATAGONIA,f3_reactivacion,1,0,0,0
HCDN2796,2020,1.0021,kirchnerismo,RIO NEGRO,PATAGONIA,f4_paralisis,0,1,0,0
HCDN2796,2021,0.9993,kirchnerismo,RIO NEGRO,PATAGONIA,f4_paralisis,1,1,0,0
HCDN2796,2022,0.9993,kirchnerismo,RIO NEGRO,PATAGONIA,f4_paralisis,0,1,0,0
HCDN2796,2023,0.9391,kirchnerismo,RIO NEGRO,PATAGONIA,f4_paralisis,1,1,0,0
HCDN3205,2025,0.0602,kirchnerismo,SANTA CRUZ,PATAGONIA,f5_cierre,1,0,0,0
HCDN1275,2011,0.0602,kirchnerismo,CIUDAD DE BUENOS AIRES,CABA,f2_relanzamiento,1,1,0,0
HCDN1275,2012,1.0021,kirchnerismo,CIUDAD DE BUENOS AIRES,CABA,f2_relanzamiento,0,1,0,0
HCDN1275,2013,0.9993,kirchnerismo,CIUDAD DE BUENOS AIRES,CABA,f2_relanzamiento,1,1,1,0
HCDN1275,2014,0.9993,kirchnerismo,CIUDAD DE BUENOS AIRES,CABA,f2_relanzamiento,0,1,0,0
HCDN1275,2015,0.9993,kirchnerismo,CIUDAD DE BUENOS AIRES,CABA,f2_relanzamiento,1,1,0,0
HCDN1275,2016,1.0021,kirchnerismo,CIUDAD DE BUENOS AIRES,CABA,f3_reactivacion,0,0,0,0
HCDN1275,2017,0.9993,kirchnerismo,CIUDAD DE BUENOS AIRES,CABA,f3_reactivacion,1,0,0,0
HCDN1275,2018,0.9993,kirchnerismo,CIUDAD DE BUENOS AIRES,CABA,f3_reactivacion,0,0,0,0
HCDN1275,2019,0.9993,kirchnerismo,CIUDAD DE BUENOS AIRES,CABA,f3_reactivacion,1,0,0,0
HCDN1275,2020,0.334,kirchnerismo,BUENOS AIRES,PAMPEANA,f4_paralisis,0,1,0,0
HCDN1433,2015,0.8487,pro,SANTA FE,PAMPEANA,f2_relanzamiento,1,0,0,0
HCDN1433,2016,1.0021,pro,SANTA FE,PAMPEANA,f3_reactivacion,0,1,0,0
HCDN1433,2017,0.9993,pro,SANTA FE,PAMPEANA,f3_reactivacion,1,1,0,0
HCDN1433,2018,0.9993,pro,SANTA FE,PAMPEANA,f3_reactivacion,0,1,0,0
HCDN1433,2019,0.9993,pro,SANTA FE,PAMPEANA,f3_reactivacion,1,1,0,0
HCDN1433,2020,1.0021,pro,SANTA FE,PAMPEANA,f4_paralisis,0,0,0,0
HCDN1433,2021,0.9993,pro,SANTA FE,PAMPEANA,f4_paralisis,1,0,0,0
HCDN1433,2022,0.9993,pro,SANTA FE,PAMPEANA,f4_paralisis,0,0,0,0
HCDN1433,2023,0.9993,pro,SANTA FE,PAMPEANA,f4_paralisis,1,0,0,0
HCDN1433,2024,1.0021,pro,SANTA FE,PAMPEANA,f5_cierre,0,0,0,0
HCDN1433,2025,0.9391,pro,SANTA FE,PAMPEANA,f5_cierre,1,0,0,0
HCDN2749,2019,0.0602,ucr,MENDOZA,CUYO,f3_reactivacion,1,1,0,0
HCDN2749,2020,1.0021,ucr,MENDOZA,CUYO,f4_paralisis,0,0,0,0
HCDN2749,2021,0.9993,ucr,MENDOZA,CUYO,f4_paralisis,1,0,0,0
HCDN2749,2022,0.9993,ucr,MENDOZA,CUYO,f4_paralisis,0,0,0,0
HCDN2749,2023,0.9391,ucr,MENDOZA,CUYO,f4_paralisis,1,0,0,0
HCDN3231,2025,0.0602,lla,ENTRE RIOS,PAMPEANA,f5_cierre,1,1,0,0
HCDN1468,2015,0.0602,peronismo_federal,CIUDAD DE BUENOS AIRES,CABA,f2_relanzamiento,1,0,0,0
HCDN1468,2016,1.0021,peronismo_federal,CIUDAD DE BUENOS AIRES,CABA,f3_reactivacion,0,0,0,0
HCDN1468,2017,0.9993,peronismo_federal,CIUDAD DE BUENOS AIRES,CABA,f3_reactivacion,1,0,0,0
HCDN1468,2018,0.9993,peronismo_federal,CIUDAD DE BUENOS AIRES,CABA,f3_reactivacion,0,0,0,0
HCDN1468,2019,0.9391,peronismo_federal,CIUDAD DE BUENOS AIRES,CABA,f3_reactivacion,1,0,0,0
HCDN2386,2017,0.0602,kirchnerismo,SALTA,NOA,f3_reactivacion,1,0,0,0
HCDN2386,2018,0.9993,kirchnerismo,SALTA,NOA,f3_reactivacion,0,0,0,0
HCDN2386,2019,0.9391,kirchnerismo,SALTA,NOA,f3_reactivacion,1,0,0,0
HCDN1096,2008,1.0021,peronismo_federal,BUENOS AIRES,PAMPEANA,f1_impasse,0,0,0,0
HCDN1096,2009,0.9993,peronismo_federal,BUENOS AIRES,PAMPEANA,f1_impasse,1,0,0,0
HCDN1096,2010,0.9993,peronismo_federal,BUENOS AIRES,PAMPEANA,f2_relanzamiento,0,0,0,0
HCDN1096,2011,0.9993,peronismo_federal,BUENOS AIRES,PAMPEANA,f2_relanzamiento,1,0,0,0
HCDN1096,2012,1.0021,peronismo_federal,BUENOS AIRES,PAMPEANA,f2_relanzamiento,0,0,0,0
HCDN1096,2013,0.9391,peronismo_federal,BUENOS AIRES,PAMPEANA,f2_relanzamiento,1,0,0,0
HCDN2886,2021,0.0602,kirchnerismo,ENTRE RIOS,PAMPEANA,f4_paralisis,1,1,0,0
HCDN2886,2022,0.9993,kirchnerismo,ENTRE RIOS,PAMPEANA,f4_paralisis,0,1,0,0
HCDN2886,2023,0.9993,kirchnerismo,ENTRE RIOS,PAMPEANA,f4_paralisis,1,1,0,0
HCDN2886,2024,1.0021,kirchnerismo,ENTRE RIOS,PAMPEANA,f5_cierre,0,0,1,0
HCDN2886,2025,0.9391,kirchnerismo,ENTRE RIOS,PAMPEANA,f5_cierre,1,0,0,0
HCDN2388,2017,0.0602,provinciales,SANTIAGO DEL ESTERO,NOA,f3_reactivacion,1,0,0,0
HCDN2388,2018,0.9993,provinciales,SANTIAGO DEL ESTERO,NOA,f3_reactivacion,0,0,0,0
HCDN2388,2019,0.9391,provinciales,SANTIAGO DEL ESTERO,NOA,f3_reactivacion,1,0,0,0
HCDN0811,2008,1.0021,kirchnerismo,BUENOS AIRES,PAMPEANA,f1_impasse,0,1,0,0
HCDN0811,2009,0.9993,kirchnerismo,BUENOS AIRES,PAMPEANA,f1_impasse,1,1,0,0
HCDN0811,2010,0.9993,kirchnerismo,BUENOS AIRES,PAMPEANA,f2_relanzamiento,0,1,0,0
HCDN0811,2011,0.9391,kirchnerismo,BUENOS AIRES,PAMPEANA,f2_relanzamiento,1,1,0,0
HCDN2389,2017,0.0602,cc_ari,SANTA FE,PAMPEANA,f3_reactivacion,1,1,0,0
HCDN2389,2018,0.9993,cc_ari,SANTA FE,PAMPEANA,f3_reactivacion,0,1,0,0
HCDN2389,2019,0.9993,cc_ari,SANTA FE,PAMPEANA,f3_reactivacion,1,1,1,0
HCDN2389,2020,1.0021,cc_ari,SANTA FE,PAMPEANA,f4_paralisis,0,0,0,0
HCDN2389,2021,0.9391,cc_ari,SANTA FE,PAMPEANA,f4_paralisis,1,0,2,0
HCDN2792,2019,0.0602,kirchnerismo,TUCUMAN,NOA,f3_reactivacion,1,0,0,0
HCDN2792,2020,1.0021,kirchnerismo,TUCUMAN,NOA,f4_paralisis,0,1,0,0
HCDN2792,2021,0.9993,kirchnerismo,TUCUMAN,NOA,f4_paralisis,1,1,0,0
HCDN2792,2022,0.9993,kirchnerismo,TUCUMAN,NOA,f4_paralisis,0,1,0,0
HCDN2792,2023,0.8214,kirchnerismo,TUCUMAN,NOA,f4_paralisis,1,1,0,0
HCDN2799,2019,0.0602,kirchnerismo,CHACO,NEA,f3_reactivacion,1,0,0,0
HCDN2799,2020,1.0021,kirchnerismo,CHACO,NEA,f4_paralisis,0,1,0,0
HCDN2799,2021,0.9993,kirchnerismo,CHACO,NEA,f4_paralisis,1,1,0,0
HCDN2799,2022,0.9993,kirchnerismo,CHACO,NEA,f4_paralisis,0,1,0,0
HCDN2799,2023,0.9993,kirchnerismo,CHACO,NEA,f4_paralisis,1,1,0,0
HCDN2799,2024,1.0021,kirchnerismo,CHACO,NEA,f5_cierre,0,0,0,0
HCDN2799,2025,0.9993,kirchnerismo,CHACO,NEA,f5_cierre,1,0,0,0
HCDN3084,2023,0.0602,lla,BUENOS AIRES,PAMPEANA,f4_paralisis,1,0,0,0
HCDN3084,2024,1.0021,lla,BUENOS AIRES,PAMPEANA,f5_cierre,0,1,0,0
HCDN3084,2025,0.9993,lla,BUENOS AIRES,PAMPEANA,f5_cierre,1,1,0,0
HCDN2771,2019,0.0602,ucr,ENTRE RIOS,PAMPEANA,f3_reactivacion,1,1,0,0
HCDN2771,2020,1.0021,ucr,ENTRE RIOS,PAMPEANA,f4_paralisis,0,0,1,0
HCDN2771,2021,0.9993,ucr,ENTRE RIOS,PAMPEANA,f4_paralisis,1,0,0,0
HCDN2771,2022,0.9993,ucr,ENTRE RIOS,PAMPEANA,f4_paralisis,0,0,0,0
HCDN2771,2023,0.9391,ucr,ENTRE RIOS,PAMPEANA,f4_paralisis,1,0,0,0
HCDN3189,2025,0.0602,lla,CIUDAD DE BUENOS AIRES,CABA,f5_cierre,1,1,0,0
HCDN1000,2008,1.0021,kirchnerismo,MISIONES,NEA,f1_impasse,0,1,0,0
HCDN1000,2009,0.9993,kirchnerismo,MISIONES,NEA,f1_impasse,1,1,2,2
HCDN1000,2010,0.9993,kirchnerismo,MISIONES,NEA,f2_relanzamiento,0,1,1,0
HCDN1000,2011,0.9993,kirchnerismo,MISIONES,NEA,f2_relanzamiento,1,1,1,1
HCDN1000,2012,1.0021,kirchnerismo,MISIONES,NEA,f2_relanzamiento,0,1,2,0
HCDN1000,2013,0.9993,kirchnerismo,MISIONES,NEA,f2_relanzamiento,1,1,1,1
HCDN1000,2014,0.9993,kirchnerismo,MISIONES,NEA,f2_relanzamiento,0,1,1,0
HCDN1000,2015,0.9391,kirchnerismo,MISIONES,NEA,f2_relanzamiento,1,1,1,1
HCDN1078,2008,1.0021,cc_ari,BUENOS AIRES,PAMPEANA,f1_impasse,0,0,0,0
HCDN1078,2009,0.9993,cc_ari,BUENOS AIRES,PAMPEANA,f1_impasse,1,0,0,0
HCDN1078,2010,0.9993,izquierda_progresista,BUENOS AIRES,PAMPEANA,f2_relanzamiento,0,0,0,0
HCDN1078,2011,0.9993,izquierda_progresista,BUENOS AIRES,PAMPEANA,f2_relanzamiento,1,0,0,0
HCDN1078,2012,1.0021,izquierda_progresista,BUENOS AIRES,PAMPEANA,f2_relanzamiento,0,0,1,0
HCDN1078,2013,0.9993,izquierda_progresista,BUENOS AIRES,PAMPEANA,f2_relanzamiento,1,0,2,2
HCDN1078,2014,0.9993,izquierda_progresista,BUENOS AIRES,PAMPEANA,f2_relanzamiento,0,0,1,1
HCDN1078,2015,0.9391,izquierda_progresista,BUENOS AIRES,PAMPEANA,f2_relanzamiento,1,0,1,1
HCDN1445,2015,0.0602,pro,BUENOS AIRES,PAMPEANA,f2_relanzamiento,1,0,0,0
HCDN1445,2016,1.0021,pro,BUENOS AIRES,PAMPEANA,f3_reactivacion,0,1,0,0
HCDN1445,2017,0.9993,pro,BUENOS AIRES,PAMPEANA,f3_reactivacion,1,1,0,0
HCDN1445,2018,0.9993,pro,BUENOS AIRES,PAMPEANA,f3_reactivacion,0,1,0,0
HCDN1445,2019,0.9391,pro,BUENOS AIRES,PAMPEANA,f3_reactivacion,1,1,0,0
HCDN2936,2021,0.0602,kirchnerismo,BUENOS AIRES,PAMPEANA,f4_paralisis,1,1,0,0
HCDN2936,2022,0.9993,kirchnerismo,BUENOS AIRES,PAMPEANA,f4_paralisis,0,1,0,0
HCDN2936,2023,0.9993,kirchnerismo,BUENOS AIRES,PAMPEANA,f4_paralisis,1,1,0,0
HCDN2936,2024,1.0021,kirchnerismo,BUENOS AIRES,PAMPEANA,f5_cierre,0,0,0,0
HCDN2936,2025,0.9391,kirchnerismo,BUENOS AIRES,PAMPEANA,f5_cierre,1,0,0,0
HCDN1579,2016,0.8378,peronismo_federal,BUENOS AIRES,PAMPEANA,f3_reactivacion,0,0,0,0
HCDN1579,2017,0.9391,peronismo_federal,BUENOS AIRES,PAMPEANA,f3_reactivacion,1,0,0,0
HCDN3025,2023,0.0684,provinciales,NEUQUEN,PATAGONIA,f4_paralisis,1,0,0,0
HCDN3025,2024,1.0021,provinciales,NEUQUEN,PATAGONIA,f5_cierre,0,0,0,0
HCDN3025,2025,0.9391,provinciales,NEUQUEN,PATAGONIA,f5_cierre,1,0,0,0
HCDN3070,2023,0.0602,lla,MENDOZA,CUYO,f4_paralisis,1,0,0,0
HCDN3070,2024,1.0021,lla,MENDOZA,CUYO,f5_cierre,0,1,0,0
HCDN3070,2025,0.9993,lla,MENDOZA,CUYO,f5_cierre,1,1,0,0
HCDN1183,2009,0.0602,kirchnerismo,JUJUY,NOA,f1_impasse,1,1,0,0
HCDN1183,2010,0.9993,kirchnerismo,JUJUY,NOA,f2_relanzamiento,0,1,0,0
HCDN1183,2011,0.9993,kirchnerismo,JUJUY,NOA,f2_relanzamiento,1,1,0,0
HCDN1183,2012,1.0021,kirchnerismo,JUJUY,NOA,f2_relanzamiento,0,1,0,0
HCDN1183,2013,0.9391,kirchnerismo,JUJUY,NOA,f2_relanzamiento,1,1,0,0
HCDN1476,2015,0.0602,kirchnerismo,CHUBUT,PATAGONIA,f2_relanzamiento,1,1,0,0
HCDN1476,2016,1.0021,kirchnerismo,CHUBUT,PATAGONIA,f3_reactivacion,0,0,0,0
HCDN1476,2017,0.9993,kirchnerismo,CHUBUT,PATAGONIA,f3_reactivacion,1,0,0,0
HCDN1476,2018,0.9993,kirchnerismo,CHUBUT,PATAGONIA,f3_reactivacion,0,0,0,0
HCDN1476,2019,0.9391,kirchnerismo,CHUBUT,PATAGONIA,f3_reactivacion,1,0,0,0
HCDN2390,2017,0.0602,peronismo_federal,CORDOBA,PAMPEANA,f3_reactivacion,1,0,0,0
HCDN2390,2018,0.9993,peronismo_federal,CORDOBA,PAMPEANA,f3_reactivacion,0,0,0,0
HCDN2390,2019,0.9391,peronismo_federal,CORDOBA,PAMPEANA,f3_reactivacion,1,0,0,0
HCDN1038,2008,1.0021,kirchnerismo,MISIONES,NEA,f1_impasse,0,1,0,0
HCDN1038,2009,0.9993,kirchnerismo,MISIONES,NEA,f1_impasse,1,1,0,0
HCDN1038,2010,0.9993,kirchnerismo,MISIONES,NEA,f2_relanzamiento,0,1,1,0
HCDN1038,2011,0.9391,kirchnerismo,MISIONES,NEA,f2_relanzamiento,1,1,0,0
HCDN3172,2025,0.0602,lla,CORDOBA,PAMPEANA,f5_cierre,1,1,0,0
HCDN0530,2021,0.0602,pro,BUENOS AIRES,PAMPEANA,f4_paralisis,1,0,0,0
HCDN0530,2022,0.9993,pro,BUENOS AIRES,PAMPEANA,f4_paralisis,0,0,0,0
HCDN0530,2023,0.9993,pro,BUENOS AIRES,PAMPEANA,f4_paralisis,1,0,0,0
HCDN0530,2024,1.0021,pro,BUENOS AIRES,PAMPEANA,f5_cierre,0,0,0,0
HCDN0530,2025,0.1889,pro,BUENOS AIRES,PAMPEANA,f5_cierre,1,0,0,0
HCDN3161,2025,0.0602,lla,BUENOS AIRES,PAMPEANA,f5_cierre,1,1,0,0
HCDN1563,2016,0.8378,pro,CIUDAD DE BUENOS AIRES,CABA,f3_reactivacion,0,1,0,0
HCDN1563,2017,0.9391,pro,CIUDAD DE BUENOS AIRES,CABA,f3_reactivacion,1,1,0,0
HCDN2877,2021,0.1232,kirchnerismo,CIUDAD DE BUENOS AIRES,CABA,f4_paralisis,1,1,0,0
HCDN2851,2019,0.0356,kirchnerismo,BUENOS AIRES,PAMPEANA,f3_reactivacion,1,0,0,0
HCDN2851,2020,1.0021,kirchnerismo,BUENOS AIRES,PAMPEANA,f4_paralisis,0,1,0,0
HCDN2851,2021,0.9993,kirchnerismo,BUENOS AIRES,PAMPEANA,f4_paralisis,1,1,0,0
HCDN2851,2022,0.9172,kirchnerismo,BUENOS AIRES,PAMPEANA,f4_paralisis,0,1,0,0
HCDN2851,2025,0.0602,kirchnerismo,BUENOS AIRES,PAMPEANA,f5_cierre,1,0,0,0
HCDN2401,2017,0.0602,cc_ari,CIUDAD DE BUENOS AIRES,CABA,f3_reactivacion,1,1,0,0
HCDN2401,2018,0.9993,cc_ari,CIUDAD DE BUENOS AIRES,CABA,f3_reactivacion,0,1,0,0
HCDN2401,2019,0.9993,cc_ari,CIUDAD DE BUENOS AIRES,CABA,f3_reactivacion,1,1,0,0
HCDN2401,2020,1.0021,cc_ari,CIUDAD DE BUENOS AIRES,CABA,f4_paralisis,0,0,0,0
HCDN2401,2021,0.9993,cc_ari,CIUDAD DE BUENOS AIRES,CABA,f4_paralisis,1,0,0,0
HCDN2401,2022,0.9993,cc_ari,BUENOS AIRES,PAMPEANA,f4_paralisis,0,0,0,0
HCDN2401,2023,0.9993,cc_ari,BUENOS AIRES,PAMPEANA,f4_paralisis,1,0,0,0
HCDN2401,2024,1.0021,cc_ari,BUENOS AIRES,PAMPEANA,f5_cierre,0,0,1,0
HCDN2401,2025,0.9391,cc_ari,BUENOS AIRES,PAMPEANA,f5_cierre,1,0,0,0
HCDN1393,2013,0.0602,izquierda_progresista,SALTA,NOA,f2_relanzamiento,1,0,0,0
HCDN1393,2014,0.9993,izquierda_progresista,SALTA,NOA,f2_relanzamiento,0,0,0,0
HCDN1393,2015,0.9993,izquierda_progresista,SALTA,NOA,f2_relanzamiento,1,0,0,0
HCDN1393,2016,1.0021,izquierda_progresista,SALTA,NOA,f3_reactivacion,0,0,0,0
HCDN1393,2017,0.9391,izquierda_progresista,SALTA,NOA,f3_reactivacion,1,0,0,0
HCDN1002,2008,1.0021,kirchnerismo,FORMOSA,NEA,f1_impasse,0,1,0,0
HCDN1002,2009,0.9993,kirchnerismo,FORMOSA,NEA,f1_impasse,1,1,0,0
HCDN1002,2010,0.9993,kirchnerismo,FORMOSA,NEA,f2_relanzamiento,0,1,0,0
HCDN1002,2011,0.9391,kirchnerismo,FORMOSA,NEA,f2_relanzamiento,1,1,0,0
HCDN0014,2008,1.0021,kirchnerismo,SALTA,NOA,f1_impasse,0,1,0,0
HCDN0014,2009,0.9993,kirchnerismo,SALTA,NOA,f1_impasse,1,1,0,0
HCDN0014,2010,0.9993,peronismo_federal,SALTA,NOA,f2_relanzamiento,0,0,0,0
HCDN0014,2011,0.9391,peronismo_federal,SALTA,NOA,f2_relanzamiento,1,0,0,0
HCDN1482,2015,0.0602,pro,NEUQUEN,PATAGONIA,f2_relanzamiento,1,0,0,0
HCDN1482,2016,1.0021,pro,NEUQUEN,PATAGONIA,f3_reactivacion,0,1,0,0
HCDN1482,2017,0.9993,pro,NEUQUEN,PATAGONIA,f3_reactivacion,1,1,0,0
HCDN1482,2018,0.9993,pro,NEUQUEN,PATAGONIA,f3_reactivacion,0,1,0,0
HCDN1482,2019,0.9391,pro,NEUQUEN,PATAGONIA,f3_reactivacion,1,1,0,0
HCDN2898,2021,0.0602,pro,CIUDAD DE BUENOS AIRES,CABA,f4_paralisis,1,0,0,0
HCDN2898,2022,0.9993,pro,CIUDAD DE BUENOS AIRES,CABA,f4_paralisis,0,0,0,0
HCDN2898,2023,0.9993,pro,CIUDAD DE BUENOS AIRES,CABA,f4_paralisis,1,0,0,0
HCDN2898,2024,1.0021,peronismo_federal,CIUDAD DE BUENOS AIRES,CABA,f5_cierre,0,0,0,0
HCDN2898,2025,0.9391,pro,CIUDAD DE BUENOS AIRES,CABA,f5_cierre,1,0,0,0
HCDN3168,2025,0.0602,kirchnerismo,SANTIAGO DEL ESTERO,NOA,f5_cierre,1,0,0,0
HCDN2791,2019,0.0356,kirchnerismo,CATAMARCA,NOA,f3_reactivacion,1,0,0,0
HCDN2791,2020,1.0021,kirchnerismo,CATAMARCA,NOA,f4_paralisis,0,1,0,0
HCDN2791,2021,0.9993,kirchnerismo,CATAMARCA,NOA,f4_paralisis,1,1,0,0
HCDN2791,2022,0.9993,kirchnerismo,CATAMARCA,NOA,f4_paralisis,0,1,0,0
HCDN2791,2023,0.9993,kirchnerismo,CATAMARCA,NOA,f4_paralisis,1,1,0,0
HCDN2791,2024,1.0021,kirchnerismo,CATAMARCA,NOA,f5_cierre,0,0,0,0
HCDN2791,2025,0.9391,kirchnerismo,CATAMARCA,NOA,f5_cierre,1,0,0,0
HCDN1110,2009,0.6188,kirchnerismo,BUENOS AIRES,PAMPEANA,f1_impasse,1,1,0,0
HCDN1110,2010,0.9993,kirchnerismo,BUENOS AIRES,PAMPEANA,f2_relanzamiento,0,1,0,0
HCDN1110,2011,0.9391,kirchnerismo,BUENOS AIRES,PAMPEANA,f2_relanzamiento,1,1,0,0
HCDN1439,2015,0.0602,pro,BUENOS AIRES,PAMPEANA,f2_relanzamiento,1,0,0,0
HCDN1439,2016,1.0021,pro,BUENOS AIRES,PAMPEANA,f3_reactivacion,0,1,0,0
HCDN1439,2017,0.9993,pro,BUENOS AIRES,PAMPEANA,f3_reactivacion,1,1,1,0
HCDN1439,2018,0.9993,pro,BUENOS AIRES,PAMPEANA,f3_reactivacion,0,1,0,0
HCDN1439,2019,0.9993,pro,BUENOS AIRES,PAMPEANA,f3_reactivacion,1,1,1,0
HCDN1439,2020,1.0021,pro,BUENOS AIRES,PAMPEANA,f4_paralisis,0,0,1,0
HCDN1439,2021,0.9993,pro,BUENOS AIRES,PAMPEANA,f4_paralisis,1,0,0,0
HCDN1439,2022,0.9993,pro,BUENOS AIRES,PAMPEANA,f4_paralisis,0,0,1,0
HCDN1439,2023,0.9993,pro,BUENOS AIRES,PAMPEANA,f4_paralisis,1,0,1,0
HCDN1439,2024,1.0021,pro,BUENOS AIRES,PAMPEANA,f5_cierre,0,0,1,0
HCDN1439,2025,0.9391,pro,BUENOS AIRES,PAMPEANA,f5_cierre,1,0,2,0
HCDN1276,2011,0.0602,kirchnerismo,FORMOSA,NEA,f2_relanzamiento,1,1,0,0
HCDN1276,2012,1.0021,kirchnerismo,FORMOSA,NEA,f2_relanzamiento,0,1,0,0
HCDN1276,2013,0.9993,kirchnerismo,FORMOSA,NEA,f2_relanzamiento,1,1,0,0
HCDN1276,2014,0.9993,kirchnerismo,FORMOSA,NEA,f2_relanzamiento,0,1,0,0
HCDN1276,2015,0.9993,kirchnerismo,FORMOSA,NEA,f2_relanzamiento,1,1,0,0
HCDN1276,2016,1.0021,kirchnerismo,FORMOSA,NEA,f3_reactivacion,0,0,0,0
HCDN1276,2017,0.9993,kirchnerismo,FORMOSA,NEA,f3_reactivacion,1,0,0,0
HCDN1276,2018,0.9993,kirchnerismo,FORMOSA,NEA,f3_reactivacion,0,0,0,0
HCDN1276,2019,0.9391,kirchnerismo,FORMOSA,NEA,f3_reactivacion,1,0,0,0
HCDN1043,2013,0.0602,ucr,CIUDAD DE BUENOS AIRES,CABA,f2_relanzamiento,1,0,0,0
HCDN1043,2014,0.9993,ucr,CIUDAD DE BUENOS AIRES,CABA,f2_relanzamiento,0,0,0,0
HCDN1043,2015,0.9993,ucr,CIUDAD DE BUENOS AIRES,CABA,f2_relanzamiento,1,0,0,0
HCDN1043,2016,0.1643,ucr,CIUDAD DE BUENOS AIRES,CABA,f3_reactivacion,0,1,0,0
HCDN1043,2017,0.0602,ucr,CIUDAD DE BUENOS AIRES,CABA,f3_reactivacion,1,1,0,0
HCDN1043,2018,0.9993,ucr,CIUDAD DE BUENOS AIRES,CABA,f3_reactivacion,0,1,0,0
HCDN1043,2019,0.9391,ucr,CIUDAD DE BUENOS AIRES,CABA,f3_reactivacion,1,1,0,0
HCDN1043,2025,0.0602,provinciales,CIUDAD DE BUENOS AIRES,CABA,f5_cierre,1,0,0,0
HCDN0799,2008,1.0021,izquierda_progresista,CIUDAD DE BUENOS AIRES,CABA,f1_impasse,0,0,0,0
HCDN0799,2009,0.9993,izquierda_progresista,CIUDAD DE BUENOS AIRES,CABA,f1_impasse,1,0,0,0
HCDN0799,2010,0.9993,izquierda_progresista,CIUDAD DE BUENOS AIRES,CABA,f2_relanzamiento,0,0,0,0
HCDN0799,2011,0.9993,izquierda_progresista,CIUDAD DE BUENOS AIRES,CABA,f2_relanzamiento,1,0,0,0
HCDN0799,2012,1.0021,izquierda_progresista,CIUDAD DE BUENOS AIRES,CABA,f2_relanzamiento,0,0,0,0
HCDN0799,2013,0.9993,izquierda_progresista,CIUDAD DE BUENOS AIRES,CABA,f2_relanzamiento,1,0,0,0
HCDN0799,2014,0.9993,izquierda_progresista,CIUDAD DE BUENOS AIRES,CABA,f2_relanzamiento,0,0,0,0
HCDN0799,2015,0.9391,izquierda_progresista,CIUDAD DE BUENOS AIRES,CABA,f2_relanzamiento,1,0,0,0
HCDN1003,2008,1.0021,provinciales,SANTIAGO DEL ESTERO,NOA,f1_impasse,0,0,0,0
HCDN1003,2009,0.9993,provinciales,SANTIAGO DEL ESTERO,NOA,f1_impasse,1,0,0,0
HCDN1003,2010,0.9993,provinciales,SANTIAGO DEL ESTERO,NOA,f2_relanzamiento,0,0,0,0
HCDN1003,2011,0.9391,provinciales,SANTIAGO DEL ESTERO,NOA,f2_relanzamiento,1,0,0,0
HCDN3221,2025,0.0602,kirchnerismo,CHUBUT,PATAGONIA,f5_cierre,1,0,0,0
HCDN0513,2008,1.0021,peronismo_federal,SAN LUIS,CUYO,f1_impasse,0,0,0,0
HCDN0513,2009,0.9391,peronismo_federal,SAN LUIS,CUYO,f1_impasse,1,0,0,0
HCDN0513,2016,0.8378,peronismo_federal,SAN LUIS,CUYO,f3_reactivacion,0,0,1,0
HCDN0513,2017,0.46,peronismo_federal,SAN LUIS,CUYO,f3_reactivacion,1,0,0,0
HCDN1379,2013,0.0602,pro,LA PAMPA,PAMPEANA,f2_relanzamiento,1,0,0,0
HCDN1379,2014,0.9993,pro,LA PAMPA,PAMPEANA,f2_relanzamiento,0,0,0,0
HCDN1379,2015,0.9911,pro,LA PAMPA,PAMPEANA,f2_relanzamiento,1,0,0,0
HCDN0440,2008,1.0021,izquierda_progresista,BUENOS AIRES,PAMPEANA,f1_impasse,0,0,0,0
HCDN0440,2009,0.9993,izquierda_progresista,BUENOS AIRES,PAMPEANA,f1_impasse,1,0,0,0
HCDN0440,2010,0.9993,izquierda_progresista,BUENOS AIRES,PAMPEANA,f2_relanzamiento,0,0,0,0
HCDN0440,2011,0.9391,izquierda_progresista,BUENOS AIRES,PAMPEANA,f2_relanzamiento,1,0,0,0
HCDN2402,2017,0.0602,kirchnerismo,BUENOS AIRES,PAMPEANA,f3_reactivacion,1,0,0,0
HCDN2402,2018,0.9993,kirchnerismo,BUENOS AIRES,PAMPEANA,f3_reactivacion,0,0,0,0
HCDN2402,2019,0.9993,kirchnerismo,BUENOS AIRES,PAMPEANA,f3_reactivacion,1,0,0,0
HCDN2402,2020,1.0021,kirchnerismo,BUENOS AIRES,PAMPEANA,f4_paralisis,0,1,0,0
HCDN2402,2021,0.9993,kirchnerismo,BUENOS AIRES,PAMPEANA,f4_paralisis,1,1,0,0
HCDN2402,2022,0.9993,kirchnerismo,BUENOS AIRES,PAMPEANA,f4_paralisis,0,1,0,0
HCDN2402,2023,0.9993,kirchnerismo,BUENOS AIRES,PAMPEANA,f4_paralisis,1,1,0,0
HCDN2402,2024,1.0021,kirchnerismo,BUENOS AIRES,PAMPEANA,f5_cierre,0,0,0,0
HCDN2402,2025,0.9391,kirchnerismo,BUENOS AIRES,PAMPEANA,f5_cierre,1,0,0,0
HCDN1518,2015,0.0602,kirchnerismo,CORRIENTES,NEA,f2_relanzamiento,1,1,0,0
HCDN1518,2016,1.0021,peronismo_federal,CORRIENTES,NEA,f3_reactivacion,0,0,0,0
HCDN1518,2017,0.9993,peronismo_federal,CORRIENTES,NEA,f3_reactivacion,1,0,0,0
HCDN1518,2018,0.9993,peronismo_federal,CORRIENTES,NEA,f3_reactivacion,0,0,0,0
HCDN1518,2019,0.9391,peronismo_federal,CORRIENTES,NEA,f3_reactivacion,1,0,0,0
HCDN3075,2023,0.0602,lla,BUENOS AIRES,PAMPEANA,f4_paralisis,1,0,0,0
HCDN3075,2024,1.0021,lla,BUENOS AIRES,PAMPEANA,f5_cierre,0,1,0,0
HCDN3075,2025,0.9993,lla,BUENOS AIRES,PAMPEANA,f5_cierre,1,1,0,0
HCDN1381,2013,0.0602,kirchnerismo,LA RIOJA,NOA,f2_relanzamiento,1,1,0,0
HCDN1381,2014,0.9993,kirchnerismo,LA RIOJA,NOA,f2_relanzamiento,0,1,0,0
HCDN1381,2015,0.9993,kirchnerismo,LA RIOJA,NOA,f2_relanzamiento,1,1,0,0
HCDN1381,2016,1.0021,peronismo_federal,LA RIOJA,NOA,f3_reactivacion,0,0,0,0
HCDN1381,2017,0.9391,peronismo_federal,LA RIOJA,NOA,f3_reactivacion,1,0,0,0
HCDN1347,2013,0.0602,kirchnerismo,BUENOS AIRES,PAMPEANA,f2_relanzamiento,1,1,0,0
HCDN1347,2014,0.9993,kirchnerismo,BUENOS AIRES,PAMPEANA,f2_relanzamiento,0,1,0,0
HCDN1347,2015,0.9391,kirchnerismo,BUENOS AIRES,PAMPEANA,f2_relanzamiento,1,1,0,0
HCDN1184,2009,0.0602,pro,BUENOS AIRES,PAMPEANA,f1_impasse,1,0,0,0
HCDN1184,2010,0.9993,pro,BUENOS AIRES,PAMPEANA,f2_relanzamiento,0,0,0,0
HCDN1184,2011,0.9993,pro,BUENOS AIRES,PAMPEANA,f2_relanzamiento,1,0,0,0
HCDN1184,2012,1.0021,pro,BUENOS AIRES,PAMPEANA,f2_relanzamiento,0,0,0,0
HCDN1184,2013,0.9993,pro,BUENOS AIRES,PAMPEANA,f2_relanzamiento,1,0,0,0
HCDN1184,2014,0.9993,pro,CIUDAD DE BUENOS AIRES,CABA,f2_relanzamiento,0,0,0,0
HCDN1184,2015,0.9391,pro,CIUDAD DE BUENOS AIRES,CABA,f2_relanzamiento,1,0,0,0
HCDN1277,2011,0.0602,ucr,CHACO,NEA,f2_relanzamiento,1,0,0,0
HCDN1277,2012,1.0021,ucr,CHACO,NEA,f2_relanzamiento,0,0,0,0
HCDN1277,2013,0.9993,ucr,CHACO,NEA,f2_relanzamiento,1,0,1,0
HCDN1277,2014,0.9993,ucr,CHACO,NEA,f2_relanzamiento,0,0,0,0
HCDN1277,2015,0.9391,ucr,CHACO,NEA,f2_relanzamiento,1,0,0,0
HCDN2908,2021,0.0602,ucr,BUENOS AIRES,PAMPEANA,f4_paralisis,1,0,0,0
HCDN2908,2022,0.9993,ucr,BUENOS AIRES,PAMPEANA,f4_paralisis,0,0,0,0
HCDN2908,2023,0.9993,ucr,BUENOS AIRES,PAMPEANA,f4_paralisis,1,0,0,0
HCDN2908,2024,1.0021,ucr,BUENOS AIRES,PAMPEANA,f5_cierre,0,0,0,0
HCDN2908,2025,0.9391,ucr,BUENOS AIRES,PAMPEANA,f5_cierre,1,0,0,0
HCDN3206,2023,0.0602,kirchnerismo,RIO NEGRO,PATAGONIA,f4_paralisis,1,1,0,0
HCDN3206,2024,1.0021,kirchnerismo,RIO NEGRO,PATAGONIA,f5_cierre,0,0,0,0
HCDN3206,2025,0.9993,kirchnerismo,RIO NEGRO,PATAGONIA,f5_cierre,1,0,0,0
HCDN3081,2023,0.0602,kirchnerismo,BUENOS AIRES,PAMPEANA,f4_paralisis,1,1,0,0
HCDN3081,2024,1.0021,kirchnerismo,BUENOS AIRES,PAMPEANA,f5_cierre,0,0,0,0
HCDN3081,2025,0.9993,kirchnerismo,BUENOS AIRES,PAMPEANA,f5_cierre,1,0,0,0
HCDN1185,2009,0.0602,ucr,MENDOZA,CUYO,f1_impasse,1,0,0,0
HCDN1185,2010,0.9993,ucr,MENDOZA,CUYO,f2_relanzamiento,0,0,0,0
HCDN1185,2011,0.9391,ucr,MENDOZA,CUYO,f2_relanzamiento,1,0,0,0
HCDN2807,2019,0.0602,cc_ari,CATAMARCA,NOA,f3_reactivacion,1,1,0,0
HCDN2807,2020,1.0021,cc_ari,CATAMARCA,NOA,f4_paralisis,0,0,0,0
HCDN2807,2021,0.9993,cc_ari,CATAMARCA,NOA,f4_paralisis,1,0,0,0
HCDN2807,2022,0.9993,cc_ari,CATAMARCA,NOA,f4_paralisis,0,0,0,0
HCDN2807,2023,0.9391,cc_ari,CATAMARCA,NOA,f4_paralisis,1,0,0,0
HCDN1565,2016,0.8378,pro,LA PAMPA,PAMPEANA,f3_reactivacion,0,1,0,0
HCDN1565,2017,0.9993,pro,LA PAMPA,PAMPEANA,f3_reactivacion,1,1,0,0
HCDN1565,2018,0.9993,pro,LA PAMPA,PAMPEANA,f3_reactivacion,0,1,0,0
HCDN1565,2019,0.9993,pro,LA PAMPA,PAMPEANA,f3_reactivacion,1,1,0,0
HCDN1565,2020,1.0021,pro,LA PAMPA,PAMPEANA,f4_paralisis,0,0,0,0
HCDN1565,2021,0.9993,pro,LA PAMPA,PAMPEANA,f4_paralisis,1,0,0,0
HCDN1565,2022,0.9993,pro,LA PAMPA,PAMPEANA,f4_paralisis,0,0,0,0
HCDN1565,2023,0.9993,pro,LA PAMPA,PAMPEANA,f4_paralisis,1,0,0,0
HCDN1565,2024,1.0021,pro,LA PAMPA,PAMPEANA,f5_cierre,0,0,0,0
HCDN1565,2025,0.9391,pro,LA PAMPA,PAMPEANA,f5_cierre,1,0,0,0
HCDN3224,2025,0.0602,kirchnerismo,ENTRE RIOS,PAMPEANA,f5_cierre,1,0,0,0
HCDN2879,2021,0.1232,ucr,CATAMARCA,NOA,f4_paralisis,1,0,0,0
HCDN0768,2008,1.0021,kirchnerismo,SANTA FE,PAMPEANA,f1_impasse,0,1,0,0
HCDN0768,2009,0.9993,kirchnerismo,SANTA FE,PAMPEANA,f1_impasse,1,1,0,0
HCDN0768,2010,0.9993,kirchnerismo,SANTA FE,PAMPEANA,f2_relanzamiento,0,1,0,0
HCDN0768,2011,0.9391,kirchnerismo,SANTA FE,PAMPEANA,f2_relanzamiento,1,1,0,0
HCDN1424,2013,0.0767,kirchnerismo,CORRIENTES,NEA,f2_relanzamiento,1,1,0,0
HCDN1424,2014,0.9993,kirchnerismo,CORRIENTES,NEA,f2_relanzamiento,0,1,0,0
HCDN1424,2015,0.9391,kirchnerismo,CORRIENTES,NEA,f2_relanzamiento,1,1,0,0
HCDN1505,2015,0.0602,ucr,SANTA FE,PAMPEANA,f2_relanzamiento,1,0,0,0
HCDN1505,2016,1.0021,ucr,SANTA FE,PAMPEANA,f3_reactivacion,0,1,0,0
HCDN1505,2017,0.9993,ucr,SANTA FE,PAMPEANA,f3_reactivacion,1,1,0,0
HCDN1505,2018,0.9993,ucr,SANTA FE,PAMPEANA,f3_reactivacion,0,1,0,0
HCDN1505,2019,0.9391,ucr,SANTA FE,PAMPEANA,f3_reactivacion,1,1,0,0
HCDN2944,2021,0.0602,kirchnerismo,LA PAMPA,PAMPEANA,f4_paralisis,1,1,0,0
HCDN2944,2022,0.9993,kirchnerismo,LA PAMPA,PAMPEANA,f4_paralisis,0,1,0,0
HCDN2944,2023,0.9993,kirchnerismo,LA PAMPA,PAMPEANA,f4_paralisis,1,1,0,0
HCDN2944,2024,1.0021,kirchnerismo,LA PAMPA,PAMPEANA,f5_cierre,0,0,0,0
HCDN2944,2025,0.9993,kirchnerismo,LA PAMPA,PAMPEANA,f5_cierre,1,0,0,0
HCDN3007,2022,0.4162,kirchnerismo,BUENOS AIRES,PAMPEANA,f4_paralisis,0,1,0,0
HCDN3007,2023,0.9993,kirchnerismo,BUENOS AIRES,PAMPEANA,f4_paralisis,1,1,0,0
HCDN3007,2024,1.0021,kirchnerismo,BUENOS AIRES,PAMPEANA,f5_cierre,0,0,0,0
HCDN3007,2025,0.9993,kirchnerismo,BUENOS AIRES,PAMPEANA,f5_cierre,1,0,0,0
HCDN2848,2019,0.0356,peronismo_federal,CORDOBA,PAMPEANA,f3_reactivacion,1,0,0,0
HCDN2848,2020,1.0021,peronismo_federal,CORDOBA,PAMPEANA,f4_paralisis,0,0,0,0
HCDN2848,2021,0.9391,peronismo_federal,CORDOBA,PAMPEANA,f4_paralisis,1,0,0,0
HCDN3063,2023,0.0602,lla,NEUQUEN,PATAGONIA,f4_paralisis,1,0,0,0
HCDN3063,2024,1.0021,lla,NEUQUEN,PATAGONIA,f5_cierre,0,1,0,0
HCDN3063,2025,0.9391,lla,NEUQUEN,PATAGONIA,f5_cierre,1,1,0,0
HCDN2403,2017,0.0602,peronismo_federal,JUJUY,NOA,f3_reactivacion,1,0,0,0
HCDN2403,2018,0.9993,peronismo_federal,JUJUY,NOA,f3_reactivacion,0,0,0,0
HCDN2403,2019,0.9993,peronismo_federal,JUJUY,NOA,f3_reactivacion,1,0,0,0
HCDN2403,2020,1.0021,kirchnerismo,JUJUY,NOA,f4_paralisis,0,1,0,0
HCDN2403,2021,0.9391,kirchnerismo,JUJUY,NOA,f4_paralisis,1,1,0,0
HCDN1036,2008,1.0021,kirchnerismo,JUJUY,NOA,f1_impasse,0,1,0,0
HCDN1036,2009,0.9993,kirchnerismo,JUJUY,NOA,f1_impasse,1,1,0,0
HCDN1036,2010,0.9993,peronismo_federal,JUJUY,NOA,f2_relanzamiento,0,0,0,0
HCDN1036,2011,0.9391,peronismo_federal,JUJUY,NOA,f2_relanzamiento,1,0,0,0
HCDN2764,2019,0.0602,ucr,SANTA FE,PAMPEANA,f3_reactivacion,1,1,0,0
HCDN2764,2020,1.0021,ucr,SANTA FE,PAMPEANA,f4_paralisis,0,0,0,0
HCDN2764,2021,0.9993,ucr,SANTA FE,PAMPEANA,f4_paralisis,1,0,0,0
HCDN2764,2022,0.9993,ucr,SANTA FE,PAMPEANA,f4_paralisis,0,0,0,0
HCDN2764,2023,0.9391,ucr,SANTA FE,PAMPEANA,f4_paralisis,1,0,0,0
HCDN2938,2021,0.0602,pro,MENDOZA,CUYO,f4_paralisis,1,0,0,0
HCDN2938,2022,0.9993,pro,MENDOZA,CUYO,f4_paralisis,0,0,0,0
HCDN2938,2023,0.9993,pro,MENDOZA,CUYO,f4_paralisis,1,0,1,0
HCDN2938,2024,1.0021,lla,MENDOZA,CUYO,f5_cierre,0,1,0,0
HCDN2938,2025,0.9993,lla,MENDOZA,CUYO,f5_cierre,1,1,0,0
HCDN1498,2015,0.0602,pro,SANTA FE,PAMPEANA,f2_relanzamiento,1,0,0,0
HCDN1498,2016,1.0021,pro,SANTA FE,PAMPEANA,f3_reactivacion,0,1,0,0
HCDN1498,2017,0.9336,pro,SANTA FE,PAMPEANA,f3_reactivacion,1,1,0,0
HCDN1562,2016,0.8378,kirchnerismo,NEUQUEN,PATAGONIA,f3_reactivacion,0,0,0,0
HCDN1562,2017,0.9993,kirchnerismo,NEUQUEN,PATAGONIA,f3_reactivacion,1,0,0,0
HCDN1562,2018,0.9993,kirchnerismo,NEUQUEN,PATAGONIA,f3_reactivacion,0,0,0,0
HCDN1562,2019,0.9993,kirchnerismo,NEUQUEN,PATAGONIA,f3_reactivacion,1,0,0,0
HCDN1562,2020,0.6598,kirchnerismo,NEUQUEN,PATAGONIA,f4_paralisis,0,1,0,0
HCDN2816,2019,0.0602,ucr,CIUDAD DE BUENOS AIRES,CABA,f3_reactivacion,1,1,0,0
HCDN2816,2020,1.0021,ucr,CIUDAD DE BUENOS AIRES,CABA,f4_paralisis,0,0,0,0
HCDN2816,2021,0.9993,ucr,CIUDAD DE BUENOS AIRES,CABA,f4_paralisis,1,0,0,0
HCDN2816,2022,0.9993,ucr,CIUDAD DE BUENOS AIRES,CABA,f4_paralisis,0,0,0,0
HCDN2816,2023,0.9391,ucr,CIUDAD DE BUENOS AIRES,CABA,f4_paralisis,1,0,0,0
HCDN1186,2009,0.0602,provinciales,CORDOBA,PAMPEANA,f1_impasse,1,0,0,0
HCDN1186,2010,0.9993,provinciales,CORDOBA,PAMPEANA,f2_relanzamiento,0,0,0,0
HCDN1186,2011,0.9993,provinciales,CORDOBA,PAMPEANA,f2_relanzamiento,1,0,0,0
HCDN1186,2012,1.0021,provinciales,CORDOBA,PAMPEANA,f2_relanzamiento,0,0,0,0
HCDN1186,2013,0.9391,provinciales,CORDOBA,PAMPEANA,f2_relanzamiento,1,0,0,0
HCDN2789,2019,0.0602,kirchnerismo,SANTA FE,PAMPEANA,f3_reactivacion,1,0,0,0
HCDN2789,2020,1.0021,kirchnerismo,SANTA FE,PAMPEANA,f4_paralisis,0,1,0,0
HCDN2789,2021,0.9993,kirchnerismo,SANTA FE,PAMPEANA,f4_paralisis,1,1,0,0
HCDN2789,2022,0.9993,kirchnerismo,SANTA FE,PAMPEANA,f4_paralisis,0,1,0,0
HCDN2789,2023,0.9993,kirchnerismo,SANTA FE,PAMPEANA,f4_paralisis,1,1,0,0
HCDN2789,2024,1.0021,kirchnerismo,SANTA FE,PAMPEANA,f5_cierre,0,0,0,0
HCDN2789,2025,0.9993,kirchnerismo,SANTA FE,PAMPEANA,f5_cierre,1,0,0,0
HCDN0770,2009,0.0602,ucr,LA RIOJA,NOA,f1_impasse,1,0,0,0
HCDN0770,2010,0.9993,ucr,LA RIOJA,NOA,f2_relanzamiento,0,0,1,0
HCDN0770,2011,0.9993,ucr,LA RIOJA,NOA,f2_relanzamiento,1,0,4,2
HCDN0770,2012,1.0021,ucr,LA RIOJA,NOA,f2_relanzamiento,0,0,4,0
HCDN0770,2013,0.9993,ucr,LA RIOJA,NOA,f2_relanzamiento,1,0,5,2
HCDN0770,2014,0.9993,ucr,LA RIOJA,NOA,f2_relanzamiento,0,0,3,0
HCDN0770,2015,0.9418,ucr,LA RIOJA,NOA,f2_relanzamiento,1,0,3,3
HCDN2776,2019,0.0602,kirchnerismo,BUENOS AIRES,PAMPEANA,f3_reactivacion,1,0,0,0
HCDN2776,2020,1.0021,kirchnerismo,BUENOS AIRES,PAMPEANA,f4_paralisis,0,1,0,0
HCDN2776,2021,0.9993,kirchnerismo,BUENOS AIRES,PAMPEANA,f4_paralisis,1,1,0,0
HCDN2776,2022,0.9993,kirchnerismo,BUENOS AIRES,PAMPEANA,f4_paralisis,0,1,0,0
HCDN2776,2023,0.9391,kirchnerismo,BUENOS AIRES,PAMPEANA,f4_paralisis,1,1,0,0
HCDN1408,2013,0.0602,otros,TIERRA DEL FUEGO,PATAGONIA,f2_relanzamiento,1,0,0,0
HCDN1408,2014,0.9993,otros,TIERRA DEL FUEGO,PATAGONIA,f2_relanzamiento,0,0,0,0
HCDN1408,2015,0.9993,otros,TIERRA DEL FUEGO,PATAGONIA,f2_relanzamiento,1,0,0,0
HCDN1408,2016,1.0021,otros,TIERRA DEL FUEGO,PATAGONIA,f3_reactivacion,0,0,0,0
HCDN1408,2017,0.9391,otros,TIERRA DEL FUEGO,PATAGONIA,f3_reactivacion,1,0,0,0
HCDN1278,2011,0.0602,kirchnerismo,SANTA FE,PAMPEANA,f2_relanzamiento,1,1,0,0
HCDN1278,2012,1.0021,kirchnerismo,SANTA FE,PAMPEANA,f2_relanzamiento,0,1,0,0
HCDN1278,2013,0.9993,kirchnerismo,SANTA FE,PAMPEANA,f2_relanzamiento,1,1,0,0
HCDN1278,2014,0.9993,peronismo_federal,SANTA FE,PAMPEANA,f2_relanzamiento,0,0,1,0
HCDN1278,2015,0.9391,peronismo_federal,SANTA FE,PAMPEANA,f2_relanzamiento,1,0,0,0
HCDN1525,2015,0.0602,ucr,JUJUY,NOA,f2_relanzamiento,1,0,0,0
HCDN1525,2016,1.0021,ucr,JUJUY,NOA,f3_reactivacion,0,1,0,0
HCDN1525,2017,0.9993,ucr,JUJUY,NOA,f3_reactivacion,1,1,0,0
HCDN1525,2018,0.9993,ucr,JUJUY,NOA,f3_reactivacion,0,1,0,0
HCDN1525,2019,0.9391,ucr,JUJUY,NOA,f3_reactivacion,1,1,0,0
HCDN1187,2009,0.0602,pro,BUENOS AIRES,PAMPEANA,f1_impasse,1,0,0,0
HCDN1187,2010,0.9993,pro,BUENOS AIRES,PAMPEANA,f2_relanzamiento,0,0,0,0
HCDN1187,2011,0.9993,pro,BUENOS AIRES,PAMPEANA,f2_relanzamiento,1,0,0,0
HCDN1187,2012,1.0021,pro,BUENOS AIRES,PAMPEANA,f2_relanzamiento,0,0,0,0
HCDN1187,2013,0.9993,pro,BUENOS AIRES,PAMPEANA,f2_relanzamiento,1,0,1,1
HCDN1187,2014,0.9993,pro,BUENOS AIRES,PAMPEANA,f2_relanzamiento,0,0,0,0
HCDN1187,2015,0.9993,pro,BUENOS AIRES,PAMPEANA,f2_relanzamiento,1,0,0,0
HCDN1187,2016,1.0021,pro,BUENOS AIRES,PAMPEANA,f3_reactivacion,0,1,0,0
HCDN1187,2017,0.9391,pro,BUENOS AIRES,PAMPEANA,f3_reactivacion,1,1,0,0
HCDN1355,2013,0.0602,kirchnerismo,CHACO,NEA,f2_relanzamiento,1,1,0,0
HCDN1355,2014,0.9993,kirchnerismo,CHACO,NEA,f2_relanzamiento,0,1,0,0
HCDN1355,2015,0.9993,kirchnerismo,CHACO,NEA,f2_relanzamiento,1,1,0,0
HCDN1355,2016,1.0021,peronismo_federal,CHACO,NEA,f3_reactivacion,0,0,0,0
HCDN1355,2017,0.9391,peronismo_federal,CHACO,NEA,f3_reactivacion,1,0,0,0
HCDN1032,2008,1.0021,ucr,CORDOBA,PAMPEANA,f1_impasse,0,0,0,0
HCDN1032,2009,0.9993,ucr,CORDOBA,PAMPEANA,f1_impasse,1,0,0,0
HCDN1032,2010,0.9993,ucr,CORDOBA,PAMPEANA,f2_relanzamiento,0,0,0,0
HCDN1032,2011,0.9391,ucr,CORDOBA,PAMPEANA,f2_relanzamiento,1,0,0,0
HCDN1511,2015,0.0602,cc_ari,CORDOBA,PAMPEANA,f2_relanzamiento,1,0,0,0
HCDN1511,2016,1.0021,cc_ari,CORDOBA,PAMPEANA,f3_reactivacion,0,1,0,0
HCDN1511,2017,0.9993,cc_ari,CORDOBA,PAMPEANA,f3_reactivacion,1,1,0,0
HCDN1511,2018,0.9993,cc_ari,CORDOBA,PAMPEANA,f3_reactivacion,0,1,0,0
HCDN1511,2019,0.9993,cc_ari,CORDOBA,PAMPEANA,f3_reactivacion,1,1,0,0
HCDN1511,2020,1.0021,cc_ari,CORDOBA,PAMPEANA,f4_paralisis,0,0,0,0
HCDN1511,2021,0.9993,cc_ari,CORDOBA,PAMPEANA,f4_paralisis,1,0,0,0
HCDN1511,2022,0.9993,cc_ari,CORDOBA,PAMPEANA,f4_paralisis,0,0,0,0
HCDN1511,2023,0.9391,cc_ari,CORDOBA,PAMPEANA,f4_paralisis,1,0,0,0
HCDN2860,2020,0.9254,kirchnerismo,CIUDAD DE BUENOS AIRES,CABA,f4_paralisis,0,1,3,0
HCDN2860,2021,0.9993,kirchnerismo,CIUDAD DE BUENOS AIRES,CABA,f4_paralisis,1,1,0,0
HCDN2860,2022,0.9993,kirchnerismo,CIUDAD DE BUENOS AIRES,CABA,f4_paralisis,0,1,1,0
HCDN2860,2023,0.9993,kirchnerismo,CIUDAD DE BUENOS AIRES,CABA,f4_paralisis,1,1,0,0
HCDN2860,2024,1.0021,kirchnerismo,CIUDAD DE BUENOS AIRES,CABA,f5_cierre,0,0,1,0
HCDN2860,2025,0.9391,kirchnerismo,CIUDAD DE BUENOS AIRES,CABA,f5_cierre,1,0,0,0
HCDN1473,2015,0.0602,kirchnerismo,CHACO,NEA,f2_relanzamiento,1,1,0,0
HCDN1473,2016,1.0021,kirchnerismo,CHACO,NEA,f3_reactivacion,0,0,0,0
HCDN1473,2017,0.9993,kirchnerismo,CHACO,NEA,f3_reactivacion,1,0,0,0
HCDN1473,2018,0.9993,kirchnerismo,CHACO,NEA,f3_reactivacion,0,0,0,0
HCDN1473,2019,0.9993,kirchnerismo,CHACO,NEA,f3_reactivacion,1,0,0,0
HCDN1473,2020,1.0021,kirchnerismo,CHACO,NEA,f4_paralisis,0,1,0,0
HCDN1473,2021,0.9993,kirchnerismo,CHACO,NEA,f4_paralisis,1,1,0,0
HCDN1473,2022,0.9993,kirchnerismo,CHACO,NEA,f4_paralisis,0,1,0,0
HCDN1473,2023,0.9391,kirchnerismo,CHACO,NEA,f4_paralisis,1,1,0,0
HCDN1107,2013,0.0602,peronismo_federal,BUENOS AIRES,PAMPEANA,f2_relanzamiento,1,0,0,0
HCDN1107,2014,0.9993,peronismo_federal,BUENOS AIRES,PAMPEANA,f2_relanzamiento,0,0,0,0
HCDN1107,2015,0.9993,peronismo_federal,BUENOS AIRES,PAMPEANA,f2_relanzamiento,1,0,0,0
HCDN1107,2016,1.0021,peronismo_federal,BUENOS AIRES,PAMPEANA,f3_reactivacion,0,0,0,0
HCDN1107,2017,0.9391,peronismo_federal,BUENOS AIRES,PAMPEANA,f3_reactivacion,1,0,0,0
HCDN1107,2019,0.0602,kirchnerismo,BUENOS AIRES,PAMPEANA,f3_reactivacion,1,0,0,0
HCDN1107,2020,1.0021,kirchnerismo,BUENOS AIRES,PAMPEANA,f4_paralisis,0,1,0,0
HCDN1107,2021,0.9993,kirchnerismo,BUENOS AIRES,PAMPEANA,f4_paralisis,1,1,0,0
HCDN1107,2022,0.5859,kirchnerismo,BUENOS AIRES,PAMPEANA,f4_paralisis,0,1,0,0
HCDN1515,2015,0.0027,peronismo_federal,CORDOBA,PAMPEANA,f2_relanzamiento,1,0,0,0
HCDN1504,2015,0.0602,peronismo_federal,SANTA FE,PAMPEANA,f2_relanzamiento,1,0,0,0
HCDN1504,2016,1.0021,peronismo_federal,SANTA FE,PAMPEANA,f3_reactivacion,0,0,0,0
HCDN1504,2017,0.9993,peronismo_federal,SANTA FE,PAMPEANA,f3_reactivacion,1,0,0,0
HCDN1504,2018,0.9993,peronismo_federal,SANTA FE,PAMPEANA,f3_reactivacion,0,0,0,0
HCDN1504,2019,0.9993,peronismo_federal,SANTA FE,PAMPEANA,f3_reactivacion,1,0,0,0
HCDN1504,2020,1.0021,kirchnerismo,SANTA FE,PAMPEANA,f4_paralisis,0,1,0,0
HCDN1504,2021,0.9993,kirchnerismo,SANTA FE,PAMPEANA,f4_paralisis,1,1,0,0
HCDN1504,2022,0.9993,kirchnerismo,SANTA FE,PAMPEANA,f4_paralisis,0,1,0,0
HCDN1504,2023,0.9391,kirchnerismo,SANTA FE,PAMPEANA,f4_paralisis,1,1,0,0
HCDN1571,2016,0.8378,izquierda_progresista,TUCUMAN,NOA,f3_reactivacion,0,0,0,0
HCDN1571,2017,0.9391,izquierda_progresista,TUCUMAN,NOA,f3_reactivacion,1,0,0,0
HCDN1512,2015,0.0602,pro,CORDOBA,PAMPEANA,f2_relanzamiento,1,0,0,0
HCDN1512,2016,1.0021,pro,CORDOBA,PAMPEANA,f3_reactivacion,0,1,0,0
HCDN1512,2017,0.9993,pro,CORDOBA,PAMPEANA,f3_reactivacion,1,1,0,0
HCDN1512,2018,0.9993,pro,CORDOBA,PAMPEANA,f3_reactivacion,0,1,0,0
HCDN1512,2019,0.9391,pro,CORDOBA,PAMPEANA,f3_reactivacion,1,1,0,0
HCDN1512,2023,0.0602,otros,BUENOS AIRES,PAMPEANA,f4_paralisis,1,0,0,0
HCDN1512,2024,1.0021,peronismo_federal,BUENOS AIRES,PAMPEANA,f5_cierre,0,0,0,0
HCDN1512,2025,0.9993,peronismo_federal,BUENOS AIRES,PAMPEANA,f5_cierre,1,0,0,0
HCDN2948,2021,0.0602,kirchnerismo,SANTA FE,PAMPEANA,f4_paralisis,1,1,0,0
HCDN2948,2022,0.9993,kirchnerismo,SANTA FE,PAMPEANA,f4_paralisis,0,1,0,0
HCDN2948,2023,0.9993,kirchnerismo,SANTA FE,PAMPEANA,f4_paralisis,1,1,0,0
HCDN2948,2024,1.0021,kirchnerismo,SANTA FE,PAMPEANA,f5_cierre,0,0,0,0
HCDN2948,2025,0.9391,kirchnerismo,SANTA FE,PAMPEANA,f5_cierre,1,0,0,0
HCDN2391,2017,0.0602,ucr,RIO NEGRO,PATAGONIA,f3_reactivacion,1,1,0,0
HCDN2391,2018,0.9993,ucr,RIO NEGRO,PATAGONIA,f3_reactivacion,0,1,0,0
HCDN2391,2019,0.9993,ucr,RIO NEGRO,PATAGONIA,f3_reactivacion,1,1,0,0
HCDN2391,2020,1.0021,ucr,RIO NEGRO,PATAGONIA,f4_paralisis,0,0,0,0
HCDN2391,2021,0.9391,ucr,RIO NEGRO,PATAGONIA,f4_paralisis,1,0,0,0
HCDN3196,2025,0.0602,provinciales,NEUQUEN,PATAGONIA,f5_cierre,1,0,0,0
HCDN3071,2023,0.0602,lla,SANTA FE,PAMPEANA,f4_paralisis,1,0,0,0
HCDN3071,2024,1.0021,lla,SANTA FE,PAMPEANA,f5_cierre,0,1,0,0
HCDN3071,2025,0.9993,lla,SANTA FE,PAMPEANA,f5_cierre,1,1,0,0
HCDN1362,2013,0.0602,kirchnerismo,CIUDAD DE BUENOS AIRES,CABA,f2_relanzamiento,1,1,0,0
HCDN1362,2014,0.9993,kirchnerismo,CIUDAD DE BUENOS AIRES,CABA,f2_relanzamiento,0,1,0,0
HCDN1362,2015,0.9993,kirchnerismo,CIUDAD DE BUENOS AIRES,CABA,f2_relanzamiento,1,1,0,0
HCDN1362,2016,1.0021,kirchnerismo,CIUDAD DE BUENOS AIRES,CABA,f3_reactivacion,0,0,0,0
HCDN1362,2017,0.9391,kirchnerismo,CIUDAD DE BUENOS AIRES,CABA,f3_reactivacion,1,0,0,0
HCDN1188,2009,0.0602,provinciales,CORDOBA,PAMPEANA,f1_impasse,1,0,0,0
HCDN1188,2010,0.9993,provinciales,CORDOBA,PAMPEANA,f2_relanzamiento,0,0,0,0
HCDN1188,2011,0.9993,provinciales,CORDOBA,PAMPEANA,f2_relanzamiento,1,0,0,0
HCDN1188,2012,1.0021,provinciales,CORDOBA,PAMPEANA,f2_relanzamiento,0,0,0,0
HCDN1188,2013,0.9391,provinciales,CORDOBA,PAMPEANA,f2_relanzamiento,1,0,0,0
HCDN2392,2017,0.0602,peronismo_federal,TUCUMAN,NOA,f3_reactivacion,1,0,0,0
HCDN2392,2018,0.9993,peronismo_federal,TUCUMAN,NOA,f3_reactivacion,0,0,0,0
HCDN2392,2019,0.9993,peronismo_federal,TUCUMAN,NOA,f3_reactivacion,1,0,0,0
HCDN2392,2020,1.0021,kirchnerismo,TUCUMAN,NOA,f4_paralisis,0,1,0,0
HCDN2392,2021,0.9391,kirchnerismo,TUCUMAN,NOA,f4_paralisis,1,1,0,0
HCDN2392,2023,0.0602,kirchnerismo,TUCUMAN,NOA,f4_paralisis,1,1,0,0
HCDN2392,2024,1.0021,otros,TUCUMAN,NOA,f5_cierre,0,0,0,0
HCDN2392,2025,0.9993,otros,TUCUMAN,NOA,f5_cierre,1,0,0,0
HCDN2393,2017,0.0602,pro,BUENOS AIRES,PAMPEANA,f3_reactivacion,1,1,0,0
HCDN2393,2018,0.9993,pro,BUENOS AIRES,PAMPEANA,f3_reactivacion,0,1,0,0
HCDN2393,2019,0.9993,pro,BUENOS AIRES,PAMPEANA,f3_reactivacion,1,1,0,0
HCDN2393,2020,1.0021,pro,BUENOS AIRES,PAMPEANA,f4_paralisis,0,0,0,0
HCDN2393,2021,0.9391,pro,BUENOS AIRES,PAMPEANA,f4_paralisis,1,0,0,0
HCDN2433,2017,0.0602,ucr,BUENOS AIRES,PAMPEANA,f3_reactivacion,1,1,0,0
HCDN2433,2018,0.9993,ucr,BUENOS AIRES,PAMPEANA,f3_reactivacion,0,1,1,0
HCDN2433,2019,0.9993,ucr,BUENOS AIRES,PAMPEANA,f3_reactivacion,1,1,0,0
HCDN2433,2020,1.0021,ucr,BUENOS AIRES,PAMPEANA,f4_paralisis,0,0,1,1
HCDN2433,2021,0.9391,ucr,BUENOS AIRES,PAMPEANA,f4_paralisis,1,0,0,0
HCDN1279,2011,0.0602,kirchnerismo,BUENOS AIRES,PAMPEANA,f2_relanzamiento,1,1,0,0
HCDN1279,2012,1.0021,kirchnerismo,BUENOS AIRES,PAMPEANA,f2_relanzamiento,0,1,0,0
HCDN1279,2013,0.9993,kirchnerismo,BUENOS AIRES,PAMPEANA,f2_relanzamiento,1,1,0,0
HCDN1279,2014,0.9993,kirchnerismo,BUENOS AIRES,PAMPEANA,f2_relanzamiento,0,1,0,0
HCDN1279,2015,0.9993,kirchnerismo,BUENOS AIRES,PAMPEANA,f2_relanzamiento,1,1,0,0
HCDN1279,2016,1.0021,kirchnerismo,BUENOS AIRES,PAMPEANA,f3_reactivacion,0,0,0,0
HCDN1279,2017,0.9993,kirchnerismo,BUENOS AIRES,PAMPEANA,f3_reactivacion,1,0,0,0
HCDN1279,2018,0.9993,kirchnerismo,BUENOS AIRES,PAMPEANA,f3_reactivacion,0,0,0,0
HCDN1279,2019,0.9391,kirchnerismo,BUENOS AIRES,PAMPEANA,f3_reactivacion,1,0,0,0
HCDN1189,2009,0.0602,kirchnerismo,CHACO,NEA,f1_impasse,1,1,0,0
HCDN1189,2010,0.9993,kirchnerismo,CHACO,NEA,f2_relanzamiento,0,1,0,0
HCDN1189,2011,0.9993,kirchnerismo,CHACO,NEA,f2_relanzamiento,1,1,0,0
HCDN1189,2012,1.0021,kirchnerismo,CHACO,NEA,f2_relanzamiento,0,1,1,0
HCDN1189,2013,0.9993,kirchnerismo,CHACO,NEA,f2_relanzamiento,1,1,0,0
HCDN1189,2014,0.9993,kirchnerismo,CHACO,NEA,f2_relanzamiento,0,1,0,0
HCDN1189,2015,0.9993,kirchnerismo,CHACO,NEA,f2_relanzamiento,1,1,0,0
HCDN1189,2016,1.0021,kirchnerismo,CHACO,NEA,f3_reactivacion,0,0,0,0
HCDN1189,2017,0.9391,kirchnerismo,CHACO,NEA,f3_reactivacion,1,0,0,0
HCDN3107,2023,0.0602,lla,LA RIOJA,NOA,f4_paralisis,1,0,0,0
HCDN3107,2024,1.0021,lla,LA RIOJA,NOA,f5_cierre,0,1,0,0
HCDN3107,2025,0.9993,lla,LA RIOJA,NOA,f5_cierre,1,1,0,0
HCDN2394,2017,0.0602,ucr,CHUBUT,PATAGONIA,f3_reactivacion,1,1,0,0
HCDN2394,2018,0.9993,ucr,CHUBUT,PATAGONIA,f3_reactivacion,0,1,0,0
HCDN2394,2019,0.9993,ucr,CHUBUT,PATAGONIA,f3_reactivacion,1,1,0,0
HCDN2394,2020,1.0021,ucr,CHUBUT,PATAGONIA,f4_paralisis,0,0,1,1
HCDN2394,2021,0.9391,ucr,CHUBUT,PATAGONIA,f4_paralisis,1,0,0,0
HCDN1190,2009,0.0602,kirchnerismo,CATAMARCA,NOA,f1_impasse,1,1,0,0
HCDN1190,2010,0.9993,kirchnerismo,CATAMARCA,NOA,f2_relanzamiento,0,1,0,0
HCDN1190,2011,0.9391,kirchnerismo,CATAMARCA,NOA,f2_relanzamiento,1,1,0,0
HCDN1470,2015,0.0602,kirchnerismo,CATAMARCA,NOA,f2_relanzamiento,1,1,0,0
HCDN1470,2016,1.0021,kirchnerismo,CATAMARCA,NOA,f3_reactivacion,0,0,0,0
HCDN1470,2017,0.9993,kirchnerismo,CATAMARCA,NOA,f3_reactivacion,1,0,0,0
HCDN1470,2018,0.9993,kirchnerismo,CATAMARCA,NOA,f3_reactivacion,0,0,1,0
HCDN1470,2019,0.9391,kirchnerismo,CATAMARCA,NOA,f3_reactivacion,1,0,1,0
HCDN1004,2008,1.0021,izquierda_progresista,CORDOBA,PAMPEANA,f1_impasse,0,0,0,0
HCDN1004,2009,0.9993,izquierda_progresista,CORDOBA,PAMPEANA,f1_impasse,1,0,0,0
HCDN1004,2010,0.9993,izquierda_progresista,CORDOBA,PAMPEANA,f2_relanzamiento,0,0,2,2
HCDN1004,2011,0.9391,izquierda_progresista,CORDOBA,PAMPEANA,f2_relanzamiento,1,0,0,0
HCDN1005,2008,1.0021,peronismo_federal,SAN LUIS,CUYO,f1_impasse,0,0,0,0
HCDN1005,2009,0.9993,peronismo_federal,SAN LUIS,CUYO,f1_impasse,1,0,0,0
HCDN1005,2010,0.9993,peronismo_federal,SAN LUIS,CUYO,f2_relanzamiento,0,0,1,0
HCDN1005,2011,0.9391,peronismo_federal,SAN LUIS,CUYO,f2_relanzamiento,1,0,0,0
HCDN1367,2013,0.0602,ucr,CORDOBA,PAMPEANA,f2_relanzamiento,1,0,0,0
HCDN1367,2014,0.9993,ucr,CORDOBA,PAMPEANA,f2_relanzamiento,0,0,0,0
HCDN1367,2015,0.9993,ucr,CORDOBA,PAMPEANA,f2_relanzamiento,1,0,0,0
HCDN1367,2016,1.0021,ucr,CORDOBA,PAMPEANA,f3_reactivacion,0,1,0,0
HCDN1367,2017,0.9993,ucr,CORDOBA,PAMPEANA,f3_reactivacion,1,1,0,0
HCDN1367,2018,0.9993,ucr,CORDOBA,PAMPEANA,f3_reactivacion,0,1,0,0
HCDN1367,2019,0.9993,ucr,CORDOBA,PAMPEANA,f3_reactivacion,1,1,0,0
HCDN1367,2020,1.0021,ucr,CORDOBA,PAMPEANA,f4_paralisis,0,0,0,0
HCDN1367,2021,0.9391,ucr,CORDOBA,PAMPEANA,f4_paralisis,1,0,0,0
HCDN1280,2011,0.0602,kirchnerismo,SANTA CRUZ,PATAGONIA,f2_relanzamiento,1,1,0,0
HCDN1280,2012,1.0021,kirchnerismo,SANTA CRUZ,PATAGONIA,f2_relanzamiento,0,1,0,0
HCDN1280,2013,0.9993,kirchnerismo,SANTA CRUZ,PATAGONIA,f2_relanzamiento,1,1,0,0
HCDN1280,2014,0.9993,kirchnerismo,SANTA CRUZ,PATAGONIA,f2_relanzamiento,0,1,0,0
HCDN1280,2015,0.9391,kirchnerismo,SANTA CRUZ,PATAGONIA,f2_relanzamiento,1,1,0,0
HCDN3246,2025,0.0602,lla,MENDOZA,CUYO,f5_cierre,1,1,0,0
HCDN3218,2025,0.0602,kirchnerismo,ENTRE RIOS,PAMPEANA,f5_cierre,1,0,0,0
HCDN1191,2009,0.0602,pro,CIUDAD DE BUENOS AIRES,CABA,f1_impasse,1,0,0,0
HCDN1191,2010,0.9993,pro,CIUDAD DE BUENOS AIRES,CABA,f2_relanzamiento,0,0,3,0
HCDN1191,2011,0.9993,pro,CIUDAD DE BUENOS AIRES,CABA,f2_relanzamiento,1,0,0,0
HCDN1191,2012,1.0021,pro,CIUDAD DE BUENOS AIRES,CABA,f2_relanzamiento,0,0,1,0
HCDN1191,2013,0.9391,pro,CIUDAD DE BUENOS AIRES,CABA,f2_relanzamiento,1,0,0,0
HCDN2880,2021,0.0602,lla,CIUDAD DE BUENOS AIRES,CABA,f4_paralisis,1,0,0,0
HCDN2880,2022,0.9993,lla,CIUDAD DE BUENOS AIRES,CABA,f4_paralisis,0,0,0,0
HCDN2880,2023,0.9117,lla,CIUDAD DE BUENOS AIRES,CABA,f4_paralisis,1,0,0,0
HCDN1192,2009,0.0602,izquierda_progresista,BUENOS AIRES,PAMPEANA,f1_impasse,1,0,0,0
HCDN1192,2010,0.9993,izquierda_progresista,BUENOS AIRES,PAMPEANA,f2_relanzamiento,0,0,0,0
HCDN1192,2011,0.9993,izquierda_progresista,BUENOS AIRES,PAMPEANA,f2_relanzamiento,1,0,0,0
HCDN1192,2012,1.0021,izquierda_progresista,BUENOS AIRES,PAMPEANA,f2_relanzamiento,0,0,0,0
HCDN1192,2013,0.9391,izquierda_progresista,BUENOS AIRES,PAMPEANA,f2_relanzamiento,1,0,0,0
HCDN1192,2021,0.0602,pro,BUENOS AIRES,PAMPEANA,f4_paralisis,1,0,0,0
HCDN1192,2022,0.9993,pro,BUENOS AIRES,PAMPEANA,f4_paralisis,0,0,0,0
HCDN1192,2023,0.9993,pro,BUENOS AIRES,PAMPEANA,f4_paralisis,1,0,0,0
HCDN1192,2024,1.0021,pro,BUENOS AIRES,PAMPEANA,f5_cierre,0,0,0,0
HCDN1192,2025,0.9391,pro,BUENOS AIRES,PAMPEANA,f5_cierre,1,0,1,0
HCDN3220,2025,0.0602,kirchnerismo,BUENOS AIRES,PAMPEANA,f5_cierre,1,0,0,0
HCDN2738,2021,0.0602,kirchnerismo,SANTA FE,PAMPEANA,f4_paralisis,1,1,0,0
HCDN2738,2022,0.9993,kirchnerismo,SANTA FE,PAMPEANA,f4_paralisis,0,1,0,0
HCDN2738,2023,0.9993,kirchnerismo,SANTA FE,PAMPEANA,f4_paralisis,1,1,0,0
HCDN2738,2024,1.0021,kirchnerismo,SANTA FE,PAMPEANA,f5_cierre,0,0,2,0
HCDN2738,2025,0.9391,provinciales,SANTA FE,PAMPEANA,f5_cierre,1,0,0,0
HCDN1478,2015,0.0602,kirchnerismo,MENDOZA,CUYO,f2_relanzamiento,1,1,0,0
HCDN1478,2016,1.0021,peronismo_federal,MENDOZA,CUYO,f3_reactivacion,0,0,0,0
HCDN1478,2017,0.9993,peronismo_federal,MENDOZA,CUYO,f3_reactivacion,1,0,0,0
HCDN1478,2018,0.9993,peronismo_federal,MENDOZA,CUYO,f3_reactivacion,0,0,0,0
HCDN1478,2019,0.9391,peronismo_federal,MENDOZA,CUYO,f3_reactivacion,1,0,0,0
HCDN1281,2011,0.0602,kirchnerismo,TUCUMAN,NOA,f2_relanzamiento,1,1,0,0
HCDN1281,2012,1.0021,kirchnerismo,TUCUMAN,NOA,f2_relanzamiento,0,1,0,0
HCDN1281,2013,0.167,kirchnerismo,TUCUMAN,NOA,f2_relanzamiento,1,1,0,0
HCDN0903,2008,1.0021,kirchnerismo,JUJUY,NOA,f1_impasse,0,1,0,0
HCDN0903,2009,0.9391,kirchnerismo,JUJUY,NOA,f1_impasse,1,1,0,0
HCDN0903,2017,0.0383,peronismo_federal,JUJUY,NOA,f3_reactivacion,1,0,0,0
HCDN0903,2018,0.9993,peronismo_federal,JUJUY,NOA,f3_reactivacion,0,0,0,0
HCDN0903,2019,0.9993,peronismo_federal,JUJUY,NOA,f3_reactivacion,1,0,0,0
HCDN0903,2020,1.0021,kirchnerismo,JUJUY,NOA,f4_paralisis,0,1,3,0
HCDN0903,2021,0.9993,kirchnerismo,JUJUY,NOA,f4_paralisis,1,1,0,0
HCDN0903,2022,0.9993,kirchnerismo,JUJUY,NOA,f4_paralisis,0,1,0,0
HCDN0903,2023,0.9391,kirchnerismo,JUJUY,NOA,f4_paralisis,1,1,0,0
HCDN1223,2010,0.794,ucr,CATAMARCA,NOA,f2_relanzamiento,0,0,0,0
HCDN1223,2011,0.9993,ucr,CATAMARCA,NOA,f2_relanzamiento,1,0,0,0
HCDN1223,2012,1.0021,ucr,CATAMARCA,NOA,f2_relanzamiento,0,0,0,0
HCDN1223,2013,0.9391,ucr,CATAMARCA,NOA,f2_relanzamiento,1,0,0,0
HCDN3244,2025,0.0602,kirchnerismo,SANTA CRUZ,PATAGONIA,f5_cierre,1,0,0,0
HCDN1528,2015,0.0602,pro,LA RIOJA,NOA,f2_relanzamiento,1,0,0,0
HCDN1528,2016,1.0021,pro,LA RIOJA,NOA,f3_reactivacion,0,1,0,0
HCDN1528,2017,0.9993,pro,LA RIOJA,NOA,f3_reactivacion,1,1,0,0
HCDN1528,2018,0.9993,pro,LA RIOJA,NOA,f3_reactivacion,0,1,0,0
HCDN1528,2019,0.9391,pro,LA RIOJA,NOA,f3_reactivacion,1,1,0,0
HCDN1282,2011,0.0602,kirchnerismo,CATAMARCA,NOA,f2_relanzamiento,1,1,0,0
HCDN1282,2012,1.0021,kirchnerismo,CATAMARCA,NOA,f2_relanzamiento,0,1,0,0
HCDN1282,2013,0.9993,kirchnerismo,CATAMARCA,NOA,f2_relanzamiento,1,1,0,0
HCDN1282,2014,0.9993,kirchnerismo,CATAMARCA,NOA,f2_relanzamiento,0,1,0,0
HCDN1282,2015,0.9391,kirchnerismo,CATAMARCA,NOA,f2_relanzamiento,1,1,0,0
HCDN3162,2025,0.0602,lla,TUCUMAN,NOA,f5_cierre,1,1,0,0
HCDN3056,2023,0.0602,kirchnerismo,BUENOS AIRES,PAMPEANA,f4_paralisis,1,1,0,0
HCDN3056,2024,1.0021,kirchnerismo,BUENOS AIRES,PAMPEANA,f5_cierre,0,0,0,0
HCDN3056,2025,0.9993,kirchnerismo,BUENOS AIRES,PAMPEANA,f5_cierre,1,0,0,0
HCDN2395,2017,0.0602,pro,JUJUY,NOA,f3_reactivacion,1,1,0,0
HCDN2395,2018,0.9993,pro,JUJUY,NOA,f3_reactivacion,0,1,0,0
HCDN2395,2019,0.9993,pro,JUJUY,NOA,f3_reactivacion,1,1,0,0
HCDN2395,2020,1.0021,pro,JUJUY,NOA,f4_paralisis,0,0,0,0
HCDN2395,2021,0.9391,pro,JUJUY,NOA,f4_paralisis,1,0,0,0
HCDN3245,2025,0.0602,lla,NEUQUEN,PATAGONIA,f5_cierre,1,1,0,0
HCDN1520,2015,0.0602,ucr,ENTRE RIOS,PAMPEANA,f2_relanzamiento,1,0,0,0
HCDN1520,2016,1.0021,ucr,ENTRE RIOS,PAMPEANA,f3_reactivacion,0,1,0,0
HCDN1520,2017,0.9993,ucr,ENTRE RIOS,PAMPEANA,f3_reactivacion,1,1,0,0
HCDN1520,2018,0.9993,ucr,ENTRE RIOS,PAMPEANA,f3_reactivacion,0,1,0,0
HCDN1520,2019,0.9391,ucr,ENTRE RIOS,PAMPEANA,f3_reactivacion,1,1,0,0
HCDN0774,2011,0.0602,kirchnerismo,CHACO,NEA,f2_relanzamiento,1,1,0,0
HCDN0774,2012,1.0021,kirchnerismo,CHACO,NEA,f2_relanzamiento,0,1,0,0
HCDN0774,2013,0.9993,kirchnerismo,CHACO,NEA,f2_relanzamiento,1,1,0,0
HCDN0774,2014,0.9993,kirchnerismo,CHACO,NEA,f2_relanzamiento,0,1,0,0
HCDN0774,2015,0.9391,kirchnerismo,CHACO,NEA,f2_relanzamiento,1,1,0,0
HCDN3236,2025,0.0602,provinciales,CATAMARCA,NOA,f5_cierre,1,0,0,0
HCDN3095,2023,0.0602,lla,BUENOS AIRES,PAMPEANA,f4_paralisis,1,0,0,0
HCDN3095,2024,1.0021,lla,BUENOS AIRES,PAMPEANA,f5_cierre,0,1,0,0
HCDN3095,2025,0.9993,lla,BUENOS AIRES,PAMPEANA,f5_cierre,1,1,0,0
HCDN2396,2017,0.0602,pro,BUENOS AIRES,PAMPEANA,f3_reactivacion,1,1,0,0
HCDN2396,2018,0.9993,pro,BUENOS AIRES,PAMPEANA,f3_reactivacion,0,1,0,0
HCDN2396,2019,0.9254,pro,BUENOS AIRES,PAMPEANA,f3_reactivacion,1,1,0,0
HCDN3187,2025,0.0602,lla,SANTA FE,PAMPEANA,f5_cierre,1,1,0,0
HCDN1006,2008,1.0021,kirchnerismo,MENDOZA,CUYO,f1_impasse,0,1,0,0
HCDN1006,2009,0.898,peronismo_federal,MENDOZA,CUYO,f1_impasse,1,0,0,0
HCDN2927,2021,0.0602,ucr,CATAMARCA,NOA,f4_paralisis,1,0,0,0
HCDN2927,2022,0.9993,ucr,CATAMARCA,NOA,f4_paralisis,0,0,0,0
HCDN2927,2023,0.9993,ucr,CATAMARCA,NOA,f4_paralisis,1,0,0,0
HCDN2927,2024,1.0021,ucr,CATAMARCA,NOA,f5_cierre,0,0,0,0
HCDN2927,2025,0.9391,ucr,CATAMARCA,NOA,f5_cierre,1,0,0,0
HCDN2808,2019,0.0356,kirchnerismo,SANTIAGO DEL ESTERO,NOA,f3_reactivacion,1,0,0,0
HCDN2808,2020,1.0021,kirchnerismo,SANTIAGO DEL ESTERO,NOA,f4_paralisis,0,1,0,0
HCDN2808,2021,0.9993,kirchnerismo,SANTIAGO DEL ESTERO,NOA,f4_paralisis,1,1,0,0
HCDN2808,2022,0.9993,kirchnerismo,SANTIAGO DEL ESTERO,NOA,f4_paralisis,0,1,0,0
HCDN2808,2023,0.9993,kirchnerismo,SANTIAGO DEL ESTERO,NOA,f4_paralisis,1,1,0,0
HCDN2808,2024,1.0021,kirchnerismo,SANTIAGO DEL ESTERO,NOA,f5_cierre,0,0,0,0
HCDN2808,2025,0.9391,kirchnerismo,SANTIAGO DEL ESTERO,NOA,f5_cierre,1,0,0,0
HCDN0698,2008,1.0021,kirchnerismo,CORDOBA,PAMPEANA,f1_impasse,0,1,1,0
HCDN0698,2009,0.9993,peronismo_federal,CORDOBA,PAMPEANA,f1_impasse,1,0,0,0
HCDN0698,2010,0.9993,peronismo_federal,CORDOBA,PAMPEANA,f2_relanzamiento,0,0,0,0
HCDN0698,2011,0.9391,peronismo_federal,CORDOBA,PAMPEANA,f2_relanzamiento,1,0,0,0
HCDN1440,2015,0.0602,pro,BUENOS AIRES,PAMPEANA,f2_relanzamiento,1,0,0,0
HCDN1440,2016,1.0021,pro,BUENOS AIRES,PAMPEANA,f3_reactivacion,0,1,0,0
HCDN1440,2017,0.9993,pro,BUENOS AIRES,PAMPEANA,f3_reactivacion,1,1,0,0
HCDN1440,2018,0.9993,pro,BUENOS AIRES,PAMPEANA,f3_reactivacion,0,1,0,0
HCDN1440,2019,0.9391,pro,BUENOS AIRES,PAMPEANA,f3_reactivacion,1,1,0,0
HCDN1440,2021,0.0602,peronismo_federal,BUENOS AIRES,PAMPEANA,f4_paralisis,1,0,0,0
HCDN1440,2022,0.9993,peronismo_federal,BUENOS AIRES,PAMPEANA,f4_paralisis,0,0,0,0
HCDN1440,2023,0.9993,peronismo_federal,BUENOS AIRES,PAMPEANA,f4_paralisis,1,0,0,0
HCDN1440,2024,1.0021,peronismo_federal,BUENOS AIRES,PAMPEANA,f5_cierre,0,0,0,0
HCDN1440,2025,0.9391,peronismo_federal,BUENOS AIRES,PAMPEANA,f5_cierre,1,0,0,0
HCDN3045,2023,0.0602,kirchnerismo,BUENOS AIRES,PAMPEANA,f4_paralisis,1,1,0,0
HCDN3045,2024,1.0021,kirchnerismo,BUENOS AIRES,PAMPEANA,f5_cierre,0,0,1,0
HCDN3045,2025,0.9993,kirchnerismo,BUENOS AIRES,PAMPEANA,f5_cierre,1,0,0,0
HCDN2397,2017,0.0602,provinciales,MISIONES,NEA,f3_reactivacion,1,0,0,0
HCDN2397,2018,0.9993,provinciales,MISIONES,NEA,f3_reactivacion,0,0,0,0
HCDN2397,2019,0.9993,provinciales,MISIONES,NEA,f3_reactivacion,1,0,0,0
HCDN2397,2020,1.0021,provinciales,MISIONES,NEA,f4_paralisis,0,0,0,0
HCDN2397,2021,0.9391,provinciales,MISIONES,NEA,f4_paralisis,1,0,0,0
HCDN1531,2015,0.0602,peronismo_federal,SANTIAGO DEL ESTERO,NOA,f2_relanzamiento,1,0,0,0
HCDN1531,2016,1.0021,peronismo_federal,SANTIAGO DEL ESTERO,NOA,f3_reactivacion,0,0,0,0
HCDN1531,2017,0.9993,peronismo_federal,SANTIAGO DEL ESTERO,NOA,f3_reactivacion,1,0,0,0
HCDN1531,2018,0.9993,peronismo_federal,SANTIAGO DEL ESTERO,NOA,f3_reactivacion,0,0,0,0
HCDN1531,2019,0.9391,peronismo_federal,SANTIAGO DEL ESTERO,NOA,f3_reactivacion,1,0,0,0
HCDN2767,2019,0.0602,pro,CIUDAD DE BUENOS AIRES,CABA,f3_reactivacion,1,1,0,0
HCDN2767,2020,1.0021,pro,CIUDAD DE BUENOS AIRES,CABA,f4_paralisis,0,0,0,0
HCDN2767,2021,0.9993,pro,CIUDAD DE BUENOS AIRES,CABA,f4_paralisis,1,0,0,0
HCDN2767,2022,0.9993,pro,CIUDAD DE BUENOS AIRES,CABA,f4_paralisis,0,0,0,0
HCDN2767,2023,0.9391,pro,CIUDAD DE BUENOS AIRES,CABA,f4_paralisis,1,0,0,0
HCDN1080,2008,1.0021,cc_ari,BUENOS AIRES,PAMPEANA,f1_impasse,0,0,0,0
HCDN1080,2009,0.9993,cc_ari,BUENOS AIRES,PAMPEANA,f1_impasse,1,0,0,0
HCDN1080,2010,0.9993,cc_ari,BUENOS AIRES,PAMPEANA,f2_relanzamiento,0,0,0,0
HCDN1080,2011,0.9391,cc_ari,BUENOS AIRES,PAMPEANA,f2_relanzamiento,1,0,0,0
HCDN3008,2022,0.2218,kirchnerismo,BUENOS AIRES,PAMPEANA,f4_paralisis,0,1,0,0
HCDN3008,2023,0.9993,kirchnerismo,BUENOS AIRES,PAMPEANA,f4_paralisis,1,1,0,0
HCDN3008,2024,1.0021,kirchnerismo,BUENOS AIRES,PAMPEANA,f5_cierre,0,0,0,0
HCDN3008,2025,0.9391,kirchnerismo,BUENOS AIRES,PAMPEANA,f5_cierre,1,0,0,0
HCDN1007,2008,2.0041,kirchnerismo,CHACO,NEA,f1_impasse,0,1,0,0
HCDN1007,2009,1.9384,kirchnerismo,CHACO,NEA,f1_impasse,1,1,0,0
HCDN1007,2010,0.9993,kirchnerismo,CHACO,NEA,f2_relanzamiento,0,1,0,0
HCDN1007,2011,0.9391,kirchnerismo,CHACO,NEA,f2_relanzamiento,1,1,0,0
HCDN3046,2023,0.0602,otros,ENTRE RIOS,PAMPEANA,f4_paralisis,1,0,0,0
HCDN3046,2024,1.0021,peronismo_federal,ENTRE RIOS,PAMPEANA,f5_cierre,0,0,2,2
HCDN3046,2025,0.9993,peronismo_federal,ENTRE RIOS,PAMPEANA,f5_cierre,1,0,0,0
HCDN1463,2015,0.0602,peronismo_federal,BUENOS AIRES,PAMPEANA,f2_relanzamiento,1,0,0,0
HCDN1463,2016,1.0021,peronismo_federal,BUENOS AIRES,PAMPEANA,f3_reactivacion,0,0,0,0
HCDN1463,2017,0.9993,peronismo_federal,BUENOS AIRES,PAMPEANA,f3_reactivacion,1,0,0,0
HCDN1463,2018,0.9993,peronismo_federal,BUENOS AIRES,PAMPEANA,f3_reactivacion,0,0,0,0
HCDN1463,2019,0.9993,peronismo_federal,BUENOS AIRES,PAMPEANA,f3_reactivacion,1,0,0,0
HCDN1463,2020,1.0021,kirchnerismo,BUENOS AIRES,PAMPEANA,f4_paralisis,0,1,0,0
HCDN1463,2021,0.9993,kirchnerismo,BUENOS AIRES,PAMPEANA,f4_paralisis,1,1,0,0
HCDN1463,2022,0.9993,kirchnerismo,BUENOS AIRES,PAMPEANA,f4_paralisis,0,1,0,0
HCDN1463,2023,0.9993,kirchnerismo,BUENOS AIRES,PAMPEANA,f4_paralisis,1,1,0,0
HCDN1463,2024,1.0021,kirchnerismo,BUENOS AIRES,PAMPEANA,f5_cierre,0,0,0,0
HCDN1463,2025,0.9993,kirchnerismo,BUENOS AIRES,PAMPEANA,f5_cierre,1,0,0,0
HCDN0303,2017,0.0602,kirchnerismo,BUENOS AIRES,PAMPEANA,f3_reactivacion,1,0,0,0
HCDN0303,2018,0.9993,kirchnerismo,BUENOS AIRES,PAMPEANA,f3_reactivacion,0,0,0,0
HCDN0303,2019,0.9993,kirchnerismo,BUENOS AIRES,PAMPEANA,f3_reactivacion,1,0,0,0
HCDN0303,2020,1.0021,kirchnerismo,BUENOS AIRES,PAMPEANA,f4_paralisis,0,1,0,0
HCDN0303,2021,0.9993,kirchnerismo,BUENOS AIRES,PAMPEANA,f4_paralisis,1,1,0,0
HCDN0303,2022,0.9993,kirchnerismo,BUENOS AIRES,PAMPEANA,f4_paralisis,0,1,0,0
HCDN0303,2023,0.9993,kirchnerismo,BUENOS AIRES,PAMPEANA,f4_paralisis,1,1,0,0
HCDN0303,2024,1.0021,kirchnerismo,BUENOS AIRES,PAMPEANA,f5_cierre,0,0,0,0
HCDN0303,2025,0.9391,kirchnerismo,BUENOS AIRES,PAMPEANA,f5_cierre,1,0,0,0
HCDN1008,2008,1.0021,kirchnerismo,CHUBUT,PATAGONIA,f1_impasse,0,1,0,0
HCDN1008,2009,0.9993,kirchnerismo,CHUBUT,PATAGONIA,f1_impasse,1,1,1,0
HCDN1008,2010,0.9993,peronismo_federal,CHUBUT,PATAGONIA,f2_relanzamiento,0,0,0,0
HCDN1008,2011,0.9391,peronismo_federal,CHUBUT,PATAGONIA,f2_relanzamiento,1,0,1,0
HCDN0905,2008,1.0021,kirchnerismo,BUENOS AIRES,PAMPEANA,f1_impasse,0,1,0,0
HCDN0905,2009,0.9993,kirchnerismo,BUENOS AIRES,PAMPEANA,f1_impasse,1,1,0,0
HCDN0905,2010,0.9993,kirchnerismo,BUENOS AIRES,PAMPEANA,f2_relanzamiento,0,1,0,0
HCDN0905,2011,0.9993,kirchnerismo,BUENOS AIRES,PAMPEANA,f2_relanzamiento,1,1,0,0
HCDN0905,2012,1.0021,kirchnerismo,BUENOS AIRES,PAMPEANA,f2_relanzamiento,0,1,0,0
HCDN0905,2013,0.9993,kirchnerismo,BUENOS AIRES,PAMPEANA,f2_relanzamiento,1,1,0,0
HCDN0905,2014,0.9993,kirchnerismo,BUENOS AIRES,PAMPEANA,f2_relanzamiento,0,1,0,0
HCDN0905,2015,0.9993,kirchnerismo,BUENOS AIRES,PAMPEANA,f2_relanzamiento,1,1,0,0
HCDN0905,2016,1.0021,kirchnerismo,BUENOS AIRES,PAMPEANA,f3_reactivacion,0,0,0,0
HCDN0905,2017,0.9391,kirchnerismo,BUENOS AIRES,PAMPEANA,f3_reactivacion,1,0,0,0
HCDN3104,2023,0.0684,provinciales,SAN JUAN,CUYO,f4_paralisis,1,0,0,0
HCDN3104,2024,1.0021,provinciales,SAN JUAN,CUYO,f5_cierre,0,0,0,0
HCDN3104,2025,0.9391,provinciales,SAN JUAN,CUYO,f5_cierre,1,0,0,0
HCDN3103,2023,0.0602,lla,SALTA,NOA,f4_paralisis,1,0,0,0
HCDN3103,2024,1.0021,lla,SALTA,NOA,f5_cierre,0,1,0,0
HCDN3103,2025,0.9993,lla,SALTA,NOA,f5_cierre,1,1,0,0
HCDN2536,2019,0.5722,peronismo_federal,LA RIOJA,NOA,f3_reactivacion,1,0,0,0
HCDN2398,2017,0.0602,peronismo_federal,CHACO,NEA,f3_reactivacion,1,0,0,0
HCDN2398,2018,0.9993,peronismo_federal,CHACO,NEA,f3_reactivacion,0,0,0,0
HCDN2398,2019,0.9993,peronismo_federal,CHACO,NEA,f3_reactivacion,1,0,0,0
HCDN2398,2020,1.0021,kirchnerismo,CHACO,NEA,f4_paralisis,0,1,0,0
HCDN2398,2021,0.9391,kirchnerismo,CHACO,NEA,f4_paralisis,1,1,0,0
HCDN1193,2009,0.0602,peronismo_federal,BUENOS AIRES,PAMPEANA,f1_impasse,1,0,0,0
HCDN1193,2010,0.9993,peronismo_federal,BUENOS AIRES,PAMPEANA,f2_relanzamiento,0,0,0,0
HCDN1193,2011,0.9993,peronismo_federal,BUENOS AIRES,PAMPEANA,f2_relanzamiento,1,0,0,0
HCDN1193,2012,1.0021,peronismo_federal,BUENOS AIRES,PAMPEANA,f2_relanzamiento,0,0,0,0
HCDN1193,2013,0.9391,peronismo_federal,BUENOS AIRES,PAMPEANA,f2_relanzamiento,1,0,0,0
HCDN2857,2019,0.0356,kirchnerismo,SANTA FE,PAMPEANA,f3_reactivacion,1,0,0,0
HCDN2857,2020,1.0021,kirchnerismo,SANTA FE,PAMPEANA,f4_paralisis,0,1,0,0
HCDN2857,2021,0.9391,kirchnerismo,SANTA FE,PAMPEANA,f4_paralisis,1,1,0,0
HCDN3241,2025,0.0602,kirchnerismo,BUENOS AIRES,PAMPEANA,f5_cierre,1,0,0,0
HCDN1283,2011,0.0602,kirchnerismo,BUENOS AIRES,PAMPEANA,f2_relanzamiento,1,1,0,0
HCDN1283,2012,1.0021,kirchnerismo,BUENOS AIRES,PAMPEANA,f2_relanzamiento,0,1,0,0
HCDN1283,2013,0.9993,kirchnerismo,BUENOS AIRES,PAMPEANA,f2_relanzamiento,1,1,0,0
HCDN1283,2014,0.9993,otros,BUENOS AIRES,PAMPEANA,f2_relanzamiento,0,0,0,0
HCDN1283,2015,0.9993,otros,BUENOS AIRES,PAMPEANA,f2_relanzamiento,1,0,0,0
HCDN1283,2016,1.0021,peronismo_federal,BUENOS AIRES,PAMPEANA,f3_reactivacion,0,0,0,0
HCDN1283,2017,0.9993,peronismo_federal,BUENOS AIRES,PAMPEANA,f3_reactivacion,1,0,0,0
HCDN1283,2018,0.9993,peronismo_federal,BUENOS AIRES,PAMPEANA,f3_reactivacion,0,0,0,0
HCDN1283,2019,0.9993,otros,BUENOS AIRES,PAMPEANA,f3_reactivacion,1,0,0,0
HCDN1283,2020,1.0021,kirchnerismo,BUENOS AIRES,PAMPEANA,f4_paralisis,0,1,0,0
HCDN1283,2021,0.616,kirchnerismo,BUENOS AIRES,PAMPEANA,f4_paralisis,1,1,0,0
HCDN2980,2021,0.0438,kirchnerismo,SANTIAGO DEL ESTERO,NOA,f4_paralisis,1,1,0,0
HCDN2980,2022,0.9993,kirchnerismo,SANTIAGO DEL ESTERO,NOA,f4_paralisis,0,1,0,0
HCDN2980,2023,0.9993,kirchnerismo,SANTIAGO DEL ESTERO,NOA,f4_paralisis,1,1,0,0
HCDN2980,2024,1.0021,kirchnerismo,SANTIAGO DEL ESTERO,NOA,f5_cierre,0,0,0,0
HCDN2980,2025,0.9391,kirchnerismo,SANTIAGO DEL ESTERO,NOA,f5_cierre,1,0,0,0
HCDN3015,2023,0.3368,pro,BUENOS AIRES,PAMPEANA,f4_paralisis,1,0,0,0
HCDN3191,2025,0.0602,kirchnerismo,SANTIAGO DEL ESTERO,NOA,f5_cierre,1,0,0,0
HCDN1284,2011,0.0602,peronismo_federal,CORDOBA,PAMPEANA,f2_relanzamiento,1,0,0,0
HCDN1284,2012,1.0021,peronismo_federal,CORDOBA,PAMPEANA,f2_relanzamiento,0,0,0,0
HCDN1284,2013,0.9993,peronismo_federal,CORDOBA,PAMPEANA,f2_relanzamiento,1,0,0,0
HCDN1284,2014,0.9993,peronismo_federal,CORDOBA,PAMPEANA,f2_relanzamiento,0,0,0,0
HCDN1284,2015,0.9391,peronismo_federal,CORDOBA,PAMPEANA,f2_relanzamiento,1,0,0,0
HCDN0019,2008,1.0021,kirchnerismo,BUENOS AIRES,PAMPEANA,f1_impasse,0,1,0,0
HCDN0019,2009,0.9391,kirchnerismo,BUENOS AIRES,PAMPEANA,f1_impasse,1,1,0,0
HCDN0019,2011,0.0712,kirchnerismo,BUENOS AIRES,PAMPEANA,f2_relanzamiento,1,1,0,0
HCDN0019,2012,1.0021,kirchnerismo,BUENOS AIRES,PAMPEANA,f2_relanzamiento,0,1,0,0
HCDN0019,2013,0.9391,kirchnerismo,BUENOS AIRES,PAMPEANA,f2_relanzamiento,1,1,0,0
HCDN3251,2023,0.0602,lla,NEUQUEN,PATAGONIA,f4_paralisis,1,0,0,0
HCDN3251,2024,1.0021,lla,NEUQUEN,PATAGONIA,f5_cierre,0,1,0,0
HCDN3251,2025,0.9993,lla,NEUQUEN,PATAGONIA,f5_cierre,1,1,0,0
HCDN2434,2017,0.0602,provinciales,CHUBUT,PATAGONIA,f3_reactivacion,1,0,0,0
HCDN2434,2018,0.9993,provinciales,CHUBUT,PATAGONIA,f3_reactivacion,0,0,0,0
HCDN2434,2019,0.9993,provinciales,CHUBUT,PATAGONIA,f3_reactivacion,1,0,0,0
HCDN2434,2020,1.0021,kirchnerismo,CHUBUT,PATAGONIA,f4_paralisis,0,1,0,0
HCDN2434,2021,0.9391,kirchnerismo,CHUBUT,PATAGONIA,f4_paralisis,1,1,0,0
HCDN2399,2017,0.0602,ucr,MENDOZA,CUYO,f3_reactivacion,1,1,0,0
HCDN2399,2018,0.9993,ucr,MENDOZA,CUYO,f3_reactivacion,0,1,0,0
HCDN2399,2019,0.9993,ucr,MENDOZA,CUYO,f3_reactivacion,1,1,0,0
HCDN2399,2020,1.0021,ucr,MENDOZA,CUYO,f4_paralisis,0,0,0,0
HCDN2399,2021,0.9391,ucr,MENDOZA,CUYO,f4_paralisis,1,0,0,0
HCDN1487,2015,0.0602,ucr,SALTA,NOA,f2_relanzamiento,1,0,0,0
HCDN1487,2016,1.0021,ucr,SALTA,NOA,f3_reactivacion,0,1,0,0
HCDN1487,2017,0.9993,ucr,SALTA,NOA,f3_reactivacion,1,1,0,0
HCDN1487,2018,0.9993,ucr,SALTA,NOA,f3_reactivacion,0,1,0,0
HCDN1487,2019,0.9993,ucr,SALTA,NOA,f3_reactivacion,1,1,0,0
HCDN1487,2020,1.0021,ucr,SALTA,NOA,f4_paralisis,0,0,0,0
HCDN1487,2021,0.9993,ucr,SALTA,NOA,f4_paralisis,1,0,0,0
HCDN1487,2022,0.9993,ucr,SALTA,NOA,f4_paralisis,0,0,0,0
HCDN1487,2023,0.9391,ucr,SALTA,NOA,f4_paralisis,1,0,0,0
HCDN1285,2011,0.0602,provinciales,SANTIAGO DEL ESTERO,NOA,f2_relanzamiento,1,0,0,0
HCDN1285,2012,1.0021,provinciales,SANTIAGO DEL ESTERO,NOA,f2_relanzamiento,0,0,0,0
HCDN1285,2013,0.9993,provinciales,SANTIAGO DEL ESTERO,NOA,f2_relanzamiento,1,0,0,0
HCDN1285,2014,0.9993,provinciales,SANTIAGO DEL ESTERO,NOA,f2_relanzamiento,0,0,0,0
HCDN1285,2015,0.9993,provinciales,SANTIAGO DEL ESTERO,NOA,f2_relanzamiento,1,0,0,0
HCDN1285,2016,1.0021,provinciales,SANTIAGO DEL ESTERO,NOA,f3_reactivacion,0,0,0,0
HCDN1285,2017,0.9993,provinciales,SANTIAGO DEL ESTERO,NOA,f3_reactivacion,1,0,0,0
HCDN1285,2018,0.9993,provinciales,SANTIAGO DEL ESTERO,NOA,f3_reactivacion,0,0,0,0
HCDN1285,2019,0.9993,provinciales,SANTIAGO DEL ESTERO,NOA,f3_reactivacion,1,0,0,0
HCDN1285,2020,1.0021,kirchnerismo,SANTIAGO DEL ESTERO,NOA,f4_paralisis,0,1,0,0
HCDN1285,2021,0.9993,kirchnerismo,SANTIAGO DEL ESTERO,NOA,f4_paralisis,1,1,0,0
HCDN1285,2022,0.9993,kirchnerismo,SANTIAGO DEL ESTERO,NOA,f4_paralisis,0,1,0,0
HCDN1285,2023,0.9391,kirchnerismo,SANTIAGO DEL ESTERO,NOA,f4_paralisis,1,1,0,0
HCDN1516,2015,0.0602,peronismo_federal,CORDOBA,PAMPEANA,f2_relanzamiento,1,0,0,0
HCDN1516,2016,1.0021,peronismo_federal,CORDOBA,PAMPEANA,f3_reactivacion,0,0,1,0
HCDN1516,2017,0.9993,peronismo_federal,CORDOBA,PAMPEANA,f3_reactivacion,1,0,1,1
HCDN1516,2018,0.9993,peronismo_federal,CORDOBA,PAMPEANA,f3_reactivacion,0,0,0,0
HCDN1516,2019,0.9391,peronismo_federal,CORDOBA,PAMPEANA,f3_reactivacion,1,0,1,1
HCDN1194,2009,0.0602,kirchnerismo,CORDOBA,PAMPEANA,f1_impasse,1,1,0,0
HCDN1194,2010,0.9993,kirchnerismo,CORDOBA,PAMPEANA,f2_relanzamiento,0,1,0,0
HCDN1194,2011,0.9993,kirchnerismo,CORDOBA,PAMPEANA,f2_relanzamiento,1,1,0,0
HCDN1194,2012,1.0021,kirchnerismo,CORDOBA,PAMPEANA,f2_relanzamiento,0,1,0,0
HCDN1194,2013,0.9391,kirchnerismo,CORDOBA,PAMPEANA,f2_relanzamiento,1,1,0,0
HCDN2340,2017,0.1095,provinciales,SANTIAGO DEL ESTERO,NOA,f3_reactivacion,1,0,0,0
HCDN2340,2018,0.9993,provinciales,SANTIAGO DEL ESTERO,NOA,f3_reactivacion,0,0,0,0
HCDN2340,2019,0.9993,provinciales,SANTIAGO DEL ESTERO,NOA,f3_reactivacion,1,0,0,0
HCDN2340,2020,1.0021,kirchnerismo,SANTIAGO DEL ESTERO,NOA,f4_paralisis,0,1,0,0
HCDN2340,2021,0.9993,kirchnerismo,SANTIAGO DEL ESTERO,NOA,f4_paralisis,1,1,0,0
HCDN2340,2022,0.9993,kirchnerismo,SANTIAGO DEL ESTERO,NOA,f4_paralisis,0,1,0,0
HCDN2340,2023,0.9993,kirchnerismo,SANTIAGO DEL ESTERO,NOA,f4_paralisis,1,1,0,0
HCDN2340,2024,1.0021,kirchnerismo,SANTIAGO DEL ESTERO,NOA,f5_cierre,0,0,0,0
HCDN2340,2025,0.9993,kirchnerismo,SANTIAGO DEL ESTERO,NOA,f5_cierre,1,0,0,0
HCDN0035,2011,0.0602,ucr,CORDOBA,PAMPEANA,f2_relanzamiento,1,0,0,0
HCDN0035,2012,1.0021,ucr,CORDOBA,PAMPEANA,f2_relanzamiento,0,0,1,0
HCDN0035,2013,0.9993,ucr,CORDOBA,PAMPEANA,f2_relanzamiento,1,0,0,0
HCDN0035,2014,0.9993,ucr,CORDOBA,PAMPEANA,f2_relanzamiento,0,0,2,0
HCDN0035,2015,0.9993,ucr,CORDOBA,PAMPEANA,f2_relanzamiento,1,0,0,0
HCDN0035,2016,1.0021,ucr,CORDOBA,PAMPEANA,f3_reactivacion,0,1,1,0
HCDN0035,2017,0.9993,ucr,CORDOBA,PAMPEANA,f3_reactivacion,1,1,0,0
HCDN0035,2018,0.9993,ucr,CORDOBA,PAMPEANA,f3_reactivacion,0,1,0,0
HCDN0035,2019,0.9993,ucr,CORDOBA,PAMPEANA,f3_reactivacion,1,1,1,0
HCDN0035,2020,1.0021,ucr,CORDOBA,PAMPEANA,f4_paralisis,0,0,0,0
HCDN0035,2021,0.9993,ucr,CORDOBA,PAMPEANA,f4_paralisis,1,0,0,0
HCDN0035,2022,0.9993,ucr,CORDOBA,PAMPEANA,f4_paralisis,0,0,0,0
HCDN0035,2023,0.9391,ucr,CORDOBA,PAMPEANA,f4_paralisis,1,0,0,0
HCDN2983,2021,0.0438,ucr,MENDOZA,CUYO,f4_paralisis,1,0,0,0
HCDN2983,2022,0.9993,ucr,MENDOZA,CUYO,f4_paralisis,0,0,0,0
HCDN2983,2023,0.9993,ucr,MENDOZA,CUYO,f4_paralisis,1,0,0,0
HCDN2983,2024,1.0021,ucr,MENDOZA,CUYO,f5_cierre,0,0,0,0
HCDN2983,2025,0.9993,ucr,MENDOZA,CUYO,f5_cierre,1,0,0,0
HCDN3177,2025,0.0602,lla,BUENOS AIRES,PAMPEANA,f5_cierre,1,1,0,0
HCDN3076,2023,0.0602,kirchnerismo,CATAMARCA,NOA,f4_paralisis,1,1,0,0
HCDN3076,2024,1.0021,kirchnerismo,CATAMARCA,NOA,f5_cierre,0,0,0,0
HCDN3076,2025,0.9993,kirchnerismo,CATAMARCA,NOA,f5_cierre,1,0,0,0
HCDN3197,2025,0.0602,otros,TUCUMAN,NOA,f5_cierre,1,0,0,0
HCDN1500,2015,0.0602,pro,SANTA FE,PAMPEANA,f2_relanzamiento,1,0,0,0
HCDN1500,2016,1.0021,pro,SANTA FE,PAMPEANA,f3_reactivacion,0,1,0,0
HCDN1500,2017,0.9993,pro,SANTA FE,PAMPEANA,f3_reactivacion,1,1,0,0
HCDN1500,2018,0.9993,pro,SANTA FE,PAMPEANA,f3_reactivacion,0,1,0,0
HCDN1500,2019,0.9993,pro,SANTA FE,PAMPEANA,f3_reactivacion,1,1,0,0
HCDN1500,2020,1.0021,pro,SANTA FE,PAMPEANA,f4_paralisis,0,0,0,0
HCDN1500,2021,0.9993,pro,SANTA FE,PAMPEANA,f4_paralisis,1,0,0,0
HCDN1500,2022,0.9993,pro,SANTA FE,PAMPEANA,f4_paralisis,0,0,0,0
HCDN1500,2023,0.9993,pro,SANTA FE,PAMPEANA,f4_paralisis,1,0,0,0
HCDN1500,2024,1.0021,pro,SANTA FE,PAMPEANA,f5_cierre,0,0,0,0
HCDN1500,2025,0.9993,pro,SANTA FE,PAMPEANA,f5_cierre,1,0,0,0
HCDN2788,2019,0.0602,kirchnerismo,SANTA FE,PAMPEANA,f3_reactivacion,1,0,0,0
HCDN2788,2020,1.0021,kirchnerismo,SANTA FE,PAMPEANA,f4_paralisis,0,1,0,0
HCDN2788,2021,0.9993,kirchnerismo,SANTA FE,PAMPEANA,f4_paralisis,1,1,0,0
HCDN2788,2022,0.9993,kirchnerismo,SANTA FE,PAMPEANA,f4_paralisis,0,1,0,0
HCDN2788,2023,0.9391,kirchnerismo,SANTA FE,PAMPEANA,f4_paralisis,1,1,0,0
HCDN0453,2008,1.0021,kirchnerismo,SANTA FE,PAMPEANA,f1_impasse,0,1,0,0
HCDN0453,2009,0.9993,peronismo_federal,SANTA FE,PAMPEANA,f1_impasse,1,0,0,0
HCDN0453,2010,0.9993,peronismo_federal,SANTA FE,PAMPEANA,f2_relanzamiento,0,0,0,0
HCDN0453,2011,0.9391,peronismo_federal,SANTA FE,PAMPEANA,f2_relanzamiento,1,0,0,0
HCDN0453,2013,0.0602,kirchnerismo,SANTA FE,PAMPEANA,f2_relanzamiento,1,1,0,0
HCDN0453,2014,0.0767,kirchnerismo,SANTA FE,PAMPEANA,f2_relanzamiento,0,1,0,0
HCDN0960,2008,1.0021,pro,CIUDAD DE BUENOS AIRES,CABA,f1_impasse,0,0,2,0
HCDN0960,2009,0.9391,pro,CIUDAD DE BUENOS AIRES,CABA,f1_impasse,1,0,3,0
HCDN0960,2010,0.219,pro,CIUDAD DE BUENOS AIRES,CABA,f2_relanzamiento,0,0,0,0
HCDN0960,2011,0.9993,pro,CIUDAD DE BUENOS AIRES,CABA,f2_relanzamiento,1,0,1,0
HCDN0960,2012,1.0021,pro,CIUDAD DE BUENOS AIRES,CABA,f2_relanzamiento,0,0,0,0
HCDN0960,2013,0.9391,pro,CIUDAD DE BUENOS AIRES,CABA,f2_relanzamiento,1,0,2,0
HCDN0454,2011,0.0602,otros,BUENOS AIRES,PAMPEANA,f2_relanzamiento,1,0,0,0
HCDN0454,2012,1.0021,otros,BUENOS AIRES,PAMPEANA,f2_relanzamiento,0,0,0,0
HCDN0454,2013,0.9391,otros,BUENOS AIRES,PAMPEANA,f2_relanzamiento,1,0,0,0
HCDN0454,2017,0.0602,pro,BUENOS AIRES,PAMPEANA,f3_reactivacion,1,1,0,0
HCDN0454,2018,0.9993,pro,BUENOS AIRES,PAMPEANA,f3_reactivacion,0,1,0,0
HCDN0454,2019,0.9993,pro,BUENOS AIRES,PAMPEANA,f3_reactivacion,1,1,0,0
HCDN0454,2020,1.0021,pro,BUENOS AIRES,PAMPEANA,f4_paralisis,0,0,0,0
HCDN0454,2021,0.9993,pro,BUENOS AIRES,PAMPEANA,f4_paralisis,1,0,0,0
HCDN0454,2022,0.9993,pro,BUENOS AIRES,PAMPEANA,f4_paralisis,0,0,0,0
HCDN0454,2023,0.9391,pro,BUENOS AIRES,PAMPEANA,f4_paralisis,1,0,0,0
HCDN3203,2025,0.0602,lla,BUENOS AIRES,PAMPEANA,f5_cierre,1,1,0,0
HCDN0906,2008,1.0021,provinciales,SANTIAGO DEL ESTERO,NOA,f1_impasse,0,0,0,0
HCDN0906,2009,0.9993,provinciales,SANTIAGO DEL ESTERO,NOA,f1_impasse,1,0,0,0
HCDN0906,2010,0.9993,provinciales,SANTIAGO DEL ESTERO,NOA,f2_relanzamiento,0,0,0,0
HCDN0906,2011,0.9993,provinciales,SANTIAGO DEL ESTERO,NOA,f2_relanzamiento,1,0,0,0
HCDN0906,2012,1.0021,provinciales,SANTIAGO DEL ESTERO,NOA,f2_relanzamiento,0,0,0,0
HCDN0906,2013,0.9993,provinciales,SANTIAGO DEL ESTERO,NOA,f2_relanzamiento,1,0,0,0
HCDN0906,2014,0.9993,provinciales,SANTIAGO DEL ESTERO,NOA,f2_relanzamiento,0,0,0,0
HCDN0906,2015,0.9993,provinciales,SANTIAGO DEL ESTERO,NOA,f2_relanzamiento,1,0,0,0
HCDN0906,2016,1.0021,provinciales,SANTIAGO DEL ESTERO,NOA,f3_reactivacion,0,0,0,0
HCDN0906,2017,0.9391,provinciales,SANTIAGO DEL ESTERO,NOA,f3_reactivacion,1,0,0,0
HCDN1430,2014,0.7474,ucr,LA RIOJA,NOA,f2_relanzamiento,0,0,0,0
HCDN1430,2015,0.9993,ucr,LA RIOJA,NOA,f2_relanzamiento,1,0,0,0
HCDN1430,2016,1.0021,ucr,LA RIOJA,NOA,f3_reactivacion,0,1,0,0
HCDN1430,2017,0.9993,ucr,LA RIOJA,NOA,f3_reactivacion,1,1,0,0
HCDN1430,2018,0.9993,ucr,LA RIOJA,NOA,f3_reactivacion,0,1,0,0
HCDN1430,2019,0.3614,ucr,LA RIOJA,NOA,f3_reactivacion,1,1,0,0
HCDN2400,2017,0.0602,cc_ari,CIUDAD DE BUENOS AIRES,CABA,f3_reactivacion,1,1,0,0
HCDN2400,2018,0.9993,cc_ari,CIUDAD DE BUENOS AIRES,CABA,f3_reactivacion,0,1,0,0
HCDN2400,2019,0.9993,cc_ari,CIUDAD DE BUENOS AIRES,CABA,f3_reactivacion,1,1,0,0
HCDN2400,2020,1.0021,cc_ari,CIUDAD DE BUENOS AIRES,CABA,f4_paralisis,0,0,0,0
HCDN2400,2021,0.9993,cc_ari,CIUDAD DE BUENOS AIRES,CABA,f4_paralisis,1,0,0,0
HCDN2400,2022,0.9993,cc_ari,CIUDAD DE BUENOS AIRES,CABA,f4_paralisis,0,0,0,0
HCDN2400,2023,0.9993,cc_ari,CIUDAD DE BUENOS AIRES,CABA,f4_paralisis,1,0,0,0
HCDN2400,2024,1.0021,cc_ari,CIUDAD DE BUENOS AIRES,CABA,f5_cierre,0,0,0,0
HCDN2400,2025,0.9391,cc_ari,CIUDAD DE BUENOS AIRES,CABA,f5_cierre,1,0,0,0
HCDN1197,2009,0.0602,provinciales,SALTA,NOA,f1_impasse,1,0,0,0
HCDN1197,2010,0.9993,provinciales,SALTA,NOA,f2_relanzamiento,0,0,0,0
HCDN1197,2011,0.9993,provinciales,SALTA,NOA,f2_relanzamiento,1,0,0,0
HCDN1197,2012,1.0021,provinciales,SALTA,NOA,f2_relanzamiento,0,0,0,0
HCDN1197,2013,0.9391,provinciales,SALTA,NOA,f2_relanzamiento,1,0,0,0
HCDN1197,2015,0.0602,provinciales,SALTA,NOA,f2_relanzamiento,1,0,0,0
HCDN1197,2016,1.0021,provinciales,SALTA,NOA,f3_reactivacion,0,0,0,0
HCDN1197,2017,0.9993,provinciales,SALTA,NOA,f3_reactivacion,1,0,0,0
HCDN1197,2018,0.9993,provinciales,SALTA,NOA,f3_reactivacion,0,0,0,0
HCDN1197,2019,0.9391,provinciales,SALTA,NOA,f3_reactivacion,1,0,0,0
HCDN3012,2025,0.0602,kirchnerismo,CIUDAD DE BUENOS AIRES,CABA,f5_cierre,1,0,0,0
HCDN2909,2021,0.0602,provinciales,TUCUMAN,NOA,f4_paralisis,1,0,0,0
HCDN2909,2022,0.9993,provinciales,TUCUMAN,NOA,f4_paralisis,0,0,0,0
HCDN2909,2023,0.9993,provinciales,TUCUMAN,NOA,f4_paralisis,1,0,0,0
HCDN2909,2024,1.0021,provinciales,TUCUMAN,NOA,f5_cierre,0,0,0,0
HCDN2909,2025,0.9391,provinciales,TUCUMAN,NOA,f5_cierre,1,0,0,0
HCDN1286,2011,0.0602,kirchnerismo,BUENOS AIRES,PAMPEANA,f2_relanzamiento,1,1,0,0
HCDN1286,2012,1.0021,kirchnerismo,BUENOS AIRES,PAMPEANA,f2_relanzamiento,0,1,0,0
HCDN1286,2013,0.9993,kirchnerismo,BUENOS AIRES,PAMPEANA,f2_relanzamiento,1,1,0,0
HCDN1286,2014,0.9993,kirchnerismo,BUENOS AIRES,PAMPEANA,f2_relanzamiento,0,1,0,0
HCDN1286,2015,0.9391,kirchnerismo,BUENOS AIRES,PAMPEANA,f2_relanzamiento,1,1,0,0
HCDN1496,2015,0.0602,peronismo_federal,TUCUMAN,NOA,f2_relanzamiento,1,0,0,0
HCDN1496,2016,1.0021,peronismo_federal,TUCUMAN,NOA,f3_reactivacion,0,0,0,0
HCDN1496,2017,0.9993,peronismo_federal,TUCUMAN,NOA,f3_reactivacion,1,0,0,0
HCDN1496,2018,0.9993,peronismo_federal,TUCUMAN,NOA,f3_reactivacion,0,0,0,0
HCDN1496,2019,0.8296,peronismo_federal,TUCUMAN,NOA,f3_reactivacion,1,0,0,0
HCDN2760,2019,0.0602,kirchnerismo,BUENOS AIRES,PAMPEANA,f3_reactivacion,1,0,0,0
HCDN2760,2020,1.0021,kirchnerismo,BUENOS AIRES,PAMPEANA,f4_paralisis,0,1,0,0
HCDN2760,2021,0.9993,kirchnerismo,BUENOS AIRES,PAMPEANA,f4_paralisis,1,1,0,0
HCDN2760,2022,0.9993,kirchnerismo,BUENOS AIRES,PAMPEANA,f4_paralisis,0,1,0,0
HCDN2760,2023,0.9391,kirchnerismo,BUENOS AIRES,PAMPEANA,f4_paralisis,1,1,0,0
HCDN3096,2023,0.0602,lla,SALTA,NOA,f4_paralisis,1,0,0,0
HCDN3096,2024,1.0021,lla,SALTA,NOA,f5_cierre,0,1,0,0
HCDN3096,2025,0.9391,lla,SALTA,NOA,f5_cierre,1,1,0,0
HCDN2801,2019,0.0602,provinciales,SAN JUAN,CUYO,f3_reactivacion,1,0,0,0
HCDN2801,2020,1.0021,provinciales,SAN JUAN,CUYO,f4_paralisis,0,0,0,0
HCDN2801,2021,0.9993,provinciales,SAN JUAN,CUYO,f4_paralisis,1,0,0,0
HCDN2801,2022,0.9993,provinciales,SAN JUAN,CUYO,f4_paralisis,0,0,0,0
HCDN2801,2023,0.9391,provinciales,SAN JUAN,CUYO,f4_paralisis,1,0,0,0
HCDN1196,2009,0.0602,ucr,CHACO,NEA,f1_impasse,1,0,1,0
HCDN1196,2010,0.9993,ucr,CHACO,NEA,f2_relanzamiento,0,0,1,0
HCDN1196,2011,0.9993,ucr,CHACO,NEA,f2_relanzamiento,1,0,0,0
HCDN1196,2012,1.0021,ucr,CHACO,NEA,f2_relanzamiento,0,0,1,0
HCDN1196,2013,0.9391,ucr,CHACO,NEA,f2_relanzamiento,1,0,1,0
HCDN2867,2021,0.8268,kirchnerismo,BUENOS AIRES,PAMPEANA,f4_paralisis,1,1,0,0
HCDN1288,2011,0.0602,kirchnerismo,JUJUY,NOA,f2_relanzamiento,1,1,0,0
HCDN1288,2012,1.0021,kirchnerismo,JUJUY,NOA,f2_relanzamiento,0,1,0,0
HCDN1288,2013,0.9993,kirchnerismo,JUJUY,NOA,f2_relanzamiento,1,1,0,0
HCDN1288,2014,0.9993,kirchnerismo,JUJUY,NOA,f2_relanzamiento,0,1,0,0
HCDN1288,2015,0.9391,kirchnerismo,JUJUY,NOA,f2_relanzamiento,1,1,0,0
HCDN1287,2011,0.0602,kirchnerismo,CATAMARCA,NOA,f2_relanzamiento,1,1,0,0
HCDN1287,2012,1.0021,kirchnerismo,CATAMARCA,NOA,f2_relanzamiento,0,1,0,0
HCDN1287,2013,0.9993,kirchnerismo,CATAMARCA,NOA,f2_relanzamiento,1,1,0,0
HCDN1287,2014,0.9993,kirchnerismo,CATAMARCA,NOA,f2_relanzamiento,0,1,0,0
HCDN1287,2015,0.9391,kirchnerismo,CATAMARCA,NOA,f2_relanzamiento,1,1,0,0
HCDN0633,2019,0.0602,kirchnerismo,ENTRE RIOS,PAMPEANA,f3_reactivacion,1,0,0,0
HCDN0633,2020,1.0021,kirchnerismo,ENTRE RIOS,PAMPEANA,f4_paralisis,0,1,0,0
HCDN0633,2021,0.9993,kirchnerismo,ENTRE RIOS,PAMPEANA,f4_paralisis,1,1,0,0
HCDN0633,2022,0.9993,kirchnerismo,ENTRE RIOS,PAMPEANA,f4_paralisis,0,1,0,0
HCDN0633,2023,0.9993,kirchnerismo,ENTRE RIOS,PAMPEANA,f4_paralisis,1,1,0,0
HCDN0633,2024,1.0021,kirchnerismo,ENTRE RIOS,PAMPEANA,f5_cierre,0,0,0,0
HCDN0633,2025,0.9993,kirchnerismo,ENTRE RIOS,PAMPEANA,f5_cierre,1,0,0,0
HCDN3100,2023,0.0602,provinciales,SALTA,NOA,f4_paralisis,1,0,0,0
HCDN3100,2024,1.0021,provinciales,SALTA,NOA,f5_cierre,0,0,2,2
HCDN3100,2025,0.9993,provinciales,SALTA,NOA,f5_cierre,1,0,0,0
HCDN3061,2023,0.0602,lla,BUENOS AIRES,PAMPEANA,f4_paralisis,1,0,0,0
HCDN3061,2024,1.0021,lla,BUENOS AIRES,PAMPEANA,f5_cierre,0,1,0,0
HCDN3061,2025,0.9993,lla,BUENOS AIRES,PAMPEANA,f5_cierre,1,1,0,0
HCDN1009,2008,1.0021,kirchnerismo,CHUBUT,PATAGONIA,f1_impasse,0,1,0,0
HCDN1009,2009,0.9993,kirchnerismo,CHUBUT,PATAGONIA,f1_impasse,1,1,0,0
HCDN1009,2010,0.9993,kirchnerismo,CHUBUT,PATAGONIA,f2_relanzamiento,0,1,0,0
HCDN1009,2011,0.9993,kirchnerismo,CHUBUT,PATAGONIA,f2_relanzamiento,1,1,0,0
HCDN1009,2012,1.0021,kirchnerismo,CHUBUT,PATAGONIA,f2_relanzamiento,0,1,0,0
HCDN1009,2013,0.9993,kirchnerismo,CHUBUT,PATAGONIA,f2_relanzamiento,1,1,0,0
HCDN1009,2014,0.9993,kirchnerismo,CHUBUT,PATAGONIA,f2_relanzamiento,0,1,0,0
HCDN1009,2015,0.9391,kirchnerismo,CHUBUT,PATAGONIA,f2_relanzamiento,1,1,0,0
HCDN2904,2021,0.0602,kirchnerismo,BUENOS AIRES,PAMPEANA,f4_paralisis,1,1,0,0
HCDN2904,2022,0.9993,kirchnerismo,BUENOS AIRES,PAMPEANA,f4_paralisis,0,1,0,0
HCDN2904,2023,0.9993,kirchnerismo,BUENOS AIRES,PAMPEANA,f4_paralisis,1,1,0,0
HCDN2904,2024,1.0021,kirchnerismo,BUENOS AIRES,PAMPEANA,f5_cierre,0,0,0,0
HCDN2904,2025,0.9993,kirchnerismo,BUENOS AIRES,PAMPEANA,f5_cierre,1,0,0,0
HCDN3158,2025,0.0602,kirchnerismo,CATAMARCA,NOA,f5_cierre,1,0,0,0
HCDN1198,2009,0.0602,peronismo_federal,SAN LUIS,CUYO,f1_impasse,1,0,0,0
HCDN1198,2010,0.9993,peronismo_federal,SAN LUIS,CUYO,f2_relanzamiento,0,0,1,1
HCDN1198,2011,0.9993,peronismo_federal,SAN LUIS,CUYO,f2_relanzamiento,1,0,0,0
HCDN1198,2012,1.0021,peronismo_federal,SAN LUIS,CUYO,f2_relanzamiento,0,0,1,1
HCDN1198,2013,0.9391,peronismo_federal,SAN LUIS,CUYO,f2_relanzamiento,1,0,1,1
HCDN2922,2021,0.0602,kirchnerismo,MENDOZA,CUYO,f4_paralisis,1,1,0,0
HCDN2922,2022,0.9993,kirchnerismo,MENDOZA,CUYO,f4_paralisis,0,1,0,0
HCDN2922,2023,0.9993,kirchnerismo,MENDOZA,CUYO,f4_paralisis,1,1,0,0
HCDN2922,2024,1.0021,kirchnerismo,MENDOZA,CUYO,f5_cierre,0,0,0,0
HCDN2922,2025,0.9391,kirchnerismo,MENDOZA,CUYO,f5_cierre,1,0,0,0
HCDN1199,2009,0.0602,izquierda_progresista,CIUDAD DE BUENOS AIRES,CABA,f1_impasse,1,0,0,0
HCDN1199,2010,0.9993,izquierda_progresista,CIUDAD DE BUENOS AIRES,CABA,f2_relanzamiento,0,0,0,0
HCDN1199,2011,0.9993,izquierda_progresista,CIUDAD DE BUENOS AIRES,CABA,f2_relanzamiento,1,0,0,0
HCDN1199,2012,1.0021,izquierda_progresista,CIUDAD DE BUENOS AIRES,CABA,f2_relanzamiento,0,0,0,0
HCDN1199,2013,0.9391,izquierda_progresista,CIUDAD DE BUENOS AIRES,CABA,f2_relanzamiento,1,0,0,0
HCDN1037,2008,1.0021,kirchnerismo,LA RIOJA,NOA,f1_impasse,0,1,0,0
HCDN1037,2009,0.9993,kirchnerismo,LA RIOJA,NOA,f1_impasse,1,1,0,0
HCDN1037,2010,0.9993,kirchnerismo,LA RIOJA,NOA,f2_relanzamiento,0,1,0,0
HCDN1037,2011,0.9391,kirchnerismo,LA RIOJA,NOA,f2_relanzamiento,1,1,0,0
HCDN3181,2025,0.0602,lla,BUENOS AIRES,PAMPEANA,f5_cierre,1,1,0,0
HCDN2784,2019,0.0602,kirchnerismo,FORMOSA,NEA,f3_reactivacion,1,0,0,0
HCDN2784,2020,1.0021,kirchnerismo,FORMOSA,NEA,f4_paralisis,0,1,0,0
HCDN2784,2021,0.9993,kirchnerismo,FORMOSA,NEA,f4_paralisis,1,1,0,0
HCDN2784,2022,0.9993,kirchnerismo,FORMOSA,NEA,f4_paralisis,0,1,0,0
HCDN2784,2023,0.9993,kirchnerismo,FORMOSA,NEA,f4_paralisis,1,1,0,0
HCDN2784,2024,1.0021,kirchnerismo,FORMOSA,NEA,f5_cierre,0,0,0,0
HCDN2784,2025,0.9993,kirchnerismo,FORMOSA,NEA,f5_cierre,1,0,0,0
HCDN1010,2008,1.0021,ucr,CATAMARCA,NOA,f1_impasse,0,0,0,0
HCDN1010,2009,0.9993,ucr,CATAMARCA,NOA,f1_impasse,1,0,1,0
HCDN1010,2010,0.9993,ucr,CATAMARCA,NOA,f2_relanzamiento,0,0,0,0
HCDN1010,2011,0.9391,ucr,CATAMARCA,NOA,f2_relanzamiento,1,0,0,0
HCDN1048,2013,0.0602,kirchnerismo,NEUQUEN,PATAGONIA,f2_relanzamiento,1,1,0,0
HCDN1048,2014,0.9993,kirchnerismo,NEUQUEN,PATAGONIA,f2_relanzamiento,0,1,0,0
HCDN1048,2015,0.9391,kirchnerismo,NEUQUEN,PATAGONIA,f2_relanzamiento,1,1,0,0
HCDN1081,2008,1.0021,kirchnerismo,BUENOS AIRES,PAMPEANA,f1_impasse,0,1,0,0
HCDN1081,2009,0.9993,kirchnerismo,BUENOS AIRES,PAMPEANA,f1_impasse,1,1,0,0
HCDN1081,2010,0.9993,kirchnerismo,BUENOS AIRES,PAMPEANA,f2_relanzamiento,0,1,0,0
HCDN1081,2011,0.9391,kirchnerismo,BUENOS AIRES,PAMPEANA,f2_relanzamiento,1,1,0,0
HCDN1081,2015,0.6735,kirchnerismo,BUENOS AIRES,PAMPEANA,f2_relanzamiento,1,1,0,0
HCDN1460,2015,0.0602,peronismo_federal,BUENOS AIRES,PAMPEANA,f2_relanzamiento,1,0,0,0
HCDN1460,2016,1.0021,peronismo_federal,BUENOS AIRES,PAMPEANA,f3_reactivacion,0,0,0,0
HCDN1460,2017,0.9993,peronismo_federal,BUENOS AIRES,PAMPEANA,f3_reactivacion,1,0,0,0
HCDN1460,2018,0.9993,peronismo_federal,BUENOS AIRES,PAMPEANA,f3_reactivacion,0,0,0,0
HCDN1460,2019,0.9391,peronismo_federal,BUENOS AIRES,PAMPEANA,f3_reactivacion,1,0,0,0
HCDN1460,2021,0.0602,kirchnerismo,BUENOS AIRES,PAMPEANA,f4_paralisis,1,1,0,0
HCDN1460,2022,0.9993,kirchnerismo,BUENOS AIRES,PAMPEANA,f4_paralisis,0,1,1,0
HCDN1460,2023,0.9993,kirchnerismo,BUENOS AIRES,PAMPEANA,f4_paralisis,1,1,0,0
HCDN1460,2024,1.0021,kirchnerismo,BUENOS AIRES,PAMPEANA,f5_cierre,0,0,2,1
HCDN1460,2025,0.9391,kirchnerismo,BUENOS AIRES,PAMPEANA,f5_cierre,1,0,0,0
HCDN1386,2013,0.0602,ucr,MISIONES,NEA,f2_relanzamiento,1,0,0,0
HCDN1386,2014,0.9993,ucr,MISIONES,NEA,f2_relanzamiento,0,0,0,0
HCDN1386,2015,0.9993,ucr,MISIONES,NEA,f2_relanzamiento,1,0,0,0
HCDN1386,2016,1.0021,ucr,MISIONES,NEA,f3_reactivacion,0,1,0,0
HCDN1386,2017,0.9993,ucr,MISIONES,NEA,f3_reactivacion,1,1,0,0
HCDN1386,2018,0.9993,ucr,MISIONES,NEA,f3_reactivacion,0,1,0,0
HCDN1386,2019,0.9993,ucr,MISIONES,NEA,f3_reactivacion,1,1,0,0
HCDN1386,2020,1.0021,ucr,MISIONES,NEA,f4_paralisis,0,0,0,0
HCDN1386,2021,0.9391,ucr,MISIONES,NEA,f4_paralisis,1,0,1,0
HCDN1011,2008,1.0021,provinciales,SANTIAGO DEL ESTERO,NOA,f1_impasse,0,0,0,0
HCDN1011,2009,0.9993,provinciales,SANTIAGO DEL ESTERO,NOA,f1_impasse,1,0,0,0
HCDN1011,2010,0.9993,provinciales,SANTIAGO DEL ESTERO,NOA,f2_relanzamiento,0,0,0,0
HCDN1011,2011,0.9993,provinciales,SANTIAGO DEL ESTERO,NOA,f2_relanzamiento,1,0,0,0
HCDN1011,2012,1.0021,provinciales,SANTIAGO DEL ESTERO,NOA,f2_relanzamiento,0,0,0,0
HCDN1011,2013,0.9993,provinciales,SANTIAGO DEL ESTERO,NOA,f2_relanzamiento,1,0,0,0
HCDN1011,2014,0.9993,provinciales,SANTIAGO DEL ESTERO,NOA,f2_relanzamiento,0,0,0,0
HCDN1011,2015,0.9993,provinciales,SANTIAGO DEL ESTERO,NOA,f2_relanzamiento,1,0,0,0
HCDN1011,2016,1.0021,provinciales,SANTIAGO DEL ESTERO,NOA,f3_reactivacion,0,0,0,0
HCDN1011,2017,0.9993,provinciales,SANTIAGO DEL ESTERO,NOA,f3_reactivacion,1,0,0,0
HCDN1011,2018,0.9993,provinciales,SANTIAGO DEL ESTERO,NOA,f3_reactivacion,0,0,0,0
HCDN1011,2019,0.9391,provinciales,SANTIAGO DEL ESTERO,NOA,f3_reactivacion,1,0,0,0
HCDN1564,2016,0.8378,pro,CIUDAD DE BUENOS AIRES,CABA,f3_reactivacion,0,1,0,0
HCDN1564,2017,0.9391,pro,CIUDAD DE BUENOS AIRES,CABA,f3_reactivacion,1,1,0,0
HCDN1564,2020,0.6379,pro,CIUDAD DE BUENOS AIRES,CABA,f4_paralisis,0,0,0,0
HCDN1564,2021,0.9391,pro,CIUDAD DE BUENOS AIRES,CABA,f4_paralisis,1,0,0,0
HCDN3250,2025,0.0602,lla,CORDOBA,PAMPEANA,f5_cierre,1,1,0,0
HCDN3105,2023,0.0602,lla,TIERRA DEL FUEGO,PATAGONIA,f4_paralisis,1,0,0,0
HCDN3105,2024,1.0021,lla,TIERRA DEL FUEGO,PATAGONIA,f5_cierre,0,1,0,0
HCDN3105,2025,0.9993,lla,TIERRA DEL FUEGO,PATAGONIA,f5_cierre,1,1,0,0
HCDN3108,2023,0.0602,izquierda_progresista,SANTA FE,PAMPEANA,f4_paralisis,1,0,0,0
HCDN3108,2024,1.0021,izquierda_progresista,SANTA FE,PAMPEANA,f5_cierre,0,0,3,1
HCDN3108,2025,0.9993,izquierda_progresista,SANTA FE,PAMPEANA,f5_cierre,1,0,2,0
HCDN2902,2021,0.0602,kirchnerismo,LA RIOJA,NOA,f4_paralisis,1,1,0,0
HCDN2902,2022,0.9993,kirchnerismo,LA RIOJA,NOA,f4_paralisis,0,1,0,0
HCDN2902,2023,0.9993,kirchnerismo,LA RIOJA,NOA,f4_paralisis,1,1,0,0
HCDN2902,2024,1.0021,kirchnerismo,LA RIOJA,NOA,f5_cierre,0,0,0,0
HCDN2902,2025,0.9993,kirchnerismo,LA RIOJA,NOA,f5_cierre,1,0,0,0
HCDN1356,2013,0.0602,kirchnerismo,CHACO,NEA,f2_relanzamiento,1,1,0,0
HCDN1356,2014,0.9993,kirchnerismo,CHACO,NEA,f2_relanzamiento,0,1,0,0
HCDN1356,2015,0.9993,kirchnerismo,CHACO,NEA,f2_relanzamiento,1,1,0,0
HCDN1356,2016,1.0021,kirchnerismo,CHACO,NEA,f3_reactivacion,0,0,1,0
HCDN1356,2017,0.9391,kirchnerismo,CHACO,NEA,f3_reactivacion,1,0,0,0
HCDN1356,2021,0.0602,kirchnerismo,CHACO,NEA,f4_paralisis,1,1,0,0
HCDN1356,2022,0.9993,kirchnerismo,CHACO,NEA,f4_paralisis,0,1,1,1
HCDN1356,2023,0.9993,kirchnerismo,CHACO,NEA,f4_paralisis,1,1,0,0
HCDN1356,2024,1.0021,kirchnerismo,CHACO,NEA,f5_cierre,0,0,0,0
HCDN1356,2025,0.9391,kirchnerismo,CHACO,NEA,f5_cierre,1,0,0,0
HCDN3160,2025,0.0602,lla,SANTA FE,PAMPEANA,f5_cierre,1,1,0,0
HCDN3249,2025,0.0602,lla,TUCUMAN,NOA,f5_cierre,1,1,0,0
HCDN3040,2023,0.0602,lla,SAN JUAN,CUYO,f4_paralisis,1,0,0,0
HCDN3040,2024,1.0021,lla,SAN JUAN,CUYO,f5_cierre,0,1,0,0
HCDN3040,2025,0.9993,lla,SAN JUAN,CUYO,f5_cierre,1,1,0,0
HCDN2821,2019,0.0602,kirchnerismo,CIUDAD DE BUENOS AIRES,CABA,f3_reactivacion,1,0,0,0
HCDN2821,2020,1.0021,kirchnerismo,CIUDAD DE BUENOS AIRES,CABA,f4_paralisis,0,1,0,0
HCDN2821,2021,0.9993,kirchnerismo,CIUDAD DE BUENOS AIRES,CABA,f4_paralisis,1,1,0,0
HCDN2821,2022,0.9993,kirchnerismo,CIUDAD DE BUENOS AIRES,CABA,f4_paralisis,0,1,0,0
HCDN2821,2023,0.9993,kirchnerismo,CIUDAD DE BUENOS AIRES,CABA,f4_paralisis,1,1,0,0
HCDN2821,2024,1.0021,kirchnerismo,CIUDAD DE BUENOS AIRES,CABA,f5_cierre,0,0,0,0
HCDN2821,2025,0.9993,kirchnerismo,CIUDAD DE BUENOS AIRES,CABA,f5_cierre,1,0,0,0
HCDN1583,2016,0.5859,provinciales,SAN JUAN,CUYO,f3_reactivacion,0,0,0,0
HCDN1583,2017,0.9993,provinciales,SAN JUAN,CUYO,f3_reactivacion,1,0,0,0
HCDN1583,2018,0.9993,provinciales,SAN JUAN,CUYO,f3_reactivacion,0,0,0,0
HCDN1583,2019,0.9391,provinciales,SAN JUAN,CUYO,f3_reactivacion,1,0,0,0
HCDN1012,2008,1.0021,cc_ari,SANTA FE,PAMPEANA,f1_impasse,0,0,0,0
HCDN1012,2009,0.9993,cc_ari,SANTA FE,PAMPEANA,f1_impasse,1,0,0,0
HCDN1012,2010,0.9993,izquierda_progresista,SANTA FE,PAMPEANA,f2_relanzamiento,0,0,0,0
HCDN1012,2011,0.9993,izquierda_progresista,SANTA FE,PAMPEANA,f2_relanzamiento,1,0,0,0
HCDN1012,2012,1.0021,izquierda_progresista,SANTA FE,PAMPEANA,f2_relanzamiento,0,0,0,0
HCDN1012,2013,0.9993,izquierda_progresista,SANTA FE,PAMPEANA,f2_relanzamiento,1,0,0,0
HCDN1012,2014,0.9993,izquierda_progresista,SANTA FE,PAMPEANA,f2_relanzamiento,0,0,0,0
HCDN1012,2015,0.9391,izquierda_progresista,SANTA FE,PAMPEANA,f2_relanzamiento,1,0,0,0
HCDN1013,2008,1.0021,kirchnerismo,MENDOZA,CUYO,f1_impasse,0,1,0,0
HCDN1013,2009,0.9993,kirchnerismo,MENDOZA,CUYO,f1_impasse,1,1,0,0
HCDN1013,2010,0.9993,kirchnerismo,MENDOZA,CUYO,f2_relanzamiento,0,1,0,0
HCDN1013,2011,0.9391,kirchnerismo,MENDOZA,CUYO,f2_relanzamiento,1,1,0,0
HCDN1513,2015,0.0602,kirchnerismo,CORDOBA,PAMPEANA,f2_relanzamiento,1,1,0,0
HCDN1513,2016,1.0021,kirchnerismo,CORDOBA,PAMPEANA,f3_reactivacion,0,0,0,0
HCDN1513,2017,0.9993,kirchnerismo,CORDOBA,PAMPEANA,f3_reactivacion,1,0,0,0
HCDN1513,2018,0.9993,kirchnerismo,CORDOBA,PAMPEANA,f3_reactivacion,0,0,0,0
HCDN1513,2019,0.9391,kirchnerismo,CORDOBA,PAMPEANA,f3_reactivacion,1,0,0,0
HCDN2915,2021,0.0602,kirchnerismo,BUENOS AIRES,PAMPEANA,f4_paralisis,1,1,0,0
HCDN2915,2022,0.9993,kirchnerismo,BUENOS AIRES,PAMPEANA,f4_paralisis,0,1,0,0
HCDN2915,2023,0.9993,kirchnerismo,BUENOS AIRES,PAMPEANA,f4_paralisis,1,1,0,0
HCDN2915,2024,1.0021,kirchnerismo,BUENOS AIRES,PAMPEANA,f5_cierre,0,0,0,0
HCDN2915,2025,0.9391,kirchnerismo,BUENOS AIRES,PAMPEANA,f5_cierre,1,0,0,0
HCDN0781,2008,1.0021,cc_ari,BUENOS AIRES,PAMPEANA,f1_impasse,0,0,0,0
HCDN0781,2009,0.9993,cc_ari,BUENOS AIRES,PAMPEANA,f1_impasse,1,0,0,0
HCDN0781,2010,0.9993,cc_ari,BUENOS AIRES,PAMPEANA,f2_relanzamiento,0,0,0,0
HCDN0781,2011,0.9391,cc_ari,BUENOS AIRES,PAMPEANA,f2_relanzamiento,1,0,1,0
HCDN0781,2013,0.0602,peronismo_federal,BUENOS AIRES,PAMPEANA,f2_relanzamiento,1,0,0,0
HCDN0781,2014,0.9993,peronismo_federal,BUENOS AIRES,PAMPEANA,f2_relanzamiento,0,0,1,0
HCDN0781,2015,0.9391,peronismo_federal,BUENOS AIRES,PAMPEANA,f2_relanzamiento,1,0,1,0
HCDN1200,2009,0.0602,peronismo_federal,SAN LUIS,CUYO,f1_impasse,1,0,0,0
HCDN1200,2010,0.9993,peronismo_federal,SAN LUIS,CUYO,f2_relanzamiento,0,0,0,0
HCDN1200,2011,0.9993,peronismo_federal,SAN LUIS,CUYO,f2_relanzamiento,1,0,0,0
HCDN1200,2012,1.0021,peronismo_federal,SAN LUIS,CUYO,f2_relanzamiento,0,0,0,0
HCDN1200,2013,0.9391,peronismo_federal,SAN LUIS,CUYO,f2_relanzamiento,1,0,0,0
HCDN1014,2008,1.0021,provinciales,SANTIAGO DEL ESTERO,NOA,f1_impasse,0,0,0,0
HCDN1014,2009,0.9993,provinciales,SANTIAGO DEL ESTERO,NOA,f1_impasse,1,0,0,0
HCDN1014,2010,0.9993,provinciales,SANTIAGO DEL ESTERO,NOA,f2_relanzamiento,0,0,0,0
HCDN1014,2011,0.8624,provinciales,SANTIAGO DEL ESTERO,NOA,f2_relanzamiento,1,0,0,0
HCDN1409,2013,0.0602,kirchnerismo,TIERRA DEL FUEGO,PATAGONIA,f2_relanzamiento,1,1,0,0
HCDN1409,2014,0.9993,kirchnerismo,TIERRA DEL FUEGO,PATAGONIA,f2_relanzamiento,0,1,0,0
HCDN1409,2015,0.9993,kirchnerismo,TIERRA DEL FUEGO,PATAGONIA,f2_relanzamiento,1,1,0,0
HCDN1409,2016,1.0021,kirchnerismo,TIERRA DEL FUEGO,PATAGONIA,f3_reactivacion,0,0,0,0
HCDN1409,2017,0.9993,kirchnerismo,TIERRA DEL FUEGO,PATAGONIA,f3_reactivacion,1,0,0,0
HCDN1409,2018,0.9993,kirchnerismo,TIERRA DEL FUEGO,PATAGONIA,f3_reactivacion,0,0,0,0
HCDN1409,2019,0.9446,kirchnerismo,TIERRA DEL FUEGO,PATAGONIA,f3_reactivacion,1,0,0,0
HCDN1462,2015,0.0602,peronismo_federal,BUENOS AIRES,PAMPEANA,f2_relanzamiento,1,0,0,0
HCDN1462,2016,1.0021,peronismo_federal,BUENOS AIRES,PAMPEANA,f3_reactivacion,0,0,0,0
HCDN1462,2017,0.9993,peronismo_federal,BUENOS AIRES,PAMPEANA,f3_reactivacion,1,0,0,0
HCDN1462,2018,0.9993,peronismo_federal,BUENOS AIRES,PAMPEANA,f3_reactivacion,0,0,0,0
HCDN1462,2019,0.9391,peronismo_federal,BUENOS AIRES,PAMPEANA,f3_reactivacion,1,0,0,0
HCDN2769,2019,0.0602,kirchnerismo,LA PAMPA,PAMPEANA,f3_reactivacion,1,0,0,0
HCDN2769,2020,1.0021,kirchnerismo,LA PAMPA,PAMPEANA,f4_paralisis,0,1,0,0
HCDN2769,2021,0.9993,kirchnerismo,LA PAMPA,PAMPEANA,f4_paralisis,1,1,0,0
HCDN2769,2022,0.9993,kirchnerismo,LA PAMPA,PAMPEANA,f4_paralisis,0,1,0,0
HCDN2769,2023,0.9391,kirchnerismo,LA PAMPA,PAMPEANA,f4_paralisis,1,1,0,0
HCDN2871,2021,0.7666,kirchnerismo,MENDOZA,CUYO,f4_paralisis,1,1,0,0
HCDN2871,2022,0.9993,kirchnerismo,MENDOZA,CUYO,f4_paralisis,0,1,0,0
HCDN2871,2023,0.9391,kirchnerismo,MENDOZA,CUYO,f4_paralisis,1,1,0,0
HCDN0783,2008,1.0021,kirchnerismo,CORRIENTES,NEA,f1_impasse,0,1,0,0
HCDN0783,2009,0.9993,kirchnerismo,CORRIENTES,NEA,f1_impasse,1,1,0,0
HCDN0783,2010,0.9993,kirchnerismo,CORRIENTES,NEA,f2_relanzamiento,0,1,0,0
HCDN0783,2011,0.6215,kirchnerismo,CORRIENTES,NEA,f2_relanzamiento,1,1,0,0
HCDN1039,2008,1.0021,kirchnerismo,MISIONES,NEA,f1_impasse,0,1,0,0
HCDN1039,2009,0.9993,kirchnerismo,MISIONES,NEA,f1_impasse,1,1,0,0
HCDN1039,2010,0.9993,kirchnerismo,MISIONES,NEA,f2_relanzamiento,0,1,0,0
HCDN1039,2011,0.9993,kirchnerismo,MISIONES,NEA,f2_relanzamiento,1,1,0,0
HCDN1039,2012,1.0021,kirchnerismo,MISIONES,NEA,f2_relanzamiento,0,1,0,0
HCDN1039,2013,0.9993,kirchnerismo,MISIONES,NEA,f2_relanzamiento,1,1,1,0
HCDN1039,2014,0.9993,kirchnerismo,MISIONES,NEA,f2_relanzamiento,0,1,0,0
HCDN1039,2015,0.9391,kirchnerismo,MISIONES,NEA,f2_relanzamiento,1,1,0,0
HCDN1289,2011,0.0602,kirchnerismo,SANTA FE,PAMPEANA,f2_relanzamiento,1,1,0,0
HCDN1289,2012,1.0021,kirchnerismo,SANTA FE,PAMPEANA,f2_relanzamiento,0,1,0,0
HCDN1289,2013,0.9993,kirchnerismo,SANTA FE,PAMPEANA,f2_relanzamiento,1,1,0,0
HCDN1289,2014,0.9993,kirchnerismo,SANTA FE,PAMPEANA,f2_relanzamiento,0,1,0,0
HCDN1289,2015,0.9391,kirchnerismo,SANTA FE,PAMPEANA,f2_relanzamiento,1,1,0,0
HCDN1231,2011,0.3176,kirchnerismo,CORRIENTES,NEA,f2_relanzamiento,1,1,0,0
HCDN1231,2012,1.0021,kirchnerismo,CORRIENTES,NEA,f2_relanzamiento,0,1,0,0
HCDN1231,2013,0.9993,kirchnerismo,CORRIENTES,NEA,f2_relanzamiento,1,1,0,0
HCDN1231,2014,0.9993,kirchnerismo,CORRIENTES,NEA,f2_relanzamiento,0,1,0,0
HCDN1231,2015,0.9391,kirchnerismo,CORRIENTES,NEA,f2_relanzamiento,1,1,0,0
HCDN2404,2017,0.0602,peronismo_federal,CHACO,NEA,f3_reactivacion,1,0,0,0
HCDN2404,2018,0.9993,peronismo_federal,CHACO,NEA,f3_reactivacion,0,0,0,0
HCDN2404,2019,0.9993,peronismo_federal,CHACO,NEA,f3_reactivacion,1,0,0,0
HCDN2404,2020,1.0021,kirchnerismo,CHACO,NEA,f4_paralisis,0,1,0,0
HCDN2404,2021,0.9391,kirchnerismo,CHACO,NEA,f4_paralisis,1,1,0,0
HCDN1385,2013,0.0602,ucr,MENDOZA,CUYO,f2_relanzamiento,1,0,0,0
HCDN1385,2014,0.9993,ucr,MENDOZA,CUYO,f2_relanzamiento,0,0,0,0
HCDN1385,2015,0.9993,ucr,MENDOZA,CUYO,f2_relanzamiento,1,0,0,0
HCDN1385,2016,1.0021,ucr,MENDOZA,CUYO,f3_reactivacion,0,1,0,0
HCDN1385,2017,0.9993,ucr,MENDOZA,CUYO,f3_reactivacion,1,1,0,0
HCDN1385,2018,0.9993,ucr,MENDOZA,CUYO,f3_reactivacion,0,1,0,0
HCDN1385,2019,0.9993,ucr,MENDOZA,CUYO,f3_reactivacion,1,1,0,0
HCDN1385,2020,1.0021,ucr,MENDOZA,CUYO,f4_paralisis,0,0,0,0
HCDN1385,2021,0.9391,ucr,MENDOZA,CUYO,f4_paralisis,1,0,0,0
HCDN1385,2025,0.0602,lla,MENDOZA,CUYO,f5_cierre,1,1,0,0
HCDN3228,2023,0.0602,lla,BUENOS AIRES,PAMPEANA,f4_paralisis,1,0,0,0
HCDN3228,2024,1.0021,lla,BUENOS AIRES,PAMPEANA,f5_cierre,0,1,0,0
HCDN3228,2025,0.9993,lla,BUENOS AIRES,PAMPEANA,f5_cierre,1,1,0,0
HCDN3051,2023,0.0602,ucr,CORDOBA,PAMPEANA,f4_paralisis,1,0,0,0
HCDN3051,2024,1.0021,ucr,CORDOBA,PAMPEANA,f5_cierre,0,0,1,1
HCDN3051,2025,0.9993,ucr,CORDOBA,PAMPEANA,f5_cierre,1,0,0,0
HCDN2405,2017,0.0602,pro,BUENOS AIRES,PAMPEANA,f3_reactivacion,1,1,0,0
HCDN2405,2018,0.9993,pro,BUENOS AIRES,PAMPEANA,f3_reactivacion,0,1,0,0
HCDN2405,2019,0.9993,pro,BUENOS AIRES,PAMPEANA,f3_reactivacion,1,1,0,0
HCDN2405,2020,1.0021,pro,BUENOS AIRES,PAMPEANA,f4_paralisis,0,0,0,0
HCDN2405,2021,0.9391,pro,BUENOS AIRES,PAMPEANA,f4_paralisis,1,0,0,0
HCDN0022,2023,0.0602,otros,BUENOS AIRES,PAMPEANA,f4_paralisis,1,0,0,0
HCDN0022,2024,1.0021,peronismo_federal,BUENOS AIRES,PAMPEANA,f5_cierre,0,0,0,0
HCDN0022,2025,0.9993,peronismo_federal,BUENOS AIRES,PAMPEANA,f5_cierre,1,0,0,0
HCDN3050,2023,0.0602,provinciales,SAN JUAN,CUYO,f4_paralisis,1,0,0,0
HCDN3050,2024,1.0021,provinciales,SAN JUAN,CUYO,f5_cierre,0,0,0,0
HCDN3050,2025,0.9993,provinciales,SAN JUAN,CUYO,f5_cierre,1,0,0,0
HCDN1201,2009,0.0602,cc_ari,BUENOS AIRES,PAMPEANA,f1_impasse,1,0,0,0
HCDN1201,2010,0.9993,cc_ari,BUENOS AIRES,PAMPEANA,f2_relanzamiento,0,0,0,0
HCDN1201,2011,0.9993,cc_ari,BUENOS AIRES,PAMPEANA,f2_relanzamiento,1,0,0,0
HCDN1201,2012,1.0021,cc_ari,BUENOS AIRES,PAMPEANA,f2_relanzamiento,0,0,0,0
HCDN1201,2013,0.9391,cc_ari,BUENOS AIRES,PAMPEANA,f2_relanzamiento,1,0,0,0
HCDN1290,2011,0.0602,kirchnerismo,BUENOS AIRES,PAMPEANA,f2_relanzamiento,1,1,0,0
HCDN1290,2012,1.0021,kirchnerismo,BUENOS AIRES,PAMPEANA,f2_relanzamiento,0,1,0,0
HCDN1290,2013,0.9993,kirchnerismo,BUENOS AIRES,PAMPEANA,f2_relanzamiento,1,1,0,0
HCDN1290,2014,0.9993,kirchnerismo,BUENOS AIRES,PAMPEANA,f2_relanzamiento,0,1,0,0
HCDN1290,2015,0.9391,kirchnerismo,BUENOS AIRES,PAMPEANA,f2_relanzamiento,1,1,0,0
HCDN1290,2017,0.0602,kirchnerismo,BUENOS AIRES,PAMPEANA,f3_reactivacion,1,0,0,0
HCDN1290,2018,0.9993,kirchnerismo,BUENOS AIRES,PAMPEANA,f3_reactivacion,0,0,0,0
HCDN1290,2019,0.9418,kirchnerismo,BUENOS AIRES,PAMPEANA,f3_reactivacion,1,0,0,0
HCDN1290,2025,0.0602,kirchnerismo,BUENOS AIRES,PAMPEANA,f5_cierre,1,0,0,0
HCDN1202,2009,0.0602,kirchnerismo,CHACO,NEA,f1_impasse,1,1,0,0
HCDN1202,2010,0.9993,kirchnerismo,CHACO,NEA,f2_relanzamiento,0,1,0,0
HCDN1202,2011,0.9993,kirchnerismo,CHACO,NEA,f2_relanzamiento,1,1,0,0
HCDN1202,2012,1.0021,kirchnerismo,CHACO,NEA,f2_relanzamiento,0,1,0,0
HCDN1202,2013,0.9391,kirchnerismo,CHACO,NEA,f2_relanzamiento,1,1,0,0
HCDN0785,2008,1.0021,pro,CIUDAD DE BUENOS AIRES,CABA,f1_impasse,0,0,0,0
HCDN0785,2009,0.9993,pro,CIUDAD DE BUENOS AIRES,CABA,f1_impasse,1,0,1,0
HCDN0785,2010,0.9993,pro,CIUDAD DE BUENOS AIRES,CABA,f2_relanzamiento,0,0,0,0
HCDN0785,2011,0.9993,pro,CIUDAD DE BUENOS AIRES,CABA,f2_relanzamiento,1,0,1,0
HCDN0785,2012,1.0021,pro,CIUDAD DE BUENOS AIRES,CABA,f2_relanzamiento,0,0,2,0
HCDN0785,2013,0.9993,pro,CIUDAD DE BUENOS AIRES,CABA,f2_relanzamiento,1,0,2,0
HCDN0785,2014,0.9993,pro,CIUDAD DE BUENOS AIRES,CABA,f2_relanzamiento,0,0,1,0
HCDN0785,2015,0.9199,pro,CIUDAD DE BUENOS AIRES,CABA,f2_relanzamiento,1,0,1,0
HCDN1133,2009,0.1013,ucr,MENDOZA,CUYO,f1_impasse,1,0,0,0
HCDN1133,2010,0.9993,ucr,MENDOZA,CUYO,f2_relanzamiento,0,0,0,0
HCDN1133,2011,0.9391,ucr,MENDOZA,CUYO,f2_relanzamiento,1,0,0,0
HCDN2940,2021,0.0602,lla,BUENOS AIRES,PAMPEANA,f4_paralisis,1,0,0,0
HCDN2940,2022,0.9993,lla,BUENOS AIRES,PAMPEANA,f4_paralisis,0,0,0,0
HCDN2940,2023,0.9993,lla,BUENOS AIRES,PAMPEANA,f4_paralisis,1,0,0,0
HCDN2940,2024,1.0021,lla,BUENOS AIRES,PAMPEANA,f5_cierre,0,1,0,0
HCDN2940,2025,0.9172,lla,BUENOS AIRES,PAMPEANA,f5_cierre,1,1,0,0
HCDN1469,2015,0.0602,peronismo_federal,CIUDAD DE BUENOS AIRES,CABA,f2_relanzamiento,1,0,0,0
HCDN1469,2016,1.0021,peronismo_federal,CIUDAD DE BUENOS AIRES,CABA,f3_reactivacion,0,0,0,0
HCDN1469,2017,0.9993,peronismo_federal,CIUDAD DE BUENOS AIRES,CABA,f3_reactivacion,1,0,0,0
HCDN1469,2018,0.9993,peronismo_federal,CIUDAD DE BUENOS AIRES,CABA,f3_reactivacion,0,0,0,0
HCDN1469,2019,0.9391,peronismo_federal,CIUDAD DE BUENOS AIRES,CABA,f3_reactivacion,1,0,0,0
HCDN3242,2023,0.0602,izquierda_progresista,BUENOS AIRES,PAMPEANA,f4_paralisis,1,0,0,0
HCDN3242,2024,1.0021,izquierda_progresista,BUENOS AIRES,PAMPEANA,f5_cierre,0,0,0,0
HCDN3242,2025,0.9993,izquierda_progresista,BUENOS AIRES,PAMPEANA,f5_cierre,1,0,0,0
HCDN1348,2013,0.0602,izquierda_progresista,BUENOS AIRES,PAMPEANA,f2_relanzamiento,1,0,0,0
HCDN1348,2014,0.9993,izquierda_progresista,BUENOS AIRES,PAMPEANA,f2_relanzamiento,0,0,0,0
HCDN1348,2015,0.4983,izquierda_progresista,BUENOS AIRES,PAMPEANA,f2_relanzamiento,1,0,0,0
HCDN1348,2016,1.0021,izquierda_progresista,BUENOS AIRES,PAMPEANA,f3_reactivacion,0,0,0,0
HCDN1348,2017,0.4408,izquierda_progresista,BUENOS AIRES,PAMPEANA,f3_reactivacion,1,0,0,0
HCDN1203,2009,0.0602,kirchnerismo,BUENOS AIRES,PAMPEANA,f1_impasse,1,1,0,0
HCDN1203,2010,0.9993,kirchnerismo,BUENOS AIRES,PAMPEANA,f2_relanzamiento,0,1,0,0
HCDN1203,2011,0.9993,kirchnerismo,BUENOS AIRES,PAMPEANA,f2_relanzamiento,1,1,0,0
HCDN1203,2012,1.0021,kirchnerismo,BUENOS AIRES,PAMPEANA,f2_relanzamiento,0,1,0,0
HCDN1203,2013,0.9993,kirchnerismo,BUENOS AIRES,PAMPEANA,f2_relanzamiento,1,1,0,0
HCDN1203,2014,0.9993,otros,BUENOS AIRES,PAMPEANA,f2_relanzamiento,0,0,0,0
HCDN1203,2015,0.9993,otros,BUENOS AIRES,PAMPEANA,f2_relanzamiento,1,0,0,0
HCDN1203,2016,1.0021,otros,BUENOS AIRES,PAMPEANA,f3_reactivacion,0,0,0,0
HCDN1203,2017,0.9391,otros,BUENOS AIRES,PAMPEANA,f3_reactivacion,1,0,0,0
HCDN0818,2008,1.0021,peronismo_federal,SAN LUIS,CUYO,f1_impasse,0,0,0,0
HCDN0818,2009,0.9391,peronismo_federal,SAN LUIS,CUYO,f1_impasse,1,0,0,0
HCDN0818,2015,0.0602,peronismo_federal,SAN LUIS,CUYO,f2_relanzamiento,1,0,0,0
HCDN0818,2016,1.0021,provinciales,SAN LUIS,CUYO,f3_reactivacion,0,0,0,0
HCDN0818,2017,0.9391,provinciales,SAN LUIS,CUYO,f3_reactivacion,1,0,0,0
HCDN0818,2021,0.0602,provinciales,SAN LUIS,CUYO,f4_paralisis,1,0,0,0
HCDN0818,2022,0.9993,provinciales,SAN LUIS,CUYO,f4_paralisis,0,0,0,0
HCDN0818,2023,0.835,provinciales,SAN LUIS,CUYO,f4_paralisis,1,0,0,0
HCDN3082,2023,0.0602,kirchnerismo,CIUDAD DE BUENOS AIRES,CABA,f4_paralisis,1,1,0,0
HCDN3082,2024,1.0021,kirchnerismo,CIUDAD DE BUENOS AIRES,CABA,f5_cierre,0,0,0,0
HCDN3082,2025,0.9993,kirchnerismo,CIUDAD DE BUENOS AIRES,CABA,f5_cierre,1,0,1,0
HCDN2929,2021,0.0602,ucr,CHACO,NEA,f4_paralisis,1,0,0,0
HCDN2929,2022,0.9993,ucr,CHACO,NEA,f4_paralisis,0,0,0,0
HCDN2929,2023,0.9993,ucr,CHACO,NEA,f4_paralisis,1,0,0,0
HCDN2929,2024,1.0021,ucr,CHACO,NEA,f5_cierre,0,0,0,0
HCDN2929,2025,0.9391,ucr,CHACO,NEA,f5_cierre,1,0,0,0
HCDN2353,2017,0.0602,pro,CIUDAD DE BUENOS AIRES,CABA,f3_reactivacion,1,1,0,0
HCDN2353,2018,0.9993,pro,CIUDAD DE BUENOS AIRES,CABA,f3_reactivacion,0,1,0,0
HCDN2353,2019,0.9993,pro,CIUDAD DE BUENOS AIRES,CABA,f3_reactivacion,1,1,0,0
HCDN2353,2020,1.0021,pro,CIUDAD DE BUENOS AIRES,CABA,f4_paralisis,0,0,0,0
HCDN2353,2021,0.9391,pro,CIUDAD DE BUENOS AIRES,CABA,f4_paralisis,1,0,0,0
HCDN2762,2019,0.0602,kirchnerismo,SAN LUIS,CUYO,f3_reactivacion,1,0,0,0
HCDN2762,2020,1.0021,kirchnerismo,SAN LUIS,CUYO,f4_paralisis,0,1,0,0
HCDN2762,2021,0.9993,kirchnerismo,SAN LUIS,CUYO,f4_paralisis,1,1,0,0
HCDN2762,2022,0.9993,kirchnerismo,SAN LUIS,CUYO,f4_paralisis,0,1,0,0
HCDN2762,2023,0.9391,kirchnerismo,SAN LUIS,CUYO,f4_paralisis,1,1,0,0
HCDN3069,2023,0.0602,lla,CORDOBA,PAMPEANA,f4_paralisis,1,0,0,0
HCDN3069,2024,1.0021,lla,CORDOBA,PAMPEANA,f5_cierre,0,1,0,0
HCDN3069,2025,0.9993,lla,CORDOBA,PAMPEANA,f5_cierre,1,1,0,0
HCDN1015,2008,1.0021,ucr,CORRIENTES,NEA,f1_impasse,0,0,0,0
HCDN1015,2009,0.9993,ucr,CORRIENTES,NEA,f1_impasse,1,0,0,0
HCDN1015,2010,0.9993,ucr,CORRIENTES,NEA,f2_relanzamiento,0,0,0,0
HCDN1015,2011,0.9993,ucr,CORRIENTES,NEA,f2_relanzamiento,1,0,0,0
HCDN1015,2012,1.0021,ucr,CORRIENTES,NEA,f2_relanzamiento,0,0,0,0
HCDN1015,2013,0.9993,ucr,CORRIENTES,NEA,f2_relanzamiento,1,0,0,0
HCDN1015,2014,0.9993,ucr,CORRIENTES,NEA,f2_relanzamiento,0,0,0,0
HCDN1015,2015,0.9391,ucr,CORRIENTES,NEA,f2_relanzamiento,1,0,0,0
HCDN3078,2023,0.0602,kirchnerismo,BUENOS AIRES,PAMPEANA,f4_paralisis,1,1,0,0
HCDN3078,2024,1.0021,kirchnerismo,BUENOS AIRES,PAMPEANA,f5_cierre,0,0,0,0
HCDN3078,2025,0.9993,kirchnerismo,BUENOS AIRES,PAMPEANA,f5_cierre,1,0,0,0
HCDN3151,2025,0.23,provinciales,SANTA CRUZ,PATAGONIA,f5_cierre,1,0,0,0
HCDN1291,2011,0.0602,provinciales,MENDOZA,CUYO,f2_relanzamiento,1,0,0,0
HCDN1291,2012,1.0021,provinciales,MENDOZA,CUYO,f2_relanzamiento,0,0,0,0
HCDN1291,2013,0.9993,provinciales,MENDOZA,CUYO,f2_relanzamiento,1,0,0,0
HCDN1291,2014,0.9993,provinciales,MENDOZA,CUYO,f2_relanzamiento,0,0,0,0
HCDN1291,2015,0.9391,provinciales,MENDOZA,CUYO,f2_relanzamiento,1,0,1,0
HCDN1509,2015,0.0602,pro,CORDOBA,PAMPEANA,f2_relanzamiento,1,0,0,0
HCDN1509,2016,1.0021,pro,CORDOBA,PAMPEANA,f3_reactivacion,0,1,1,0
HCDN1509,2017,0.9993,pro,CORDOBA,PAMPEANA,f3_reactivacion,1,1,0,0
HCDN1509,2018,0.9993,pro,CORDOBA,PAMPEANA,f3_reactivacion,0,1,0,0
HCDN1509,2019,0.9391,pro,CORDOBA,PAMPEANA,f3_reactivacion,1,1,0,0
HCDN1016,2008,1.0021,kirchnerismo,NEUQUEN,PATAGONIA,f1_impasse,0,1,0,0
HCDN1016,2009,0.9993,kirchnerismo,NEUQUEN,PATAGONIA,f1_impasse,1,1,0,0
HCDN1016,2010,0.9993,kirchnerismo,NEUQUEN,PATAGONIA,f2_relanzamiento,0,1,0,0
HCDN1016,2011,0.9391,kirchnerismo,NEUQUEN,PATAGONIA,f2_relanzamiento,1,1,0,0
HCDN2905,2021,0.0602,kirchnerismo,BUENOS AIRES,PAMPEANA,f4_paralisis,1,1,0,0
HCDN2905,2022,0.9993,kirchnerismo,BUENOS AIRES,PAMPEANA,f4_paralisis,0,1,0,0
HCDN2905,2023,0.9993,kirchnerismo,BUENOS AIRES,PAMPEANA,f4_paralisis,1,1,0,0
HCDN2905,2024,1.0021,kirchnerismo,BUENOS AIRES,PAMPEANA,f5_cierre,0,0,0,0
HCDN2905,2025,0.9993,kirchnerismo,BUENOS AIRES,PAMPEANA,f5_cierre,1,0,0,0
HCDN1322,2011,0.0602,izquierda_progresista,BUENOS AIRES,PAMPEANA,f2_relanzamiento,1,0,0,0
HCDN1322,2012,1.0021,izquierda_progresista,BUENOS AIRES,PAMPEANA,f2_relanzamiento,0,0,0,0
HCDN1322,2013,0.9993,izquierda_progresista,BUENOS AIRES,PAMPEANA,f2_relanzamiento,1,0,0,0
HCDN1322,2014,0.9993,otros,BUENOS AIRES,PAMPEANA,f2_relanzamiento,0,0,0,0
HCDN1322,2015,0.9391,otros,BUENOS AIRES,PAMPEANA,f2_relanzamiento,1,0,0,0
HCDN0462,2009,0.0602,peronismo_federal,MISIONES,NEA,f1_impasse,1,0,0,0
HCDN0462,2010,0.9993,peronismo_federal,MISIONES,NEA,f2_relanzamiento,0,0,0,0
HCDN0462,2011,0.9993,peronismo_federal,MISIONES,NEA,f2_relanzamiento,1,0,0,0
HCDN0462,2012,1.0021,peronismo_federal,MISIONES,NEA,f2_relanzamiento,0,0,0,0
HCDN0462,2013,0.9391,peronismo_federal,MISIONES,NEA,f2_relanzamiento,1,0,0,0
HCDN0230,2008,1.0021,kirchnerismo,BUENOS AIRES,PAMPEANA,f1_impasse,0,1,0,0
HCDN0230,2009,0.9993,kirchnerismo,BUENOS AIRES,PAMPEANA,f1_impasse,1,1,0,0
HCDN0230,2010,0.9993,kirchnerismo,BUENOS AIRES,PAMPEANA,f2_relanzamiento,0,1,0,0
HCDN0230,2011,0.9993,kirchnerismo,BUENOS AIRES,PAMPEANA,f2_relanzamiento,1,1,0,0
HCDN0230,2012,1.0021,kirchnerismo,BUENOS AIRES,PAMPEANA,f2_relanzamiento,0,1,0,0
HCDN0230,2013,0.9993,kirchnerismo,BUENOS AIRES,PAMPEANA,f2_relanzamiento,1,1,0,0
HCDN0230,2014,0.9993,kirchnerismo,BUENOS AIRES,PAMPEANA,f2_relanzamiento,0,1,0,0
HCDN0230,2015,0.9391,kirchnerismo,BUENOS AIRES,PAMPEANA,f2_relanzamiento,1,1,0,0
HCDN2406,2017,0.0602,ucr,BUENOS AIRES,PAMPEANA,f3_reactivacion,1,1,0,0
HCDN2406,2018,0.9993,ucr,BUENOS AIRES,PAMPEANA,f3_reactivacion,0,1,0,0
HCDN2406,2019,0.9993,ucr,BUENOS AIRES,PAMPEANA,f3_reactivacion,1,1,0,0
HCDN2406,2020,1.0021,ucr,BUENOS AIRES,PAMPEANA,f4_paralisis,0,0,0,0
HCDN2406,2021,0.9993,ucr,BUENOS AIRES,PAMPEANA,f4_paralisis,1,0,0,0
HCDN2406,2022,0.9993,ucr,BUENOS AIRES,PAMPEANA,f4_paralisis,0,0,0,0
HCDN2406,2023,0.9993,ucr,BUENOS AIRES,PAMPEANA,f4_paralisis,1,0,0,0
HCDN2406,2024,1.0021,ucr,BUENOS AIRES,PAMPEANA,f5_cierre,0,0,0,0
HCDN2406,2025,0.9391,ucr,BUENOS AIRES,PAMPEANA,f5_cierre,1,0,1,0
HCDN1471,2015,0.0602,ucr,CATAMARCA,NOA,f2_relanzamiento,1,0,0,0
HCDN1471,2016,0.95,ucr,CATAMARCA,NOA,f3_reactivacion,0,1,0,0
HCDN3097,2023,0.0602,lla,JUJUY,NOA,f4_paralisis,1,0,0,0
HCDN3097,2024,1.0021,lla,JUJUY,NOA,f5_cierre,0,1,0,0
HCDN3097,2025,0.9993,lla,JUJUY,NOA,f5_cierre,1,1,0,0
HCDN1132,2009,0.1013,kirchnerismo,LA RIOJA,NOA,f1_impasse,1,1,0,0
HCDN1132,2010,0.9993,kirchnerismo,LA RIOJA,NOA,f2_relanzamiento,0,1,0,0
HCDN1132,2011,0.9391,kirchnerismo,LA RIOJA,NOA,f2_relanzamiento,1,1,0,0
HCDN1204,2009,0.0602,ucr,NEUQUEN,PATAGONIA,f1_impasse,1,0,0,0
HCDN1204,2010,0.9993,ucr,NEUQUEN,PATAGONIA,f2_relanzamiento,0,0,1,0
HCDN1204,2011,0.9117,ucr,NEUQUEN,PATAGONIA,f2_relanzamiento,1,0,0,0
HCDN0463,2008,1.0021,cc_ari,BUENOS AIRES,PAMPEANA,f1_impasse,0,0,0,0
HCDN0463,2009,0.9993,cc_ari,BUENOS AIRES,PAMPEANA,f1_impasse,1,0,0,0
HCDN0463,2010,0.9993,cc_ari,BUENOS AIRES,PAMPEANA,f2_relanzamiento,0,0,0,0
HCDN0463,2011,0.9391,cc_ari,BUENOS AIRES,PAMPEANA,f2_relanzamiento,1,0,0,0
HCDN2945,2021,0.0602,pro,CHACO,NEA,f4_paralisis,1,0,0,0
HCDN2945,2022,0.9993,pro,CHACO,NEA,f4_paralisis,0,0,0,0
HCDN2945,2023,0.9993,pro,CHACO,NEA,f4_paralisis,1,0,0,0
HCDN2945,2024,1.0021,pro,CHACO,NEA,f5_cierre,0,0,0,0
HCDN2945,2025,0.9391,pro,CHACO,NEA,f5_cierre,1,0,0,0
HCDN1472,2015,0.0602,kirchnerismo,CHACO,NEA,f2_relanzamiento,1,1,0,0
HCDN1472,2016,1.0021,kirchnerismo,CHACO,NEA,f3_reactivacion,0,0,0,0
HCDN1472,2017,0.9993,kirchnerismo,CHACO,NEA,f3_reactivacion,1,0,0,0
HCDN1472,2018,0.9993,kirchnerismo,CHACO,NEA,f3_reactivacion,0,0,0,0
HCDN1472,2019,0.9391,kirchnerismo,CHACO,NEA,f3_reactivacion,1,0,0,0
HCDN1558,2016,0.8378,otros,CIUDAD DE BUENOS AIRES,CABA,f3_reactivacion,0,0,0,0
HCDN1558,2017,0.9391,otros,CIUDAD DE BUENOS AIRES,CABA,f3_reactivacion,1,0,0,0
HCDN0132,2008,1.0021,izquierda_progresista,BUENOS AIRES,PAMPEANA,f1_impasse,0,0,1,0
HCDN0132,2009,0.9391,izquierda_progresista,BUENOS AIRES,PAMPEANA,f1_impasse,1,0,0,0
HCDN0132,2011,0.0602,kirchnerismo,BUENOS AIRES,PAMPEANA,f2_relanzamiento,1,1,0,0
HCDN0132,2012,1.0021,kirchnerismo,BUENOS AIRES,PAMPEANA,f2_relanzamiento,0,1,0,0
HCDN0132,2013,0.9993,kirchnerismo,BUENOS AIRES,PAMPEANA,f2_relanzamiento,1,1,0,0
HCDN0132,2014,0.9993,kirchnerismo,BUENOS AIRES,PAMPEANA,f2_relanzamiento,0,1,0,0
HCDN0132,2015,0.9391,kirchnerismo,BUENOS AIRES,PAMPEANA,f2_relanzamiento,1,1,0,0
HCDN2407,2017,0.0602,izquierda_progresista,MENDOZA,CUYO,f3_reactivacion,1,0,0,0
HCDN2407,2018,0.9993,provinciales,MENDOZA,CUYO,f3_reactivacion,0,0,0,0
HCDN2407,2019,0.9993,provinciales,MENDOZA,CUYO,f3_reactivacion,1,0,0,0
HCDN2407,2020,1.0021,otros,MENDOZA,CUYO,f4_paralisis,0,0,0,0
HCDN2407,2021,0.9391,otros,MENDOZA,CUYO,f4_paralisis,1,0,0,0
HCDN1492,2015,0.0602,kirchnerismo,SANTA FE,PAMPEANA,f2_relanzamiento,1,1,0,0
HCDN1492,2016,1.0021,kirchnerismo,SANTA FE,PAMPEANA,f3_reactivacion,0,0,0,0
HCDN1492,2017,0.9993,kirchnerismo,SANTA FE,PAMPEANA,f3_reactivacion,1,0,0,0
HCDN1492,2018,0.9993,peronismo_federal,SANTA FE,PAMPEANA,f3_reactivacion,0,0,0,0
HCDN1492,2019,0.9391,peronismo_federal,SANTA FE,PAMPEANA,f3_reactivacion,1,0,0,0
HCDN1042,2021,0.0602,peronismo_federal,BUENOS AIRES,PAMPEANA,f4_paralisis,1,0,0,0
HCDN1042,2022,0.9993,peronismo_federal,BUENOS AIRES,PAMPEANA,f4_paralisis,0,0,0,0
HCDN1042,2023,0.9993,peronismo_federal,BUENOS AIRES,PAMPEANA,f4_paralisis,1,0,0,0
HCDN1042,2024,1.0021,peronismo_federal,BUENOS AIRES,PAMPEANA,f5_cierre,0,0,0,0
HCDN1042,2025,0.9391,peronismo_federal,BUENOS AIRES,PAMPEANA,f5_cierre,1,0,0,0
HCDN1292,2011,0.0602,izquierda_progresista,SANTA FE,PAMPEANA,f2_relanzamiento,1,0,0,0
HCDN1292,2012,1.0021,izquierda_progresista,SANTA FE,PAMPEANA,f2_relanzamiento,0,0,0,0
HCDN1292,2013,0.9993,izquierda_progresista,SANTA FE,PAMPEANA,f2_relanzamiento,1,0,0,0
HCDN1292,2014,0.9993,izquierda_progresista,SANTA FE,PAMPEANA,f2_relanzamiento,0,0,0,0
HCDN1292,2015,0.9391,izquierda_progresista,SANTA FE,PAMPEANA,f2_relanzamiento,1,0,0,0
HCDN2408,2017,0.0602,peronismo_federal,LA PAMPA,PAMPEANA,f3_reactivacion,1,0,0,0
HCDN2408,2018,0.9993,peronismo_federal,LA PAMPA,PAMPEANA,f3_reactivacion,0,0,0,0
HCDN2408,2019,0.9993,peronismo_federal,LA PAMPA,PAMPEANA,f3_reactivacion,1,0,0,0
HCDN2408,2020,1.0021,kirchnerismo,LA PAMPA,PAMPEANA,f4_paralisis,0,1,0,0
HCDN2408,2021,0.9391,kirchnerismo,LA PAMPA,PAMPEANA,f4_paralisis,1,1,0,0
HCDN2408,2023,0.0602,kirchnerismo,LA PAMPA,PAMPEANA,f4_paralisis,1,1,0,0
HCDN2408,2024,1.0021,kirchnerismo,LA PAMPA,PAMPEANA,f5_cierre,0,0,0,0
HCDN2408,2025,0.9993,kirchnerismo,LA PAMPA,PAMPEANA,f5_cierre,1,0,0,0
HCDN3159,2025,0.0602,lla,SANTA FE,PAMPEANA,f5_cierre,1,1,0,0
HCDN1453,2015,0.0602,kirchnerismo,BUENOS AIRES,PAMPEANA,f2_relanzamiento,1,1,0,0
HCDN1453,2016,1.0021,kirchnerismo,BUENOS AIRES,PAMPEANA,f3_reactivacion,0,0,0,0
HCDN1453,2017,0.9993,kirchnerismo,BUENOS AIRES,PAMPEANA,f3_reactivacion,1,0,0,0
HCDN1453,2018,0.9993,kirchnerismo,BUENOS AIRES,PAMPEANA,f3_reactivacion,0,0,0,0
HCDN1453,2019,0.9391,kirchnerismo,BUENOS AIRES,PAMPEANA,f3_reactivacion,1,0,0,0
HCDN3234,2025,0.0602,lla,LA PAMPA,PAMPEANA,f5_cierre,1,1,0,0
HCDN3110,2023,0.0602,pro,SANTA FE,PAMPEANA,f4_paralisis,1,0,0,0
HCDN3110,2024,1.0021,pro,SANTA FE,PAMPEANA,f5_cierre,0,0,0,0
HCDN3110,2025,0.9993,lla,SANTA FE,PAMPEANA,f5_cierre,1,1,0,0
HCDN1205,2009,0.0602,cc_ari,ENTRE RIOS,PAMPEANA,f1_impasse,1,0,0,0
HCDN1205,2010,0.9993,cc_ari,ENTRE RIOS,PAMPEANA,f2_relanzamiento,0,0,0,0
HCDN1205,2011,0.9993,cc_ari,ENTRE RIOS,PAMPEANA,f2_relanzamiento,1,0,0,0
HCDN1205,2012,1.0021,cc_ari,ENTRE RIOS,PAMPEANA,f2_relanzamiento,0,0,0,0
HCDN1205,2013,0.9391,cc_ari,ENTRE RIOS,PAMPEANA,f2_relanzamiento,1,0,0,0
HCDN0910,2008,1.0021,kirchnerismo,BUENOS AIRES,PAMPEANA,f1_impasse,0,1,0,0
HCDN0910,2009,0.9993,kirchnerismo,BUENOS AIRES,PAMPEANA,f1_impasse,1,1,0,0
HCDN0910,2010,0.9993,kirchnerismo,BUENOS AIRES,PAMPEANA,f2_relanzamiento,0,1,0,0
HCDN0910,2011,0.9993,kirchnerismo,BUENOS AIRES,PAMPEANA,f2_relanzamiento,1,1,1,0
HCDN0910,2012,1.0021,kirchnerismo,BUENOS AIRES,PAMPEANA,f2_relanzamiento,0,1,0,0
HCDN0910,2013,0.9993,kirchnerismo,BUENOS AIRES,PAMPEANA,f2_relanzamiento,1,1,0,0
HCDN0910,2014,0.9993,kirchnerismo,BUENOS AIRES,PAMPEANA,f2_relanzamiento,0,1,0,0
HCDN0910,2015,0.9993,kirchnerismo,BUENOS AIRES,PAMPEANA,f2_relanzamiento,1,1,0,0
HCDN0910,2016,1.0021,kirchnerismo,BUENOS AIRES,PAMPEANA,f3_reactivacion,0,0,1,0
HCDN0910,2017,0.9391,kirchnerismo,BUENOS AIRES,PAMPEANA,f3_reactivacion,1,0,0,0
HCDN1293,2011,0.0602,kirchnerismo,MISIONES,NEA,f2_relanzamiento,1,1,0,0
HCDN1293,2012,1.0021,kirchnerismo,MISIONES,NEA,f2_relanzamiento,0,1,0,0
HCDN1293,2013,0.9993,kirchnerismo,MISIONES,NEA,f2_relanzamiento,1,1,0,0
HCDN1293,2014,0.9993,kirchnerismo,MISIONES,NEA,f2_relanzamiento,0,1,0,0
HCDN1293,2015,0.9391,kirchnerismo,MISIONES,NEA,f2_relanzamiento,1,1,0,0
HCDN1206,2009,0.0602,peronismo_federal,LA PAMPA,PAMPEANA,f1_impasse,1,0,0,0
HCDN1206,2010,0.9993,peronismo_federal,LA PAMPA,PAMPEANA,f2_relanzamiento,0,0,0,0
HCDN1206,2011,0.9993,peronismo_federal,LA PAMPA,PAMPEANA,f2_relanzamiento,1,0,0,0
HCDN1206,2012,1.0021,peronismo_federal,LA PAMPA,PAMPEANA,f2_relanzamiento,0,0,0,0
HCDN1206,2013,0.9391,peronismo_federal,LA PAMPA,PAMPEANA,f2_relanzamiento,1,0,0,0
HCDN2409,2017,0.0602,ucr,CORRIENTES,NEA,f3_reactivacion,1,1,0,0
HCDN2409,2018,0.9993,ucr,CORRIENTES,NEA,f3_reactivacion,0,1,0,0
HCDN2409,2019,0.9993,ucr,CORRIENTES,NEA,f3_reactivacion,1,1,0,0
HCDN2409,2020,1.0021,ucr,CORRIENTES,NEA,f4_paralisis,0,0,0,0
HCDN2409,2021,0.9391,ucr,CORRIENTES,NEA,f4_paralisis,1,0,0,0
HCDN3175,2025,0.0602,lla,BUENOS AIRES,PAMPEANA,f5_cierre,1,1,0,0
HCDN1017,2008,1.0021,kirchnerismo,LA RIOJA,NOA,f1_impasse,0,1,0,0
HCDN1017,2009,0.898,kirchnerismo,LA RIOJA,NOA,f1_impasse,1,1,0,0
HCDN2795,2019,0.0602,pro,BUENOS AIRES,PAMPEANA,f3_reactivacion,1,1,0,0
HCDN2795,2020,1.0021,pro,BUENOS AIRES,PAMPEANA,f4_paralisis,0,0,0,0
HCDN2795,2021,0.9993,pro,BUENOS AIRES,PAMPEANA,f4_paralisis,1,0,0,0
HCDN2795,2022,0.9993,pro,BUENOS AIRES,PAMPEANA,f4_paralisis,0,0,0,0
HCDN2795,2023,0.9391,pro,BUENOS AIRES,PAMPEANA,f4_paralisis,1,0,0,0
HCDN1030,2008,1.0021,cc_ari,CIUDAD DE BUENOS AIRES,CABA,f1_impasse,0,0,0,0
HCDN1030,2009,0.9993,cc_ari,CIUDAD DE BUENOS AIRES,CABA,f1_impasse,1,0,0,0
HCDN1030,2010,0.9993,cc_ari,CIUDAD DE BUENOS AIRES,CABA,f2_relanzamiento,0,0,0,0
HCDN1030,2011,0.9391,cc_ari,CIUDAD DE BUENOS AIRES,CABA,f2_relanzamiento,1,0,0,0
HCDN2410,2017,0.0602,ucr,SANTA CRUZ,PATAGONIA,f3_reactivacion,1,1,0,0
HCDN2410,2018,0.9993,ucr,SANTA CRUZ,PATAGONIA,f3_reactivacion,0,1,0,0
HCDN2410,2019,0.9993,ucr,SANTA CRUZ,PATAGONIA,f3_reactivacion,1,1,0,0
HCDN2410,2020,1.0021,ucr,SANTA CRUZ,PATAGONIA,f4_paralisis,0,0,0,0
HCDN2410,2021,0.9993,ucr,SANTA CRUZ,PATAGONIA,f4_paralisis,1,0,0,0
HCDN2410,2022,0.9993,ucr,SANTA CRUZ,PATAGONIA,f4_paralisis,0,0,0,0
HCDN2410,2023,0.9993,ucr,SANTA CRUZ,PATAGONIA,f4_paralisis,1,0,0,0
HCDN2410,2024,1.0021,ucr,SANTA CRUZ,PATAGONIA,f5_cierre,0,0,1,1
HCDN2410,2025,0.9391,ucr,SANTA CRUZ,PATAGONIA,f5_cierre,1,0,0,0
HCDN2820,2019,0.0602,pro,CIUDAD DE BUENOS AIRES,CABA,f3_reactivacion,1,1,0,0
HCDN2820,2020,1.0021,pro,CIUDAD DE BUENOS AIRES,CABA,f4_paralisis,0,0,0,0
HCDN2820,2021,0.9993,pro,CIUDAD DE BUENOS AIRES,CABA,f4_paralisis,1,0,0,0
HCDN2820,2022,0.9993,pro,CIUDAD DE BUENOS AIRES,CABA,f4_paralisis,0,0,0,0
HCDN2820,2023,0.9391,pro,CIUDAD DE BUENOS AIRES,CABA,f4_paralisis,1,0,0,0
HCDN1397,2013,0.0602,ucr,SAN LUIS,CUYO,f2_relanzamiento,1,0,0,0
HCDN1397,2014,0.9993,ucr,SAN LUIS,CUYO,f2_relanzamiento,0,0,0,0
HCDN1397,2015,0.9993,ucr,SAN LUIS,CUYO,f2_relanzamiento,1,0,0,0
HCDN1397,2016,1.0021,ucr,SAN LUIS,CUYO,f3_reactivacion,0,1,0,0
HCDN1397,2017,0.9993,ucr,SAN LUIS,CUYO,f3_reactivacion,1,1,0,0
HCDN1397,2018,0.9993,ucr,SAN LUIS,CUYO,f3_reactivacion,0,1,0,0
HCDN1397,2019,0.9993,ucr,SAN LUIS,CUYO,f3_reactivacion,1,1,0,0
HCDN1397,2020,1.0021,ucr,SAN LUIS,CUYO,f4_paralisis,0,0,1,0
HCDN1397,2021,0.9391,ucr,SAN LUIS,CUYO,f4_paralisis,1,0,0,0
HCDN2439,2018,0.8022,ucr,SANTA CRUZ,PATAGONIA,f3_reactivacion,0,1,0,0
HCDN2439,2019,0.9391,ucr,SANTA CRUZ,PATAGONIA,f3_reactivacion,1,1,0,0
HCDN3229,2025,0.0602,lla,NEUQUEN,PATAGONIA,f5_cierre,1,1,0,0
HCDN1294,2011,0.0602,izquierda_progresista,SANTA FE,PAMPEANA,f2_relanzamiento,1,0,0,0
HCDN1294,2012,1.0021,izquierda_progresista,SANTA FE,PAMPEANA,f2_relanzamiento,0,0,0,0
HCDN1294,2013,0.9993,izquierda_progresista,SANTA FE,PAMPEANA,f2_relanzamiento,1,0,1,1
HCDN1294,2014,0.9993,izquierda_progresista,SANTA FE,PAMPEANA,f2_relanzamiento,0,0,0,0
HCDN1294,2015,0.9391,izquierda_progresista,SANTA FE,PAMPEANA,f2_relanzamiento,1,0,0,0
HCDN1083,2008,1.0021,ucr,BUENOS AIRES,PAMPEANA,f1_impasse,0,0,0,0
HCDN1083,2009,0.9993,ucr,BUENOS AIRES,PAMPEANA,f1_impasse,1,0,0,0
HCDN1083,2010,0.9993,ucr,BUENOS AIRES,PAMPEANA,f2_relanzamiento,0,0,0,0
HCDN1083,2011,0.9391,ucr,BUENOS AIRES,PAMPEANA,f2_relanzamiento,1,0,0,0
HCDN1295,2011,0.0602,kirchnerismo,ENTRE RIOS,PAMPEANA,f2_relanzamiento,1,1,0,0
HCDN1295,2012,1.0021,kirchnerismo,ENTRE RIOS,PAMPEANA,f2_relanzamiento,0,1,0,0
HCDN1295,2013,0.9993,kirchnerismo,ENTRE RIOS,PAMPEANA,f2_relanzamiento,1,1,0,0
HCDN1295,2014,0.9993,kirchnerismo,ENTRE RIOS,PAMPEANA,f2_relanzamiento,0,1,1,0
HCDN1295,2015,0.9391,kirchnerismo,ENTRE RIOS,PAMPEANA,f2_relanzamiento,1,1,0,0
HCDN0825,2011,0.0602,kirchnerismo,CORRIENTES,NEA,f2_relanzamiento,1,1,0,0
HCDN0825,2012,1.0021,kirchnerismo,CORRIENTES,NEA,f2_relanzamiento,0,1,0,0
HCDN0825,2013,0.9418,kirchnerismo,CORRIENTES,NEA,f2_relanzamiento,1,1,0,0
HCDN3149,2025,0.6516,izquierda_progresista,BUENOS AIRES,PAMPEANA,f5_cierre,1,0,0,0
HCDN1207,2009,0.0602,kirchnerismo,MISIONES,NEA,f1_impasse,1,1,0,0
HCDN1207,2010,0.9993,kirchnerismo,MISIONES,NEA,f2_relanzamiento,0,1,0,0
HCDN1207,2011,0.9993,kirchnerismo,MISIONES,NEA,f2_relanzamiento,1,1,0,0
HCDN1207,2012,1.0021,kirchnerismo,MISIONES,NEA,f2_relanzamiento,0,1,0,0
HCDN1207,2013,0.9993,kirchnerismo,MISIONES,NEA,f2_relanzamiento,1,1,0,0
HCDN1207,2014,0.9993,kirchnerismo,MISIONES,NEA,f2_relanzamiento,0,1,0,0
HCDN1207,2015,0.9993,kirchnerismo,MISIONES,NEA,f2_relanzamiento,1,1,0,0
HCDN1207,2016,1.0021,provinciales,MISIONES,NEA,f3_reactivacion,0,0,0,0
HCDN1207,2017,0.9391,provinciales,MISIONES,NEA,f3_reactivacion,1,0,0,0
HCDN1510,2015,0.0602,ucr,CORDOBA,PAMPEANA,f2_relanzamiento,1,0,0,0
HCDN1510,2016,1.0021,ucr,CORDOBA,PAMPEANA,f3_reactivacion,0,1,0,0
HCDN1510,2017,0.9993,ucr,CORDOBA,PAMPEANA,f3_reactivacion,1,1,0,0
HCDN1510,2018,0.9993,ucr,CORDOBA,PAMPEANA,f3_reactivacion,0,1,1,0
HCDN1510,2019,0.9391,ucr,CORDOBA,PAMPEANA,f3_reactivacion,1,1,0,0
HCDN0788,2019,0.0602,pro,BUENOS AIRES,PAMPEANA,f3_reactivacion,1,1,0,0
HCDN0788,2020,1.0021,pro,BUENOS AIRES,PAMPEANA,f4_paralisis,0,0,0,0
HCDN0788,2021,0.9993,pro,BUENOS AIRES,PAMPEANA,f4_paralisis,1,0,0,0
HCDN0788,2022,0.9993,pro,BUENOS AIRES,PAMPEANA,f4_paralisis,0,0,0,0
HCDN0788,2023,0.9993,pro,BUENOS AIRES,PAMPEANA,f4_paralisis,1,0,0,0
HCDN0788,2024,1.0021,pro,BUENOS AIRES,PAMPEANA,f5_cierre,0,0,0,0
HCDN0788,2025,0.9993,pro,BUENOS AIRES,PAMPEANA,f5_cierre,1,0,0,0
HCDN1208,2009,0.0602,peronismo_federal,BUENOS AIRES,PAMPEANA,f1_impasse,1,0,0,0
HCDN1208,2010,0.9993,peronismo_federal,BUENOS AIRES,PAMPEANA,f2_relanzamiento,0,0,1,0
HCDN1208,2011,0.9993,peronismo_federal,BUENOS AIRES,PAMPEANA,f2_relanzamiento,1,0,0,0
HCDN1208,2012,1.0021,peronismo_federal,BUENOS AIRES,PAMPEANA,f2_relanzamiento,0,0,0,0
HCDN1208,2013,0.9391,peronismo_federal,BUENOS AIRES,PAMPEANA,f2_relanzamiento,1,0,0,0
HCDN1296,2011,0.0602,kirchnerismo,JUJUY,NOA,f2_relanzamiento,1,1,0,0
HCDN1296,2012,1.0021,kirchnerismo,JUJUY,NOA,f2_relanzamiento,0,1,0,0
HCDN1296,2013,0.9993,kirchnerismo,JUJUY,NOA,f2_relanzamiento,1,1,0,0
HCDN1296,2014,0.9993,kirchnerismo,JUJUY,NOA,f2_relanzamiento,0,1,0,0
HCDN1296,2015,0.9391,kirchnerismo,JUJUY,NOA,f2_relanzamiento,1,1,0,0
HCDN0235,2009,0.6188,izquierda_progresista,BUENOS AIRES,PAMPEANA,f1_impasse,1,0,0,0
HCDN0235,2010,0.9993,kirchnerismo,BUENOS AIRES,PAMPEANA,f2_relanzamiento,0,1,0,0
HCDN0235,2011,0.9993,kirchnerismo,BUENOS AIRES,PAMPEANA,f2_relanzamiento,1,1,0,0
HCDN0235,2012,1.0021,kirchnerismo,BUENOS AIRES,PAMPEANA,f2_relanzamiento,0,1,0,0
HCDN0235,2013,0.9993,kirchnerismo,BUENOS AIRES,PAMPEANA,f2_relanzamiento,1,1,0,0
HCDN0235,2014,0.9993,kirchnerismo,BUENOS AIRES,PAMPEANA,f2_relanzamiento,0,1,0,0
HCDN0235,2015,0.9391,kirchnerismo,BUENOS AIRES,PAMPEANA,f2_relanzamiento,1,1,0,0
HCDN2754,2019,0.0602,ucr,JUJUY,NOA,f3_reactivacion,1,1,0,0
HCDN2754,2020,1.0021,ucr,JUJUY,NOA,f4_paralisis,0,0,0,0
HCDN2754,2021,0.9993,ucr,JUJUY,NOA,f4_paralisis,1,0,0,0
HCDN2754,2022,0.9993,ucr,JUJUY,NOA,f4_paralisis,0,0,0,0
HCDN2754,2023,0.9993,ucr,JUJUY,NOA,f4_paralisis,1,0,0,0
HCDN2754,2024,1.0021,ucr,JUJUY,NOA,f5_cierre,0,0,0,0
HCDN2754,2025,0.9993,ucr,JUJUY,NOA,f5_cierre,1,0,0,0
HCDN1297,2011,0.0602,peronismo_federal,BUENOS AIRES,PAMPEANA,f2_relanzamiento,1,0,0,0
HCDN1297,2012,1.0021,peronismo_federal,BUENOS AIRES,PAMPEANA,f2_relanzamiento,0,0,1,1
HCDN1297,2013,0.9993,peronismo_federal,BUENOS AIRES,PAMPEANA,f2_relanzamiento,1,0,0,0
HCDN1297,2014,0.9993,peronismo_federal,BUENOS AIRES,PAMPEANA,f2_relanzamiento,0,0,0,0
HCDN1297,2015,0.9993,peronismo_federal,BUENOS AIRES,PAMPEANA,f2_relanzamiento,1,0,0,0
HCDN1297,2016,1.0021,peronismo_federal,BUENOS AIRES,PAMPEANA,f3_reactivacion,0,0,0,0
HCDN1297,2017,0.9993,peronismo_federal,BUENOS AIRES,PAMPEANA,f3_reactivacion,1,0,0,0
HCDN1297,2018,0.3751,peronismo_federal,BUENOS AIRES,PAMPEANA,f3_reactivacion,0,0,0,0
HCDN3167,2025,0.0602,kirchnerismo,CIUDAD DE BUENOS AIRES,CABA,f5_cierre,1,0,0,0
HCDN1209,2009,0.0602,peronismo_federal,LA PAMPA,PAMPEANA,f1_impasse,1,0,0,0
HCDN1209,2010,0.9993,peronismo_federal,LA PAMPA,PAMPEANA,f2_relanzamiento,0,0,0,0
HCDN1209,2011,0.9993,peronismo_federal,LA PAMPA,PAMPEANA,f2_relanzamiento,1,0,0,0
HCDN1209,2012,1.0021,peronismo_federal,LA PAMPA,PAMPEANA,f2_relanzamiento,0,0,0,0
HCDN1209,2013,0.9391,peronismo_federal,LA PAMPA,PAMPEANA,f2_relanzamiento,1,0,0,0
HCDN3235,2025,0.0602,lla,CORDOBA,PAMPEANA,f5_cierre,1,1,0,0
HCDN2411,2017,0.0602,provinciales,SANTA FE,PAMPEANA,f3_reactivacion,1,0,0,0
HCDN2411,2018,0.9993,provinciales,SANTA FE,PAMPEANA,f3_reactivacion,0,0,0,0
HCDN2411,2019,0.9446,provinciales,SANTA FE,PAMPEANA,f3_reactivacion,1,0,0,0
HCDN2774,2019,0.0602,peronismo_federal,BUENOS AIRES,PAMPEANA,f3_reactivacion,1,0,0,0
HCDN2774,2020,1.0021,peronismo_federal,BUENOS AIRES,PAMPEANA,f4_paralisis,0,0,0,0
HCDN2774,2021,0.9993,peronismo_federal,BUENOS AIRES,PAMPEANA,f4_paralisis,1,0,0,0
HCDN2774,2022,0.9993,peronismo_federal,BUENOS AIRES,PAMPEANA,f4_paralisis,0,0,0,0
HCDN2774,2023,0.9391,peronismo_federal,BUENOS AIRES,PAMPEANA,f4_paralisis,1,0,0,0
HCDN1046,2008,1.0021,kirchnerismo,SANTA CRUZ,PATAGONIA,f1_impasse,0,1,0,0
HCDN1046,2009,0.9993,kirchnerismo,SANTA CRUZ,PATAGONIA,f1_impasse,1,1,0,0
HCDN1046,2010,0.9993,kirchnerismo,SANTA CRUZ,PATAGONIA,f2_relanzamiento,0,1,0,0
HCDN1046,2011,0.9391,kirchnerismo,SANTA CRUZ,PATAGONIA,f2_relanzamiento,1,1,0,0
HCDN0642,2008,1.0021,cc_ari,BUENOS AIRES,PAMPEANA,f1_impasse,0,0,0,0
HCDN0642,2009,0.9993,cc_ari,BUENOS AIRES,PAMPEANA,f1_impasse,1,0,0,0
HCDN0642,2010,0.9993,cc_ari,BUENOS AIRES,PAMPEANA,f2_relanzamiento,0,0,0,0
HCDN0642,2011,0.9993,cc_ari,BUENOS AIRES,PAMPEANA,f2_relanzamiento,1,0,0,0
HCDN0642,2012,1.0021,otros,BUENOS AIRES,PAMPEANA,f2_relanzamiento,0,0,0,0
HCDN0642,2013,0.9391,otros,BUENOS AIRES,PAMPEANA,f2_relanzamiento,1,0,0,0
HCDN1494,2015,0.0602,kirchnerismo,TIERRA DEL FUEGO,PATAGONIA,f2_relanzamiento,1,1,0,0
HCDN1494,2016,1.0021,kirchnerismo,TIERRA DEL FUEGO,PATAGONIA,f3_reactivacion,0,0,0,0
HCDN1494,2017,0.9993,kirchnerismo,TIERRA DEL FUEGO,PATAGONIA,f3_reactivacion,1,0,0,0
HCDN1494,2018,0.9993,kirchnerismo,TIERRA DEL FUEGO,PATAGONIA,f3_reactivacion,0,0,0,0
HCDN1494,2019,0.9391,kirchnerismo,TIERRA DEL FUEGO,PATAGONIA,f3_reactivacion,1,0,0,0
HCDN3233,2025,0.0602,lla,TIERRA DEL FUEGO,PATAGONIA,f5_cierre,1,1,0,0
HCDN1457,2015,0.0602,kirchnerismo,BUENOS AIRES,PAMPEANA,f2_relanzamiento,1,1,0,0
HCDN1457,2016,1.0021,kirchnerismo,BUENOS AIRES,PAMPEANA,f3_reactivacion,0,0,0,0
HCDN1457,2017,0.9993,kirchnerismo,BUENOS AIRES,PAMPEANA,f3_reactivacion,1,0,0,0
HCDN1457,2018,0.9993,kirchnerismo,BUENOS AIRES,PAMPEANA,f3_reactivacion,0,0,0,0
HCDN1457,2019,0.9391,kirchnerismo,BUENOS AIRES,PAMPEANA,f3_reactivacion,1,0,0,0
HCDN1548,2021,0.0602,pro,CORDOBA,PAMPEANA,f4_paralisis,1,0,0,0
HCDN1548,2022,0.9993,pro,CORDOBA,PAMPEANA,f4_paralisis,0,0,0,0
HCDN1548,2023,0.9993,pro,CORDOBA,PAMPEANA,f4_paralisis,1,0,0,0
HCDN1548,2024,1.0021,pro,CORDOBA,PAMPEANA,f5_cierre,0,0,0,0
HCDN1548,2025,0.9993,pro,CORDOBA,PAMPEANA,f5_cierre,1,0,0,0
HCDN2845,2019,0.0356,kirchnerismo,BUENOS AIRES,PAMPEANA,f3_reactivacion,1,0,0,0
HCDN2845,2020,1.0021,kirchnerismo,BUENOS AIRES,PAMPEANA,f4_paralisis,0,1,0,0
HCDN2845,2021,0.9391,kirchnerismo,BUENOS AIRES,PAMPEANA,f4_paralisis,1,1,0,0
HCDN1298,2011,0.0602,ucr,ENTRE RIOS,PAMPEANA,f2_relanzamiento,1,0,0,0
HCDN1298,2012,1.0021,ucr,ENTRE RIOS,PAMPEANA,f2_relanzamiento,0,0,0,0
HCDN1298,2013,0.9993,ucr,ENTRE RIOS,PAMPEANA,f2_relanzamiento,1,0,0,0
HCDN1298,2014,0.9993,ucr,ENTRE RIOS,PAMPEANA,f2_relanzamiento,0,0,0,0
HCDN1298,2015,0.9391,ucr,ENTRE RIOS,PAMPEANA,f2_relanzamiento,1,0,0,0
HCDN1507,2015,0.0602,pro,TIERRA DEL FUEGO,PATAGONIA,f2_relanzamiento,1,0,0,0
HCDN1507,2016,1.0021,pro,TIERRA DEL FUEGO,PATAGONIA,f3_reactivacion,0,1,0,0
HCDN1507,2017,0.9993,pro,TIERRA DEL FUEGO,PATAGONIA,f3_reactivacion,1,1,0,0
HCDN1507,2018,0.9993,pro,TIERRA DEL FUEGO,PATAGONIA,f3_reactivacion,0,1,0,0
HCDN1507,2019,0.9391,pro,TIERRA DEL FUEGO,PATAGONIA,f3_reactivacion,1,1,0,0
HCDN2952,2021,0.0602,pro,CHUBUT,PATAGONIA,f4_paralisis,1,0,0,0
HCDN2952,2022,0.9993,pro,CHUBUT,PATAGONIA,f4_paralisis,0,0,0,0
HCDN2952,2023,0.9993,pro,CHUBUT,PATAGONIA,f4_paralisis,1,0,0,0
HCDN2952,2024,1.0021,pro,CHUBUT,PATAGONIA,f5_cierre,0,0,0,0
HCDN2952,2025,0.9391,pro,CHUBUT,PATAGONIA,f5_cierre,1,0,0,0
HCDN2412,2017,0.0602,kirchnerismo,CORRIENTES,NEA,f3_reactivacion,1,0,0,0
HCDN2412,2018,0.9993,kirchnerismo,CORRIENTES,NEA,f3_reactivacion,0,0,0,0
HCDN2412,2019,0.9993,kirchnerismo,CORRIENTES,NEA,f3_reactivacion,1,0,0,0
HCDN2412,2020,1.0021,kirchnerismo,CORRIENTES,NEA,f4_paralisis,0,1,0,0
HCDN2412,2021,0.9993,kirchnerismo,CORRIENTES,NEA,f4_paralisis,1,1,0,0
HCDN2412,2022,0.9993,kirchnerismo,CORRIENTES,NEA,f4_paralisis,0,1,0,0
HCDN2412,2023,0.9993,kirchnerismo,CORRIENTES,NEA,f4_paralisis,1,1,0,0
HCDN2412,2024,1.0021,kirchnerismo,CORRIENTES,NEA,f5_cierre,0,0,0,0
HCDN2412,2025,0.9391,kirchnerismo,CORRIENTES,NEA,f5_cierre,1,0,1,0
HCDN1349,2013,0.0602,kirchnerismo,BUENOS AIRES,PAMPEANA,f2_relanzamiento,1,1,0,0
HCDN1349,2014,0.9993,kirchnerismo,BUENOS AIRES,PAMPEANA,f2_relanzamiento,0,1,0,0
HCDN1349,2015,0.9993,kirchnerismo,BUENOS AIRES,PAMPEANA,f2_relanzamiento,1,1,0,0
HCDN1349,2016,1.0021,peronismo_federal,BUENOS AIRES,PAMPEANA,f3_reactivacion,0,0,0,0
HCDN1349,2017,0.9391,peronismo_federal,BUENOS AIRES,PAMPEANA,f3_reactivacion,1,0,0,0
HCDN2752,2019,0.0602,ucr,CORDOBA,PAMPEANA,f3_reactivacion,1,1,0,0
HCDN2752,2020,1.0021,ucr,CORDOBA,PAMPEANA,f4_paralisis,0,0,0,0
HCDN2752,2021,0.9993,ucr,CORDOBA,PAMPEANA,f4_paralisis,1,0,0,0
HCDN2752,2022,0.9993,ucr,CORDOBA,PAMPEANA,f4_paralisis,0,0,0,0
HCDN2752,2023,0.9391,ucr,CORDOBA,PAMPEANA,f4_paralisis,1,0,0,0
HCDN1490,2015,0.0602,ucr,SANTA CRUZ,PATAGONIA,f2_relanzamiento,1,0,0,0
HCDN1490,2016,1.0021,ucr,SANTA CRUZ,PATAGONIA,f3_reactivacion,0,1,0,0
HCDN1490,2017,0.9993,ucr,SANTA CRUZ,PATAGONIA,f3_reactivacion,1,1,0,0
HCDN1490,2018,0.1588,ucr,SANTA CRUZ,PATAGONIA,f3_reactivacion,0,1,0,0
HCDN0912,2008,1.0021,kirchnerismo,SANTA FE,PAMPEANA,f1_impasse,0,1,1,0
HCDN0912,2009,0.9993,kirchnerismo,SANTA FE,PAMPEANA,f1_impasse,1,1,0,0
HCDN0912,2010,0.9993,kirchnerismo,SANTA FE,PAMPEANA,f2_relanzamiento,0,1,0,0
HCDN0912,2011,0.9993,kirchnerismo,SANTA FE,PAMPEANA,f2_relanzamiento,1,1,0,0
HCDN0912,2012,1.0021,kirchnerismo,SANTA FE,PAMPEANA,f2_relanzamiento,0,1,0,0
HCDN0912,2013,0.4134,kirchnerismo,SANTA FE,PAMPEANA,f2_relanzamiento,1,1,0,0
HCDN0912,2017,0.0602,kirchnerismo,SANTA FE,PAMPEANA,f3_reactivacion,1,0,0,0
HCDN0912,2018,0.9993,kirchnerismo,SANTA FE,PAMPEANA,f3_reactivacion,0,0,0,0
HCDN0912,2019,0.9418,kirchnerismo,SANTA FE,PAMPEANA,f3_reactivacion,1,0,0,0
HCDN0912,2025,0.0602,kirchnerismo,SANTA FE,PAMPEANA,f5_cierre,1,0,0,0
HCDN1018,2008,1.0021,kirchnerismo,SANTA FE,PAMPEANA,f1_impasse,0,1,0,0
HCDN1018,2009,0.9993,kirchnerismo,SANTA FE,PAMPEANA,f1_impasse,1,1,0,0
HCDN1018,2010,0.9993,kirchnerismo,SANTA FE,PAMPEANA,f2_relanzamiento,0,1,0,0
HCDN1018,2011,0.9391,kirchnerismo,SANTA FE,PAMPEANA,f2_relanzamiento,1,1,0,0
HCDN1368,2013,0.0602,peronismo_federal,CORDOBA,PAMPEANA,f2_relanzamiento,1,0,0,0
HCDN1368,2014,0.9993,peronismo_federal,CORDOBA,PAMPEANA,f2_relanzamiento,0,0,0,0
HCDN1368,2015,0.9993,peronismo_federal,CORDOBA,PAMPEANA,f2_relanzamiento,1,0,0,0
HCDN1368,2016,1.0021,peronismo_federal,CORDOBA,PAMPEANA,f3_reactivacion,0,0,0,0
HCDN1368,2017,0.9391,peronismo_federal,CORDOBA,PAMPEANA,f3_reactivacion,1,0,0,0
HCDN1019,2008,1.0021,kirchnerismo,RIO NEGRO,PATAGONIA,f1_impasse,0,1,0,0
HCDN1019,2009,0.9993,peronismo_federal,RIO NEGRO,PATAGONIA,f1_impasse,1,0,0,0
HCDN1019,2010,0.9993,peronismo_federal,RIO NEGRO,PATAGONIA,f2_relanzamiento,0,0,0,0
HCDN1019,2011,0.9391,peronismo_federal,RIO NEGRO,PATAGONIA,f2_relanzamiento,1,0,0,0
HCDN2413,2017,0.0602,peronismo_federal,SAN LUIS,CUYO,f3_reactivacion,1,0,0,0
HCDN2413,2018,0.9993,peronismo_federal,SAN LUIS,CUYO,f3_reactivacion,0,0,0,0
HCDN2413,2019,0.9993,peronismo_federal,SAN LUIS,CUYO,f3_reactivacion,1,0,0,0
HCDN2413,2020,1.0021,kirchnerismo,SAN LUIS,CUYO,f4_paralisis,0,1,0,0
HCDN2413,2021,0.9391,kirchnerismo,SAN LUIS,CUYO,f4_paralisis,1,1,0,0
HCDN2750,2019,0.0602,pro,CORDOBA,PAMPEANA,f3_reactivacion,1,1,0,0
HCDN2750,2020,1.0021,pro,CORDOBA,PAMPEANA,f4_paralisis,0,0,0,0
HCDN2750,2021,0.9993,pro,CORDOBA,PAMPEANA,f4_paralisis,1,0,0,0
HCDN2750,2022,0.9993,pro,CORDOBA,PAMPEANA,f4_paralisis,0,0,0,0
HCDN2750,2023,0.9391,pro,CORDOBA,PAMPEANA,f4_paralisis,1,0,0,0
HCDN1370,2013,0.0602,kirchnerismo,CORRIENTES,NEA,f2_relanzamiento,1,1,0,0
HCDN1370,2014,0.9993,kirchnerismo,CORRIENTES,NEA,f2_relanzamiento,0,1,2,1
HCDN1370,2015,0.9993,kirchnerismo,CORRIENTES,NEA,f2_relanzamiento,1,1,0,0
HCDN1370,2016,1.0021,peronismo_federal,CORRIENTES,NEA,f3_reactivacion,0,0,1,1
HCDN1370,2017,0.9391,peronismo_federal,CORRIENTES,NEA,f3_reactivacion,1,0,0,0
HCDN1210,2009,0.0602,peronismo_federal,BUENOS AIRES,PAMPEANA,f1_impasse,1,0,0,0
HCDN1210,2010,0.9993,peronismo_federal,BUENOS AIRES,PAMPEANA,f2_relanzamiento,0,0,0,0
HCDN1210,2011,0.9993,peronismo_federal,BUENOS AIRES,PAMPEANA,f2_relanzamiento,1,0,0,0
HCDN1210,2012,1.0021,peronismo_federal,BUENOS AIRES,PAMPEANA,f2_relanzamiento,0,0,0,0
HCDN1210,2013,0.9391,peronismo_federal,BUENOS AIRES,PAMPEANA,f2_relanzamiento,1,0,0,0
HCDN1210,2016,0.8378,peronismo_federal,BUENOS AIRES,PAMPEANA,f3_reactivacion,0,0,0,0
HCDN1210,2017,0.9391,peronismo_federal,BUENOS AIRES,PAMPEANA,f3_reactivacion,1,0,0,0
HCDN1299,2011,0.0602,provinciales,SANTIAGO DEL ESTERO,NOA,f2_relanzamiento,1,0,0,0
HCDN1299,2012,1.0021,provinciales,SANTIAGO DEL ESTERO,NOA,f2_relanzamiento,0,0,0,0
HCDN1299,2013,0.9993,provinciales,SANTIAGO DEL ESTERO,NOA,f2_relanzamiento,1,0,0,0
HCDN1299,2014,0.9993,provinciales,SANTIAGO DEL ESTERO,NOA,f2_relanzamiento,0,0,0,0
HCDN1299,2015,0.9391,provinciales,SANTIAGO DEL ESTERO,NOA,f2_relanzamiento,1,0,0,0
HCDN1084,2008,1.0021,kirchnerismo,BUENOS AIRES,PAMPEANA,f1_impasse,0,1,0,0
HCDN1084,2009,0.9993,kirchnerismo,BUENOS AIRES,PAMPEANA,f1_impasse,1,1,0,0
HCDN1084,2010,0.7201,kirchnerismo,BUENOS AIRES,PAMPEANA,f2_relanzamiento,0,1,0,0
HCDN3036,2023,0.0602,provinciales,MISIONES,NEA,f4_paralisis,1,0,0,0
HCDN3036,2024,1.0021,provinciales,MISIONES,NEA,f5_cierre,0,0,1,1
HCDN3036,2025,0.9993,provinciales,MISIONES,NEA,f5_cierre,1,0,0,0
HCDN1517,2015,0.0602,kirchnerismo,CORRIENTES,NEA,f2_relanzamiento,1,1,0,0
HCDN1517,2016,1.0021,kirchnerismo,CORRIENTES,NEA,f3_reactivacion,0,0,0,0
HCDN1517,2017,0.9993,kirchnerismo,CORRIENTES,NEA,f3_reactivacion,1,0,0,0
HCDN1517,2018,0.9993,kirchnerismo,CORRIENTES,NEA,f3_reactivacion,0,0,0,0
HCDN1517,2019,0.9993,kirchnerismo,CORRIENTES,NEA,f3_reactivacion,1,0,0,0
HCDN1517,2020,1.0021,kirchnerismo,CORRIENTES,NEA,f4_paralisis,0,1,0,0
HCDN1517,2021,0.9391,kirchnerismo,CORRIENTES,NEA,f4_paralisis,1,1,0,0
HCDN2414,2017,0.0602,kirchnerismo,BUENOS AIRES,PAMPEANA,f3_reactivacion,1,0,0,0
HCDN2414,2018,0.9993,kirchnerismo,BUENOS AIRES,PAMPEANA,f3_reactivacion,0,0,0,0
HCDN2414,2019,0.9993,kirchnerismo,BUENOS AIRES,PAMPEANA,f3_reactivacion,1,0,0,0
HCDN2414,2020,1.0021,kirchnerismo,BUENOS AIRES,PAMPEANA,f4_paralisis,0,1,0,0
HCDN2414,2021,0.9391,kirchnerismo,BUENOS AIRES,PAMPEANA,f4_paralisis,1,1,0,0
HCDN2415,2017,0.0602,provinciales,CATAMARCA,NOA,f3_reactivacion,1,0,0,0
HCDN2415,2018,0.9993,provinciales,CATAMARCA,NOA,f3_reactivacion,0,0,0,0
HCDN2415,2019,0.9227,provinciales,CATAMARCA,NOA,f3_reactivacion,1,0,0,0
HCDN1211,2009,0.0602,kirchnerismo,BUENOS AIRES,PAMPEANA,f1_impasse,1,1,0,0
HCDN1211,2010,0.9993,kirchnerismo,BUENOS AIRES,PAMPEANA,f2_relanzamiento,0,1,3,0
HCDN1211,2011,0.9993,kirchnerismo,BUENOS AIRES,PAMPEANA,f2_relanzamiento,1,1,1,0
HCDN1211,2012,1.0021,kirchnerismo,BUENOS AIRES,PAMPEANA,f2_relanzamiento,0,1,0,0
HCDN1211,2013,0.9391,kirchnerismo,BUENOS AIRES,PAMPEANA,f2_relanzamiento,1,1,0,0
HCDN1300,2011,0.0602,ucr,TUCUMAN,NOA,f2_relanzamiento,1,0,0,0
HCDN1300,2012,1.0021,ucr,TUCUMAN,NOA,f2_relanzamiento,0,0,0,0
HCDN1300,2013,0.9993,ucr,TUCUMAN,NOA,f2_relanzamiento,1,0,0,0
HCDN1300,2014,0.9993,ucr,TUCUMAN,NOA,f2_relanzamiento,0,0,0,0
HCDN1300,2015,0.9391,ucr,TUCUMAN,NOA,f2_relanzamiento,1,0,0,0
HCDN2416,2017,0.0602,pro,LA RIOJA,NOA,f3_reactivacion,1,1,0,0
HCDN2416,2018,0.9993,pro,LA RIOJA,NOA,f3_reactivacion,0,1,0,0
HCDN2416,2019,0.9993,pro,LA RIOJA,NOA,f3_reactivacion,1,1,0,0
HCDN2416,2020,1.0021,pro,LA RIOJA,NOA,f4_paralisis,0,0,0,0
HCDN2416,2021,0.9391,pro,LA RIOJA,NOA,f4_paralisis,1,0,0,0
HCDN0915,2008,1.0021,kirchnerismo,TUCUMAN,NOA,f1_impasse,0,1,1,0
HCDN0915,2009,0.9993,kirchnerismo,TUCUMAN,NOA,f1_impasse,1,1,0,0
HCDN0915,2010,0.9993,kirchnerismo,TUCUMAN,NOA,f2_relanzamiento,0,1,0,0
HCDN0915,2011,0.9993,kirchnerismo,TUCUMAN,NOA,f2_relanzamiento,1,1,0,0
HCDN0915,2012,1.0021,kirchnerismo,TUCUMAN,NOA,f2_relanzamiento,0,1,0,0
HCDN0915,2013,0.9391,kirchnerismo,TUCUMAN,NOA,f2_relanzamiento,1,1,0,0
HCDN1398,2013,0.0602,peronismo_federal,SAN LUIS,CUYO,f2_relanzamiento,1,0,0,0
HCDN1398,2014,0.9993,peronismo_federal,SAN LUIS,CUYO,f2_relanzamiento,0,0,0,0
HCDN1398,2015,0.9418,peronismo_federal,SAN LUIS,CUYO,f2_relanzamiento,1,0,0,0
HCDN2811,2019,0.0602,ucr,BUENOS AIRES,PAMPEANA,f3_reactivacion,1,1,0,0
HCDN2811,2020,1.0021,ucr,BUENOS AIRES,PAMPEANA,f4_paralisis,0,0,0,0
HCDN2811,2021,0.9993,ucr,BUENOS AIRES,PAMPEANA,f4_paralisis,1,0,0,0
HCDN2811,2022,0.9993,ucr,BUENOS AIRES,PAMPEANA,f4_paralisis,0,0,0,0
HCDN2811,2023,0.9391,ucr,BUENOS AIRES,PAMPEANA,f4_paralisis,1,0,0,0
HCDN2417,2017,0.0602,kirchnerismo,BUENOS AIRES,PAMPEANA,f3_reactivacion,1,0,0,0
HCDN2417,2018,0.9993,kirchnerismo,BUENOS AIRES,PAMPEANA,f3_reactivacion,0,0,0,0
HCDN2417,2019,0.9418,kirchnerismo,BUENOS AIRES,PAMPEANA,f3_reactivacion,1,0,0,0
HCDN3238,2025,0.0602,kirchnerismo,BUENOS AIRES,PAMPEANA,f5_cierre,1,0,0,0
HCDN1387,2013,0.0602,provinciales,NEUQUEN,PATAGONIA,f2_relanzamiento,1,0,0,0
HCDN1387,2014,0.9993,provinciales,NEUQUEN,PATAGONIA,f2_relanzamiento,0,0,0,0
HCDN1387,2015,0.9993,provinciales,NEUQUEN,PATAGONIA,f2_relanzamiento,1,0,0,0
HCDN1387,2016,1.0021,provinciales,NEUQUEN,PATAGONIA,f3_reactivacion,0,0,0,0
HCDN1387,2017,0.9391,provinciales,NEUQUEN,PATAGONIA,f3_reactivacion,1,0,0,0
HCDN0955,2008,1.0021,cc_ari,CIUDAD DE BUENOS AIRES,CABA,f1_impasse,0,0,0,0
HCDN0955,2009,0.9391,cc_ari,CIUDAD DE BUENOS AIRES,CABA,f1_impasse,1,0,0,0
HCDN0955,2013,0.0602,cc_ari,CIUDAD DE BUENOS AIRES,CABA,f2_relanzamiento,1,0,0,0
HCDN0955,2014,0.9993,cc_ari,CIUDAD DE BUENOS AIRES,CABA,f2_relanzamiento,0,0,0,0
HCDN0955,2015,0.9993,cc_ari,CIUDAD DE BUENOS AIRES,CABA,f2_relanzamiento,1,0,0,0
HCDN0955,2016,1.0021,cc_ari,CIUDAD DE BUENOS AIRES,CABA,f3_reactivacion,0,1,0,0
HCDN0955,2017,0.9391,cc_ari,CIUDAD DE BUENOS AIRES,CABA,f3_reactivacion,1,1,0,0
HCDN2755,2019,0.0602,pro,NEUQUEN,PATAGONIA,f3_reactivacion,1,1,0,0
HCDN2755,2020,1.0021,pro,NEUQUEN,PATAGONIA,f4_paralisis,0,0,0,0
HCDN2755,2021,0.9993,pro,NEUQUEN,PATAGONIA,f4_paralisis,1,0,0,0
HCDN2755,2022,0.9993,pro,NEUQUEN,PATAGONIA,f4_paralisis,0,0,0,0
HCDN2755,2023,0.9391,pro,NEUQUEN,PATAGONIA,f4_paralisis,1,0,0,0
HCDN2887,2021,0.0602,ucr,TUCUMAN,NOA,f4_paralisis,1,0,0,0
HCDN2887,2022,0.9993,ucr,TUCUMAN,NOA,f4_paralisis,0,0,0,0
HCDN2887,2023,0.9993,ucr,TUCUMAN,NOA,f4_paralisis,1,0,0,0
HCDN2887,2024,1.0021,ucr,TUCUMAN,NOA,f5_cierre,0,0,0,0
HCDN2887,2025,0.9391,ucr,TUCUMAN,NOA,f5_cierre,1,0,0,0
HCDN3148,2025,0.8077,pro,BUENOS AIRES,PAMPEANA,f5_cierre,1,0,0,0
HCDN2817,2019,0.0602,kirchnerismo,CORRIENTES,NEA,f3_reactivacion,1,0,0,0
HCDN2817,2020,1.0021,kirchnerismo,CORRIENTES,NEA,f4_paralisis,0,1,0,0
HCDN2817,2021,0.9993,kirchnerismo,CORRIENTES,NEA,f4_paralisis,1,1,0,0
HCDN2817,2022,0.9993,kirchnerismo,CORRIENTES,NEA,f4_paralisis,0,1,0,0
HCDN2817,2023,0.9993,kirchnerismo,CORRIENTES,NEA,f4_paralisis,1,1,0,0
HCDN2817,2024,1.0021,kirchnerismo,CORRIENTES,NEA,f5_cierre,0,0,0,0
HCDN2817,2025,0.9993,kirchnerismo,CORRIENTES,NEA,f5_cierre,1,0,0,0
HCDN1301,2011,0.0602,kirchnerismo,TUCUMAN,NOA,f2_relanzamiento,1,1,0,0
HCDN1301,2012,1.0021,kirchnerismo,TUCUMAN,NOA,f2_relanzamiento,0,1,0,0
HCDN1301,2013,0.9993,kirchnerismo,TUCUMAN,NOA,f2_relanzamiento,1,1,0,0
HCDN1301,2014,0.9993,kirchnerismo,TUCUMAN,NOA,f2_relanzamiento,0,1,0,0
HCDN1301,2015,0.9993,kirchnerismo,TUCUMAN,NOA,f2_relanzamiento,1,1,0,0
HCDN1301,2016,1.0021,kirchnerismo,TUCUMAN,NOA,f3_reactivacion,0,0,0,0
HCDN1301,2017,0.9993,kirchnerismo,TUCUMAN,NOA,f3_reactivacion,1,0,0,0
HCDN1301,2018,0.9993,kirchnerismo,TUCUMAN,NOA,f3_reactivacion,0,0,0,0
HCDN1301,2019,0.9391,kirchnerismo,TUCUMAN,NOA,f3_reactivacion,1,0,0,0
HCDN3039,2023,0.0602,lla,BUENOS AIRES,PAMPEANA,f4_paralisis,1,0,0,0
HCDN3039,2024,1.0021,lla,BUENOS AIRES,PAMPEANA,f5_cierre,0,1,0,0
HCDN3039,2025,0.9993,lla,BUENOS AIRES,PAMPEANA,f5_cierre,1,1,0,0
HCDN2951,2021,0.0602,pro,BUENOS AIRES,PAMPEANA,f4_paralisis,1,0,0,0
HCDN2951,2022,0.9993,pro,BUENOS AIRES,PAMPEANA,f4_paralisis,0,0,0,0
HCDN2951,2023,0.9993,pro,BUENOS AIRES,PAMPEANA,f4_paralisis,1,0,0,0
HCDN2951,2024,1.0021,pro,BUENOS AIRES,PAMPEANA,f5_cierre,0,0,0,0
HCDN2951,2025,0.8515,pro,BUENOS AIRES,PAMPEANA,f5_cierre,1,0,0,0
HCDN0238,2011,0.0602,ucr,BUENOS AIRES,PAMPEANA,f2_relanzamiento,1,0,0,0
HCDN0238,2012,1.0021,ucr,BUENOS AIRES,PAMPEANA,f2_relanzamiento,0,0,0,0
HCDN0238,2013,0.9993,ucr,BUENOS AIRES,PAMPEANA,f2_relanzamiento,1,0,0,0
HCDN0238,2014,0.9993,ucr,BUENOS AIRES,PAMPEANA,f2_relanzamiento,0,0,0,0
HCDN0238,2015,0.9391,ucr,BUENOS AIRES,PAMPEANA,f2_relanzamiento,1,0,1,0
HCDN2892,2021,0.0602,kirchnerismo,CIUDAD DE BUENOS AIRES,CABA,f4_paralisis,1,1,0,0
HCDN2892,2022,0.9993,kirchnerismo,CIUDAD DE BUENOS AIRES,CABA,f4_paralisis,0,1,0,0
HCDN2892,2023,0.9993,kirchnerismo,CIUDAD DE BUENOS AIRES,CABA,f4_paralisis,1,1,0,0
HCDN2892,2024,1.0021,kirchnerismo,CIUDAD DE BUENOS AIRES,CABA,f5_cierre,0,0,0,0
HCDN2892,2025,0.9391,kirchnerismo,CIUDAD DE BUENOS AIRES,CABA,f5_cierre,1,0,0,0
HCDN2939,2021,0.0602,pro,CORDOBA,PAMPEANA,f4_paralisis,1,0,0,0
HCDN2939,2022,0.9993,pro,CORDOBA,PAMPEANA,f4_paralisis,0,0,0,0
HCDN2939,2023,0.6188,pro,CORDOBA,PAMPEANA,f4_paralisis,1,0,0,0
HCDN3065,2023,0.0602,lla,BUENOS AIRES,PAMPEANA,f4_paralisis,1,0,0,0
HCDN3065,2024,1.0021,lla,BUENOS AIRES,PAMPEANA,f5_cierre,0,1,0,0
HCDN3065,2025,0.9993,lla,BUENOS AIRES,PAMPEANA,f5_cierre,1,1,0,0
HCDN2418,2017,0.0602,provinciales,NEUQUEN,PATAGONIA,f3_reactivacion,1,0,0,0
HCDN2418,2018,0.9993,provinciales,NEUQUEN,PATAGONIA,f3_reactivacion,0,0,0,0
HCDN2418,2019,0.9993,provinciales,NEUQUEN,PATAGONIA,f3_reactivacion,1,0,0,0
HCDN2418,2020,1.0021,provinciales,NEUQUEN,PATAGONIA,f4_paralisis,0,0,0,0
HCDN2418,2021,0.9391,provinciales,NEUQUEN,PATAGONIA,f4_paralisis,1,0,1,1
HCDN3016,2023,0.553,ucr,JUJUY,NOA,f4_paralisis,1,0,0,0
HCDN3016,2024,1.0021,ucr,JUJUY,NOA,f5_cierre,0,0,0,0
HCDN3016,2025,0.9391,ucr,JUJUY,NOA,f5_cierre,1,0,0,0
HCDN0917,2008,1.0021,peronismo_federal,BUENOS AIRES,PAMPEANA,f1_impasse,0,0,0,0
HCDN0917,2009,0.9391,peronismo_federal,BUENOS AIRES,PAMPEANA,f1_impasse,1,0,0,0
HCDN0917,2019,0.0356,peronismo_federal,BUENOS AIRES,PAMPEANA,f3_reactivacion,1,0,0,0
HCDN0917,2020,1.0021,peronismo_federal,BUENOS AIRES,PAMPEANA,f4_paralisis,0,0,0,0
HCDN0917,2021,0.9391,peronismo_federal,BUENOS AIRES,PAMPEANA,f4_paralisis,1,0,0,0
HCDN0791,2019,0.0602,provinciales,MISIONES,NEA,f3_reactivacion,1,0,0,0
HCDN0791,2020,1.0021,provinciales,MISIONES,NEA,f4_paralisis,0,0,0,0
HCDN0791,2021,0.9993,provinciales,MISIONES,NEA,f4_paralisis,1,0,0,0
HCDN0791,2022,0.9993,provinciales,MISIONES,NEA,f4_paralisis,0,0,0,0
HCDN0791,2023,0.9391,provinciales,MISIONES,NEA,f4_paralisis,1,0,0,0
HCDN1085,2008,2.0041,pro,BUENOS AIRES,PAMPEANA,f1_impasse,0,0,0,0
HCDN1085,2009,1.9384,pro,BUENOS AIRES,PAMPEANA,f1_impasse,1,0,0,0
HCDN1085,2010,0.9993,pro,BUENOS AIRES,PAMPEANA,f2_relanzamiento,0,0,0,0
HCDN1085,2011,0.9391,pro,BUENOS AIRES,PAMPEANA,f2_relanzamiento,1,0,0,0
HCDN2883,2021,0.0082,kirchnerismo,SANTIAGO DEL ESTERO,NOA,f4_paralisis,1,1,0,0
HCDN1404,2013,0.0602,pro,SANTA FE,PAMPEANA,f2_relanzamiento,1,0,0,0
HCDN1404,2014,0.9993,pro,SANTA FE,PAMPEANA,f2_relanzamiento,0,0,2,1
HCDN1404,2015,0.9993,pro,SANTA FE,PAMPEANA,f2_relanzamiento,1,0,0,0
HCDN1404,2016,1.0021,pro,SANTA FE,PAMPEANA,f3_reactivacion,0,1,0,0
HCDN1404,2017,0.9993,pro,SANTA FE,PAMPEANA,f3_reactivacion,1,1,0,0
HCDN1404,2018,0.9993,pro,SANTA FE,PAMPEANA,f3_reactivacion,0,1,0,0
HCDN1404,2019,0.9993,pro,SANTA FE,PAMPEANA,f3_reactivacion,1,1,1,0
HCDN1404,2020,1.0021,pro,SANTA FE,PAMPEANA,f4_paralisis,0,0,0,0
HCDN1404,2021,0.9391,pro,SANTA FE,PAMPEANA,f4_paralisis,1,0,1,0
HCDN1404,2025,0.0602,provinciales,SANTA FE,PAMPEANA,f5_cierre,1,0,0,0
HCDN1040,2008,1.0021,kirchnerismo,RIO NEGRO,PATAGONIA,f1_impasse,0,1,0,0
HCDN1040,2009,0.9993,peronismo_federal,RIO NEGRO,PATAGONIA,f1_impasse,1,0,0,0
HCDN1040,2010,0.9993,peronismo_federal,RIO NEGRO,PATAGONIA,f2_relanzamiento,0,0,0,0
HCDN1040,2011,0.9391,peronismo_federal,RIO NEGRO,PATAGONIA,f2_relanzamiento,1,0,0,0
HCDN0646,2013,0.0602,peronismo_federal,CORDOBA,PAMPEANA,f2_relanzamiento,1,0,0,0
HCDN0646,2014,0.9993,peronismo_federal,CORDOBA,PAMPEANA,f2_relanzamiento,0,0,1,0
HCDN0646,2015,0.9391,peronismo_federal,CORDOBA,PAMPEANA,f2_relanzamiento,1,0,0,0
HCDN2763,2019,0.0602,pro,MISIONES,NEA,f3_reactivacion,1,1,0,0
HCDN2763,2020,1.0021,pro,MISIONES,NEA,f4_paralisis,0,0,0,0
HCDN2763,2021,0.9993,pro,MISIONES,NEA,f4_paralisis,1,0,0,0
HCDN2763,2022,0.9993,pro,MISIONES,NEA,f4_paralisis,0,0,0,0
HCDN2763,2023,0.9391,pro,MISIONES,NEA,f4_paralisis,1,0,0,0
HCDN2419,2017,0.0602,pro,NEUQUEN,PATAGONIA,f3_reactivacion,1,1,0,0
HCDN2419,2018,0.9993,pro,NEUQUEN,PATAGONIA,f3_reactivacion,0,1,0,0
HCDN2419,2019,0.9993,pro,NEUQUEN,PATAGONIA,f3_reactivacion,1,1,0,0
HCDN2419,2020,1.0021,pro,NEUQUEN,PATAGONIA,f4_paralisis,0,0,0,0
HCDN2419,2021,0.9391,pro,NEUQUEN,PATAGONIA,f4_paralisis,1,0,0,0
HCDN2444,2019,0.6845,izquierda_progresista,BUENOS AIRES,PAMPEANA,f3_reactivacion,1,0,0,0
HCDN2444,2021,0.501,izquierda_progresista,BUENOS AIRES,PAMPEANA,f4_paralisis,1,0,0,0
HCDN2444,2024,0.5147,izquierda_progresista,BUENOS AIRES,PAMPEANA,f5_cierre,0,0,0,0
HCDN2444,2025,0.2738,izquierda_progresista,BUENOS AIRES,PAMPEANA,f5_cierre,1,0,0,0
HCDN1302,2011,0.0602,pro,CIUDAD DE BUENOS AIRES,CABA,f2_relanzamiento,1,0,0,0
HCDN1302,2012,1.0021,pro,CIUDAD DE BUENOS AIRES,CABA,f2_relanzamiento,0,0,0,0
HCDN1302,2013,0.9993,pro,CIUDAD DE BUENOS AIRES,CABA,f2_relanzamiento,1,0,0,0
HCDN1302,2014,0.9993,pro,CIUDAD DE BUENOS AIRES,CABA,f2_relanzamiento,0,0,0,0
HCDN1302,2015,0.9993,pro,CIUDAD DE BUENOS AIRES,CABA,f2_relanzamiento,1,0,1,0
HCDN1302,2016,1.0021,pro,CIUDAD DE BUENOS AIRES,CABA,f3_reactivacion,0,1,0,0
HCDN1302,2017,0.9993,pro,CIUDAD DE BUENOS AIRES,CABA,f3_reactivacion,1,1,0,0
HCDN1302,2018,0.9993,pro,CIUDAD DE BUENOS AIRES,CABA,f3_reactivacion,0,1,0,0
HCDN1302,2019,0.9391,pro,CIUDAD DE BUENOS AIRES,CABA,f3_reactivacion,1,1,0,0
HCDN3195,2025,0.0602,ucr,ENTRE RIOS,PAMPEANA,f5_cierre,1,0,0,0
HCDN1350,2013,0.0602,peronismo_federal,BUENOS AIRES,PAMPEANA,f2_relanzamiento,1,0,0,0
HCDN1350,2014,0.9993,peronismo_federal,BUENOS AIRES,PAMPEANA,f2_relanzamiento,0,0,0,0
HCDN1350,2015,0.9993,peronismo_federal,BUENOS AIRES,PAMPEANA,f2_relanzamiento,1,0,0,0
HCDN1350,2016,1.0021,peronismo_federal,BUENOS AIRES,PAMPEANA,f3_reactivacion,0,0,0,0
HCDN1350,2017,0.9391,peronismo_federal,BUENOS AIRES,PAMPEANA,f3_reactivacion,1,0,0,0
HCDN1350,2020,0.846,kirchnerismo,BUENOS AIRES,PAMPEANA,f4_paralisis,0,1,0,0
HCDN1350,2021,0.9391,kirchnerismo,BUENOS AIRES,PAMPEANA,f4_paralisis,1,1,0,0
HCDN0240,2017,0.0602,kirchnerismo,BUENOS AIRES,PAMPEANA,f3_reactivacion,1,0,0,0
HCDN0240,2018,0.9993,kirchnerismo,BUENOS AIRES,PAMPEANA,f3_reactivacion,0,0,0,0
HCDN0240,2019,0.9993,kirchnerismo,BUENOS AIRES,PAMPEANA,f3_reactivacion,1,0,0,0
HCDN0240,2020,0.178,kirchnerismo,BUENOS AIRES,PAMPEANA,f4_paralisis,0,1,0,0
HCDN1020,2008,1.0021,kirchnerismo,TIERRA DEL FUEGO,PATAGONIA,f1_impasse,0,1,0,0
HCDN1020,2009,0.9993,kirchnerismo,TIERRA DEL FUEGO,PATAGONIA,f1_impasse,1,1,0,0
HCDN1020,2010,0.9993,kirchnerismo,TIERRA DEL FUEGO,PATAGONIA,f2_relanzamiento,0,1,0,0
HCDN1020,2011,0.9993,kirchnerismo,TIERRA DEL FUEGO,PATAGONIA,f2_relanzamiento,1,1,0,0
HCDN1020,2012,1.0021,kirchnerismo,TIERRA DEL FUEGO,PATAGONIA,f2_relanzamiento,0,1,0,0
HCDN1020,2013,0.9993,kirchnerismo,TIERRA DEL FUEGO,PATAGONIA,f2_relanzamiento,1,1,0,0
HCDN1020,2014,0.9993,peronismo_federal,TIERRA DEL FUEGO,PATAGONIA,f2_relanzamiento,0,0,0,0
HCDN1020,2015,0.9391,peronismo_federal,TIERRA DEL FUEGO,PATAGONIA,f2_relanzamiento,1,0,0,0
HCDN1369,2013,0.0602,kirchnerismo,CORDOBA,PAMPEANA,f2_relanzamiento,1,1,0,0
HCDN1369,2014,0.6516,kirchnerismo,CORDOBA,PAMPEANA,f2_relanzamiento,0,1,0,0
HCDN1086,2008,1.0021,kirchnerismo,BUENOS AIRES,PAMPEANA,f1_impasse,0,1,0,0
HCDN1086,2009,0.9993,kirchnerismo,BUENOS AIRES,PAMPEANA,f1_impasse,1,1,0,0
HCDN1086,2010,0.9993,kirchnerismo,BUENOS AIRES,PAMPEANA,f2_relanzamiento,0,1,0,0
HCDN1086,2011,0.9993,kirchnerismo,BUENOS AIRES,PAMPEANA,f2_relanzamiento,1,1,0,0
HCDN1086,2012,1.0021,kirchnerismo,BUENOS AIRES,PAMPEANA,f2_relanzamiento,0,1,0,0
HCDN1086,2013,0.9993,kirchnerismo,BUENOS AIRES,PAMPEANA,f2_relanzamiento,1,1,0,0
HCDN1086,2014,0.9993,kirchnerismo,BUENOS AIRES,PAMPEANA,f2_relanzamiento,0,1,0,0
HCDN1086,2015,0.9391,kirchnerismo,BUENOS AIRES,PAMPEANA,f2_relanzamiento,1,1,0,0
HCDN1459,2015,0.0602,peronismo_federal,BUENOS AIRES,PAMPEANA,f2_relanzamiento,1,0,0,0
HCDN1459,2016,1.0021,peronismo_federal,BUENOS AIRES,PAMPEANA,f3_reactivacion,0,0,0,0
HCDN1459,2017,0.9993,peronismo_federal,BUENOS AIRES,PAMPEANA,f3_reactivacion,1,0,0,0
HCDN1459,2018,0.9993,peronismo_federal,BUENOS AIRES,PAMPEANA,f3_reactivacion,0,0,1,1
HCDN1459,2019,0.9993,peronismo_federal,BUENOS AIRES,PAMPEANA,f3_reactivacion,1,0,0,0
HCDN1459,2020,1.0021,kirchnerismo,BUENOS AIRES,PAMPEANA,f4_paralisis,0,1,0,0
HCDN1459,2021,0.9993,kirchnerismo,BUENOS AIRES,PAMPEANA,f4_paralisis,1,1,1,1
HCDN1459,2022,0.9993,kirchnerismo,BUENOS AIRES,PAMPEANA,f4_paralisis,0,1,1,1
HCDN1459,2023,0.9391,kirchnerismo,BUENOS AIRES,PAMPEANA,f4_paralisis,1,1,0,0
HCDN3054,2023,0.0602,kirchnerismo,BUENOS AIRES,PAMPEANA,f4_paralisis,1,1,0,0
HCDN3054,2024,1.0021,kirchnerismo,BUENOS AIRES,PAMPEANA,f5_cierre,0,0,1,1
HCDN3054,2025,0.9993,kirchnerismo,BUENOS AIRES,PAMPEANA,f5_cierre,1,0,0,0
HCDN1371,2013,0.0602,provinciales,CORRIENTES,NEA,f2_relanzamiento,1,0,0,0
HCDN1371,2014,0.9993,provinciales,CORRIENTES,NEA,f2_relanzamiento,0,0,0,0
HCDN1371,2015,0.9993,provinciales,CORRIENTES,NEA,f2_relanzamiento,1,0,0,0
HCDN1371,2016,1.0021,ucr,CORRIENTES,NEA,f3_reactivacion,0,1,0,0
HCDN1371,2017,0.9391,ucr,CORRIENTES,NEA,f3_reactivacion,1,1,0,0
HCDN1429,2014,0.7474,kirchnerismo,SANTA FE,PAMPEANA,f2_relanzamiento,0,1,0,0
HCDN1429,2015,0.9993,kirchnerismo,SANTA FE,PAMPEANA,f2_relanzamiento,1,1,0,0
HCDN1429,2016,1.0021,kirchnerismo,SANTA FE,PAMPEANA,f3_reactivacion,0,0,0,0
HCDN1429,2017,0.9391,kirchnerismo,SANTA FE,PAMPEANA,f3_reactivacion,1,0,0,0
HCDN1087,2008,1.0021,kirchnerismo,BUENOS AIRES,PAMPEANA,f1_impasse,0,1,0,0
HCDN1087,2009,0.9993,kirchnerismo,BUENOS AIRES,PAMPEANA,f1_impasse,1,1,0,0
HCDN1087,2010,0.9993,ucr,BUENOS AIRES,PAMPEANA,f2_relanzamiento,0,0,0,0
HCDN1087,2011,0.9391,ucr,BUENOS AIRES,PAMPEANA,f2_relanzamiento,1,0,0,0
HCDN3216,2025,0.0602,kirchnerismo,RIO NEGRO,PATAGONIA,f5_cierre,1,0,0,0
HCDN2420,2017,0.0602,kirchnerismo,BUENOS AIRES,PAMPEANA,f3_reactivacion,1,0,0,0
HCDN2420,2018,0.9993,kirchnerismo,BUENOS AIRES,PAMPEANA,f3_reactivacion,0,0,0,0
HCDN2420,2019,0.9993,kirchnerismo,BUENOS AIRES,PAMPEANA,f3_reactivacion,1,0,0,0
HCDN2420,2020,1.0021,kirchnerismo,BUENOS AIRES,PAMPEANA,f4_paralisis,0,1,0,0
HCDN2420,2021,0.1123,kirchnerismo,BUENOS AIRES,PAMPEANA,f4_paralisis,1,1,0,0
HCDN2421,2017,0.0602,kirchnerismo,BUENOS AIRES,PAMPEANA,f3_reactivacion,1,0,0,0
HCDN2421,2018,0.9993,kirchnerismo,BUENOS AIRES,PAMPEANA,f3_reactivacion,0,0,0,0
HCDN2421,2019,0.9993,kirchnerismo,BUENOS AIRES,PAMPEANA,f3_reactivacion,1,0,0,0
HCDN2421,2020,1.0021,kirchnerismo,BUENOS AIRES,PAMPEANA,f4_paralisis,0,1,0,0
HCDN2421,2021,0.9993,kirchnerismo,BUENOS AIRES,PAMPEANA,f4_paralisis,1,1,0,0
HCDN2421,2022,0.9993,kirchnerismo,BUENOS AIRES,PAMPEANA,f4_paralisis,0,1,0,0
HCDN2421,2023,0.9993,kirchnerismo,BUENOS AIRES,PAMPEANA,f4_paralisis,1,1,0,0
HCDN2421,2024,1.0021,kirchnerismo,BUENOS AIRES,PAMPEANA,f5_cierre,0,0,0,0
HCDN2421,2025,0.9993,kirchnerismo,BUENOS AIRES,PAMPEANA,f5_cierre,1,0,0,0
HCDN1303,2011,0.0602,kirchnerismo,SANTA FE,PAMPEANA,f2_relanzamiento,1,1,0,0
HCDN1303,2012,1.0021,kirchnerismo,SANTA FE,PAMPEANA,f2_relanzamiento,0,1,0,0
HCDN1303,2013,0.9993,kirchnerismo,SANTA FE,PAMPEANA,f2_relanzamiento,1,1,0,0
HCDN1303,2014,0.9993,kirchnerismo,SANTA FE,PAMPEANA,f2_relanzamiento,0,1,0,0
HCDN1303,2015,0.9391,kirchnerismo,SANTA FE,PAMPEANA,f2_relanzamiento,1,1,0,0
HCDN0792,2008,1.0021,kirchnerismo,BUENOS AIRES,PAMPEANA,f1_impasse,0,1,0,0
HCDN0792,2009,0.9993,kirchnerismo,BUENOS AIRES,PAMPEANA,f1_impasse,1,1,0,0
HCDN0792,2010,0.9993,kirchnerismo,BUENOS AIRES,PAMPEANA,f2_relanzamiento,0,1,0,0
HCDN0792,2011,0.9391,kirchnerismo,BUENOS AIRES,PAMPEANA,f2_relanzamiento,1,1,0,0
HCDN1526,2015,0.0602,peronismo_federal,JUJUY,NOA,f2_relanzamiento,1,0,0,0
HCDN1526,2016,1.0021,peronismo_federal,JUJUY,NOA,f3_reactivacion,0,0,0,0
HCDN1526,2017,0.9993,peronismo_federal,JUJUY,NOA,f3_reactivacion,1,0,0,0
HCDN1526,2018,0.9993,peronismo_federal,JUJUY,NOA,f3_reactivacion,0,0,0,0
HCDN1526,2019,0.9391,peronismo_federal,JUJUY,NOA,f3_reactivacion,1,0,0,0
HCDN1524,2015,0.0602,kirchnerismo,JUJUY,NOA,f2_relanzamiento,1,1,0,0
HCDN1524,2016,1.0021,peronismo_federal,JUJUY,NOA,f3_reactivacion,0,0,0,0
HCDN1524,2017,0.9391,peronismo_federal,JUJUY,NOA,f3_reactivacion,1,0,0,0
HCDN1524,2023,0.0602,kirchnerismo,JUJUY,NOA,f4_paralisis,1,1,0,0
HCDN1524,2024,1.0021,kirchnerismo,JUJUY,NOA,f5_cierre,0,0,0,0
HCDN1524,2025,0.9993,kirchnerismo,JUJUY,NOA,f5_cierre,1,0,0,0
HCDN1089,2008,1.0021,kirchnerismo,BUENOS AIRES,PAMPEANA,f1_impasse,0,1,0,0
HCDN1089,2009,0.4189,peronismo_federal,BUENOS AIRES,PAMPEANA,f1_impasse,1,0,0,0
HCDN1089,2010,0.9993,peronismo_federal,BUENOS AIRES,PAMPEANA,f2_relanzamiento,0,0,0,0
HCDN1089,2011,0.9993,peronismo_federal,BUENOS AIRES,PAMPEANA,f2_relanzamiento,1,0,0,0
HCDN1089,2012,1.0021,peronismo_federal,BUENOS AIRES,PAMPEANA,f2_relanzamiento,0,0,0,0
HCDN1089,2013,0.9993,peronismo_federal,BUENOS AIRES,PAMPEANA,f2_relanzamiento,1,0,0,0
HCDN1089,2014,0.9993,peronismo_federal,BUENOS AIRES,PAMPEANA,f2_relanzamiento,0,0,0,0
HCDN1089,2015,0.9993,peronismo_federal,BUENOS AIRES,PAMPEANA,f2_relanzamiento,1,0,0,0
HCDN1089,2016,1.0021,peronismo_federal,BUENOS AIRES,PAMPEANA,f3_reactivacion,0,0,0,0
HCDN1089,2017,0.9993,peronismo_federal,BUENOS AIRES,PAMPEANA,f3_reactivacion,1,0,0,0
HCDN1089,2018,0.9993,peronismo_federal,BUENOS AIRES,PAMPEANA,f3_reactivacion,0,0,0,0
HCDN1089,2019,0.9418,otros,BUENOS AIRES,PAMPEANA,f3_reactivacion,1,0,0,0
HCDN1212,2009,0.0602,izquierda_progresista,CIUDAD DE BUENOS AIRES,CABA,f1_impasse,1,0,0,0
HCDN1212,2010,0.9993,izquierda_progresista,CIUDAD DE BUENOS AIRES,CABA,f2_relanzamiento,0,0,0,0
HCDN1212,2011,0.9993,izquierda_progresista,CIUDAD DE BUENOS AIRES,CABA,f2_relanzamiento,1,0,0,0
HCDN1212,2012,1.0021,izquierda_progresista,CIUDAD DE BUENOS AIRES,CABA,f2_relanzamiento,0,0,0,0
HCDN1212,2013,0.9391,izquierda_progresista,CIUDAD DE BUENOS AIRES,CABA,f2_relanzamiento,1,0,0,0
HCDN0648,2011,0.0602,kirchnerismo,ENTRE RIOS,PAMPEANA,f2_relanzamiento,1,1,0,0
HCDN0648,2012,1.0021,kirchnerismo,ENTRE RIOS,PAMPEANA,f2_relanzamiento,0,1,0,0
HCDN0648,2013,0.9993,kirchnerismo,ENTRE RIOS,PAMPEANA,f2_relanzamiento,1,1,0,0
HCDN0648,2014,0.9993,kirchnerismo,ENTRE RIOS,PAMPEANA,f2_relanzamiento,0,1,0,0
HCDN0648,2015,0.9993,kirchnerismo,ENTRE RIOS,PAMPEANA,f2_relanzamiento,1,1,0,0
HCDN0648,2016,1.0021,kirchnerismo,ENTRE RIOS,PAMPEANA,f3_reactivacion,0,0,0,0
HCDN0648,2017,0.9993,kirchnerismo,ENTRE RIOS,PAMPEANA,f3_reactivacion,1,0,0,0
HCDN0648,2018,0.9993,kirchnerismo,ENTRE RIOS,PAMPEANA,f3_reactivacion,0,0,0,0
HCDN0648,2019,0.9391,kirchnerismo,ENTRE RIOS,PAMPEANA,f3_reactivacion,1,0,0,0
HCDN3163,2025,0.0602,lla,CORDOBA,PAMPEANA,f5_cierre,1,1,0,0
HCDN1497,2015,0.0602,kirchnerismo,TUCUMAN,NOA,f2_relanzamiento,1,1,0,0
HCDN1497,2016,1.0021,kirchnerismo,TUCUMAN,NOA,f3_reactivacion,0,0,0,0
HCDN1497,2017,0.9993,kirchnerismo,TUCUMAN,NOA,f3_reactivacion,1,0,0,0
HCDN1497,2018,0.9993,kirchnerismo,TUCUMAN,NOA,f3_reactivacion,0,0,0,0
HCDN1497,2019,0.9391,kirchnerismo,TUCUMAN,NOA,f3_reactivacion,1,0,0,0
HCDN1569,2016,0.8378,pro,CIUDAD DE BUENOS AIRES,CABA,f3_reactivacion,0,1,0,0
HCDN1569,2017,0.9391,pro,CIUDAD DE BUENOS AIRES,CABA,f3_reactivacion,1,1,0,0
HCDN1390,2013,0.0602,kirchnerismo,RIO NEGRO,PATAGONIA,f2_relanzamiento,1,1,0,0
HCDN1390,2014,0.9993,kirchnerismo,RIO NEGRO,PATAGONIA,f2_relanzamiento,0,1,0,0
HCDN1390,2015,0.9993,kirchnerismo,RIO NEGRO,PATAGONIA,f2_relanzamiento,1,1,1,1
HCDN1390,2016,1.0021,kirchnerismo,RIO NEGRO,PATAGONIA,f3_reactivacion,0,0,1,1
HCDN1390,2017,0.9993,kirchnerismo,RIO NEGRO,PATAGONIA,f3_reactivacion,1,0,1,1
HCDN1390,2018,0.9993,kirchnerismo,RIO NEGRO,PATAGONIA,f3_reactivacion,0,0,1,1
HCDN1390,2019,0.9199,kirchnerismo,RIO NEGRO,PATAGONIA,f3_reactivacion,1,0,1,1
HCDN2773,2019,0.0602,kirchnerismo,RIO NEGRO,PATAGONIA,f3_reactivacion,1,0,0,0
HCDN2773,2020,1.0021,kirchnerismo,RIO NEGRO,PATAGONIA,f4_paralisis,0,1,1,1
HCDN2773,2021,0.2355,kirchnerismo,RIO NEGRO,PATAGONIA,f4_paralisis,1,1,0,0
HCDN2773,2023,0.0602,kirchnerismo,RIO NEGRO,PATAGONIA,f4_paralisis,1,1,0,0
HCDN2773,2024,1.0021,kirchnerismo,RIO NEGRO,PATAGONIA,f5_cierre,0,0,1,1
HCDN2773,2025,0.9391,kirchnerismo,RIO NEGRO,PATAGONIA,f5_cierre,1,0,0,0
HCDN1508,2013,0.0602,izquierda_progresista,MENDOZA,CUYO,f2_relanzamiento,1,0,0,0
HCDN1508,2014,0.9993,izquierda_progresista,MENDOZA,CUYO,f2_relanzamiento,0,0,0,0
HCDN1508,2015,0.9993,izquierda_progresista,MENDOZA,CUYO,f2_relanzamiento,1,0,0,0
HCDN1508,2016,1.0021,izquierda_progresista,MENDOZA,CUYO,f3_reactivacion,0,0,0,0
HCDN1508,2017,0.9391,izquierda_progresista,MENDOZA,CUYO,f3_reactivacion,1,0,0,0
HCDN0921,2008,1.0021,kirchnerismo,CHACO,NEA,f1_impasse,0,1,0,0
HCDN0921,2009,0.9391,kirchnerismo,CHACO,NEA,f1_impasse,1,1,0,0
HCDN0921,2011,0.0602,kirchnerismo,CHACO,NEA,f2_relanzamiento,1,1,0,0
HCDN0921,2012,1.0021,kirchnerismo,CHACO,NEA,f2_relanzamiento,0,1,0,0
HCDN0921,2013,0.9993,kirchnerismo,CHACO,NEA,f2_relanzamiento,1,1,0,0
HCDN0921,2014,0.9993,kirchnerismo,CHACO,NEA,f2_relanzamiento,0,1,0,0
HCDN0921,2015,0.9391,kirchnerismo,CHACO,NEA,f2_relanzamiento,1,1,0,0
HCDN2914,2021,0.0602,pro,BUENOS AIRES,PAMPEANA,f4_paralisis,1,0,0,0
HCDN2914,2022,0.9993,pro,BUENOS AIRES,PAMPEANA,f4_paralisis,0,0,0,0
HCDN2914,2023,0.9993,pro,BUENOS AIRES,PAMPEANA,f4_paralisis,1,0,0,0
HCDN2914,2024,1.0021,pro,BUENOS AIRES,PAMPEANA,f5_cierre,0,0,0,0
HCDN2914,2025,0.9391,pro,BUENOS AIRES,PAMPEANA,f5_cierre,1,0,0,0
HCDN2878,2021,0.1834,kirchnerismo,BUENOS AIRES,PAMPEANA,f4_paralisis,1,1,0,0
HCDN2878,2022,0.9993,kirchnerismo,BUENOS AIRES,PAMPEANA,f4_paralisis,0,1,0,0
HCDN2878,2023,0.9391,kirchnerismo,BUENOS AIRES,PAMPEANA,f4_paralisis,1,1,0,0
HCDN1405,2013,0.0602,pro,SANTA FE,PAMPEANA,f2_relanzamiento,1,0,0,0
HCDN1405,2014,0.9993,pro,SANTA FE,PAMPEANA,f2_relanzamiento,0,0,0,0
HCDN1405,2015,0.9993,pro,SANTA FE,PAMPEANA,f2_relanzamiento,1,0,0,0
HCDN1405,2016,1.0021,pro,SANTA FE,PAMPEANA,f3_reactivacion,0,1,0,0
HCDN1405,2017,0.9391,pro,SANTA FE,PAMPEANA,f3_reactivacion,1,1,0,0
HCDN2849,2019,0.0356,kirchnerismo,RIO NEGRO,PATAGONIA,f3_reactivacion,1,0,0,0
HCDN2849,2020,1.0021,kirchnerismo,RIO NEGRO,PATAGONIA,f4_paralisis,0,1,0,0
HCDN2849,2021,0.9391,kirchnerismo,RIO NEGRO,PATAGONIA,f4_paralisis,1,1,0,0
HCDN2422,2017,0.0602,pro,TIERRA DEL FUEGO,PATAGONIA,f3_reactivacion,1,1,0,0
HCDN2422,2018,0.9993,pro,TIERRA DEL FUEGO,PATAGONIA,f3_reactivacion,0,1,0,0
HCDN2422,2019,0.9993,pro,TIERRA DEL FUEGO,PATAGONIA,f3_reactivacion,1,1,1,1
HCDN2422,2020,1.0021,pro,TIERRA DEL FUEGO,PATAGONIA,f4_paralisis,0,0,0,0
HCDN2422,2021,0.9993,pro,TIERRA DEL FUEGO,PATAGONIA,f4_paralisis,1,0,0,0
HCDN2422,2022,0.9993,pro,TIERRA DEL FUEGO,PATAGONIA,f4_paralisis,0,0,0,0
HCDN2422,2023,0.9993,pro,TIERRA DEL FUEGO,PATAGONIA,f4_paralisis,1,0,0,0
HCDN2422,2024,0.783,pro,TIERRA DEL FUEGO,PATAGONIA,f5_cierre,0,0,0,0
HCDN2828,2019,0.0602,cc_ari,BUENOS AIRES,PAMPEANA,f3_reactivacion,1,1,0,0
HCDN2828,2020,1.0021,cc_ari,BUENOS AIRES,PAMPEANA,f4_paralisis,0,0,0,0
HCDN2828,2021,0.9993,cc_ari,BUENOS AIRES,PAMPEANA,f4_paralisis,1,0,0,0
HCDN2828,2022,0.9993,cc_ari,BUENOS AIRES,PAMPEANA,f4_paralisis,0,0,0,0
HCDN2828,2023,0.9391,cc_ari,BUENOS AIRES,PAMPEANA,f4_paralisis,1,0,0,0
HCDN2925,2021,0.0602,izquierda_progresista,BUENOS AIRES,PAMPEANA,f4_paralisis,1,0,0,0
HCDN2925,2022,0.9993,izquierda_progresista,BUENOS AIRES,PAMPEANA,f4_paralisis,0,0,0,0
HCDN2925,2023,0.9993,izquierda_progresista,BUENOS AIRES,PAMPEANA,f4_paralisis,1,0,0,0
HCDN2925,2024,1.0021,izquierda_progresista,BUENOS AIRES,PAMPEANA,f5_cierre,0,0,0,0
HCDN2925,2025,0.9391,izquierda_progresista,BUENOS AIRES,PAMPEANA,f5_cierre,1,0,0,0
HCDN0244,2009,0.0602,izquierda_progresista,BUENOS AIRES,PAMPEANA,f1_impasse,1,0,0,0
HCDN0244,2010,0.9993,izquierda_progresista,BUENOS AIRES,PAMPEANA,f2_relanzamiento,0,0,0,0
HCDN0244,2011,0.9993,izquierda_progresista,BUENOS AIRES,PAMPEANA,f2_relanzamiento,1,0,1,0
HCDN0244,2012,1.0021,izquierda_progresista,BUENOS AIRES,PAMPEANA,f2_relanzamiento,0,0,1,0
HCDN0244,2013,0.9993,izquierda_progresista,BUENOS AIRES,PAMPEANA,f2_relanzamiento,1,0,0,0
HCDN0244,2014,0.9993,izquierda_progresista,BUENOS AIRES,PAMPEANA,f2_relanzamiento,0,0,1,0
HCDN0244,2015,0.9993,izquierda_progresista,BUENOS AIRES,PAMPEANA,f2_relanzamiento,1,0,0,0
HCDN0244,2016,1.0021,izquierda_progresista,BUENOS AIRES,PAMPEANA,f3_reactivacion,0,0,0,0
HCDN0244,2017,0.9391,izquierda_progresista,BUENOS AIRES,PAMPEANA,f3_reactivacion,1,0,0,0
HCDN1213,2009,0.0602,ucr,BUENOS AIRES,PAMPEANA,f1_impasse,1,0,0,0
HCDN1213,2010,0.9993,ucr,BUENOS AIRES,PAMPEANA,f2_relanzamiento,0,0,0,0
HCDN1213,2011,0.9993,ucr,BUENOS AIRES,PAMPEANA,f2_relanzamiento,1,0,0,0
HCDN1213,2012,1.0021,ucr,BUENOS AIRES,PAMPEANA,f2_relanzamiento,0,0,0,0
HCDN1213,2013,0.9391,ucr,BUENOS AIRES,PAMPEANA,f2_relanzamiento,1,0,0,0
HCDN1021,2008,1.0021,ucr,CORDOBA,PAMPEANA,f1_impasse,0,0,0,0
HCDN1021,2009,0.9993,ucr,CORDOBA,PAMPEANA,f1_impasse,1,0,0,0
HCDN1021,2010,0.9993,ucr,CORDOBA,PAMPEANA,f2_relanzamiento,0,0,0,0
HCDN1021,2011,0.9391,ucr,CORDOBA,PAMPEANA,f2_relanzamiento,1,0,0,0
HCDN3033,2023,0.0602,kirchnerismo,BUENOS AIRES,PAMPEANA,f4_paralisis,1,1,0,0
HCDN3033,2024,1.0021,kirchnerismo,BUENOS AIRES,PAMPEANA,f5_cierre,0,0,0,0
HCDN3033,2025,0.9993,kirchnerismo,BUENOS AIRES,PAMPEANA,f5_cierre,1,0,0,0
HCDN1363,2013,0.0602,pro,CIUDAD DE BUENOS AIRES,CABA,f2_relanzamiento,1,0,0,0
HCDN1363,2014,0.9993,pro,CIUDAD DE BUENOS AIRES,CABA,f2_relanzamiento,0,0,0,0
HCDN1363,2015,0.9391,pro,CIUDAD DE BUENOS AIRES,CABA,f2_relanzamiento,1,0,0,0
HCDN2423,2017,0.0602,ucr,CIUDAD DE BUENOS AIRES,CABA,f3_reactivacion,1,1,0,0
HCDN2423,2018,0.9993,ucr,CIUDAD DE BUENOS AIRES,CABA,f3_reactivacion,0,1,0,0
HCDN2423,2019,0.9993,ucr,CIUDAD DE BUENOS AIRES,CABA,f3_reactivacion,1,1,0,0
HCDN2423,2020,1.0021,ucr,CIUDAD DE BUENOS AIRES,CABA,f4_paralisis,0,0,2,0
HCDN2423,2021,0.9391,ucr,CIUDAD DE BUENOS AIRES,CABA,f4_paralisis,1,0,0,0
HCDN1477,2015,0.0602,provinciales,CHUBUT,PATAGONIA,f2_relanzamiento,1,0,0,0
HCDN1477,2016,1.0021,provinciales,CHUBUT,PATAGONIA,f3_reactivacion,0,0,0,0
HCDN1477,2017,0.9993,provinciales,CHUBUT,PATAGONIA,f3_reactivacion,1,0,0,0
HCDN1477,2018,0.9993,otros,CHUBUT,PATAGONIA,f3_reactivacion,0,0,0,0
HCDN1477,2019,0.9391,otros,CHUBUT,PATAGONIA,f3_reactivacion,1,0,0,0
HCDN2981,2021,0.0438,pro,CHUBUT,PATAGONIA,f4_paralisis,1,0,0,0
HCDN2981,2022,0.9993,pro,CHUBUT,PATAGONIA,f4_paralisis,0,0,0,0
HCDN2981,2023,0.9363,pro,CHUBUT,PATAGONIA,f4_paralisis,1,0,0,0
HCDN0841,2025,0.0602,kirchnerismo,BUENOS AIRES,PAMPEANA,f5_cierre,1,0,0,0
HCDN1455,2015,0.0602,kirchnerismo,BUENOS AIRES,PAMPEANA,f2_relanzamiento,1,1,0,0
HCDN1455,2016,1.0021,kirchnerismo,BUENOS AIRES,PAMPEANA,f3_reactivacion,0,0,0,0
HCDN1455,2017,0.9993,kirchnerismo,BUENOS AIRES,PAMPEANA,f3_reactivacion,1,0,0,0
HCDN1455,2018,0.9993,kirchnerismo,BUENOS AIRES,PAMPEANA,f3_reactivacion,0,0,0,0
HCDN1455,2019,0.9993,kirchnerismo,BUENOS AIRES,PAMPEANA,f3_reactivacion,1,0,0,0
HCDN1455,2020,1.0021,kirchnerismo,BUENOS AIRES,PAMPEANA,f4_paralisis,0,1,0,0
HCDN1455,2021,0.9993,kirchnerismo,BUENOS AIRES,PAMPEANA,f4_paralisis,1,1,0,0
HCDN1455,2022,0.9993,kirchnerismo,BUENOS AIRES,PAMPEANA,f4_paralisis,0,1,0,0
HCDN1455,2023,0.9993,kirchnerismo,BUENOS AIRES,PAMPEANA,f4_paralisis,1,1,0,0
HCDN1455,2024,1.0021,kirchnerismo,BUENOS AIRES,PAMPEANA,f5_cierre,0,0,0,0
HCDN1455,2025,0.9993,kirchnerismo,BUENOS AIRES,PAMPEANA,f5_cierre,1,0,0,0
HCDN2895,2021,0.0602,ucr,BUENOS AIRES,PAMPEANA,f4_paralisis,1,0,0,0
HCDN2895,2022,0.9993,ucr,BUENOS AIRES,PAMPEANA,f4_paralisis,0,0,0,0
HCDN2895,2023,0.9993,ucr,BUENOS AIRES,PAMPEANA,f4_paralisis,1,0,0,0
HCDN2895,2024,1.0021,ucr,BUENOS AIRES,PAMPEANA,f5_cierre,0,0,0,0
HCDN2895,2025,0.9391,ucr,BUENOS AIRES,PAMPEANA,f5_cierre,1,0,0,0
HCDN2920,2021,0.0602,ucr,SANTA FE,PAMPEANA,f4_paralisis,1,0,0,0
HCDN2920,2022,0.9993,ucr,SANTA FE,PAMPEANA,f4_paralisis,0,0,0,0
HCDN2920,2023,0.909,ucr,SANTA FE,PAMPEANA,f4_paralisis,1,0,0,0
HCDN1357,2013,0.0602,ucr,CHACO,NEA,f2_relanzamiento,1,0,0,0
HCDN1357,2014,0.8049,ucr,CHACO,NEA,f2_relanzamiento,0,0,0,0
HCDN1377,2013,0.0602,kirchnerismo,JUJUY,NOA,f2_relanzamiento,1,1,0,0
HCDN1377,2014,0.9993,kirchnerismo,JUJUY,NOA,f2_relanzamiento,0,1,0,0
HCDN1377,2015,0.9993,kirchnerismo,JUJUY,NOA,f2_relanzamiento,1,1,0,0
HCDN1377,2016,1.0021,peronismo_federal,JUJUY,NOA,f3_reactivacion,0,0,0,0
HCDN1377,2017,0.9391,peronismo_federal,JUJUY,NOA,f3_reactivacion,1,0,0,0
HCDN3222,2025,0.0602,kirchnerismo,SANTA FE,PAMPEANA,f5_cierre,1,0,0,0
HCDN1214,2009,0.0602,cc_ari,CHACO,NEA,f1_impasse,1,0,0,0
HCDN1214,2010,0.9993,cc_ari,CHACO,NEA,f2_relanzamiento,0,0,0,0
HCDN1214,2011,0.9993,cc_ari,CHACO,NEA,f2_relanzamiento,1,0,0,0
HCDN1214,2012,1.0021,cc_ari,CHACO,NEA,f2_relanzamiento,0,0,0,0
HCDN1214,2013,0.9391,cc_ari,CHACO,NEA,f2_relanzamiento,1,0,0,0
HCDN1214,2014,0.1944,cc_ari,CHACO,NEA,f2_relanzamiento,0,0,0,0
HCDN1214,2015,0.9993,cc_ari,CHACO,NEA,f2_relanzamiento,1,0,0,0
HCDN1214,2016,1.0021,cc_ari,CHACO,NEA,f3_reactivacion,0,1,0,0
HCDN1214,2017,0.9993,cc_ari,CHACO,NEA,f3_reactivacion,1,1,0,0
HCDN1214,2018,0.9993,cc_ari,CHACO,NEA,f3_reactivacion,0,1,0,0
HCDN1214,2019,0.9993,cc_ari,CHACO,NEA,f3_reactivacion,1,1,0,0
HCDN1214,2020,1.0021,cc_ari,CHACO,NEA,f4_paralisis,0,0,0,0
HCDN1214,2021,0.9391,cc_ari,CHACO,NEA,f4_paralisis,1,0,0,0
HCDN2943,2021,0.0602,ucr,CIUDAD DE BUENOS AIRES,CABA,f4_paralisis,1,0,0,0
HCDN2943,2022,0.9993,ucr,CIUDAD DE BUENOS AIRES,CABA,f4_paralisis,0,0,0,0
HCDN2943,2023,0.9993,ucr,CIUDAD DE BUENOS AIRES,CABA,f4_paralisis,1,0,0,0
HCDN2943,2024,1.0021,ucr,CIUDAD DE BUENOS AIRES,CABA,f5_cierre,0,0,0,0
HCDN2943,2025,0.9391,ucr,CIUDAD DE BUENOS AIRES,CABA,f5_cierre,1,0,1,0
HCDN0924,2008,1.0021,peronismo_federal,MENDOZA,CUYO,f1_impasse,0,0,0,0
HCDN0924,2009,0.9993,peronismo_federal,MENDOZA,CUYO,f1_impasse,1,0,0,0
HCDN0924,2010,0.9993,peronismo_federal,MENDOZA,CUYO,f2_relanzamiento,0,0,0,0
HCDN0924,2011,0.9993,peronismo_federal,MENDOZA,CUYO,f2_relanzamiento,1,0,0,0
HCDN0924,2012,1.0021,peronismo_federal,MENDOZA,CUYO,f2_relanzamiento,0,0,0,0
HCDN0924,2013,0.9391,peronismo_federal,MENDOZA,CUYO,f2_relanzamiento,1,0,0,0
HCDN1304,2011,0.0602,kirchnerismo,LA RIOJA,NOA,f2_relanzamiento,1,1,0,0
HCDN1304,2012,1.0021,kirchnerismo,LA RIOJA,NOA,f2_relanzamiento,0,1,0,0
HCDN1304,2013,0.9993,kirchnerismo,LA RIOJA,NOA,f2_relanzamiento,1,1,0,0
HCDN1304,2014,0.9993,kirchnerismo,LA RIOJA,NOA,f2_relanzamiento,0,1,0,0
HCDN1304,2015,0.9391,kirchnerismo,LA RIOJA,NOA,f2_relanzamiento,1,1,0,0
HCDN3227,2025,0.0602,kirchnerismo,TIERRA DEL FUEGO,PATAGONIA,f5_cierre,1,0,0,0
HCDN3083,2023,0.0602,kirchnerismo,NEUQUEN,PATAGONIA,f4_paralisis,1,1,0,0
HCDN3083,2024,1.0021,kirchnerismo,NEUQUEN,PATAGONIA,f5_cierre,0,0,0,0
HCDN3083,2025,0.9993,kirchnerismo,NEUQUEN,PATAGONIA,f5_cierre,1,0,0,0
HCDN1400,2013,0.0602,ucr,SANTA CRUZ,PATAGONIA,f2_relanzamiento,1,0,0,0
HCDN1400,2014,0.9993,ucr,SANTA CRUZ,PATAGONIA,f2_relanzamiento,0,0,0,0
HCDN1400,2015,0.9993,ucr,SANTA CRUZ,PATAGONIA,f2_relanzamiento,1,0,0,0
HCDN1400,2016,1.0021,ucr,SANTA CRUZ,PATAGONIA,f3_reactivacion,0,1,0,0
HCDN1400,2017,0.9391,ucr,SANTA CRUZ,PATAGONIA,f3_reactivacion,1,1,0,0
HCDN2896,2021,0.0602,kirchnerismo,BUENOS AIRES,PAMPEANA,f4_paralisis,1,1,0,0
HCDN2896,2022,0.7803,kirchnerismo,BUENOS AIRES,PAMPEANA,f4_paralisis,0,1,0,0
HCDN2896,2023,0.0602,kirchnerismo,BUENOS AIRES,PAMPEANA,f4_paralisis,1,1,0,0
HCDN2896,2024,1.0021,kirchnerismo,BUENOS AIRES,PAMPEANA,f5_cierre,0,0,0,0
HCDN2896,2025,0.9993,kirchnerismo,BUENOS AIRES,PAMPEANA,f5_cierre,1,0,0,0
HCDN1215,2009,0.0602,kirchnerismo,SAN JUAN,CUYO,f1_impasse,1,1,0,0
HCDN1215,2010,0.9993,kirchnerismo,SAN JUAN,CUYO,f2_relanzamiento,0,1,0,0
HCDN1215,2011,0.9993,kirchnerismo,SAN JUAN,CUYO,f2_relanzamiento,1,1,0,0
HCDN1215,2012,1.0021,kirchnerismo,SAN JUAN,CUYO,f2_relanzamiento,0,1,0,0
HCDN1215,2013,0.9993,kirchnerismo,SAN JUAN,CUYO,f2_relanzamiento,1,1,0,0
HCDN1215,2014,0.9993,kirchnerismo,SAN JUAN,CUYO,f2_relanzamiento,0,1,0,0
HCDN1215,2015,0.9993,kirchnerismo,SAN JUAN,CUYO,f2_relanzamiento,1,1,0,0
HCDN1215,2016,0.8652,kirchnerismo,SAN JUAN,CUYO,f3_reactivacion,0,0,0,0
HCDN1354,2013,0.0602,kirchnerismo,CATAMARCA,NOA,f2_relanzamiento,1,1,0,0
HCDN1354,2014,0.9993,kirchnerismo,CATAMARCA,NOA,f2_relanzamiento,0,1,0,0
HCDN1354,2015,0.9993,kirchnerismo,CATAMARCA,NOA,f2_relanzamiento,1,1,0,0
HCDN1354,2016,1.0021,peronismo_federal,CATAMARCA,NOA,f3_reactivacion,0,0,0,0
HCDN1354,2017,0.9391,peronismo_federal,CATAMARCA,NOA,f3_reactivacion,1,0,0,0
HCDN3213,2025,0.0602,lla,SANTA FE,PAMPEANA,f5_cierre,1,1,0,0
HCDN0926,2011,0.0602,pro,CIUDAD DE BUENOS AIRES,CABA,f2_relanzamiento,1,0,0,0
HCDN0926,2012,1.0021,pro,CIUDAD DE BUENOS AIRES,CABA,f2_relanzamiento,0,0,0,0
HCDN0926,2013,0.9993,pro,CIUDAD DE BUENOS AIRES,CABA,f2_relanzamiento,1,0,0,0
HCDN0926,2014,0.9993,pro,CIUDAD DE BUENOS AIRES,CABA,f2_relanzamiento,0,0,0,0
HCDN0926,2015,0.9993,pro,CIUDAD DE BUENOS AIRES,CABA,f2_relanzamiento,1,0,0,0
HCDN0926,2016,1.0021,pro,CIUDAD DE BUENOS AIRES,CABA,f3_reactivacion,0,1,0,0
HCDN0926,2017,0.9993,pro,CIUDAD DE BUENOS AIRES,CABA,f3_reactivacion,1,1,0,0
HCDN0926,2018,0.9993,pro,CIUDAD DE BUENOS AIRES,CABA,f3_reactivacion,0,1,0,0
HCDN0926,2019,0.9993,pro,CIUDAD DE BUENOS AIRES,CABA,f3_reactivacion,1,1,0,0
HCDN0926,2020,1.0021,pro,CIUDAD DE BUENOS AIRES,CABA,f4_paralisis,0,0,0,0
HCDN0926,2021,0.9993,pro,CIUDAD DE BUENOS AIRES,CABA,f4_paralisis,1,0,0,0
HCDN0926,2022,0.9993,pro,CIUDAD DE BUENOS AIRES,CABA,f4_paralisis,0,0,0,0
HCDN0926,2023,0.9391,pro,CIUDAD DE BUENOS AIRES,CABA,f4_paralisis,1,0,0,0
HCDN2889,2021,0.0602,kirchnerismo,SANTA FE,PAMPEANA,f4_paralisis,1,1,0,0
HCDN2889,2022,0.9993,kirchnerismo,SANTA FE,PAMPEANA,f4_paralisis,0,1,0,0
HCDN2889,2023,0.9993,kirchnerismo,SANTA FE,PAMPEANA,f4_paralisis,1,1,0,0
HCDN2889,2024,1.0021,kirchnerismo,SANTA FE,PAMPEANA,f5_cierre,0,0,1,0
HCDN2889,2025,0.9391,kirchnerismo,SANTA FE,PAMPEANA,f5_cierre,1,0,0,0
HCDN1449,2015,0.0602,pro,BUENOS AIRES,PAMPEANA,f2_relanzamiento,1,0,0,0
HCDN1449,2016,1.0021,pro,BUENOS AIRES,PAMPEANA,f3_reactivacion,0,1,0,0
HCDN1449,2017,0.9993,pro,BUENOS AIRES,PAMPEANA,f3_reactivacion,1,1,0,0
HCDN1449,2018,0.9993,pro,BUENOS AIRES,PAMPEANA,f3_reactivacion,0,1,0,0
HCDN1449,2019,0.9993,pro,BUENOS AIRES,PAMPEANA,f3_reactivacion,1,1,0,0
HCDN1449,2020,1.0021,pro,BUENOS AIRES,PAMPEANA,f4_paralisis,0,0,0,0
HCDN1449,2021,0.9993,pro,BUENOS AIRES,PAMPEANA,f4_paralisis,1,0,0,0
HCDN1449,2022,0.9993,pro,BUENOS AIRES,PAMPEANA,f4_paralisis,0,0,1,0
HCDN1449,2023,0.9391,pro,BUENOS AIRES,PAMPEANA,f4_paralisis,1,0,0,0
HCDN1041,2008,1.0021,provinciales,SALTA,NOA,f1_impasse,0,0,0,0
HCDN1041,2009,0.9993,provinciales,SALTA,NOA,f1_impasse,1,0,0,0
HCDN1041,2010,0.9993,provinciales,SALTA,NOA,f2_relanzamiento,0,0,1,1
HCDN1041,2011,0.9391,provinciales,SALTA,NOA,f2_relanzamiento,1,0,0,0
HCDN3109,2023,0.0602,peronismo_federal,CORDOBA,PAMPEANA,f4_paralisis,1,0,0,0
HCDN3109,2024,1.0021,peronismo_federal,CORDOBA,PAMPEANA,f5_cierre,0,0,0,0
HCDN3109,2025,0.9993,peronismo_federal,CORDOBA,PAMPEANA,f5_cierre,1,0,0,0
HCDN2786,2019,0.0602,pro,CHUBUT,PATAGONIA,f3_reactivacion,1,1,0,0
HCDN2786,2020,1.0021,pro,CHUBUT,PATAGONIA,f4_paralisis,0,0,0,0
HCDN2786,2021,0.9336,pro,CHUBUT,PATAGONIA,f4_paralisis,1,0,0,0
HCDN3184,2025,0.0602,lla,BUENOS AIRES,PAMPEANA,f5_cierre,1,1,0,0
HCDN1406,2013,0.0602,pro,SANTA FE,PAMPEANA,f2_relanzamiento,1,0,0,0
HCDN1406,2014,0.9993,pro,SANTA FE,PAMPEANA,f2_relanzamiento,0,0,0,0
HCDN1406,2015,0.1369,pro,SANTA FE,PAMPEANA,f2_relanzamiento,1,0,0,0
HCDN1380,2013,0.0602,ucr,LA PAMPA,PAMPEANA,f2_relanzamiento,1,0,0,0
HCDN1380,2014,0.9993,ucr,LA PAMPA,PAMPEANA,f2_relanzamiento,0,0,0,0
HCDN1380,2015,0.9993,ucr,LA PAMPA,PAMPEANA,f2_relanzamiento,1,0,0,0
HCDN1380,2016,1.0021,ucr,LA PAMPA,PAMPEANA,f3_reactivacion,0,1,0,0
HCDN1380,2017,0.9391,ucr,LA PAMPA,PAMPEANA,f3_reactivacion,1,1,0,0
HCDN2924,2021,0.0602,pro,RIO NEGRO,PATAGONIA,f4_paralisis,1,0,0,0
HCDN2924,2022,0.9993,pro,RIO NEGRO,PATAGONIA,f4_paralisis,0,0,0,0
HCDN2924,2023,0.9993,pro,RIO NEGRO,PATAGONIA,f4_paralisis,1,0,0,0
HCDN2924,2024,1.0021,pro,RIO NEGRO,PATAGONIA,f5_cierre,0,0,0,0
HCDN2924,2025,0.9993,pro,RIO NEGRO,PATAGONIA,f5_cierre,1,0,0,0
HCDN3142,2024,0.3833,ucr,CORRIENTES,NEA,f5_cierre,0,0,0,0
HCDN3142,2025,0.9993,ucr,CORRIENTES,NEA,f5_cierre,1,0,0,0
HCDN2277,2016,0.0876,kirchnerismo,SAN JUAN,CUYO,f3_reactivacion,0,0,0,0
HCDN2277,2017,0.9391,kirchnerismo,SAN JUAN,CUYO,f3_reactivacion,1,0,0,0
HCDN3102,2023,0.0602,lla,CHUBUT,PATAGONIA,f4_paralisis,1,0,0,0
HCDN3102,2024,1.0021,lla,CHUBUT,PATAGONIA,f5_cierre,0,1,0,0
HCDN3102,2025,0.9993,lla,CHUBUT,PATAGONIA,f5_cierre,1,1,0,0
HCDN1216,2009,0.0602,pro,CIUDAD DE BUENOS AIRES,CABA,f1_impasse,1,0,0,0
HCDN1216,2010,0.9993,pro,CIUDAD DE BUENOS AIRES,CABA,f2_relanzamiento,0,0,0,0
HCDN1216,2011,0.9993,pro,CIUDAD DE BUENOS AIRES,CABA,f2_relanzamiento,1,0,0,0
HCDN1216,2012,1.0021,pro,CIUDAD DE BUENOS AIRES,CABA,f2_relanzamiento,0,0,0,0
HCDN1216,2013,0.9993,pro,CIUDAD DE BUENOS AIRES,CABA,f2_relanzamiento,1,0,0,0
HCDN1216,2014,0.9993,pro,CIUDAD DE BUENOS AIRES,CABA,f2_relanzamiento,0,0,0,0
HCDN1216,2015,0.9391,pro,CIUDAD DE BUENOS AIRES,CABA,f2_relanzamiento,1,0,0,0
HCDN1351,2013,0.0602,izquierda_progresista,BUENOS AIRES,PAMPEANA,f2_relanzamiento,1,0,0,0
HCDN1351,2014,0.9993,izquierda_progresista,BUENOS AIRES,PAMPEANA,f2_relanzamiento,0,0,0,0
HCDN1351,2015,0.9993,izquierda_progresista,BUENOS AIRES,PAMPEANA,f2_relanzamiento,1,0,0,0
HCDN1351,2016,1.0021,izquierda_progresista,BUENOS AIRES,PAMPEANA,f3_reactivacion,0,0,0,0
HCDN1351,2017,0.9391,izquierda_progresista,BUENOS AIRES,PAMPEANA,f3_reactivacion,1,0,0,0
HCDN3180,2025,0.0602,kirchnerismo,BUENOS AIRES,PAMPEANA,f5_cierre,1,0,0,0
HCDN1352,2013,0.0602,peronismo_federal,BUENOS AIRES,PAMPEANA,f2_relanzamiento,1,0,0,0
HCDN1352,2014,0.9993,peronismo_federal,BUENOS AIRES,PAMPEANA,f2_relanzamiento,0,0,0,0
HCDN1352,2015,0.9993,peronismo_federal,BUENOS AIRES,PAMPEANA,f2_relanzamiento,1,0,0,0
HCDN1352,2016,1.0021,peronismo_federal,BUENOS AIRES,PAMPEANA,f3_reactivacion,0,0,0,0
HCDN1352,2017,0.9993,peronismo_federal,BUENOS AIRES,PAMPEANA,f3_reactivacion,1,0,0,0
HCDN1352,2018,0.9993,peronismo_federal,BUENOS AIRES,PAMPEANA,f3_reactivacion,0,0,0,0
HCDN1352,2019,0.9993,peronismo_federal,BUENOS AIRES,PAMPEANA,f3_reactivacion,1,0,0,0
HCDN1352,2020,1.0021,kirchnerismo,BUENOS AIRES,PAMPEANA,f4_paralisis,0,1,0,0
HCDN1352,2021,0.9391,kirchnerismo,BUENOS AIRES,PAMPEANA,f4_paralisis,1,1,0,0
HCDN1217,2009,0.0602,ucr,BUENOS AIRES,PAMPEANA,f1_impasse,1,0,0,0
HCDN1217,2010,0.9993,ucr,BUENOS AIRES,PAMPEANA,f2_relanzamiento,0,0,0,0
HCDN1217,2011,0.9993,ucr,BUENOS AIRES,PAMPEANA,f2_relanzamiento,1,0,0,0
HCDN1217,2012,1.0021,ucr,BUENOS AIRES,PAMPEANA,f2_relanzamiento,0,0,0,0
HCDN1217,2013,0.9391,ucr,BUENOS AIRES,PAMPEANA,f2_relanzamiento,1,0,0,0
HCDN2753,2019,0.0602,kirchnerismo,MENDOZA,CUYO,f3_reactivacion,1,0,0,0
HCDN2753,2020,1.0021,kirchnerismo,MENDOZA,CUYO,f4_paralisis,0,1,0,0
HCDN2753,2021,0.9993,kirchnerismo,MENDOZA,CUYO,f4_paralisis,1,1,0,0
HCDN2753,2022,0.9993,kirchnerismo,MENDOZA,CUYO,f4_paralisis,0,1,0,0
HCDN2753,2023,0.9391,kirchnerismo,MENDOZA,CUYO,f4_paralisis,1,1,0,0
HCDN2854,2019,0.0356,kirchnerismo,BUENOS AIRES,PAMPEANA,f3_reactivacion,1,0,0,0
HCDN2854,2020,1.0021,kirchnerismo,BUENOS AIRES,PAMPEANA,f4_paralisis,0,1,0,0
HCDN2854,2021,0.9391,kirchnerismo,BUENOS AIRES,PAMPEANA,f4_paralisis,1,1,0,0
HCDN0949,2011,0.0602,kirchnerismo,SAN JUAN,CUYO,f2_relanzamiento,1,1,0,0
HCDN0949,2012,1.0021,kirchnerismo,SAN JUAN,CUYO,f2_relanzamiento,0,1,0,0
HCDN0949,2013,0.9993,kirchnerismo,SAN JUAN,CUYO,f2_relanzamiento,1,1,0,0
HCDN0949,2014,0.9993,kirchnerismo,SAN JUAN,CUYO,f2_relanzamiento,0,1,0,0
HCDN0949,2015,0.9391,kirchnerismo,SAN JUAN,CUYO,f2_relanzamiento,1,1,0,0
HCDN3239,2025,0.0602,lla,BUENOS AIRES,PAMPEANA,f5_cierre,1,1,0,0
HCDN1022,2008,1.0021,ucr,CHACO,NEA,f1_impasse,0,0,0,0
HCDN1022,2009,0.9993,ucr,CHACO,NEA,f1_impasse,1,0,0,0
HCDN1022,2010,0.9993,ucr,CHACO,NEA,f2_relanzamiento,0,0,1,0
HCDN1022,2011,0.9391,ucr,CHACO,NEA,f2_relanzamiento,1,0,0,0
HCDN1443,2015,0.0602,pro,BUENOS AIRES,PAMPEANA,f2_relanzamiento,1,0,0,0
HCDN1443,2016,1.0021,pro,BUENOS AIRES,PAMPEANA,f3_reactivacion,0,1,0,0
HCDN1443,2017,0.9993,pro,BUENOS AIRES,PAMPEANA,f3_reactivacion,1,1,0,0
HCDN1443,2018,0.9993,pro,BUENOS AIRES,PAMPEANA,f3_reactivacion,0,1,0,0
HCDN1443,2019,0.9391,pro,BUENOS AIRES,PAMPEANA,f3_reactivacion,1,1,0,0
HCDN2825,2019,0.0602,kirchnerismo,CIUDAD DE BUENOS AIRES,CABA,f3_reactivacion,1,0,0,0
HCDN2825,2020,1.0021,kirchnerismo,CIUDAD DE BUENOS AIRES,CABA,f4_paralisis,0,1,0,0
HCDN2825,2021,0.9993,kirchnerismo,CIUDAD DE BUENOS AIRES,CABA,f4_paralisis,1,1,0,0
HCDN2825,2022,0.9993,kirchnerismo,CIUDAD DE BUENOS AIRES,CABA,f4_paralisis,0,1,0,0
HCDN2825,2023,0.9993,kirchnerismo,CIUDAD DE BUENOS AIRES,CABA,f4_paralisis,1,1,0,0
HCDN2825,2024,1.0021,kirchnerismo,CIUDAD DE BUENOS AIRES,CABA,f5_cierre,0,0,0,0
HCDN2825,2025,0.9993,kirchnerismo,CIUDAD DE BUENOS AIRES,CABA,f5_cierre,1,0,0,0
HCDN1372,2013,0.0602,ucr,CORRIENTES,NEA,f2_relanzamiento,1,0,0,0
HCDN1372,2014,0.9993,ucr,CORRIENTES,NEA,f2_relanzamiento,0,0,0,0
HCDN1372,2015,0.9993,ucr,CORRIENTES,NEA,f2_relanzamiento,1,0,0,0
HCDN1372,2016,1.0021,ucr,CORRIENTES,NEA,f3_reactivacion,0,1,0,0
HCDN1372,2017,0.9391,ucr,CORRIENTES,NEA,f3_reactivacion,1,1,0,0
HCDN1305,2011,0.0602,provinciales,CORDOBA,PAMPEANA,f2_relanzamiento,1,0,0,0
HCDN1305,2012,1.0021,provinciales,CORDOBA,PAMPEANA,f2_relanzamiento,0,0,0,0
HCDN1305,2013,0.9993,provinciales,CORDOBA,PAMPEANA,f2_relanzamiento,1,0,0,0
HCDN1305,2014,0.9993,provinciales,CORDOBA,PAMPEANA,f2_relanzamiento,0,0,0,0
HCDN1305,2015,0.9391,provinciales,CORDOBA,PAMPEANA,f2_relanzamiento,1,0,0,0
HCDN3067,2023,0.0602,ucr,CORRIENTES,NEA,f4_paralisis,1,0,0,0
HCDN3067,2024,0.5394,ucr,CORRIENTES,NEA,f5_cierre,0,0,0,0
HCDN2424,2017,0.0602,kirchnerismo,BUENOS AIRES,PAMPEANA,f3_reactivacion,1,0,0,0
HCDN2424,2018,0.9993,kirchnerismo,BUENOS AIRES,PAMPEANA,f3_reactivacion,0,0,0,0
HCDN2424,2019,0.9993,kirchnerismo,BUENOS AIRES,PAMPEANA,f3_reactivacion,1,0,1,0
HCDN2424,2020,1.0021,kirchnerismo,BUENOS AIRES,PAMPEANA,f4_paralisis,0,1,1,1
HCDN2424,2021,0.9391,kirchnerismo,BUENOS AIRES,PAMPEANA,f4_paralisis,1,1,0,0
HCDN2437,2017,0.0383,peronismo_federal,SAN LUIS,CUYO,f3_reactivacion,1,0,0,0
HCDN2437,2018,0.9993,peronismo_federal,SAN LUIS,CUYO,f3_reactivacion,0,0,0,0
HCDN2437,2019,0.9391,peronismo_federal,SAN LUIS,CUYO,f3_reactivacion,1,0,0,0
HCDN3031,2023,0.0602,provinciales,MISIONES,NEA,f4_paralisis,1,0,0,0
HCDN3031,2024,1.0021,provinciales,MISIONES,NEA,f5_cierre,0,0,0,0
HCDN3031,2025,0.9993,provinciales,MISIONES,NEA,f5_cierre,1,0,1,0
HCDN1306,2011,0.0602,ucr,MENDOZA,CUYO,f2_relanzamiento,1,0,0,0
HCDN1306,2012,1.0021,ucr,MENDOZA,CUYO,f2_relanzamiento,0,0,0,0
HCDN1306,2013,0.9993,ucr,MENDOZA,CUYO,f2_relanzamiento,1,0,0,0
HCDN1306,2014,0.9993,ucr,MENDOZA,CUYO,f2_relanzamiento,0,0,0,0
HCDN1306,2015,0.9391,ucr,MENDOZA,CUYO,f2_relanzamiento,1,0,0,0
HCDN2818,2019,0.0602,ucr,CORRIENTES,NEA,f3_reactivacion,1,1,0,0
HCDN2818,2020,1.0021,ucr,CORRIENTES,NEA,f4_paralisis,0,0,0,0
HCDN2818,2021,0.9993,ucr,CORRIENTES,NEA,f4_paralisis,1,0,0,0
HCDN2818,2022,0.9993,ucr,CORRIENTES,NEA,f4_paralisis,0,0,0,0
HCDN2818,2023,0.9391,ucr,CORRIENTES,NEA,f4_paralisis,1,0,0,0
HCDN0796,2008,1.0021,kirchnerismo,TUCUMAN,NOA,f1_impasse,0,1,0,0
HCDN0796,2009,0.9993,kirchnerismo,TUCUMAN,NOA,f1_impasse,1,1,1,0
HCDN0796,2010,0.9993,kirchnerismo,TUCUMAN,NOA,f2_relanzamiento,0,1,0,0
HCDN0796,2011,0.8186,kirchnerismo,TUCUMAN,NOA,f2_relanzamiento,1,1,0,0
HCDN2899,2021,0.0602,kirchnerismo,BUENOS AIRES,PAMPEANA,f4_paralisis,1,1,0,0
HCDN2899,2022,0.9993,kirchnerismo,BUENOS AIRES,PAMPEANA,f4_paralisis,0,1,0,0
HCDN2899,2023,0.9993,kirchnerismo,BUENOS AIRES,PAMPEANA,f4_paralisis,1,1,0,0
HCDN2899,2024,1.0021,kirchnerismo,BUENOS AIRES,PAMPEANA,f5_cierre,0,0,0,0
HCDN2899,2025,0.9391,kirchnerismo,BUENOS AIRES,PAMPEANA,f5_cierre,1,0,0,0
HCDN3037,2023,0.0602,pro,BUENOS AIRES,PAMPEANA,f4_paralisis,1,0,0,0
HCDN3037,2024,1.0021,pro,BUENOS AIRES,PAMPEANA,f5_cierre,0,0,0,0
HCDN3037,2025,0.9993,pro,BUENOS AIRES,PAMPEANA,f5_cierre,1,0,0,0
HCDN2425,2017,0.0383,kirchnerismo,SANTA CRUZ,PATAGONIA,f3_reactivacion,1,0,0,0
HCDN2425,2018,0.9993,kirchnerismo,SANTA CRUZ,PATAGONIA,f3_reactivacion,0,0,1,0
HCDN2425,2019,0.9993,kirchnerismo,SANTA CRUZ,PATAGONIA,f3_reactivacion,1,0,0,0
HCDN2425,2020,1.0021,kirchnerismo,SANTA CRUZ,PATAGONIA,f4_paralisis,0,1,0,0
HCDN2425,2021,0.9391,kirchnerismo,SANTA CRUZ,PATAGONIA,f4_paralisis,1,1,0,0
HCDN0041,2008,1.0021,kirchnerismo,BUENOS AIRES,PAMPEANA,f1_impasse,0,1,0,0
HCDN0041,2009,0.9993,kirchnerismo,BUENOS AIRES,PAMPEANA,f1_impasse,1,1,0,0
HCDN0041,2010,0.9993,kirchnerismo,BUENOS AIRES,PAMPEANA,f2_relanzamiento,0,1,0,0
HCDN0041,2011,0.9391,kirchnerismo,BUENOS AIRES,PAMPEANA,f2_relanzamiento,1,1,0,0
HCDN1218,2009,0.0602,ucr,CATAMARCA,NOA,f1_impasse,1,0,0,0
HCDN1218,2010,0.9993,ucr,CATAMARCA,NOA,f2_relanzamiento,0,0,0,0
HCDN1218,2011,0.9993,ucr,CATAMARCA,NOA,f2_relanzamiento,1,0,0,0
HCDN1218,2012,1.0021,ucr,CATAMARCA,NOA,f2_relanzamiento,0,0,0,0
HCDN1218,2013,0.9391,ucr,CATAMARCA,NOA,f2_relanzamiento,1,0,0,0
HCDN1035,2008,1.0021,cc_ari,CORDOBA,PAMPEANA,f1_impasse,0,0,0,0
HCDN1035,2009,0.9993,cc_ari,CORDOBA,PAMPEANA,f1_impasse,1,0,0,0
HCDN1035,2010,0.9993,cc_ari,CORDOBA,PAMPEANA,f2_relanzamiento,0,0,0,0
HCDN1035,2011,0.9391,cc_ari,CORDOBA,PAMPEANA,f2_relanzamiento,1,0,1,0
HCDN1574,2016,0.8378,ucr,LA RIOJA,NOA,f3_reactivacion,0,1,0,0
HCDN1574,2017,0.9391,ucr,LA RIOJA,NOA,f3_reactivacion,1,1,0,0
HCDN3038,2023,0.0602,provinciales,SALTA,NOA,f4_paralisis,1,0,0,0
HCDN3038,2024,1.0021,provinciales,SALTA,NOA,f5_cierre,0,0,0,0
HCDN3038,2025,0.9993,provinciales,SALTA,NOA,f5_cierre,1,0,0,0
HCDN3173,2025,0.0602,kirchnerismo,BUENOS AIRES,PAMPEANA,f5_cierre,1,0,0,0
HCDN3179,2025,0.0602,lla,BUENOS AIRES,PAMPEANA,f5_cierre,1,1,0,0
HCDN2279,2016,0.0274,cc_ari,CATAMARCA,NOA,f3_reactivacion,0,1,0,0
HCDN2279,2017,0.9993,cc_ari,CATAMARCA,NOA,f3_reactivacion,1,1,0,0
HCDN2279,2018,0.9993,cc_ari,CATAMARCA,NOA,f3_reactivacion,0,1,0,0
HCDN2279,2019,0.9391,cc_ari,CATAMARCA,NOA,f3_reactivacion,1,1,0,0
HCDN1555,2021,0.0602,ucr,MENDOZA,CUYO,f4_paralisis,1,0,0,0
HCDN1555,2022,0.9993,ucr,MENDOZA,CUYO,f4_paralisis,0,0,0,0
HCDN1555,2023,0.9993,ucr,MENDOZA,CUYO,f4_paralisis,1,0,0,0
HCDN1555,2024,1.0021,ucr,MENDOZA,CUYO,f5_cierre,0,0,0,0
HCDN1555,2025,0.9993,ucr,MENDOZA,CUYO,f5_cierre,1,0,0,0
HCDN2866,2021,0.8871,kirchnerismo,SANTA CRUZ,PATAGONIA,f4_paralisis,1,1,0,0
HCDN2866,2022,0.9993,kirchnerismo,SANTA CRUZ,PATAGONIA,f4_paralisis,0,1,0,0
HCDN2866,2023,0.9391,kirchnerismo,SANTA CRUZ,PATAGONIA,f4_paralisis,1,1,0,0
HCDN2830,2019,0.0602,kirchnerismo,SANTA CRUZ,PATAGONIA,f3_reactivacion,1,0,0,0
HCDN2830,2020,1.0021,kirchnerismo,SANTA CRUZ,PATAGONIA,f4_paralisis,0,1,0,0
HCDN2830,2021,0.9993,kirchnerismo,SANTA CRUZ,PATAGONIA,f4_paralisis,1,1,0,0
HCDN2830,2022,0.9993,kirchnerismo,SANTA CRUZ,PATAGONIA,f4_paralisis,0,1,0,0
HCDN2830,2023,0.9391,kirchnerismo,SANTA CRUZ,PATAGONIA,f4_paralisis,1,1,0,0
HCDN1023,2008,1.0021,izquierda_progresista,ENTRE RIOS,PAMPEANA,f1_impasse,0,0,0,0
HCDN1023,2009,0.9993,izquierda_progresista,ENTRE RIOS,PAMPEANA,f1_impasse,1,0,0,0
HCDN1023,2010,0.9993,izquierda_progresista,ENTRE RIOS,PAMPEANA,f2_relanzamiento,0,0,0,0
HCDN1023,2011,0.9391,izquierda_progresista,ENTRE RIOS,PAMPEANA,f2_relanzamiento,1,0,0,0
HCDN2957,2021,0.0602,otros,SANTA CRUZ,PATAGONIA,f4_paralisis,1,0,0,0
HCDN2957,2022,0.9993,otros,SANTA CRUZ,PATAGONIA,f4_paralisis,0,0,0,0
HCDN2957,2023,0.9336,otros,SANTA CRUZ,PATAGONIA,f4_paralisis,1,0,0,0
HCDN2953,2021,0.0602,pro,CIUDAD DE BUENOS AIRES,CABA,f4_paralisis,1,0,0,0
HCDN2953,2022,0.9993,pro,CIUDAD DE BUENOS AIRES,CABA,f4_paralisis,0,0,0,0
HCDN2953,2023,0.9993,pro,CIUDAD DE BUENOS AIRES,CABA,f4_paralisis,1,0,0,0
HCDN2953,2024,1.0021,pro,CIUDAD DE BUENOS AIRES,CABA,f5_cierre,0,0,0,0
HCDN2953,2025,0.9391,pro,CIUDAD DE BUENOS AIRES,CABA,f5_cierre,1,0,0,0
HCDN1219,2009,0.0602,peronismo_federal,SAN LUIS,CUYO,f1_impasse,1,0,0,0
HCDN1219,2010,0.9993,peronismo_federal,SAN LUIS,CUYO,f2_relanzamiento,0,0,0,0
HCDN1219,2011,0.9993,peronismo_federal,SAN LUIS,CUYO,f2_relanzamiento,1,0,0,0
HCDN1219,2012,1.0021,peronismo_federal,SAN LUIS,CUYO,f2_relanzamiento,0,0,0,0
HCDN1219,2013,0.9391,peronismo_federal,SAN LUIS,CUYO,f2_relanzamiento,1,0,0,0
HCDN2426,2017,0.0602,peronismo_federal,CORDOBA,PAMPEANA,f3_reactivacion,1,0,0,0
HCDN2426,2018,0.9993,peronismo_federal,CORDOBA,PAMPEANA,f3_reactivacion,0,0,0,0
HCDN2426,2019,0.9993,peronismo_federal,CORDOBA,PAMPEANA,f3_reactivacion,1,0,0,0
HCDN2426,2020,1.0021,peronismo_federal,CORDOBA,PAMPEANA,f4_paralisis,0,0,0,0
HCDN2426,2021,0.9391,peronismo_federal,CORDOBA,PAMPEANA,f4_paralisis,1,0,0,0
HCDN2798,2019,0.0602,kirchnerismo,BUENOS AIRES,PAMPEANA,f3_reactivacion,1,0,0,0
HCDN2798,2020,1.0021,kirchnerismo,BUENOS AIRES,PAMPEANA,f4_paralisis,0,1,0,0
HCDN2798,2021,0.9582,kirchnerismo,BUENOS AIRES,PAMPEANA,f4_paralisis,1,1,0,0
HCDN1024,2008,1.0021,kirchnerismo,SALTA,NOA,f1_impasse,0,1,0,0
HCDN1024,2009,0.9993,kirchnerismo,SALTA,NOA,f1_impasse,1,1,0,0
HCDN1024,2010,0.9993,kirchnerismo,SALTA,NOA,f2_relanzamiento,0,1,1,0
HCDN1024,2011,0.9993,kirchnerismo,SALTA,NOA,f2_relanzamiento,1,1,1,0
HCDN1024,2012,1.0021,kirchnerismo,SALTA,NOA,f2_relanzamiento,0,1,0,0
HCDN1024,2013,0.9993,kirchnerismo,SALTA,NOA,f2_relanzamiento,1,1,2,1
HCDN1024,2014,0.9993,kirchnerismo,SALTA,NOA,f2_relanzamiento,0,1,0,0
HCDN1024,2015,0.9391,kirchnerismo,SALTA,NOA,f2_relanzamiento,1,1,0,0
HCDN2935,2021,0.0602,izquierda_progresista,JUJUY,NOA,f4_paralisis,1,0,0,0
HCDN2935,2022,0.9993,izquierda_progresista,JUJUY,NOA,f4_paralisis,0,0,0,0
HCDN2935,2023,0.9993,izquierda_progresista,JUJUY,NOA,f4_paralisis,1,0,0,0
HCDN2935,2024,1.0021,izquierda_progresista,JUJUY,NOA,f5_cierre,0,0,0,0
HCDN2935,2025,0.9391,izquierda_progresista,JUJUY,NOA,f5_cierre,1,0,0,0
HCDN1307,2011,0.0602,kirchnerismo,SAN JUAN,CUYO,f2_relanzamiento,1,1,0,0
HCDN1307,2012,1.0021,kirchnerismo,SAN JUAN,CUYO,f2_relanzamiento,0,1,0,0
HCDN1307,2013,0.9993,kirchnerismo,SAN JUAN,CUYO,f2_relanzamiento,1,1,0,0
HCDN1307,2014,0.9993,kirchnerismo,SAN JUAN,CUYO,f2_relanzamiento,0,1,0,0
HCDN1307,2015,0.9391,kirchnerismo,SAN JUAN,CUYO,f2_relanzamiento,1,1,0,0
HCDN2427,2017,0.0602,pro,BUENOS AIRES,PAMPEANA,f3_reactivacion,1,1,0,0
HCDN2427,2018,0.9993,pro,BUENOS AIRES,PAMPEANA,f3_reactivacion,0,1,0,0
HCDN2427,2019,0.9993,pro,BUENOS AIRES,PAMPEANA,f3_reactivacion,1,1,0,0
HCDN2427,2020,1.0021,pro,BUENOS AIRES,PAMPEANA,f4_paralisis,0,0,0,0
HCDN2427,2021,0.9391,pro,BUENOS AIRES,PAMPEANA,f4_paralisis,1,0,0,0
HCDN1467,2015,0.0602,pro,CIUDAD DE BUENOS AIRES,CABA,f2_relanzamiento,1,0,0,0
HCDN1467,2016,1.0021,pro,CIUDAD DE BUENOS AIRES,CABA,f3_reactivacion,0,1,1,1
HCDN1467,2017,0.9993,pro,CIUDAD DE BUENOS AIRES,CABA,f3_reactivacion,1,1,1,1
HCDN1467,2018,0.9993,pro,CIUDAD DE BUENOS AIRES,CABA,f3_reactivacion,0,1,0,0
HCDN1467,2019,0.9391,pro,CIUDAD DE BUENOS AIRES,CABA,f3_reactivacion,1,1,0,0
HCDN1388,2013,0.0602,provinciales,NEUQUEN,PATAGONIA,f2_relanzamiento,1,0,0,0
HCDN1388,2014,0.9993,provinciales,NEUQUEN,PATAGONIA,f2_relanzamiento,0,0,0,0
HCDN1388,2015,0.9993,provinciales,NEUQUEN,PATAGONIA,f2_relanzamiento,1,0,0,0
HCDN1388,2016,1.0021,provinciales,NEUQUEN,PATAGONIA,f3_reactivacion,0,0,0,0
HCDN1388,2017,0.9391,provinciales,NEUQUEN,PATAGONIA,f3_reactivacion,1,0,0,0
HCDN2933,2021,0.0602,lla,CIUDAD DE BUENOS AIRES,CABA,f4_paralisis,1,0,0,0
HCDN2933,2022,0.9993,lla,CIUDAD DE BUENOS AIRES,CABA,f4_paralisis,0,0,0,0
HCDN2933,2023,0.9254,lla,CIUDAD DE BUENOS AIRES,CABA,f4_paralisis,1,0,0,0
HCDN1308,2011,0.0602,provinciales,CORDOBA,PAMPEANA,f2_relanzamiento,1,0,0,0
HCDN1308,2012,1.0021,provinciales,CORDOBA,PAMPEANA,f2_relanzamiento,0,0,1,1
HCDN1308,2013,0.9993,provinciales,CORDOBA,PAMPEANA,f2_relanzamiento,1,0,2,2
HCDN1308,2014,0.9993,provinciales,CORDOBA,PAMPEANA,f2_relanzamiento,0,0,0,0
HCDN1308,2015,0.9391,provinciales,CORDOBA,PAMPEANA,f2_relanzamiento,1,0,0,0
HCDN3091,2023,0.0602,lla,RIO NEGRO,PATAGONIA,f4_paralisis,1,0,0,0
HCDN3091,2024,1.0021,lla,RIO NEGRO,PATAGONIA,f5_cierre,0,1,0,0
HCDN3091,2025,0.9993,lla,RIO NEGRO,PATAGONIA,f5_cierre,1,1,0,0
HCDN1502,2015,0.0602,ucr,TUCUMAN,NOA,f2_relanzamiento,1,0,0,0
HCDN1502,2016,1.0021,kirchnerismo,TUCUMAN,NOA,f3_reactivacion,0,0,0,0
HCDN1502,2017,0.9993,kirchnerismo,TUCUMAN,NOA,f3_reactivacion,1,0,0,0
HCDN1502,2018,0.9993,ucr,TUCUMAN,NOA,f3_reactivacion,0,1,0,0
HCDN1502,2019,0.9391,ucr,TUCUMAN,NOA,f3_reactivacion,1,1,0,0
HCDN3214,2025,0.0602,lla,LA RIOJA,NOA,f5_cierre,1,1,0,0
HCDN2772,2019,0.0356,kirchnerismo,NEUQUEN,PATAGONIA,f3_reactivacion,1,0,0,0
HCDN2772,2020,1.0021,kirchnerismo,NEUQUEN,PATAGONIA,f4_paralisis,0,1,0,0
HCDN2772,2021,0.9391,kirchnerismo,NEUQUEN,PATAGONIA,f4_paralisis,1,1,1,1
HCDN1456,2015,0.0602,kirchnerismo,BUENOS AIRES,PAMPEANA,f2_relanzamiento,1,1,0,0
HCDN1456,2016,1.0021,kirchnerismo,BUENOS AIRES,PAMPEANA,f3_reactivacion,0,0,0,0
HCDN1456,2017,0.9993,kirchnerismo,BUENOS AIRES,PAMPEANA,f3_reactivacion,1,0,0,0
HCDN1456,2018,0.9993,kirchnerismo,BUENOS AIRES,PAMPEANA,f3_reactivacion,0,0,0,0
HCDN1456,2019,0.9418,kirchnerismo,BUENOS AIRES,PAMPEANA,f3_reactivacion,1,0,0,0
HCDN1456,2023,0.0602,kirchnerismo,BUENOS AIRES,PAMPEANA,f4_paralisis,1,1,0,0
HCDN1456,2024,1.0021,kirchnerismo,BUENOS AIRES,PAMPEANA,f5_cierre,0,0,0,0
HCDN1456,2025,0.9993,kirchnerismo,BUENOS AIRES,PAMPEANA,f5_cierre,1,0,0,0
HCDN1135,2009,0.0602,peronismo_federal,SALTA,NOA,f1_impasse,1,0,0,0
HCDN1135,2010,0.9993,peronismo_federal,SALTA,NOA,f2_relanzamiento,0,0,0,0
HCDN1135,2011,0.9993,peronismo_federal,SALTA,NOA,f2_relanzamiento,1,0,0,0
HCDN1135,2012,1.0021,peronismo_federal,SALTA,NOA,f2_relanzamiento,0,0,0,0
HCDN1135,2013,0.9391,peronismo_federal,SALTA,NOA,f2_relanzamiento,1,0,0,0
HCDN1465,2015,0.0602,pro,CIUDAD DE BUENOS AIRES,CABA,f2_relanzamiento,1,0,0,0
HCDN1465,2016,1.0021,pro,CIUDAD DE BUENOS AIRES,CABA,f3_reactivacion,0,1,0,0
HCDN1465,2017,0.9993,pro,CIUDAD DE BUENOS AIRES,CABA,f3_reactivacion,1,1,0,0
HCDN1465,2018,0.9993,pro,CIUDAD DE BUENOS AIRES,CABA,f3_reactivacion,0,1,0,0
HCDN1465,2019,0.9391,pro,CIUDAD DE BUENOS AIRES,CABA,f3_reactivacion,1,1,0,0
HCDN2428,2017,0.0602,provinciales,MISIONES,NEA,f3_reactivacion,1,0,0,0
HCDN2428,2018,0.9993,provinciales,MISIONES,NEA,f3_reactivacion,0,0,0,0
HCDN2428,2019,0.9993,provinciales,MISIONES,NEA,f3_reactivacion,1,0,0,0
HCDN2428,2020,1.0021,provinciales,MISIONES,NEA,f4_paralisis,0,0,0,0
HCDN2428,2021,0.9391,provinciales,MISIONES,NEA,f4_paralisis,1,0,0,0
HCDN0930,2008,1.0021,kirchnerismo,BUENOS AIRES,PAMPEANA,f1_impasse,0,1,0,0
HCDN0930,2009,0.9993,kirchnerismo,BUENOS AIRES,PAMPEANA,f1_impasse,1,1,0,0
HCDN0930,2010,0.9993,kirchnerismo,BUENOS AIRES,PAMPEANA,f2_relanzamiento,0,1,1,0
HCDN0930,2011,0.9446,kirchnerismo,BUENOS AIRES,PAMPEANA,f2_relanzamiento,1,1,0,0
HCDN1485,2015,0.0602,pro,RIO NEGRO,PATAGONIA,f2_relanzamiento,1,0,0,0
HCDN1485,2016,1.0021,pro,RIO NEGRO,PATAGONIA,f3_reactivacion,0,1,0,0
HCDN1485,2017,0.9993,pro,RIO NEGRO,PATAGONIA,f3_reactivacion,1,1,0,0
HCDN1485,2018,0.9993,pro,RIO NEGRO,PATAGONIA,f3_reactivacion,0,1,0,0
HCDN1485,2019,0.9391,pro,RIO NEGRO,PATAGONIA,f3_reactivacion,1,1,0,0
HCDN1448,2015,0.0602,pro,BUENOS AIRES,PAMPEANA,f2_relanzamiento,1,0,0,0
HCDN1448,2016,1.0021,pro,BUENOS AIRES,PAMPEANA,f3_reactivacion,0,1,0,0
HCDN1448,2017,0.9993,pro,BUENOS AIRES,PAMPEANA,f3_reactivacion,1,1,0,0
HCDN1448,2018,0.9993,pro,BUENOS AIRES,PAMPEANA,f3_reactivacion,0,1,0,0
HCDN1448,2019,0.9993,pro,BUENOS AIRES,PAMPEANA,f3_reactivacion,1,1,0,0
HCDN1448,2020,1.0021,pro,BUENOS AIRES,PAMPEANA,f4_paralisis,0,0,0,0
HCDN1448,2021,0.9993,pro,BUENOS AIRES,PAMPEANA,f4_paralisis,1,0,0,0
HCDN1448,2022,0.9966,pro,BUENOS AIRES,PAMPEANA,f4_paralisis,0,0,0,0
HCDN2779,2019,0.0602,ucr,CIUDAD DE BUENOS AIRES,CABA,f3_reactivacion,1,1,0,0
HCDN2779,2020,1.0021,ucr,CIUDAD DE BUENOS AIRES,CABA,f4_paralisis,0,0,0,0
HCDN2779,2021,0.9993,ucr,CIUDAD DE BUENOS AIRES,CABA,f4_paralisis,1,0,0,0
HCDN2779,2022,0.9993,ucr,CIUDAD DE BUENOS AIRES,CABA,f4_paralisis,0,0,0,0
HCDN2779,2023,0.9391,ucr,CIUDAD DE BUENOS AIRES,CABA,f4_paralisis,1,0,0,0
HCDN1321,2011,0.0876,ucr,NEUQUEN,PATAGONIA,f2_relanzamiento,1,0,0,0
HCDN1321,2012,1.0021,ucr,NEUQUEN,PATAGONIA,f2_relanzamiento,0,0,0,0
HCDN1321,2013,0.9391,ucr,NEUQUEN,PATAGONIA,f2_relanzamiento,1,0,0,0
HCDN2826,2019,0.0602,kirchnerismo,BUENOS AIRES,PAMPEANA,f3_reactivacion,1,0,0,0
HCDN2826,2020,1.0021,kirchnerismo,BUENOS AIRES,PAMPEANA,f4_paralisis,0,1,0,0
HCDN2826,2021,0.9993,kirchnerismo,BUENOS AIRES,PAMPEANA,f4_paralisis,1,1,0,0
HCDN2826,2022,0.9993,kirchnerismo,BUENOS AIRES,PAMPEANA,f4_paralisis,0,1,0,0
HCDN2826,2023,0.9391,kirchnerismo,BUENOS AIRES,PAMPEANA,f4_paralisis,1,1,0,0
HCDN2876,2021,0.1834,kirchnerismo,BUENOS AIRES,PAMPEANA,f4_paralisis,1,1,0,0
HCDN2876,2022,0.9993,kirchnerismo,BUENOS AIRES,PAMPEANA,f4_paralisis,0,1,0,0
HCDN2876,2023,0.9391,kirchnerismo,BUENOS AIRES,PAMPEANA,f4_paralisis,1,1,0,0
HCDN1220,2009,0.0602,kirchnerismo,SALTA,NOA,f1_impasse,1,1,0,0
HCDN1220,2010,0.9993,kirchnerismo,SALTA,NOA,f2_relanzamiento,0,1,0,0
HCDN1220,2011,0.9993,kirchnerismo,SALTA,NOA,f2_relanzamiento,1,1,0,0
HCDN1220,2012,1.0021,kirchnerismo,SALTA,NOA,f2_relanzamiento,0,1,0,0
HCDN1220,2013,0.9391,kirchnerismo,SALTA,NOA,f2_relanzamiento,1,1,0,0
HCDN2429,2017,0.0602,kirchnerismo,BUENOS AIRES,PAMPEANA,f3_reactivacion,1,0,0,0
HCDN2429,2018,0.9993,kirchnerismo,BUENOS AIRES,PAMPEANA,f3_reactivacion,0,0,0,0
HCDN2429,2019,0.9993,kirchnerismo,BUENOS AIRES,PAMPEANA,f3_reactivacion,1,0,0,0
HCDN2429,2020,1.0021,kirchnerismo,BUENOS AIRES,PAMPEANA,f4_paralisis,0,1,0,0
HCDN2429,2021,0.9993,kirchnerismo,BUENOS AIRES,PAMPEANA,f4_paralisis,1,1,0,0
HCDN2429,2022,0.9993,kirchnerismo,BUENOS AIRES,PAMPEANA,f4_paralisis,0,1,0,0
HCDN2429,2023,0.9993,kirchnerismo,BUENOS AIRES,PAMPEANA,f4_paralisis,1,1,0,0
HCDN2429,2024,1.0021,kirchnerismo,BUENOS AIRES,PAMPEANA,f5_cierre,0,0,0,0
HCDN2429,2025,0.9993,kirchnerismo,BUENOS AIRES,PAMPEANA,f5_cierre,1,0,0,0
HCDN1323,2011,0.0712,kirchnerismo,CATAMARCA,NOA,f2_relanzamiento,1,1,0,0
HCDN1323,2012,1.0021,kirchnerismo,CATAMARCA,NOA,f2_relanzamiento,0,1,0,0
HCDN1323,2013,0.9391,kirchnerismo,CATAMARCA,NOA,f2_relanzamiento,1,1,0,0
HCDN2431,2017,0.0602,peronismo_federal,TUCUMAN,NOA,f3_reactivacion,1,0,0,0
HCDN2431,2018,0.9993,peronismo_federal,TUCUMAN,NOA,f3_reactivacion,0,0,0,0
HCDN2431,2019,0.9993,peronismo_federal,TUCUMAN,NOA,f3_reactivacion,1,0,0,0
HCDN2431,2020,1.0021,kirchnerismo,TUCUMAN,NOA,f4_paralisis,0,1,0,0
HCDN2431,2021,0.9391,kirchnerismo,TUCUMAN,NOA,f4_paralisis,1,1,0,0
HCDN2431,2023,0.0602,kirchnerismo,TUCUMAN,NOA,f4_paralisis,1,1,0,0
HCDN2431,2024,1.0021,kirchnerismo,TUCUMAN,NOA,f5_cierre,0,0,0,0
HCDN2431,2025,0.9993,kirchnerismo,TUCUMAN,NOA,f5_cierre,1,0,0,0
HCDN3086,2023,0.0602,pro,BUENOS AIRES,PAMPEANA,f4_paralisis,1,0,0,0
HCDN3086,2024,1.0021,pro,BUENOS AIRES,PAMPEANA,f5_cierre,0,0,0,0
HCDN3086,2025,0.9993,pro,BUENOS AIRES,PAMPEANA,f5_cierre,1,0,0,0
HCDN0313,2009,0.0602,kirchnerismo,LA RIOJA,NOA,f1_impasse,1,1,0,0
HCDN0313,2010,0.9993,kirchnerismo,LA RIOJA,NOA,f2_relanzamiento,0,1,0,0
HCDN0313,2011,0.9993,kirchnerismo,LA RIOJA,NOA,f2_relanzamiento,1,1,0,0
HCDN0313,2012,1.0021,kirchnerismo,LA RIOJA,NOA,f2_relanzamiento,0,1,0,0
HCDN0313,2013,0.9391,kirchnerismo,LA RIOJA,NOA,f2_relanzamiento,1,1,0,0
HCDN2856,2019,0.0356,kirchnerismo,TIERRA DEL FUEGO,PATAGONIA,f3_reactivacion,1,0,0,0
HCDN2856,2020,1.0021,kirchnerismo,TIERRA DEL FUEGO,PATAGONIA,f4_paralisis,0,1,0,0
HCDN2856,2021,0.9993,kirchnerismo,TIERRA DEL FUEGO,PATAGONIA,f4_paralisis,1,1,0,0
HCDN2856,2022,0.9993,kirchnerismo,TIERRA DEL FUEGO,PATAGONIA,f4_paralisis,0,1,0,0
HCDN2856,2023,0.9993,kirchnerismo,TIERRA DEL FUEGO,PATAGONIA,f4_paralisis,1,1,0,0
HCDN2856,2024,1.0021,kirchnerismo,TIERRA DEL FUEGO,PATAGONIA,f5_cierre,0,0,1,1
HCDN2856,2025,0.9391,kirchnerismo,TIERRA DEL FUEGO,PATAGONIA,f5_cierre,1,0,0,0
HCDN2986,2021,0.0301,kirchnerismo,SAN LUIS,CUYO,f4_paralisis,1,1,0,0
HCDN2986,2022,0.9993,kirchnerismo,SAN LUIS,CUYO,f4_paralisis,0,1,0,0
HCDN2986,2023,0.9993,kirchnerismo,SAN LUIS,CUYO,f4_paralisis,1,1,0,0
HCDN2986,2024,1.0021,kirchnerismo,SAN LUIS,CUYO,f5_cierre,0,0,0,0
HCDN2986,2025,0.9391,kirchnerismo,SAN LUIS,CUYO,f5_cierre,1,0,0,0
HCDN1309,2011,0.0602,izquierda_progresista,SANTA FE,PAMPEANA,f2_relanzamiento,1,0,0,0
HCDN1309,2012,1.0021,izquierda_progresista,SANTA FE,PAMPEANA,f2_relanzamiento,0,0,0,0
HCDN1309,2013,0.9993,izquierda_progresista,SANTA FE,PAMPEANA,f2_relanzamiento,1,0,0,0
HCDN1309,2014,0.9993,izquierda_progresista,SANTA FE,PAMPEANA,f2_relanzamiento,0,0,0,0
HCDN1309,2015,0.9391,izquierda_progresista,SANTA FE,PAMPEANA,f2_relanzamiento,1,0,0,0
HCDN3073,2023,0.0602,lla,CIUDAD DE BUENOS AIRES,CABA,f4_paralisis,1,0,0,0
HCDN3073,2024,1.0021,otros,CIUDAD DE BUENOS AIRES,CABA,f5_cierre,0,0,0,0
HCDN3073,2025,0.9993,otros,CIUDAD DE BUENOS AIRES,CABA,f5_cierre,1,0,0,0
HCDN2387,2017,0.0602,ucr,MENDOZA,CUYO,f3_reactivacion,1,1,0,0
HCDN2387,2018,0.9993,ucr,MENDOZA,CUYO,f3_reactivacion,0,1,1,1
HCDN2387,2019,0.9993,ucr,MENDOZA,CUYO,f3_reactivacion,1,1,0,0
HCDN2387,2020,1.0021,ucr,MENDOZA,CUYO,f4_paralisis,0,0,2,2
HCDN2387,2021,0.9391,ucr,MENDOZA,CUYO,f4_paralisis,1,0,1,1
HCDN1331,2012,0.8022,kirchnerismo,BUENOS AIRES,PAMPEANA,f2_relanzamiento,0,1,1,0
HCDN1331,2013,0.9993,kirchnerismo,BUENOS AIRES,PAMPEANA,f2_relanzamiento,1,1,0,0
HCDN1331,2014,0.9993,kirchnerismo,BUENOS AIRES,PAMPEANA,f2_relanzamiento,0,1,1,0
HCDN1331,2015,0.9391,kirchnerismo,BUENOS AIRES,PAMPEANA,f2_relanzamiento,1,1,0,0
HCDN2918,2021,0.0301,kirchnerismo,SAN LUIS,CUYO,f4_paralisis,1,1,0,0
HCDN2900,2021,0.0602,lla,SALTA,NOA,f4_paralisis,1,0,0,0
HCDN2900,2022,0.9993,lla,SALTA,NOA,f4_paralisis,0,0,0,0
HCDN2900,2023,0.9993,lla,SALTA,NOA,f4_paralisis,1,0,0,0
HCDN2900,2024,1.0021,lla,SALTA,NOA,f5_cierre,0,1,0,0
HCDN2900,2025,0.9993,lla,SALTA,NOA,f5_cierre,1,1,0,0
HCDN2976,2021,0.0438,kirchnerismo,BUENOS AIRES,PAMPEANA,f4_paralisis,1,1,0,0
HCDN2976,2022,0.9993,kirchnerismo,BUENOS AIRES,PAMPEANA,f4_paralisis,0,1,0,0
HCDN2976,2023,0.9993,kirchnerismo,BUENOS AIRES,PAMPEANA,f4_paralisis,1,1,0,0
HCDN2976,2024,1.0021,kirchnerismo,BUENOS AIRES,PAMPEANA,f5_cierre,0,0,0,0
HCDN2976,2025,0.9993,kirchnerismo,BUENOS AIRES,PAMPEANA,f5_cierre,1,0,0,0
HCDN1025,2008,1.0021,kirchnerismo,ENTRE RIOS,PAMPEANA,f1_impasse,0,1,0,0
HCDN1025,2009,0.9993,kirchnerismo,ENTRE RIOS,PAMPEANA,f1_impasse,1,1,0,0
HCDN1025,2010,0.9993,peronismo_federal,ENTRE RIOS,PAMPEANA,f2_relanzamiento,0,0,0,0
HCDN1025,2011,0.9391,peronismo_federal,ENTRE RIOS,PAMPEANA,f2_relanzamiento,1,0,0,0
HCDN1310,2011,0.0602,kirchnerismo,CHUBUT,PATAGONIA,f2_relanzamiento,1,1,0,0
HCDN1310,2012,1.0021,kirchnerismo,CHUBUT,PATAGONIA,f2_relanzamiento,0,1,0,0
HCDN1310,2013,0.9993,kirchnerismo,CHUBUT,PATAGONIA,f2_relanzamiento,1,1,0,0
HCDN1310,2014,0.9993,kirchnerismo,CHUBUT,PATAGONIA,f2_relanzamiento,0,1,1,0
HCDN1310,2015,0.9391,kirchnerismo,CHUBUT,PATAGONIA,f2_relanzamiento,1,1,0,0
HCDN1221,2009,0.0602,kirchnerismo,MISIONES,NEA,f1_impasse,1,1,0,0
HCDN1221,2010,0.9993,kirchnerismo,MISIONES,NEA,f2_relanzamiento,0,1,0,0
HCDN1221,2011,0.9993,kirchnerismo,MISIONES,NEA,f2_relanzamiento,1,1,0,0
HCDN1221,2012,1.0021,kirchnerismo,MISIONES,NEA,f2_relanzamiento,0,1,0,0
HCDN1221,2013,0.9993,kirchnerismo,MISIONES,NEA,f2_relanzamiento,1,1,0,0
HCDN1221,2014,0.9993,kirchnerismo,MISIONES,NEA,f2_relanzamiento,0,1,0,0
HCDN1221,2015,0.9993,kirchnerismo,MISIONES,NEA,f2_relanzamiento,1,1,0,0
HCDN1221,2016,1.0021,lla,MISIONES,NEA,f3_reactivacion,0,0,0,0
HCDN1221,2017,0.9391,lla,MISIONES,NEA,f3_reactivacion,1,0,0,0
HCDN3182,2025,0.0602,provinciales,JUJUY,NOA,f5_cierre,1,0,0,0
HCDN1527,2015,0.0602,peronismo_federal,LA PAMPA,PAMPEANA,f2_relanzamiento,1,0,0,0
HCDN1527,2016,1.0021,peronismo_federal,LA PAMPA,PAMPEANA,f3_reactivacion,0,0,0,0
HCDN1527,2017,0.9993,peronismo_federal,LA PAMPA,PAMPEANA,f3_reactivacion,1,0,0,0
HCDN1527,2018,0.9993,peronismo_federal,LA PAMPA,PAMPEANA,f3_reactivacion,0,0,0,0
HCDN1527,2019,0.9391,peronismo_federal,LA PAMPA,PAMPEANA,f3_reactivacion,1,0,0,0
HCDN0656,2017,0.0602,peronismo_federal,SALTA,NOA,f3_reactivacion,1,0,0,0
HCDN0656,2018,0.9993,peronismo_federal,SALTA,NOA,f3_reactivacion,0,0,0,0
HCDN0656,2019,0.9993,peronismo_federal,SALTA,NOA,f3_reactivacion,1,0,0,0
HCDN0656,2020,1.0021,peronismo_federal,SALTA,NOA,f4_paralisis,0,0,0,0
HCDN0656,2021,0.9391,peronismo_federal,SALTA,NOA,f4_paralisis,1,0,0,0
HCDN3077,2023,0.0602,kirchnerismo,CORRIENTES,NEA,f4_paralisis,1,1,0,0
HCDN3077,2024,1.0021,kirchnerismo,CORRIENTES,NEA,f5_cierre,0,0,0,0
HCDN3077,2025,0.9993,kirchnerismo,CORRIENTES,NEA,f5_cierre,1,0,0,0
HCDN2823,2019,0.0602,cc_ari,CIUDAD DE BUENOS AIRES,CABA,f3_reactivacion,1,1,0,0
HCDN2823,2020,1.0021,cc_ari,CIUDAD DE BUENOS AIRES,CABA,f4_paralisis,0,0,1,0
HCDN2823,2021,0.9993,cc_ari,CIUDAD DE BUENOS AIRES,CABA,f4_paralisis,1,0,0,0
HCDN2823,2022,0.9993,cc_ari,CIUDAD DE BUENOS AIRES,CABA,f4_paralisis,0,0,1,0
HCDN2823,2023,0.9391,cc_ari,CIUDAD DE BUENOS AIRES,CABA,f4_paralisis,1,0,0,0
SUPL_AMENTA,2008,1.0021,pro,BUENOS AIRES,PAMPEANA,f1_impasse,0,0,0,0
SUPL_AMENTA,2009,0.9391,pro,BUENOS AIRES,PAMPEANA,f1_impasse,1,0,0,0
SUPL_AZCOITI,2008,1.0021,ucr,BUENOS AIRES,PAMPEANA,f1_impasse,0,0,0,0
SUPL_AZCOITI,2009,0.9391,ucr,BUENOS AIRES,PAMPEANA,f1_impasse,1,0,0,0
SUPL_BARAGIOLA,2008,1.0021,ucr,BUENOS AIRES,PAMPEANA,f1_impasse,0,0,0,0
SUPL_BARAGIOLA,2009,0.9391,ucr,BUENOS AIRES,PAMPEANA,f1_impasse,1,0,0,0
SUPL_BASTEIRO,2008,1.0021,izquierda_progresista,BUENOS AIRES,PAMPEANA,f1_impasse,0,0,0,0
SUPL_BASTEIRO,2009,0.9391,izquierda_progresista,BUENOS AIRES,PAMPEANA,f1_impasse,1,0,0,0
SUPL_BIANCHI_SILVESTRE,2008,1.0021,kirchnerismo,BUENOS AIRES,PAMPEANA,f1_impasse,0,1,0,0
SUPL_BIANCHI_SILVESTRE,2009,0.9391,kirchnerismo,BUENOS AIRES,PAMPEANA,f1_impasse,1,1,0,0
SUPL_BURZACO,2008,1.0021,pro,BUENOS AIRES,PAMPEANA,f1_impasse,0,0,0,0
SUPL_BURZACO,2009,0.9391,pro,BUENOS AIRES,PAMPEANA,f1_impasse,1,0,0,0
SUPL_CAMANO,2008,1.0021,peronismo_federal,BUENOS AIRES,PAMPEANA,f1_impasse,0,0,0,0
SUPL_CAMANO,2009,0.9391,peronismo_federal,BUENOS AIRES,PAMPEANA,f1_impasse,1,0,0,0
SUPL_CESAR,2008,1.0021,kirchnerismo,BUENOS AIRES,PAMPEANA,f1_impasse,0,1,0,0
SUPL_CESAR,2009,0.9391,kirchnerismo,BUENOS AIRES,PAMPEANA,f1_impasse,1,1,0,0
SUPL_DOVENA,2008,1.0021,kirchnerismo,BUENOS AIRES,PAMPEANA,f1_impasse,0,1,0,0
SUPL_DOVENA,2009,0.9391,kirchnerismo,BUENOS AIRES,PAMPEANA,f1_impasse,1,1,0,0
SUPL_FERNANDEZ,2008,1.0021,kirchnerismo,BUENOS AIRES,PAMPEANA,f1_impasse,0,1,0,0
SUPL_FERNANDEZ,2009,0.9391,kirchnerismo,BUENOS AIRES,PAMPEANA,f1_impasse,1,1,0,0
SUPL_FERRO,2008,1.0021,cc_ari,BUENOS AIRES,PAMPEANA,f1_impasse,0,0,3,0
SUPL_FERRO,2009,0.9391,cc_ari,BUENOS AIRES,PAMPEANA,f1_impasse,1,0,0,0
SUPL_ILARREGUI,2008,1.0021,kirchnerismo,BUENOS AIRES,PAMPEANA,f1_impasse,0,1,0,0
SUPL_ILARREGUI,2009,0.9391,kirchnerismo,BUENOS AIRES,PAMPEANA,f1_impasse,1,1,0,0
SUPL_LLANOS,2008,1.0021,kirchnerismo,BUENOS AIRES,PAMPEANA,f1_impasse,0,1,1,1
SUPL_LLANOS,2009,0.9391,kirchnerismo,BUENOS AIRES,PAMPEANA,f1_impasse,1,1,0,0
SUPL_NAIM,2008,1.0021,izquierda_progresista,BUENOS AIRES,PAMPEANA,f1_impasse,0,0,0,0
SUPL_NAIM,2009,0.9391,izquierda_progresista,BUENOS AIRES,PAMPEANA,f1_impasse,1,0,0,0
SUPL_PEREZ,2008,1.0021,cc_ari,BUENOS AIRES,PAMPEANA,f1_impasse,0,0,0,0
SUPL_PEREZ,2009,0.9391,cc_ari,BUENOS AIRES,PAMPEANA,f1_impasse,1,0,0,0
SUPL_PORTO,2008,1.0021,kirchnerismo,BUENOS AIRES,PAMPEANA,f1_impasse,0,1,0,0
SUPL_PORTO,2009,0.9391,kirchnerismo,BUENOS AIRES,PAMPEANA,f1_impasse,1,1,0,0
SUPL_RICO,2008,1.0021,kirchnerismo,BUENOS AIRES,PAMPEANA,f1_impasse,0,1,0,0
SUPL_RICO,2009,0.9391,kirchnerismo,BUENOS AIRES,PAMPEANA,f1_impasse,1,1,0,0
SUPL_SPATOLA,2008,1.0021,peronismo_federal,BUENOS AIRES,PAMPEANA,f1_impasse,0,0,0,0
SUPL_SPATOLA,2009,0.9391,peronismo_federal,BUENOS AIRES,PAMPEANA,f1_impasse,1,0,0,0
SUPL_TOMAZ,2008,1.0021,otros,BUENOS AIRES,PAMPEANA,f1_impasse,0,0,0,0
SUPL_TOMAZ,2009,0.9391,otros,BUENOS AIRES,PAMPEANA,f1_impasse,1,0,0,0
SUPL_VAZQUEZ_DE_TABERNISE,2008,1.0021,kirchnerismo,BUENOS AIRES,PAMPEANA,f1_impasse,0,1,0,0
SUPL_VAZQUEZ_DE_TABERNISE,2009,0.9391,kirchnerismo,BUENOS AIRES,PAMPEANA,f1_impasse,1,1,0,0
SUPL_VILLAVERDE,2008,1.0021,peronismo_federal,BUENOS AIRES,PAMPEANA,f1_impasse,0,0,0,0
SUPL_VILLAVERDE,2009,0.9391,peronismo_federal,BUENOS AIRES,PAMPEANA,f1_impasse,1,0,0,0
SUPL_BISUTTI,2008,1.0021,izquierda_progresista,CIUDAD DE BUENOS AIRES,CABA,f1_impasse,0,0,0,0
SUPL_BISUTTI,2009,0.9391,izquierda_progresista,CIUDAD DE BUENOS AIRES,CABA,f1_impasse,1,0,0,0
SUPL_COSCIA,2008,1.0021,kirchnerismo,CIUDAD DE BUENOS AIRES,CABA,f1_impasse,0,1,0,0
SUPL_COSCIA,2009,0.9391,kirchnerismo,CIUDAD DE BUENOS AIRES,CABA,f1_impasse,1,1,0,0
SUPL_GALVALISI,2008,1.0021,pro,CIUDAD DE BUENOS AIRES,CABA,f1_impasse,0,0,0,0
SUPL_GALVALISI,2009,0.9391,pro,CIUDAD DE BUENOS AIRES,CABA,f1_impasse,1,0,1,0
SUPL_GARCIA_MENDEZ,2008,1.0021,izquierda_progresista,CIUDAD DE BUENOS AIRES,CABA,f1_impasse,0,0,0,0
SUPL_GARCIA_MENDEZ,2009,0.9391,izquierda_progresista,CIUDAD DE BUENOS AIRES,CABA,f1_impasse,1,0,0,0
SUPL_GINZBURG,2008,1.0021,otros,CIUDAD DE BUENOS AIRES,CABA,f1_impasse,0,0,0,0
SUPL_GINZBURG,2009,0.9391,otros,CIUDAD DE BUENOS AIRES,CABA,f1_impasse,1,0,0,0
SUPL_GONZALEZ,2008,1.0021,izquierda_progresista,CIUDAD DE BUENOS AIRES,CABA,f1_impasse,0,0,0,0
SUPL_GONZALEZ,2009,0.9391,izquierda_progresista,CIUDAD DE BUENOS AIRES,CABA,f1_impasse,1,0,0,0
SUPL_LENZ,2008,1.0021,kirchnerismo,CIUDAD DE BUENOS AIRES,CABA,f1_impasse,0,1,0,0
SUPL_LENZ,2009,0.9391,kirchnerismo,CIUDAD DE BUENOS AIRES,CABA,f1_impasse,1,1,0,0
SUPL_LORENZO_BOROCOTO,2008,1.0021,otros,CIUDAD DE BUENOS AIRES,CABA,f1_impasse,0,0,0,0
SUPL_LORENZO_BOROCOTO,2009,0.9391,otros,CIUDAD DE BUENOS AIRES,CABA,f1_impasse,1,0,0,0
SUPL_MORGADO,2008,1.0021,kirchnerismo,CIUDAD DE BUENOS AIRES,CABA,f1_impasse,0,1,0,0
SUPL_MORGADO,2009,0.9391,kirchnerismo,CIUDAD DE BUENOS AIRES,CABA,f1_impasse,1,1,0,0
SUPL_BARRIONUEVO,2008,1.0021,kirchnerismo,CATAMARCA,NOA,f1_impasse,0,1,0,0
SUPL_BARRIONUEVO,2009,0.9391,kirchnerismo,CATAMARCA,NOA,f1_impasse,1,1,0,0
SUPL_PASTORIZA,2008,1.0021,otros,CATAMARCA,NOA,f1_impasse,0,0,0,0
SUPL_PASTORIZA,2009,0.9391,otros,CATAMARCA,NOA,f1_impasse,1,0,0,0
SUPL_BAYONZO,2008,1.0021,ucr,CHACO,NEA,f1_impasse,0,0,0,0
SUPL_BAYONZO,2009,0.9391,ucr,CHACO,NEA,f1_impasse,1,0,0,0
SUPL_BEVERAGGI,2008,1.0021,ucr,CHACO,NEA,f1_impasse,0,0,0,0
SUPL_BEVERAGGI,2009,0.9391,ucr,CHACO,NEA,f1_impasse,1,0,0,0
SUPL_FABRIS,2008,1.0021,ucr,CHACO,NEA,f1_impasse,0,0,1,1
SUPL_FABRIS,2009,0.9391,ucr,CHACO,NEA,f1_impasse,1,0,1,0
SUPL_GARCIA_DE_MORENO,2008,1.0021,kirchnerismo,CHUBUT,PATAGONIA,f1_impasse,0,1,0,0
SUPL_GARCIA_DE_MORENO,2009,0.9391,kirchnerismo,CHUBUT,PATAGONIA,f1_impasse,1,1,0,0
SUPL_ARDID,2008,1.0021,provinciales,CORDOBA,PAMPEANA,f1_impasse,0,0,0,0
SUPL_ARDID,2009,0.9391,provinciales,CORDOBA,PAMPEANA,f1_impasse,1,0,0,0
SUPL_CANTERO_GUTIERREZ,2008,1.0021,kirchnerismo,CORDOBA,PAMPEANA,f1_impasse,0,1,1,0
SUPL_CANTERO_GUTIERREZ,2009,0.9391,kirchnerismo,CORDOBA,PAMPEANA,f1_impasse,1,1,0,0
SUPL_DELICH,2008,1.0021,provinciales,CORDOBA,PAMPEANA,f1_impasse,0,0,0,0
SUPL_DELICH,2009,0.9391,provinciales,CORDOBA,PAMPEANA,f1_impasse,1,0,0,0
SUPL_HALAK,2008,1.0021,peronismo_federal,CORDOBA,PAMPEANA,f1_impasse,0,0,0,0
SUPL_HALAK,2009,0.9391,peronismo_federal,CORDOBA,PAMPEANA,f1_impasse,1,0,0,0
SUPL_HEREDIA,2008,1.0021,kirchnerismo,CORDOBA,PAMPEANA,f1_impasse,0,1,0,0
SUPL_HEREDIA,2009,0.9391,kirchnerismo,CORDOBA,PAMPEANA,f1_impasse,1,1,0,0
SUPL_MORANDINI,2008,1.0021,otros,CORDOBA,PAMPEANA,f1_impasse,0,0,0,0
SUPL_MORANDINI,2009,0.9391,otros,CORDOBA,PAMPEANA,f1_impasse,1,0,0,0
SUPL_SESMA,2008,1.0021,izquierda_progresista,CORDOBA,PAMPEANA,f1_impasse,0,0,0,0
SUPL_SESMA,2009,0.9391,izquierda_progresista,CORDOBA,PAMPEANA,f1_impasse,1,0,1,1
SUPL_VACA_NARVAJA,2008,1.0021,kirchnerismo,CORDOBA,PAMPEANA,f1_impasse,0,1,0,0
SUPL_VACA_NARVAJA,2009,0.9391,kirchnerismo,CORDOBA,PAMPEANA,f1_impasse,1,1,0,0
SUPL_CARMONA,2008,1.0021,kirchnerismo,CORRIENTES,NEA,f1_impasse,0,1,0,0
SUPL_CARMONA,2009,0.9391,kirchnerismo,CORRIENTES,NEA,f1_impasse,1,1,0,0
SUPL_GALANTINI,2008,1.0021,kirchnerismo,CORRIENTES,NEA,f1_impasse,0,1,1,0
SUPL_GALANTINI,2009,0.9391,kirchnerismo,CORRIENTES,NEA,f1_impasse,1,1,0,0
SUPL_ROLDAN,2008,1.0021,provinciales,CORRIENTES,NEA,f1_impasse,0,0,0,0
SUPL_ROLDAN,2009,0.9391,provinciales,CORRIENTES,NEA,f1_impasse,1,0,0,0
SUPL_CALZA,2008,1.0021,kirchnerismo,ENTRE RIOS,PAMPEANA,f1_impasse,0,1,0,0
SUPL_CALZA,2009,0.9391,kirchnerismo,ENTRE RIOS,PAMPEANA,f1_impasse,1,1,0,0
SUPL_MARTINEZ_GARBINO,2008,1.0021,kirchnerismo,ENTRE RIOS,PAMPEANA,f1_impasse,0,1,0,0
SUPL_MARTINEZ_GARBINO,2009,0.9391,kirchnerismo,ENTRE RIOS,PAMPEANA,f1_impasse,1,1,0,0
SUPL_PETIT,2008,1.0021,kirchnerismo,ENTRE RIOS,PAMPEANA,f1_impasse,0,1,0,0
SUPL_PETIT,2009,0.9391,kirchnerismo,ENTRE RIOS,PAMPEANA,f1_impasse,1,1,0,0
SUPL_SOLANAS,2008,1.0021,kirchnerismo,ENTRE RIOS,PAMPEANA,f1_impasse,0,1,2,0
SUPL_SOLANAS,2009,0.9391,kirchnerismo,ENTRE RIOS,PAMPEANA,f1_impasse,1,1,0,0
SUPL_VARISCO,2008,1.0021,ucr,ENTRE RIOS,PAMPEANA,f1_impasse,0,0,0,0
SUPL_VARISCO,2009,0.9391,ucr,ENTRE RIOS,PAMPEANA,f1_impasse,1,0,0,0
SUPL_ROMAN,2008,1.0021,kirchnerismo,FORMOSA,NEA,f1_impasse,0,1,0,0
SUPL_ROMAN,2009,0.9391,kirchnerismo,FORMOSA,NEA,f1_impasse,1,1,0,0
SUPL_GUERCIA,2008,1.0021,ucr,JUJUY,NOA,f1_impasse,0,0,0,0
SUPL_GUERCIA,2009,0.9391,ucr,JUJUY,NOA,f1_impasse,1,0,0,0
SUPL_SNOPEK,2008,1.0021,kirchnerismo,JUJUY,NOA,f1_impasse,0,1,0,0
SUPL_SNOPEK,2009,0.9391,kirchnerismo,JUJUY,NOA,f1_impasse,1,1,0,0
SUPL_BALADRON,2008,1.0021,kirchnerismo,LA PAMPA,PAMPEANA,f1_impasse,0,1,0,0
SUPL_BALADRON,2009,0.9391,kirchnerismo,LA PAMPA,PAMPEANA,f1_impasse,1,1,0,0
SUPL_OSORIO,2008,1.0021,kirchnerismo,LA PAMPA,PAMPEANA,f1_impasse,0,1,0,0
SUPL_OSORIO,2009,0.9391,kirchnerismo,LA PAMPA,PAMPEANA,f1_impasse,1,1,0,0
SUPL_AGUIRRE_DE_SORIA,2008,1.0021,kirchnerismo,LA RIOJA,NOA,f1_impasse,0,1,0,0
SUPL_AGUIRRE_DE_SORIA,2009,0.9391,kirchnerismo,LA RIOJA,NOA,f1_impasse,1,1,0,0
SUPL_SANTANDER,2008,1.0021,kirchnerismo,LA RIOJA,NOA,f1_impasse,0,1,0,0
SUPL_SANTANDER,2009,0.9391,kirchnerismo,LA RIOJA,NOA,f1_impasse,1,1,1,0
SUPL_GENEM,2008,1.0021,kirchnerismo,MENDOZA,CUYO,f1_impasse,0,1,1,0
SUPL_GENEM,2009,0.9391,kirchnerismo,MENDOZA,CUYO,f1_impasse,1,1,2,0
SUPL_LEMOS,2008,1.0021,ucr,MENDOZA,CUYO,f1_impasse,0,0,0,0
SUPL_LEMOS,2009,0.9391,ucr,MENDOZA,CUYO,f1_impasse,1,0,0,0
SUPL_BIANCO,2008,1.0021,kirchnerismo,MISIONES,NEA,f1_impasse,0,1,0,0
SUPL_BIANCO,2009,0.9391,kirchnerismo,MISIONES,NEA,f1_impasse,1,1,0,0
SUPL_ITURRIETA,2008,1.0021,kirchnerismo,MISIONES,NEA,f1_impasse,0,1,0,0
SUPL_ITURRIETA,2009,0.9391,kirchnerismo,MISIONES,NEA,f1_impasse,1,1,0,0
SUPL_KAKUBUR,2008,1.0021,peronismo_federal,MISIONES,NEA,f1_impasse,0,0,0,0
SUPL_KAKUBUR,2009,0.9391,peronismo_federal,MISIONES,NEA,f1_impasse,1,0,0,0
SUPL_ACUNA,2008,1.0021,provinciales,NEUQUEN,PATAGONIA,f1_impasse,0,0,0,0
SUPL_ACUNA,2009,0.9391,provinciales,NEUQUEN,PATAGONIA,f1_impasse,1,0,0,0
SUPL_MASSEI,2008,1.0021,kirchnerismo,NEUQUEN,PATAGONIA,f1_impasse,0,1,0,0
SUPL_MASSEI,2009,0.9391,kirchnerismo,NEUQUEN,PATAGONIA,f1_impasse,1,1,0,0
SUPL_ARRIAGA,2008,1.0021,peronismo_federal,RIO NEGRO,PATAGONIA,f1_impasse,0,0,0,0
SUPL_ARRIAGA,2009,0.9391,peronismo_federal,RIO NEGRO,PATAGONIA,f1_impasse,1,0,0,0
SUPL_CUEVAS,2008,1.0021,kirchnerismo,RIO NEGRO,PATAGONIA,f1_impasse,0,1,0,0
SUPL_CUEVAS,2009,0.9391,kirchnerismo,RIO NEGRO,PATAGONIA,f1_impasse,1,1,0,0
SUPL_DIEZ,2008,1.0021,provinciales,SALTA,NOA,f1_impasse,0,0,0,0
SUPL_DIEZ,2009,0.9391,provinciales,SALTA,NOA,f1_impasse,1,0,1,0
SUPL_SALUM,2008,1.0021,kirchnerismo,SALTA,NOA,f1_impasse,0,1,0,0
SUPL_SALUM,2009,0.9391,kirchnerismo,SALTA,NOA,f1_impasse,1,1,0,0
SUPL_LOPEZ,2008,1.0021,kirchnerismo,SAN JUAN,CUYO,f1_impasse,0,1,0,0
SUPL_LOPEZ,2009,0.9391,kirchnerismo,SAN JUAN,CUYO,f1_impasse,1,1,0,0
SUPL_MARINO,2008,1.0021,provinciales,SAN JUAN,CUYO,f1_impasse,0,0,0,0
SUPL_MARINO,2009,0.9391,provinciales,SAN JUAN,CUYO,f1_impasse,1,0,0,0
SUPL_TORRONTEGUI,2008,1.0021,peronismo_federal,SAN LUIS,CUYO,f1_impasse,0,0,1,0
SUPL_TORRONTEGUI,2009,0.9391,peronismo_federal,SAN LUIS,CUYO,f1_impasse,1,0,1,0
SUPL_ACUNA_KUNZ,2008,1.0021,ucr,SANTA CRUZ,PATAGONIA,f1_impasse,0,0,0,0
SUPL_ACUNA_KUNZ,2009,0.9391,ucr,SANTA CRUZ,PATAGONIA,f1_impasse,1,0,0,0
SUPL_CORDOBA,2008,1.0021,kirchnerismo,SANTA CRUZ,PATAGONIA,f1_impasse,0,1,0,0
SUPL_CORDOBA,2009,0.9391,kirchnerismo,SANTA CRUZ,PATAGONIA,f1_impasse,1,1,0,0
SUPL_GUTIERREZ,2008,1.0021,kirchnerismo,SANTA CRUZ,PATAGONIA,f1_impasse,0,1,0,0
SUPL_GUTIERREZ,2009,0.9391,kirchnerismo,SANTA CRUZ,PATAGONIA,f1_impasse,1,1,0,0
SUPL_AUGSBURGER,2008,1.0021,izquierda_progresista,SANTA FE,PAMPEANA,f1_impasse,0,0,0,0
SUPL_AUGSBURGER,2009,0.9391,izquierda_progresista,SANTA FE,PAMPEANA,f1_impasse,1,0,0,0
SUPL_BERRAUTE,2008,1.0021,kirchnerismo,SANTA FE,PAMPEANA,f1_impasse,0,1,0,0
SUPL_BERRAUTE,2009,0.9391,kirchnerismo,SANTA FE,PAMPEANA,f1_impasse,1,1,0,0
SUPL_DALLA_FONTANA,2008,1.0021,peronismo_federal,SANTA FE,PAMPEANA,f1_impasse,0,0,0,0
SUPL_DALLA_FONTANA,2009,0.9391,peronismo_federal,SANTA FE,PAMPEANA,f1_impasse,1,0,0,0
SUPL_GEREZ,2008,1.0021,izquierda_progresista,SANTA FE,PAMPEANA,f1_impasse,0,0,0,0
SUPL_GEREZ,2009,0.9391,izquierda_progresista,SANTA FE,PAMPEANA,f1_impasse,1,0,0,0
SUPL_MARTIN,2008,1.0021,izquierda_progresista,SANTA FE,PAMPEANA,f1_impasse,0,0,0,0
SUPL_MARTIN,2009,0.9391,izquierda_progresista,SANTA FE,PAMPEANA,f1_impasse,1,0,0,0
SUPL_MORINI,2008,1.0021,ucr,SANTA FE,PAMPEANA,f1_impasse,0,0,1,0
SUPL_MORINI,2009,0.9391,ucr,SANTA FE,PAMPEANA,f1_impasse,1,0,0,0
SUPL_SYLVESTRE_BEGNIS,2008,1.0021,kirchnerismo,SANTA FE,PAMPEANA,f1_impasse,0,1,0,0
SUPL_SYLVESTRE_BEGNIS,2009,0.9391,kirchnerismo,SANTA FE,PAMPEANA,f1_impasse,1,1,0,0
SUPL_ZANCADA,2008,1.0021,izquierda_progresista,SANTA FE,PAMPEANA,f1_impasse,0,0,0,0
SUPL_ZANCADA,2009,0.9391,izquierda_progresista,SANTA FE,PAMPEANA,f1_impasse,1,0,1,1
SUPL_VELARDE,2008,1.0021,peronismo_federal,SANTIAGO DEL ESTERO,NOA,f1_impasse,0,0,0,0
SUPL_VELARDE,2009,0.9391,peronismo_federal,SANTIAGO DEL ESTERO,NOA,f1_impasse,1,0,0,0
SUPL_GORBACZ,2008,1.0021,izquierda_progresista,TIERRA DEL FUEGO,PATAGONIA,f1_impasse,0,0,0,0
SUPL_GORBACZ,2009,0.9391,izquierda_progresista,TIERRA DEL FUEGO,PATAGONIA,f1_impasse,1,0,0,0
SUPL_HERRERA,2008,1.0021,kirchnerismo,TUCUMAN,NOA,f1_impasse,0,1,0,0
SUPL_HERRERA,2009,0.9391,kirchnerismo,TUCUMAN,NOA,f1_impasse,1,1,0,0
SUPL_ROJKES_DE_ALPEROVICH,2008,1.0021,kirchnerismo,TUCUMAN,NOA,f1_impasse,0,1,0,0
SUPL_ROJKES_DE_ALPEROVICH,2009,0.9391,kirchnerismo,TUCUMAN,NOA,f1_impasse,1,1,0,0
